bucket_range,min_ate_in_bin,max_ate_in_bin,min_length,best_sequence,count
"(3.8891, 3.8894]",3.8894029577622127,3.8894029577622127,4,"(('bin_equal_frequency_2', 'x1'), ('bin_equal_width_5', 'x2'), ('zscore_clip_3', 'x5'), ('IQR', 'x5'))",1
"(3.8902, 3.8905]",3.890286241916801,3.890288760271814,3,"(('IQR', 'x2'), ('zscore_clip_3', 'x5'), ('IQR', 'x5'))",2
"(3.8921, 3.8924]",3.892324032894313,3.8923718776089187,3,"(('zscore_clip_3', 'x5'), ('IQR', 'x5'), ('IQR', 'x2'))",2
"(3.8924, 3.8927]",3.8924882891275767,3.8924882891275767,3,"(('bin_equal_frequency_2', 'x4'), ('zscore_clip_3', 'x5'), ('IQR', 'x5'))",1
"(3.8938, 3.8941]",3.894009010512633,3.894009010512633,3,"(('zscore_clip_3', 'x5'), ('IQR', 'x5'), ('bin_equal_width_2', 'x5'))",1
"(3.8941, 3.8943]",3.8941601679437627,3.8941601679437627,3,"(('bin_equal_width_5', 'x2'), ('zscore_clip_3', 'x5'), ('IQR', 'x5'))",1
"(3.8943, 3.8946]",3.8944973600102233,3.8944973600102233,3,"(('bin_equal_width_5', 'x1'), ('zscore_clip_3', 'x5'), ('IQR', 'x5'))",1
"(3.8954, 3.8957]",3.895527671408201,3.895527671408201,3,"(('zscore_clip_3', 'x5'), ('IQR', 'x5'), ('norm_log', 'x6'))",1
"(3.8957, 3.896]",3.895863511078771,3.8959786325735273,3,"(('zscore_clip_3', 'x5'), ('IQR', 'x5'), ('bin_equal_frequency_2', 'x5'))",2
"(3.8963, 3.8965]",3.8963115801442845,3.8964103782317885,3,"(('norm_log', 'x4'), ('zscore_clip_3', 'x5'), ('IQR', 'x5'))",2
"(3.8968, 3.8971]",3.896947684715838,3.896965333436848,3,"(('bin_equal_width_10', 'x2'), ('zscore_clip_3', 'x5'), ('IQR', 'x5'))",2
"(3.8971, 3.8974]",3.8972096096323554,3.897309142249695,3,"(('bin_equal_width_10', 'x3'), ('zscore_clip_3', 'x5'), ('IQR', 'x5'))",3
"(3.8974, 3.8976]",3.897438245075797,3.8974837113213225,3,"(('zscore_filter_3', 'x2'), ('zscore_clip_3', 'x5'), ('IQR', 'x5'))",3
"(3.8976, 3.8979]",3.8976598538922866,3.897866536207474,2,"(('zscore_clip_3', 'x5'), ('IQR', 'x5'))",63
"(3.8979, 3.8982]",3.898002142555597,3.8981415825890844,3,"(('winsorize', 'x1'), ('zscore_clip_3', 'x5'), ('IQR', 'x5'))",3
"(3.8982, 3.8985]",3.898216692393257,3.898399486949059,3,"(('bin_equal_frequency_5', 'x3'), ('zscore_clip_3', 'x5'), ('IQR', 'x5'))",4
"(3.8985, 3.8987]",3.898702935832676,3.898702935832676,3,"(('zscore_clip_3', 'x5'), ('bin_equal_width_10', 'x5'), ('IQR', 'x5'))",1
"(3.8987, 3.899]",3.8988620250895565,3.8988620250895565,3,"(('zscore_clip_3', 'x5'), ('IQR', 'x5'), ('bin_equal_width_5', 'x5'))",1
"(3.899, 3.8993]",3.899024214031348,3.8992298889447894,3,"(('bin_equal_frequency_2', 'x1'), ('zscore_clip_3', 'x5'), ('IQR', 'x5'))",28
"(3.8996, 3.8998]",3.8996916152902776,3.8998156637021255,3,"(('norm_log', 'x1'), ('zscore_clip_3', 'x5'), ('IQR', 'x5'))",2
"(3.8998, 3.9001]",3.9000326931435123,3.900056652796197,3,"(('bin_equal_width_10', 'x1'), ('zscore_clip_3', 'x5'), ('IQR', 'x5'))",2
"(3.9001, 3.9004]",3.9002659771313746,3.9002659771313746,3,"(('bin_equal_frequency_5', 'x1'), ('zscore_clip_3', 'x5'), ('IQR', 'x5'))",1
"(3.9004, 3.9006]",3.9004985999539783,3.900555580835169,3,"(('bin_equal_width_2', 'x1'), ('zscore_clip_3', 'x5'), ('IQR', 'x5'))",3
"(3.9006, 3.9009]",3.9007087796256346,3.900855854096024,3,"(('bin_equal_frequency_10', 'x1'), ('zscore_clip_3', 'x5'), ('IQR', 'x5'))",3
"(3.9026, 3.9028]",3.902592306816079,3.902592306816079,3,"(('bin_equal_frequency_2', 'x3'), ('zscore_clip_3', 'x5'), ('IQR', 'x5'))",1
"(3.9028, 3.9031]",3.9029209672046883,3.9029209672046883,4,"(('bin_equal_frequency_2', 'x1'), ('bin_equal_frequency_5', 'x2'), ('zscore_clip_3', 'x5'), ('IQR', 'x5'))",1
"(3.9042, 3.9045]",3.904305362586931,3.904305362586931,3,"(('zscore_clip_3', 'x5'), ('IQR', 'x5'), ('bin_equal_width_10', 'x6'))",1
"(3.9053, 3.9056]",3.905398845295074,3.9055561175782643,3,"(('IQR', 'x2'), ('zscore_filter_3', 'x3'), ('IQR', 'x5'))",2
"(3.9056, 3.9059]",3.9056914763210653,3.9056914763210653,4,"(('bin_equal_frequency_2', 'x1'), ('bin_equal_frequency_2', 'x2'), ('zscore_clip_3', 'x5'), ('IQR', 'x5'))",1
"(3.9059, 3.9061]",3.905974975108384,3.905974975108384,4,"(('bin_equal_frequency_2', 'x1'), ('bin_equal_width_5', 'x2'), ('bin_equal_frequency_2', 'x4'), ('bin_equal_frequency_10', 'x6'))",1
"(3.9072, 3.9075]",3.9072967572255846,3.9074702098685257,3,"(('bin_equal_frequency_10', 'x6'), ('IQR', 'x2'), ('zscore_filter_3', 'x3'))",3
"(3.9075, 3.9078]",3.907708052058242,3.907708052058242,4,"(('bin_equal_frequency_2', 'x1'), ('bin_equal_width_5', 'x2'), ('bin_equal_frequency_2', 'x4'), ('bin_equal_width_2', 'x5'))",1
"(3.9081, 3.9083]",3.908265855319088,3.9083158145584975,4,"(('bin_equal_frequency_2', 'x1'), ('bin_equal_width_5', 'x2'), ('norm_log', 'x2'), ('bin_equal_frequency_2', 'x4'))",2
"(3.9083, 3.9086]",3.90847269487115,3.90847269487115,4,"(('bin_equal_frequency_2', 'x1'), ('bin_equal_width_5', 'x2'), ('norm_log', 'x2'), ('bin_equal_width_2', 'x5'))",1
"(3.9086, 3.9089]",3.908747991338947,3.908747991338947,3,"(('bin_equal_frequency_2', 'x4'), ('bin_equal_width_2', 'x5'), ('bin_equal_frequency_10', 'x6'))",1
"(3.9092, 3.9094]",3.909310880827677,3.909310880827677,3,"(('IQR', 'x2'), ('zscore_filter_3', 'x3'), ('bin_equal_frequency_2', 'x4'))",1
"(3.9094, 3.9097]",3.9095284784198476,3.9096157297889667,3,"(('bin_equal_frequency_2', 'x4'), ('bin_equal_frequency_10', 'x6'), ('IQR', 'x2'))",2
"(3.91, 3.9102]",3.9101376268717942,3.9102279215305873,3,"(('IQR', 'x2'), ('bin_equal_frequency_2', 'x4'), ('IQR', 'x5'))",2
"(3.9102, 3.9105]",3.9104318451958537,3.910450302488859,3,"(('IQR', 'x2'), ('bin_equal_width_2', 'x2'), ('IQR', 'x5'))",2
"(3.9105, 3.9108]",3.910698636353612,3.910698636353612,3,"(('bin_equal_width_10', 'x1'), ('norm_log', 'x1'), ('bin_equal_width_2', 'x5'))",1
"(3.9108, 3.9111]",3.910807217556755,3.9109937006980915,3,"(('bin_equal_width_5', 'x1'), ('IQR', 'x2'), ('zscore_filter_3', 'x3'))",4
"(3.9111, 3.9113]",3.9111125300297007,3.911331812935557,3,"(('bin_equal_width_5', 'x1'), ('IQR', 'x2'), ('IQR', 'x5'))",6
"(3.9113, 3.9116]",3.9114034651208613,3.91161472224757,3,"(('bin_equal_width_5', 'x1'), ('norm_log', 'x1'), ('bin_equal_width_2', 'x5'))",15
"(3.9116, 3.9119]",3.9117037460600725,3.911883855160617,3,"(('IQR', 'x2'), ('bin_equal_width_2', 'x1'), ('zscore_filter_3', 'x3'))",5
"(3.9119, 3.9122]",3.91201648278072,3.9120170477297305,3,"(('bin_equal_width_5', 'x1'), ('norm_log', 'x1'), ('bin_equal_frequency_2', 'x4'))",2
"(3.9122, 3.9124]",3.9121935028252164,3.912353878386296,3,"(('bin_equal_width_5', 'x1'), ('bin_equal_frequency_10', 'x6'), ('IQR', 'x2'))",5
"(3.9124, 3.9127]",3.9124439071300925,3.9127096695381116,3,"(('bin_equal_width_5', 'x1'), ('bin_equal_width_2', 'x5'), ('bin_equal_frequency_10', 'x6'))",9
"(3.9127, 3.913]",3.912722300140363,3.912945694184507,3,"(('IQR', 'x2'), ('zscore_filter_3', 'x3'), ('winsorize', 'x6'))",7
"(3.913, 3.9133]",3.9129947526029483,3.9132383787497838,3,"(('bin_equal_frequency_2', 'x1'), ('bin_equal_width_5', 'x2'), ('bin_equal_frequency_10', 'x6'))",50
"(3.9133, 3.9135]",3.9132775330442118,3.9135161102224556,3,"(('bin_equal_width_5', 'x2'), ('IQR', 'x2'), ('IQR', 'x5'))",10
"(3.9135, 3.9138]",3.9135616778027917,3.9137361580068104,3,"(('IQR', 'x2'), ('zscore_filter_3', 'x3'), ('bin_equal_width_10', 'x3'))",6
"(3.9138, 3.9141]",3.913832047285834,3.9140717909307123,3,"(('bin_equal_frequency_2', 'x1'), ('bin_equal_width_5', 'x2'), ('norm_log', 'x2'))",61
"(3.9141, 3.9144]",3.914104287444379,3.91435843598155,3,"(('bin_equal_frequency_2', 'x1'), ('bin_equal_width_5', 'x2'), ('bin_equal_frequency_2', 'x4'))",81
"(3.9144, 3.9146]",3.9144132530633846,3.9146279957569003,3,"(('bin_equal_frequency_2', 'x1'), ('bin_equal_width_5', 'x2'), ('bin_equal_width_2', 'x5'))",63
"(3.9146, 3.9149]",3.9146377658623357,3.914908180162917,2,"(('IQR', 'x2'), ('zscore_filter_3', 'x3'))",155
"(3.9149, 3.9152]",3.914910650993219,3.9151844106307623,2,"(('bin_equal_frequency_2', 'x4'), ('bin_equal_frequency_10', 'x6'))",79
"(3.9152, 3.9155]",3.9152050471009354,3.9154515793761555,3,"(('bin_equal_width_2', 'x1'), ('IQR', 'x2'), ('IQR', 'x5'))",20
"(3.9155, 3.9157]",3.9154735337095867,3.915705137444494,2,"(('bin_equal_frequency_10', 'x6'), ('IQR', 'x2'))",97
"(3.9157, 3.916]",3.9157417932660583,3.9159998259221056,2,"(('bin_equal_width_2', 'x5'), ('bin_equal_frequency_10', 'x6'))",82
"(3.916, 3.9163]",3.9160098329564965,3.916275974766313,3,"(('bin_equal_frequency_10', 'x1'), ('IQR', 'x2'), ('IQR', 'x5'))",31
"(3.9163, 3.9166]",3.9162850428261162,3.9165470517811807,3,"(('bin_equal_frequency_5', 'x1'), ('IQR', 'x2'), ('IQR', 'x5'))",29
"(3.9166, 3.9168]",3.916577394529812,3.9167971444785894,3,"(('bin_equal_frequency_5', 'x1'), ('bin_equal_width_5', 'x2'), ('bin_equal_frequency_10', 'x6'))",25
"(3.9168, 3.9171]",3.9168333766263146,3.9171029878804844,2,"(('bin_equal_width_10', 'x1'), ('norm_log', 'x1'))",176
"(3.9171, 3.9174]",3.9171187019069187,3.917337752176033,3,"(('bin_equal_frequency_2', 'x1'), ('bin_equal_width_2', 'x3'), ('bin_equal_frequency_10', 'x6'))",60
"(3.9174, 3.9177]",3.917393441477196,3.9176432717881267,3,"(('bin_equal_frequency_2', 'x1'), ('IQR', 'x2'), ('bin_equal_width_2', 'x2'))",78
"(3.9177, 3.9179]",3.9176603072943776,3.9179223009126813,2,"(('bin_equal_width_5', 'x1'), ('norm_log', 'x1'))",190
"(3.9179, 3.9182]",3.917933741206302,3.9181904339032783,2,"(('bin_equal_width_2', 'x3'), ('bin_equal_frequency_10', 'x6'))",155
"(3.9182, 3.9185]",3.918207125899107,3.9184743321302187,2,"(('bin_equal_width_5', 'x1'), ('bin_equal_frequency_10', 'x6'))",228
"(3.9185, 3.9187]",3.9184761950805354,3.9187475656767394,2,"(('bin_equal_width_5', 'x2'), ('bin_equal_frequency_10', 'x6'))",167
"(3.9187, 3.919]",3.9187510537907424,3.919021511739986,2,"(('IQR', 'x2'), ('bin_equal_width_2', 'x5'))",142
"(3.919, 3.9193]",3.919029167285509,3.919294375560548,3,"(('bin_equal_frequency_2', 'x1'), ('bin_equal_width_2', 'x3'), ('bin_equal_frequency_2', 'x4'))",72
"(3.9193, 3.9196]",3.9192995634438796,3.919569584975948,2,"(('bin_equal_frequency_2', 'x4'), ('norm_log', 'x6'))",251
"(3.9196, 3.9198]",3.9195817113222566,3.9198448580356944,2,"(('bin_equal_width_5', 'x1'), ('IQR', 'x2'))",562
"(3.9198, 3.9201]",3.9198518995877434,3.9201178315837004,2,"(('bin_equal_width_5', 'x2'), ('bin_equal_frequency_2', 'x4'))",259
"(3.9201, 3.9204]",3.920124506229572,3.9203946287885856,2,"(('bin_equal_frequency_2', 'x1'), ('bin_equal_width_5', 'x2'))",1701
"(3.9204, 3.9207]",3.9203957965626763,3.920665271462618,2,"(('bin_equal_width_2', 'x2'), ('bin_equal_frequency_10', 'x6'))",443
"(3.9207, 3.9209]",3.9206713463644904,3.920937389020742,2,"(('IQR', 'x2'), ('zscore_clip_3', 'x3'))",393
"(3.9209, 3.9212]",3.920944421526803,3.9212105884717547,2,"(('IQR', 'x2'), ('bin_equal_width_2', 'x3'))",371
"(3.9212, 3.9215]",3.9212302633570637,3.921492320744677,1,"(('bin_equal_frequency_10', 'x6'),)",1752
"(3.9215, 3.9218]",3.9214927968103446,3.921763931579937,2,"(('bin_equal_width_2', 'x1'), ('bin_equal_frequency_10', 'x6'))",424
"(3.9218, 3.922]",3.921767387312719,3.922038064526264,2,"(('bin_equal_width_5', 'x1'), ('bin_equal_width_5', 'x2'))",501
"(3.922, 3.9223]",3.922045522915614,3.9223148688712604,2,"(('bin_equal_frequency_10', 'x1'), ('norm_log', 'x1'))",663
"(3.9223, 3.9226]",3.9223169585527833,3.9225865993711615,2,"(('bin_equal_width_10', 'x2'), ('bin_equal_frequency_2', 'x4'))",411
"(3.9226, 3.9229]",3.922590740725242,3.922863273962792,2,"(('bin_equal_frequency_2', 'x1'), ('bin_equal_frequency_10', 'x6'))",1931
"(3.9229, 3.9231]",3.922865696616179,3.923136673337043,1,"(('bin_equal_frequency_2', 'x4'),)",1821
"(3.9231, 3.9234]",3.923141492582528,3.9234116758684507,1,"(('IQR', 'x2'),)",3914
"(3.9234, 3.9237]",3.9234165495132314,3.9236858382019104,2,"(('bin_equal_frequency_2', 'x1'), ('bin_equal_frequency_2', 'x4'))",1840
"(3.9237, 3.924]",3.923687366268706,3.9239593120715277,2,"(('bin_equal_frequency_2', 'x1'), ('bin_equal_width_2', 'x5'))",1903
"(3.924, 3.9242]",3.923962539871493,3.9242354069467456,2,"(('bin_equal_width_2', 'x1'), ('bin_equal_width_2', 'x5'))",752
"(3.9242, 3.9245]",3.924237961642301,3.924509465508872,2,"(('bin_equal_width_5', 'x1'), ('zscore_filter_3', 'x2'))",916
"(3.9245, 3.9248]",3.9245118053469037,3.9247829943780053,2,"(('bin_equal_frequency_5', 'x1'), ('bin_equal_width_5', 'x2'))",702
"(3.9248, 3.9251]",3.924784866959708,3.9250566214770117,2,"(('bin_equal_width_5', 'x1'), ('bin_equal_width_2', 'x3'))",908
"(3.9251, 3.9253]",3.9250593514196725,3.925331284984238,2,"(('bin_equal_frequency_5', 'x1'), ('bin_equal_frequency_2', 'x4'))",1008
"(3.9253, 3.9256]",3.925332529875228,3.9256058177857214,1,"(('bin_equal_width_5', 'x2'),)",4316
"(3.9256, 3.9259]",3.9256075026794117,3.92588054550426,1,"(('bin_equal_width_5', 'x1'),)",2567
"(3.9259, 3.9262]",3.925881080378619,3.9261500727343375,2,"(('bin_equal_frequency_5', 'x1'), ('IQR', 'x2'))",1261
"(3.9262, 3.9264]",3.9261582419608843,3.9264294490459646,2,"(('bin_equal_frequency_10', 'x1'), ('bin_equal_width_5', 'x2'))",1109
"(3.9264, 3.9267]",3.9264305376754134,3.926702208558856,2,"(('bin_equal_frequency_10', 'x1'), ('bin_equal_width_2', 'x5'))",985
"(3.9267, 3.927]",3.9267040650784977,3.926977699566733,1,"(('bin_equal_width_2', 'x3'),)",3683
"(3.927, 3.9273]",3.9269784149423894,3.927250186293725,1,"(('norm_log', 'x4'),)",5892
"(3.9273, 3.9275]",3.927252860662832,3.927526003441599,1,"(('bin_equal_frequency_2', 'x5'),)",4798
"(3.9275, 3.9278]",3.9275277606116608,3.927800846277614,2,"(('bin_equal_frequency_5', 'x1'), ('norm_log', 'x1'))",1404
"(3.9278, 3.9281]",3.9278014145219347,3.9280750488276763,1,"(('bin_equal_width_10', 'x2'),)",7619
"(3.9281, 3.9283]",3.9280754914361267,3.9283493111043533,1,"(('bin_equal_width_10', 'x3'),)",4726
"(3.9283, 3.9286]",3.928350544167193,3.928623180972961,1,"(('bin_equal_width_2', 'x2'),)",4563
"(3.9286, 3.9289]",3.928625285141883,3.928898003487734,0,(),24258
"(3.9289, 3.9292]",3.928898157647523,3.9291719774733243,1,"(('winsorize', 'x1'),)",9947
"(3.9292, 3.9294]",3.9291731709523336,3.929444791657122,1,"(('norm_log', 'x5'),)",3425
"(3.9294, 3.9297]",3.9294474622317095,3.9297200297542214,1,"(('bin_equal_frequency_2', 'x1'),)",23776
"(3.9297, 3.93]",3.9297216832892543,3.9299950980337086,1,"(('bin_equal_frequency_2', 'x2'),)",6186
"(3.93, 3.9303]",3.9299952467825228,3.9302684897453983,2,"(('bin_equal_frequency_2', 'x1'), ('norm_log', 'x3'))",3551
"(3.9303, 3.9305]",3.9302696952971807,3.930543029839155,1,"(('bin_equal_width_5', 'x3'),)",3401
"(3.9305, 3.9308]",3.9305440819195967,3.9308178975821395,1,"(('norm_log', 'x1'),)",4439
"(3.9308, 3.9311]",3.930818137113247,3.9310913340462714,2,"(('bin_equal_frequency_2', 'x1'), ('bin_equal_frequency_10', 'x5'))",2096
"(3.9311, 3.9314]",3.9310923499618755,3.9313643825222058,1,"(('bin_equal_frequency_5', 'x1'),)",3218
"(3.9314, 3.9316]",3.9313666934386307,3.931639703015996,1,"(('bin_equal_frequency_5', 'x2'),)",3931
"(3.9316, 3.9319]",3.9316408543046757,3.9319148737763827,1,"(('bin_equal_frequency_10', 'x1'),)",6450
"(3.9319, 3.9322]",3.9319151934684604,3.932188791203899,2,"(('bin_equal_frequency_5', 'x1'), ('winsorize', 'x2'))",1666
"(3.9322, 3.9325]",3.9321899860520486,3.9324612869498026,2,"(('bin_equal_frequency_5', 'x1'), ('bin_equal_frequency_5', 'x5'))",1181
"(3.9325, 3.9327]",3.932465635994428,3.9327363843610375,1,"(('bin_equal_frequency_5', 'x6'),)",2216
"(3.9327, 3.933]",3.9327381946795836,3.9330113642829776,2,"(('bin_equal_frequency_5', 'x1'), ('norm_log', 'x2'))",1012
"(3.933, 3.9333]",3.9330121900085344,3.9332833022369096,2,"(('bin_equal_frequency_2', 'x1'), ('IQR', 'x5'))",1980
"(3.9333, 3.9336]",3.9332869231754506,3.9335590516453274,2,"(('bin_equal_frequency_2', 'x1'), ('bin_equal_frequency_2', 'x3'))",2015
"(3.9336, 3.9338]",3.933560881061512,3.933829018383565,1,"(('bin_equal_width_10', 'x6'),)",2195
"(3.9338, 3.9341]",3.933835676413685,3.9341041868972115,1,"(('IQR', 'x5'),)",4604
"(3.9341, 3.9344]",3.9341108489131495,3.9343822935041906,2,"(('bin_equal_frequency_2', 'x1'), ('bin_equal_width_10', 'x6'))",1704
"(3.9344, 3.9347]",3.9343834847789534,3.934657616043973,2,"(('bin_equal_frequency_10', 'x1'), ('bin_equal_frequency_5', 'x2'))",996
"(3.9347, 3.9349]",3.9346579730373747,3.934931166388322,2,"(('bin_equal_frequency_5', 'x1'), ('bin_equal_frequency_5', 'x2'))",721
"(3.9349, 3.9352]",3.9349321027624886,3.9352042083543233,2,"(('bin_equal_frequency_2', 'x2'), ('bin_equal_frequency_2', 'x3'))",832
"(3.9352, 3.9355]",3.9352072877577178,3.9354789016876643,2,"(('bin_equal_frequency_2', 'x1'), ('bin_equal_frequency_2', 'x2'))",1901
"(3.9355, 3.9358]",3.9354915087043025,3.9357543111028916,2,"(('bin_equal_frequency_5', 'x1'), ('bin_equal_width_10', 'x6'))",438
"(3.9358, 3.936]",3.935755136747112,3.936026959003219,2,"(('norm_log', 'x1'), ('IQR', 'x5'))",405
"(3.936, 3.9363]",3.9360316338491805,3.9363024310467756,2,"(('bin_equal_frequency_10', 'x1'), ('IQR', 'x5'))",399
"(3.9363, 3.9366]",3.9363045691793737,3.9365768954097606,2,"(('bin_equal_frequency_5', 'x2'), ('bin_equal_width_10', 'x6'))",352
"(3.9366, 3.9369]",3.936579359203543,3.9368491483439136,2,"(('bin_equal_frequency_2', 'x1'), ('zscore_clip_3', 'x2'))",1362
"(3.9369, 3.9371]",3.9368574896370028,3.937126125499852,2,"(('bin_equal_frequency_5', 'x2'), ('IQR', 'x5'))",299
"(3.9371, 3.9374]",3.9371273114510843,3.937398589163758,2,"(('bin_equal_width_10', 'x1'), ('bin_equal_width_10', 'x6'))",211
"(3.9374, 3.9377]",3.9374055017329517,3.937671656132545,3,"(('bin_equal_frequency_5', 'x1'), ('bin_equal_frequency_5', 'x5'), ('bin_equal_width_10', 'x6'))",42
"(3.9377, 3.9379]",3.937682826094963,3.937945903773836,3,"(('bin_equal_frequency_2', 'x1'), ('bin_equal_frequency_5', 'x2'), ('bin_equal_width_10', 'x6'))",160
"(3.9379, 3.9382]",3.937949599447408,3.938215242120347,2,"(('bin_equal_frequency_2', 'x3'), ('bin_equal_width_10', 'x6'))",271
"(3.9382, 3.9385]",3.9382595596866117,3.938496713875838,2,"(('bin_equal_frequency_2', 'x3'), ('IQR', 'x5'))",141
"(3.9385, 3.9388]",3.93850040607824,3.9387566640088836,3,"(('bin_equal_frequency_2', 'x1'), ('bin_equal_frequency_2', 'x2'), ('bin_equal_frequency_5', 'x6'))",240
"(3.9388, 3.939]",3.938781998872509,3.939008917726796,3,"(('bin_equal_frequency_5', 'x1'), ('bin_equal_frequency_5', 'x2'), ('IQR', 'x5'))",32
"(3.939, 3.9393]",3.939055379287243,3.9393192428940647,3,"(('bin_equal_frequency_2', 'x1'), ('bin_equal_frequency_2', 'x3'), ('bin_equal_width_10', 'x6'))",57
"(3.9393, 3.9396]",3.939333367944004,3.939593819718725,2,"(('winsorize', 'x6'), ('bin_equal_width_5', 'x6'))",76
"(3.9396, 3.9399]",3.939602552218887,3.9398643348164044,3,"(('bin_equal_frequency_10', 'x1'), ('zscore_clip_3', 'x2'), ('IQR', 'x5'))",23
"(3.9399, 3.9401]",3.9398692256277186,3.9401333704617887,2,"(('bin_equal_frequency_2', 'x4'), ('IQR', 'x6'))",168
"(3.9401, 3.9404]",3.940157464452776,3.940412349397983,3,"(('bin_equal_frequency_2', 'x1'), ('IQR', 'x5'), ('bin_equal_frequency_5', 'x6'))",77
"(3.9404, 3.9407]",3.9404194191208677,3.9406885977609813,2,"(('IQR', 'x2'), ('IQR', 'x6'))",226
"(3.9407, 3.941]",3.9406954662909786,3.9409609290880843,2,"(('IQR', 'x5'), ('bin_equal_frequency_5', 'x6'))",165
"(3.941, 3.9412]",3.940966353178749,3.9412387037322545,2,"(('bin_equal_width_5', 'x3'), ('IQR', 'x3'))",201
"(3.9412, 3.9415]",3.941246082063099,3.9415038169915437,3,"(('bin_equal_frequency_2', 'x1'), ('zscore_clip_3', 'x2'), ('bin_equal_frequency_2', 'x3'))",80
"(3.9415, 3.9418]",3.9415265058868396,3.9417832196693703,3,"(('bin_equal_frequency_5', 'x1'), ('bin_equal_width_5', 'x3'), ('IQR', 'x3'))",29
"(3.9418, 3.9421]",3.941806557171355,3.942029399113833,2,"(('IQR', 'x5'), ('bin_equal_width_10', 'x6'))",78
"(3.9421, 3.9423]",3.9420683601000475,3.9423317709653594,3,"(('bin_equal_frequency_2', 'x1'), ('bin_equal_width_2', 'x3'), ('IQR', 'x6'))",63
"(3.9423, 3.9426]",3.9423492272847462,3.942597898652097,3,"(('bin_equal_frequency_10', 'x1'), ('bin_equal_width_5', 'x3'), ('IQR', 'x3'))",20
"(3.9426, 3.9429]",3.9426363741795365,3.9428742834127286,3,"(('bin_equal_frequency_2', 'x1'), ('zscore_clip_3', 'x2'), ('bin_equal_width_5', 'x2'))",45
"(3.9429, 3.9432]",3.9429038589890415,3.943158999633696,3,"(('bin_equal_frequency_5', 'x1'), ('IQR', 'x2'), ('IQR', 'x6'))",30
"(3.9432, 3.9434]",3.9431745762506187,3.943422274802638,2,"(('bin_equal_width_5', 'x1'), ('IQR', 'x6'))",145
"(3.9434, 3.9437]",3.94344941179073,3.9436960140494692,2,"(('bin_equal_width_2', 'x3'), ('IQR', 'x6'))",182
"(3.9437, 3.944]",3.9437125947140537,3.943978082184666,2,"(('IQR', 'x2'), ('bin_equal_width_5', 'x6'))",91
"(3.944, 3.9443]",3.943987315340032,3.944249379177181,3,"(('bin_equal_width_5', 'x1'), ('bin_equal_width_2', 'x2'), ('bin_equal_width_5', 'x6'))",29
"(3.9443, 3.9445]",3.944262853317937,3.944530225468457,3,"(('bin_equal_frequency_2', 'x1'), ('bin_equal_width_10', 'x2'), ('IQR', 'x6'))",58
"(3.9445, 3.9448]",3.944532057784777,3.9448006717995256,2,"(('norm_log', 'x4'), ('IQR', 'x6'))",121
"(3.9448, 3.9451]",3.944807394752994,3.9450754460931066,2,"(('bin_equal_frequency_2', 'x5'), ('IQR', 'x6'))",259
"(3.9451, 3.9454]",3.945085512887278,3.9453398521303833,2,"(('zscore_filter_3', 'x2'), ('IQR', 'x6'))",111
"(3.9454, 3.9456]",3.945354843622241,3.9456259565925866,2,"(('IQR', 'x2'), ('zscore_filter_3', 'x5'))",394
"(3.9456, 3.9459]",3.9456312352294702,3.945900494567,2,"(('bin_equal_width_10', 'x2'), ('IQR', 'x6'))",173
"(3.9459, 3.9462]",3.945907310896853,3.9461765530588484,2,"(('bin_equal_width_5', 'x2'), ('bin_equal_width_5', 'x6'))",252
"(3.9462, 3.9465]",3.9461797729834376,3.9464500362687436,1,"(('IQR', 'x6'),)",2101
"(3.9465, 3.9467]",3.9464514720187336,3.946720963156355,2,"(('bin_equal_frequency_2', 'x1'), ('IQR', 'x6'))",1521
"(3.9467, 3.947]",3.94672576127687,3.9469923204583233,2,"(('zscore_clip_3', 'x2'), ('IQR', 'x6'))",371
"(3.947, 3.9473]",3.947000209717418,3.9472708463699298,2,"(('bin_equal_width_2', 'x1'), ('IQR', 'x6'))",291
"(3.9473, 3.9475]",3.94727783852759,3.947539801685373,2,"(('bin_equal_width_2', 'x1'), ('bin_equal_width_5', 'x6'))",595
"(3.9475, 3.9478]",3.947549576803677,3.947821459458924,2,"(('bin_equal_width_5', 'x1'), ('zscore_filter_3', 'x5'))",233
"(3.9478, 3.9481]",3.9478229593515795,3.9480725164022257,2,"(('norm_log', 'x4'), ('bin_equal_width_5', 'x6'))",130
"(3.9481, 3.9484]",3.9481014162710797,3.9483711045831753,3,"(('bin_equal_frequency_2', 'x1'), ('IQR', 'x2'), ('zscore_filter_3', 'x5'))",147
"(3.9484, 3.9486]",3.948375101199693,3.948645029871453,2,"(('norm_log', 'x1'), ('IQR', 'x6'))",158
"(3.9486, 3.9489]",3.9486467813721027,3.9489172292608266,2,"(('bin_equal_frequency_5', 'x1'), ('IQR', 'x6'))",612
"(3.9489, 3.9492]",3.9489211384052387,3.949193913529899,2,"(('zscore_clip_3', 'x5'), ('bin_equal_width_5', 'x6'))",242
"(3.9492, 3.9495]",3.949198510185348,3.949457393217755,1,"(('bin_equal_width_5', 'x6'),)",1512
"(3.9495, 3.9497]",3.9494759696669965,3.9497422943486384,2,"(('winsorize', 'x1'), ('bin_equal_width_5', 'x6'))",452
"(3.9497, 3.95]",3.9497435215841667,3.950016446198949,2,"(('bin_equal_frequency_2', 'x1'), ('bin_equal_width_5', 'x6'))",1411
"(3.95, 3.9503]",3.950020532421573,3.9502864830688784,2,"(('bin_equal_frequency_2', 'x2'), ('zscore_filter_3', 'x5'))",340
"(3.9503, 3.9506]",3.950292261968158,3.9505651732141582,2,"(('bin_equal_frequency_2', 'x1'), ('zscore_filter_3', 'x5'))",1663
"(3.9506, 3.9508]",3.950566291808508,3.9508202510377854,1,"(('zscore_filter_3', 'x5'),)",1878
"(3.9508, 3.9511]",3.950845781194552,3.951110997544755,2,"(('bin_equal_width_2', 'x1'), ('zscore_filter_3', 'x5'))",495
"(3.9511, 3.9514]",3.9511149351700556,3.951383481231696,2,"(('bin_equal_frequency_5', 'x1'), ('bin_equal_width_5', 'x6'))",384
"(3.9514, 3.9517]",3.9513889871159544,3.95166049723661,2,"(('bin_equal_frequency_10', 'x1'), ('bin_equal_width_5', 'x6'))",702
"(3.9517, 3.9519]",3.9516664823621035,3.951929658269094,2,"(('bin_equal_frequency_5', 'x2'), ('bin_equal_width_5', 'x6'))",345
"(3.9519, 3.9522]",3.951941184418615,3.9522051419188164,3,"(('bin_equal_frequency_5', 'x1'), ('bin_equal_width_2', 'x2'), ('zscore_filter_3', 'x5'))",64
"(3.9522, 3.9525]",3.952216513514758,3.9524776871950063,2,"(('bin_equal_frequency_5', 'x1'), ('zscore_filter_3', 'x5'))",237
"(3.9525, 3.9528]",3.9524855404238095,3.95275123492598,2,"(('norm_log', 'x1'), ('zscore_filter_3', 'x5'))",138
"(3.9528, 3.953]",3.9527597281083766,3.953031890677376,2,"(('zscore_filter_3', 'x5'), ('zscore_filter_3', 'x2'))",121
"(3.953, 3.9533]",3.9530383757667895,3.953295498299976,2,"(('bin_equal_frequency_10', 'x1'), ('zscore_filter_3', 'x5'))",271
"(3.9533, 3.9536]",3.9533113962664315,3.95355891112279,3,"(('bin_equal_frequency_2', 'x1'), ('bin_equal_frequency_2', 'x2'), ('IQR', 'x6'))",191
"(3.9536, 3.9539]",3.9535954164580054,3.9538526530703817,3,"(('bin_equal_frequency_5', 'x1'), ('bin_equal_frequency_2', 'x2'), ('bin_equal_width_5', 'x6'))",46
"(3.9539, 3.9541]",3.9538586467164163,3.9541287113725803,2,"(('bin_equal_width_10', 'x1'), ('zscore_filter_3', 'x5'))",87
"(3.9541, 3.9544]",3.954139998897667,3.9543995936352014,3,"(('bin_equal_frequency_2', 'x1'), ('bin_equal_frequency_5', 'x2'), ('zscore_filter_3', 'x5'))",91
"(3.9544, 3.9547]",3.9544121736956983,3.9546565336241235,2,"(('bin_equal_frequency_2', 'x3'), ('zscore_filter_3', 'x5'))",222
"(3.9547, 3.955]",3.954687236688903,3.954938916742083,2,"(('bin_equal_frequency_2', 'x3'), ('bin_equal_width_5', 'x6'))",84
"(3.955, 3.9552]",3.954956248437944,3.9552087473381135,2,"(('IQR', 'x6'), ('bin_equal_width_10', 'x6'))",81
"(3.9552, 3.9555]",3.955228135516543,3.955498318360099,3,"(('bin_equal_frequency_2', 'x1'), ('bin_equal_frequency_2', 'x3'), ('zscore_filter_3', 'x5'))",83
"(3.9555, 3.9558]",3.9555066239425587,3.9557626170540683,3,"(('bin_equal_frequency_2', 'x1'), ('IQR', 'x6'), ('bin_equal_width_10', 'x6'))",46
"(3.9558, 3.9561]",3.955783922902806,3.9560340949708133,2,"(('IQR', 'x6'), ('bin_equal_frequency_5', 'x6'))",107
"(3.9561, 3.9563]",3.956055269986161,3.95631021649617,3,"(('bin_equal_frequency_2', 'x1'), ('bin_equal_frequency_2', 'x2'), ('bin_equal_width_5', 'x6'))",93
"(3.9563, 3.9566]",3.9563324880483863,3.95655079480097,3,"(('bin_equal_frequency_2', 'x1'), ('zscore_filter_3', 'x5'), ('bin_equal_width_10', 'x6'))",48
"(3.9566, 3.9569]",3.9566128220556647,3.956871325920213,3,"(('bin_equal_frequency_5', 'x1'), ('zscore_clip_3', 'x2'), ('zscore_filter_3', 'x5'))",16
"(3.9569, 3.9571]",3.9568849922285114,3.957142533924795,2,"(('zscore_filter_3', 'x5'), ('bin_equal_width_10', 'x6'))",72
"(3.9571, 3.9574]",3.9571872080586306,3.9574144978049945,2,"(('zscore_filter_3', 'x5'), ('bin_equal_frequency_5', 'x6'))",96
"(3.9574, 3.9577]",3.9574406883581554,3.9576962525321835,3,"(('bin_equal_frequency_2', 'x1'), ('zscore_clip_3', 'x2'), ('bin_equal_width_5', 'x6'))",37
"(3.9577, 3.958]",3.9577138448304434,3.957968367378563,3,"(('bin_equal_frequency_2', 'x1'), ('zscore_clip_3', 'x2'), ('zscore_filter_3', 'x5'))",41
"(3.958, 3.9582]",3.957995472421927,3.9582324931105832,3,"(('bin_equal_frequency_5', 'x1'), ('zscore_filter_3', 'x5'), ('bin_equal_width_10', 'x6'))",18
"(3.9582, 3.9585]",3.9582668985184797,3.958517609889185,3,"(('bin_equal_frequency_10', 'x1'), ('zscore_filter_3', 'x5'), ('bin_equal_frequency_5', 'x6'))",10
"(3.9585, 3.9588]",3.95852937836116,3.9587010373269194,3,"(('norm_log', 'x1'), ('zscore_filter_3', 'x5'), ('bin_equal_frequency_5', 'x6'))",6
"(3.9588, 3.9591]",3.958815734943902,3.9590578998286303,3,"(('bin_equal_frequency_10', 'x1'), ('zscore_filter_3', 'x5'), ('bin_equal_width_10', 'x6'))",11
"(3.9591, 3.9593]",3.9591009658283873,3.959275669296995,3,"(('bin_equal_width_5', 'x1'), ('norm_log', 'x1'), ('bin_equal_frequency_2', 'x6'))",6
"(3.9593, 3.9596]",3.959354033896725,3.959576688101298,3,"(('bin_equal_width_10', 'x1'), ('IQR', 'x6'), ('bin_equal_frequency_5', 'x6'))",8
"(3.9596, 3.9599]",3.959683772643042,3.9598367760411635,3,"(('IQR', 'x2'), ('bin_equal_width_2', 'x3'), ('bin_equal_frequency_2', 'x6'))",7
"(3.9599, 3.9602]",3.959914123371734,3.9600564916239787,3,"(('zscore_filter_3', 'x2'), ('zscore_filter_3', 'x3'), ('bin_equal_frequency_2', 'x6'))",5
"(3.9602, 3.9604]",3.9602164407088662,3.960395090825429,3,"(('bin_equal_width_2', 'x1'), ('IQR', 'x2'), ('bin_equal_frequency_2', 'x6'))",5
"(3.9604, 3.9607]",3.9604430384114195,3.9606536838228315,3,"(('bin_equal_width_2', 'x1'), ('bin_equal_width_2', 'x2'), ('bin_equal_frequency_2', 'x6'))",7
"(3.9607, 3.961]",3.960753467458348,3.9609869713032637,3,"(('bin_equal_width_2', 'x1'), ('bin_equal_width_2', 'x5'), ('bin_equal_frequency_2', 'x6'))",9
"(3.961, 3.9613]",3.9610071856164817,3.9612261797555526,3,"(('bin_equal_frequency_2', 'x1'), ('bin_equal_width_2', 'x2'), ('bin_equal_frequency_2', 'x6'))",58
"(3.9613, 3.9615]",3.9612656070120233,3.9614842080876964,3,"(('bin_equal_width_2', 'x1'), ('bin_equal_width_2', 'x3'), ('bin_equal_frequency_2', 'x6'))",4
"(3.9615, 3.9618]",3.9615881600679903,3.961751303210103,3,"(('bin_equal_width_5', 'x1'), ('IQR', 'x2'), ('bin_equal_frequency_2', 'x6'))",5
"(3.9618, 3.9621]",3.961913392153041,3.9620648892562698,3,"(('IQR', 'x2'), ('bin_equal_width_2', 'x5'), ('bin_equal_frequency_2', 'x6'))",5
"(3.9621, 3.9624]",3.962193420843064,3.962293843183037,3,"(('bin_equal_width_2', 'x1'), ('bin_equal_width_5', 'x2'), ('bin_equal_frequency_2', 'x6'))",6
"(3.9624, 3.9626]",3.9623739414369217,3.962587521319217,2,"(('bin_equal_frequency_2', 'x4'), ('bin_equal_frequency_2', 'x6'))",59
"(3.9626, 3.9629]",3.962643136624718,3.962901607994439,3,"(('winsorize', 'x1'), ('bin_equal_frequency_2', 'x4'), ('bin_equal_frequency_2', 'x6'))",11
"(3.9629, 3.9632]",3.962930760104713,3.963176967760621,3,"(('bin_equal_width_2', 'x2'), ('bin_equal_width_2', 'x3'), ('bin_equal_frequency_2', 'x6'))",10
"(3.9632, 3.9635]",3.963208683942411,3.963451586319865,3,"(('bin_equal_frequency_2', 'x1'), ('bin_equal_frequency_2', 'x4'), ('bin_equal_frequency_2', 'x6'))",64
"(3.9635, 3.9637]",3.9634919850177144,3.9637195342284297,3,"(('bin_equal_frequency_5', 'x1'), ('bin_equal_frequency_2', 'x4'), ('bin_equal_frequency_2', 'x6'))",9
"(3.9637, 3.964]",3.963744024441487,3.963998882479857,3,"(('bin_equal_frequency_2', 'x1'), ('bin_equal_width_5', 'x2'), ('bin_equal_frequency_2', 'x6'))",48
"(3.964, 3.9643]",3.9640056936551313,3.9642062641298432,3,"(('bin_equal_width_2', 'x1'), ('bin_equal_width_10', 'x2'), ('bin_equal_frequency_2', 'x6'))",10
"(3.9643, 3.9646]",3.964281172023406,3.9645424603347004,2,"(('bin_equal_width_2', 'x3'), ('bin_equal_frequency_2', 'x6'))",69
"(3.9646, 3.9648]",3.9645554640593503,3.964807515985905,2,"(('bin_equal_width_2', 'x5'), ('bin_equal_frequency_2', 'x6'))",64
"(3.9648, 3.9651]",3.964843660916983,3.9650774202091923,2,"(('bin_equal_width_2', 'x5'), ('bin_equal_width_2', 'x6'))",94
"(3.9651, 3.9654]",3.9651063925442864,3.965374945033606,3,"(('bin_equal_width_2', 'x1'), ('zscore_clip_3', 'x5'), ('bin_equal_frequency_2', 'x6'))",12
"(3.9654, 3.9657]",3.9654393419714142,3.9656335744407207,3,"(('bin_equal_frequency_2', 'x1'), ('bin_equal_width_2', 'x3'), ('bin_equal_frequency_2', 'x6'))",67
"(3.9657, 3.9659]",3.965661403918355,3.9659167040272525,2,"(('bin_equal_width_2', 'x1'), ('bin_equal_frequency_2', 'x6'))",102
"(3.9659, 3.9662]",3.9659358467767016,3.966196104256335,3,"(('bin_equal_frequency_10', 'x1'), ('bin_equal_width_2', 'x3'), ('bin_equal_frequency_2', 'x6'))",19
"(3.9662, 3.9665]",3.966202704552375,3.9664620877193744,2,"(('bin_equal_width_5', 'x1'), ('bin_equal_frequency_2', 'x6'))",126
"(3.9665, 3.9667]",3.966491281374634,3.96672675473358,3,"(('bin_equal_frequency_10', 'x1'), ('bin_equal_width_2', 'x2'), ('bin_equal_frequency_2', 'x6'))",22
"(3.9667, 3.967]",3.9667598566928226,3.9670169144938168,2,"(('bin_equal_width_2', 'x2'), ('bin_equal_frequency_2', 'x6'))",75
"(3.967, 3.9673]",3.9670220431436514,3.967295229129015,3,"(('bin_equal_frequency_5', 'x1'), ('bin_equal_width_2', 'x5'), ('bin_equal_frequency_2', 'x6'))",18
"(3.9673, 3.9676]",3.967309925814538,3.967566229843924,3,"(('bin_equal_frequency_2', 'x1'), ('bin_equal_width_2', 'x2'), ('bin_equal_width_2', 'x6'))",69
"(3.9676, 3.9678]",3.9675926555294065,3.967814424196929,2,"(('bin_equal_width_2', 'x3'), ('bin_equal_width_2', 'x6'))",98
"(3.9678, 3.9681]",3.9678704117818864,3.9680974961188573,2,"(('bin_equal_frequency_2', 'x4'), ('bin_equal_width_2', 'x6'))",126
"(3.9681, 3.9684]",3.968124543572631,3.9683789309418165,2,"(('bin_equal_width_5', 'x2'), ('bin_equal_frequency_2', 'x6'))",191
"(3.9684, 3.9687]",3.968402040657552,3.96865920271339,3,"(('bin_equal_frequency_5', 'x1'), ('IQR', 'x2'), ('bin_equal_frequency_2', 'x6'))",32
"(3.9687, 3.9689]",3.9686836153689313,3.9689396149112057,2,"(('bin_equal_width_10', 'x3'), ('bin_equal_frequency_2', 'x6'))",78
"(3.9689, 3.9692]",3.9689422886517454,3.9692128798377038,2,"(('bin_equal_width_10', 'x2'), ('bin_equal_frequency_2', 'x6'))",190
"(3.9692, 3.9695]",3.9692378979803595,3.969483804694856,3,"(('bin_equal_width_2', 'x1'), ('zscore_clip_3', 'x5'), ('bin_equal_width_2', 'x6'))",22
"(3.9695, 3.9698]",3.9695110167375853,3.969762459189508,3,"(('bin_equal_frequency_2', 'x1'), ('norm_log', 'x4'), ('bin_equal_frequency_2', 'x6'))",47
"(3.9698, 3.97]",3.969766855788224,3.970038536606458,2,"(('IQR', 'x2'), ('bin_equal_width_2', 'x6'))",296
"(3.97, 3.9703]",3.970040833860527,3.970302153714664,1,"(('bin_equal_frequency_2', 'x6'),)",1353
"(3.9703, 3.9706]",3.9703188623382637,3.970574902567376,2,"(('winsorize', 'x1'), ('bin_equal_frequency_2', 'x6'))",284
"(3.9706, 3.9709]",3.9706254046282004,3.9708606551359105,2,"(('winsorize', 'x6'), ('bin_equal_width_2', 'x6'))",106
"(3.9709, 3.9711]",3.9708629075832564,3.9711280006412726,2,"(('norm_log', 'x3'), ('bin_equal_frequency_2', 'x6'))",161
"(3.9711, 3.9714]",3.971137526238842,3.9714072245054024,2,"(('bin_equal_width_2', 'x1'), ('bin_equal_width_2', 'x6'))",220
"(3.9714, 3.9717]",3.9714228457759084,3.971684114594514,2,"(('bin_equal_width_5', 'x1'), ('bin_equal_width_2', 'x6'))",212
"(3.9717, 3.972]",3.971696544974322,3.9719435596906685,2,"(('bin_equal_width_10', 'x5'), ('bin_equal_frequency_2', 'x6'))",212
"(3.972, 3.9722]",3.971963308576517,3.972227297218968,2,"(('bin_equal_frequency_2', 'x1'), ('bin_equal_frequency_2', 'x6'))",1109
"(3.9722, 3.9725]",3.972245224237954,3.9724923160513086,2,"(('bin_equal_frequency_5', 'x2'), ('bin_equal_frequency_2', 'x6'))",82
"(3.9725, 3.9728]",3.9725139104990785,3.97277577859354,2,"(('bin_equal_frequency_10', 'x1'), ('bin_equal_frequency_2', 'x6'))",186
"(3.9728, 3.9731]",3.9727917341102206,3.9730351785803726,2,"(('bin_equal_width_10', 'x1'), ('bin_equal_frequency_2', 'x6'))",101
"(3.9731, 3.9733]",3.9730696954926636,3.973327974683046,2,"(('bin_equal_frequency_2', 'x1'), ('bin_equal_width_2', 'x6'))",1283
"(3.9733, 3.9736]",3.9733334250542383,3.973591034781718,2,"(('bin_equal_width_5', 'x2'), ('bin_equal_width_2', 'x6'))",236
"(3.9736, 3.9739]",3.9736138759768975,3.973871949300977,2,"(('zscore_filter_3', 'x2'), ('bin_equal_width_2', 'x6'))",140
"(3.9739, 3.9742]",3.973886848625631,3.974152218363454,2,"(('bin_equal_width_2', 'x2'), ('bin_equal_width_2', 'x6'))",186
"(3.9742, 3.9744]",3.9741609985435913,3.974422803671035,3,"(('bin_equal_frequency_2', 'x1'), ('bin_equal_frequency_5', 'x2'), ('bin_equal_width_2', 'x6'))",158
"(3.9744, 3.9747]",3.974441861037105,3.97469088894308,2,"(('bin_equal_width_10', 'x2'), ('bin_equal_width_2', 'x6'))",257
"(3.9747, 3.975]",3.974702178569086,3.974975356934713,3,"(('bin_equal_frequency_2', 'x1'), ('winsorize', 'x2'), ('bin_equal_width_2', 'x6'))",49
"(3.975, 3.9752]",3.9749825362736724,3.9752423164070327,2,"(('winsorize', 'x3'), ('bin_equal_width_2', 'x6'))",107
"(3.9752, 3.9755]",3.975264462192852,3.97551915295347,1,"(('bin_equal_width_2', 'x6'),)",1408
"(3.9755, 3.9758]",3.97556933994079,3.9757983742920966,2,"(('bin_equal_frequency_5', 'x1'), ('bin_equal_width_2', 'x6'))",279
"(3.9758, 3.9761]",3.9758061938571667,3.9760712265114613,2,"(('zscore_clip_3', 'x2'), ('bin_equal_width_2', 'x6'))",80
"(3.9761, 3.9763]",3.9760743766280915,3.9763274384758183,2,"(('bin_equal_width_10', 'x5'), ('bin_equal_width_2', 'x6'))",82
"(3.9763, 3.9766]",3.9763539188839356,3.9766173139533945,2,"(('bin_equal_width_10', 'x5'), ('IQR', 'x5'))",113
"(3.9766, 3.9769]",3.9766264486795078,3.976891920463284,2,"(('norm_log', 'x2'), ('bin_equal_width_2', 'x6'))",206
"(3.9769, 3.9772]",3.9768962767258134,3.977168048949869,2,"(('bin_equal_frequency_10', 'x1'), ('bin_equal_width_2', 'x6'))",177
"(3.9772, 3.9774]",3.977187124459652,3.9774423196877002,3,"(('bin_equal_frequency_2', 'x1'), ('bin_equal_frequency_2', 'x3'), ('bin_equal_frequency_2', 'x6'))",54
"(3.9774, 3.9777]",3.9774668496864747,3.977714238999078,2,"(('bin_equal_frequency_2', 'x3'), ('bin_equal_width_2', 'x6'))",94
"(3.9777, 3.978]",3.977723328872053,3.9779791334622683,2,"(('bin_equal_frequency_5', 'x5'), ('bin_equal_width_2', 'x6'))",226
"(3.978, 3.9783]",3.9779932873016577,3.9782667347229825,2,"(('bin_equal_frequency_5', 'x2'), ('bin_equal_width_2', 'x6'))",172
"(3.9783, 3.9785]",3.9782695725258495,3.9785382326549503,3,"(('bin_equal_frequency_2', 'x1'), ('bin_equal_frequency_2', 'x5'), ('bin_equal_frequency_2', 'x6'))",52
"(3.9785, 3.9788]",3.9785434084001525,3.9788120364993147,3,"(('bin_equal_frequency_2', 'x1'), ('bin_equal_frequency_2', 'x3'), ('bin_equal_width_2', 'x6'))",43
"(3.9788, 3.9791]",3.9788291550897195,3.9790776373244596,3,"(('bin_equal_frequency_5', 'x1'), ('bin_equal_frequency_10', 'x5'), ('bin_equal_width_2', 'x6'))",10
"(3.9791, 3.9794]",3.9791096170274005,3.9793125623239347,2,"(('bin_equal_width_10', 'x1'), ('bin_equal_width_2', 'x6'))",56
"(3.9794, 3.9796]",3.9793710336832273,3.9796297956511926,3,"(('bin_equal_frequency_5', 'x1'), ('bin_equal_frequency_5', 'x5'), ('bin_equal_width_2', 'x6'))",14
"(3.9796, 3.9799]",3.979658382643586,3.9799025122231693,3,"(('bin_equal_frequency_5', 'x1'), ('zscore_clip_3', 'x2'), ('bin_equal_width_2', 'x6'))",11
"(3.9799, 3.9802]",3.979918570504577,3.9801800743414004,3,"(('bin_equal_frequency_10', 'x1'), ('bin_equal_frequency_10', 'x5'), ('bin_equal_width_2', 'x6'))",7
"(3.9802, 3.9805]",3.9802034190180664,3.980451294574316,3,"(('bin_equal_frequency_10', 'x1'), ('bin_equal_frequency_5', 'x5'), ('bin_equal_width_2', 'x6'))",8
"(3.9805, 3.9807]",3.9805248252165315,3.9806515057528506,3,"(('bin_equal_frequency_2', 'x2'), ('bin_equal_frequency_2', 'x3'), ('bin_equal_width_2', 'x6'))",5
"(3.9807, 3.981]",3.9807435369277226,3.9809771193900376,3,"(('bin_equal_frequency_2', 'x1'), ('zscore_clip_3', 'x2'), ('bin_equal_width_2', 'x6'))",33
"(3.981, 3.9813]",3.9810712040820695,3.9812474854081663,3,"(('bin_equal_frequency_2', 'x1'), ('IQR', 'x4'), ('IQR', 'x5'))",30
"(3.9813, 3.9816]",3.9812989470945723,3.9815557457015833,3,"(('bin_equal_frequency_5', 'x1'), ('IQR', 'x4'), ('IQR', 'x5'))",12
"(3.9816, 3.9818]",3.9815723825877116,3.9818085288056246,3,"(('bin_equal_width_2', 'x1'), ('bin_equal_width_10', 'x5'), ('IQR', 'x5'))",10
"(3.9818, 3.9821]",3.98189228063693,3.9819760560051463,3,"(('bin_equal_width_10', 'x1'), ('bin_equal_frequency_5', 'x5'), ('bin_equal_width_2', 'x6'))",4
"(3.9821, 3.9824]",3.9821203468842055,3.9821203468842055,3,"(('bin_equal_frequency_5', 'x2'), ('bin_equal_frequency_2', 'x3'), ('bin_equal_width_2', 'x6'))",1
"(3.9824, 3.9827]",3.982507838572494,3.982652696266859,3,"(('bin_equal_frequency_2', 'x4'), ('norm_log', 'x6'), ('bin_equal_width_2', 'x6'))",2
"(3.9827, 3.9829]",3.9826825086765405,3.9827746920566707,3,"(('bin_equal_frequency_5', 'x2'), ('IQR', 'x4'), ('IQR', 'x5'))",2
"(3.9835, 3.9838]",3.983568692820998,3.9837057318303173,3,"(('bin_equal_width_5', 'x2'), ('IQR', 'x4'), ('zscore_clip_3', 'x6'))",2
"(3.9838, 3.984]",3.9837977362499237,3.983813653669531,3,"(('bin_equal_frequency_10', 'x6'), ('IQR', 'x2'), ('IQR', 'x4'))",2
"(3.984, 3.9843]",3.9840962347868847,3.9841660285438465,3,"(('bin_equal_width_2', 'x1'), ('norm_log', 'x6'), ('bin_equal_width_2', 'x6'))",4
"(3.9843, 3.9846]",3.984339685889167,3.984518114657133,3,"(('bin_equal_width_2', 'x2'), ('IQR', 'x4'), ('bin_equal_frequency_10', 'x6'))",3
"(3.9846, 3.9848]",3.9846633625779484,3.98470020748889,3,"(('bin_equal_width_5', 'x1'), ('IQR', 'x4'), ('bin_equal_frequency_10', 'x6'))",2
"(3.9848, 3.9851]",3.984940508617126,3.9849916764323656,3,"(('bin_equal_width_2', 'x2'), ('bin_equal_frequency_10', 'x6'), ('IQR', 'x4'))",2
"(3.9851, 3.9854]",3.985186585403418,3.9853196187262876,3,"(('bin_equal_width_5', 'x1'), ('bin_equal_frequency_10', 'x6'), ('IQR', 'x4'))",5
"(3.9854, 3.9857]",3.9854276138432256,3.985607174229108,3,"(('bin_equal_width_2', 'x3'), ('IQR', 'x5'), ('bin_equal_width_2', 'x6'))",5
"(3.9857, 3.9859]",3.9857320892778487,3.985910219813259,3,"(('bin_equal_width_2', 'x1'), ('IQR', 'x4'), ('IQR', 'x5'))",9
"(3.9859, 3.9862]",3.986114812751347,3.9861923011174354,3,"(('bin_equal_frequency_5', 'x3'), ('IQR', 'x4'), ('bin_equal_frequency_10', 'x6'))",5
"(3.9862, 3.9865]",3.986302889270941,3.9864920507587964,3,"(('bin_equal_frequency_2', 'x2'), ('IQR', 'x4'), ('bin_equal_frequency_10', 'x6'))",8
"(3.9865, 3.9868]",3.986515392488906,3.986702290262841,3,"(('bin_equal_width_5', 'x1'), ('IQR', 'x4'), ('zscore_clip_3', 'x6'))",7
"(3.9868, 3.987]",3.986806434912826,3.9870246397161537,2,"(('IQR', 'x4'), ('bin_equal_frequency_10', 'x6'))",68
"(3.987, 3.9873]",3.987055749718526,3.987271248651864,3,"(('IQR', 'x2'), ('norm_log', 'x6'), ('bin_equal_width_2', 'x6'))",10
"(3.9873, 3.9876]",3.9873285446321503,3.987572834226443,2,"(('bin_equal_frequency_10', 'x6'), ('IQR', 'x4'))",65
"(3.9876, 3.9879]",3.987596717081159,3.9877695010804723,3,"(('winsorize', 'x1'), ('bin_equal_frequency_10', 'x6'), ('IQR', 'x4'))",11
"(3.9879, 3.9881]",3.987903454329803,3.988126799034559,3,"(('bin_equal_width_10', 'x1'), ('norm_log', 'x1'), ('IQR', 'x4'))",12
"(3.9881, 3.9884]",3.9882248492825005,3.9883996739910352,3,"(('bin_equal_frequency_2', 'x1'), ('norm_log', 'x6'), ('bin_equal_width_2', 'x6'))",31
"(3.9884, 3.9887]",3.9884509490121203,3.9886681278904663,3,"(('bin_equal_frequency_2', 'x2'), ('IQR', 'x4'), ('zscore_clip_3', 'x6'))",8
"(3.9887, 3.989]",3.988697001144587,3.98896191471028,3,"(('norm_log', 'x2'), ('bin_equal_frequency_10', 'x6'), ('IQR', 'x4'))",10
"(3.989, 3.9892]",3.989094553054372,3.9891998165180307,2,"(('IQR', 'x4'), ('zscore_clip_3', 'x6'))",74
"(3.9892, 3.9895]",3.9892434530504524,3.989481240211814,3,"(('bin_equal_width_2', 'x1'), ('IQR', 'x5'), ('bin_equal_width_2', 'x6'))",16
"(3.9895, 3.9898]",3.9895633903589625,3.9897844629902663,3,"(('bin_equal_frequency_2', 'x1'), ('IQR', 'x5'), ('bin_equal_width_2', 'x6'))",31
"(3.9898, 3.9901]",3.9897911397414094,3.990055346090707,3,"(('bin_equal_frequency_2', 'x1'), ('IQR', 'x4'), ('bin_equal_frequency_10', 'x6'))",32
"(3.9901, 3.9903]",3.9900676165648923,3.9903116501714906,2,"(('norm_log', 'x6'), ('bin_equal_width_2', 'x6'))",61
"(3.9903, 3.9906]",3.990356998933631,3.9905887163715534,3,"(('bin_equal_frequency_10', 'x1'), ('bin_equal_frequency_10', 'x6'), ('IQR', 'x4'))",13
"(3.9906, 3.9909]",3.9906107350393483,3.990847303379023,3,"(('bin_equal_frequency_2', 'x1'), ('bin_equal_width_5', 'x2'), ('IQR', 'x4'))",100
"(3.9909, 3.9912]",3.990884731747986,3.9911059645986127,3,"(('bin_equal_width_5', 'x1'), ('IQR', 'x6'), ('bin_equal_frequency_2', 'x6'))",14
"(3.9912, 3.9914]",3.99116196239086,3.991419188297137,3,"(('bin_equal_width_10', 'x1'), ('IQR', 'x4'), ('zscore_clip_3', 'x6'))",16
"(3.9914, 3.9917]",3.9914421547076206,3.9916512038731367,3,"(('bin_equal_frequency_10', 'x1'), ('norm_log', 'x6'), ('bin_equal_width_2', 'x6'))",9
"(3.9917, 3.992]",3.991784248585218,3.9919556730633823,3,"(('norm_log', 'x1'), ('IQR', 'x4'), ('zscore_clip_3', 'x6'))",7
"(3.992, 3.9923]",3.9919903078772454,3.9922364416530542,3,"(('bin_equal_width_2', 'x1'), ('bin_equal_frequency_10', 'x6'), ('IQR', 'x4'))",10
"(3.9923, 3.9925]",3.992305989140124,3.992434650455325,3,"(('bin_equal_frequency_10', 'x1'), ('norm_log', 'x1'), ('IQR', 'x4'))",10
"(3.9925, 3.9928]",3.9925588377143337,3.9927930308416255,3,"(('bin_equal_frequency_5', 'x1'), ('IQR', 'x5'), ('bin_equal_width_2', 'x6'))",13
"(3.9928, 3.9931]",3.992810433709253,3.9930774687333437,3,"(('bin_equal_frequency_2', 'x1'), ('IQR', 'x4'), ('zscore_clip_3', 'x6'))",47
"(3.9931, 3.9934]",3.9930837171498794,3.9933413501226056,2,"(('bin_equal_width_5', 'x2'), ('IQR', 'x4'))",134
"(3.9934, 3.9936]",3.9933555290758416,3.993620161363927,3,"(('bin_equal_width_5', 'x1'), ('IQR', 'x2'), ('IQR', 'x4'))",22
"(3.9936, 3.9939]",3.9936368935651654,3.9938926691297705,2,"(('IQR', 'x4'), ('norm_log', 'x6'))",74
"(3.9939, 3.9942]",3.993911675294029,3.9941686610626403,3,"(('bin_equal_frequency_5', 'x1'), ('bin_equal_width_5', 'x2'), ('IQR', 'x4'))",23
"(3.9942, 3.9944]",3.994176011090389,3.9944460470973566,2,"(('IQR', 'x6'), ('bin_equal_frequency_2', 'x6'))",80
"(3.9944, 3.9947]",3.994464744687135,3.99471719505237,3,"(('norm_log', 'x1'), ('IQR', 'x5'), ('bin_equal_width_2', 'x6'))",27
"(3.9947, 3.995]",3.9947410409218707,3.994992671005265,2,"(('IQR', 'x4'), ('bin_equal_frequency_5', 'x6'))",143
"(3.995, 3.9953]",3.995015588503742,3.995254260153752,3,"(('bin_equal_width_5', 'x1'), ('IQR', 'x4'), ('bin_equal_width_5', 'x5'))",26
"(3.9953, 3.9955]",3.995274389350567,3.995536094191615,2,"(('IQR', 'x4'), ('bin_equal_frequency_2', 'x5'))",119
"(3.9955, 3.9958]",3.995570457658341,3.9958196553318017,2,"(('IQR', 'x2'), ('IQR', 'x4'))",178
"(3.9958, 3.9961]",3.995838352158242,3.9960930696191133,2,"(('zscore_filter_3', 'x5'), ('bin_equal_frequency_2', 'x6'))",84
"(3.9961, 3.9964]",3.996099853144775,3.996365689386327,2,"(('IQR', 'x4'), ('bin_equal_width_2', 'x5'))",214
"(3.9964, 3.9966]",3.9963688334241145,3.996638652185056,2,"(('bin_equal_width_5', 'x1'), ('IQR', 'x4'))",86
"(3.9966, 3.9969]",3.9966470537095145,3.9969106817652027,3,"(('bin_equal_frequency_2', 'x1'), ('zscore_filter_3', 'x5'), ('bin_equal_frequency_2', 'x6'))",58
"(3.9969, 3.9972]",3.996918424690893,3.99718967143546,3,"(('bin_equal_frequency_5', 'x1'), ('IQR', 'x4'), ('bin_equal_frequency_5', 'x6'))",34
"(3.9972, 3.9975]",3.9971964615886337,3.9974649824140998,3,"(('bin_equal_frequency_2', 'x1'), ('IQR', 'x4'), ('bin_equal_frequency_5', 'x6'))",66
"(3.9975, 3.9977]",3.9974919860296763,3.9977392292978933,2,"(('bin_equal_width_10', 'x2'), ('IQR', 'x4'))",307
"(3.9977, 3.998]",3.997741170657044,3.9980076626429004,2,"(('bin_equal_width_2', 'x2'), ('IQR', 'x4'))",254
"(3.998, 3.9983]",3.9980163801540645,3.9982836942966378,2,"(('IQR', 'x4'), ('winsorize', 'x3'))",209
"(3.9983, 3.9986]",3.9982943414537377,3.9985487495138154,2,"(('bin_equal_frequency_2', 'x2'), ('IQR', 'x4'))",222
"(3.9986, 3.9988]",3.9985725587345144,3.998830921020121,1,"(('IQR', 'x4'),)",1977
"(3.9988, 3.9991]",3.998839642425789,3.9991096234512993,2,"(('winsorize', 'x1'), ('IQR', 'x4'))",427
"(3.9991, 3.9994]",3.99911869141865,3.999360935101871,3,"(('norm_log', 'x1'), ('IQR', 'x4'), ('bin_equal_width_2', 'x5'))",35
"(3.9994, 3.9997]",3.9993858354371272,3.9996424482524904,2,"(('IQR', 'x4'), ('zscore_filter_3', 'x3'))",100
"(3.9997, 3.9999]",3.9996666929114544,3.9999317425525702,3,"(('bin_equal_frequency_2', 'x1'), ('bin_equal_width_2', 'x3'), ('IQR', 'x4'))",72
"(3.9999, 4.0002]",3.999939120403761,4.000198977592277,2,"(('norm_log', 'x2'), ('IQR', 'x4'))",269
"(4.0002, 4.0005]",4.000210166306919,4.000482539030137,2,"(('zscore_clip_3', 'x2'), ('IQR', 'x4'))",184
"(4.0005, 4.0008]",4.000498912272534,4.000753057040218,2,"(('bin_equal_width_5', 'x3'), ('IQR', 'x4'))",104
"(4.0008, 4.001]",4.0007589105147785,4.001021560584822,2,"(('bin_equal_width_10', 'x1'), ('IQR', 'x4'))",139
"(4.001, 4.0013]",4.001042400532141,4.001269133983295,2,"(('IQR', 'x4'), ('bin_equal_frequency_5', 'x2'))",167
"(4.0013, 4.0016]",4.001309447608048,4.001570947796527,2,"(('norm_log', 'x1'), ('IQR', 'x4'))",83
"(4.0016, 4.0019]",4.00158070714098,4.001851519047361,3,"(('bin_equal_frequency_5', 'x1'), ('IQR', 'x4'), ('zscore_clip_3', 'x5'))",26
"(4.0019, 4.0021]",4.001866438190406,4.002078814064264,3,"(('bin_equal_frequency_2', 'x1'), ('IQR', 'x2'), ('IQR', 'x4'))",99
"(4.0021, 4.0024]",4.002128463974828,4.002380582542116,2,"(('bin_equal_frequency_2', 'x1'), ('IQR', 'x4'))",1292
"(4.0024, 4.0027]",4.002410379432648,4.002676741167079,2,"(('IQR', 'x4'), ('bin_equal_width_10', 'x6'))",213
"(4.0027, 4.003]",4.002698044432501,4.0029504536814144,2,"(('bin_equal_frequency_5', 'x1'), ('IQR', 'x4'))",194
"(4.003, 4.0032]",4.002958866220522,4.0032227661801665,2,"(('bin_equal_frequency_5', 'x2'), ('IQR', 'x4'))",150
"(4.0032, 4.0035]",4.0032521165357196,4.0034935040069435,2,"(('zscore_filter_3', 'x5'), ('bin_equal_width_2', 'x6'))",148
"(4.0035, 4.0038]",4.003516909082919,4.003754485797257,3,"(('bin_equal_frequency_5', 'x1'), ('winsorize', 'x2'), ('IQR', 'x4'))",15
"(4.0038, 4.004]",4.0037778576393475,4.004029971032635,3,"(('bin_equal_frequency_2', 'x1'), ('bin_equal_frequency_2', 'x3'), ('IQR', 'x4'))",41
"(4.004, 4.0043]",4.0040736685271785,4.00431351015933,2,"(('IQR', 'x5'), ('IQR', 'x4'))",87
"(4.0043, 4.0046]",4.0043249557064815,4.0045896185281356,2,"(('bin_equal_width_2', 'x1'), ('IQR', 'x4'))",102
"(4.0046, 4.0049]",4.004615143282091,4.00486198523553,3,"(('bin_equal_frequency_5', 'x1'), ('norm_log', 'x2'), ('IQR', 'x4'))",14
"(4.0049, 4.0051]",4.004876175259543,4.005075146937078,3,"(('bin_equal_frequency_5', 'x1'), ('bin_equal_frequency_2', 'x2'), ('IQR', 'x4'))",6
"(4.0051, 4.0054]",4.005213628450945,4.0054075720337625,3,"(('bin_equal_width_2', 'x1'), ('IQR', 'x4'), ('bin_equal_width_10', 'x5'))",8
"(4.0054, 4.0057]",4.005466213770771,4.005682545534255,3,"(('bin_equal_frequency_2', 'x1'), ('zscore_filter_3', 'x2'), ('IQR', 'x4'))",54
"(4.0057, 4.006]",4.005702424383256,4.005966287632116,3,"(('bin_equal_frequency_2', 'x1'), ('IQR', 'x5'), ('IQR', 'x4'))",34
"(4.006, 4.0062]",4.005977242374854,4.006231589990522,3,"(('bin_equal_frequency_5', 'x1'), ('IQR', 'x4'), ('bin_equal_width_10', 'x6'))",7
"(4.0062, 4.0065]",4.00629825472422,4.0064090052212755,3,"(('bin_equal_width_2', 'x1'), ('bin_equal_width_5', 'x3'), ('IQR', 'x4'))",8
"(4.0065, 4.0068]",4.006519777606558,4.006746580501914,3,"(('bin_equal_frequency_10', 'x1'), ('zscore_clip_3', 'x2'), ('IQR', 'x4'))",13
"(4.0068, 4.0071]",4.006811044913501,4.007014670526137,3,"(('bin_equal_frequency_5', 'x1'), ('IQR', 'x5'), ('IQR', 'x4'))",6
"(4.0071, 4.0073]",4.007067165814528,4.007329510684883,3,"(('bin_equal_frequency_10', 'x1'), ('bin_equal_frequency_5', 'x2'), ('IQR', 'x4'))",7
"(4.0073, 4.0076]",4.00736889126582,4.007542158750917,3,"(('bin_equal_frequency_5', 'x1'), ('IQR', 'x4'), ('bin_equal_frequency_5', 'x2'))",6
"(4.0076, 4.0079]",4.007616102569247,4.007885602205746,3,"(('bin_equal_width_5', 'x1'), ('IQR', 'x4'), ('bin_equal_frequency_2', 'x6'))",7
"(4.0079, 4.0082]",4.007910895043077,4.008125801259611,3,"(('bin_equal_frequency_5', 'x1'), ('zscore_clip_3', 'x2'), ('IQR', 'x4'))",9
"(4.0082, 4.0084]",4.008176322578951,4.0083862923362945,3,"(('bin_equal_frequency_2', 'x1'), ('bin_equal_frequency_2', 'x2'), ('IQR', 'x4'))",67
"(4.0084, 4.0087]",4.00844329628391,4.008646389041301,3,"(('bin_equal_width_2', 'x1'), ('IQR', 'x4'), ('bin_equal_frequency_5', 'x2'))",7
"(4.0087, 4.009]",4.008737035418888,4.008950634918279,3,"(('bin_equal_width_2', 'x1'), ('bin_equal_frequency_5', 'x2'), ('IQR', 'x4'))",10
"(4.009, 4.0093]",4.00900381893118,4.00924545866382,3,"(('bin_equal_frequency_2', 'x1'), ('bin_equal_frequency_5', 'x2'), ('IQR', 'x4'))",64
"(4.0093, 4.0095]",4.009272017062672,4.009489331007173,3,"(('bin_equal_width_2', 'x1'), ('bin_equal_frequency_2', 'x2'), ('IQR', 'x4'))",7
"(4.0095, 4.0098]",4.009639191856632,4.009767227922455,3,"(('IQR', 'x4'), ('bin_equal_width_2', 'x5'), ('bin_equal_frequency_2', 'x6'))",5
"(4.0098, 4.0101]",4.009832593649761,4.010033242720348,3,"(('bin_equal_frequency_2', 'x1'), ('IQR', 'x4'), ('bin_equal_frequency_5', 'x2'))",29
"(4.0101, 4.0104]",4.010101672257187,4.010175530179952,3,"(('bin_equal_width_2', 'x1'), ('IQR', 'x5'), ('IQR', 'x4'))",2
"(4.0104, 4.0106]",4.010428503399867,4.01053819292621,3,"(('bin_equal_width_10', 'x3'), ('IQR', 'x4'), ('bin_equal_frequency_2', 'x6'))",4
"(4.0106, 4.0109]",4.010634485940139,4.010894980909814,2,"(('IQR', 'x4'), ('bin_equal_frequency_2', 'x6'))",118
"(4.0109, 4.0112]",4.010925728869076,4.01112169924394,3,"(('winsorize', 'x2'), ('IQR', 'x4'), ('bin_equal_frequency_2', 'x6'))",5
"(4.0112, 4.0115]",4.011300864218122,4.011385911683986,3,"(('bin_equal_width_5', 'x3'), ('IQR', 'x4'), ('bin_equal_frequency_2', 'x6'))",3
"(4.0115, 4.0117]",4.011457165530268,4.011679140174269,3,"(('IQR', 'x4'), ('zscore_clip_3', 'x3'), ('bin_equal_width_5', 'x6'))",7
"(4.0117, 4.012]",4.0117286470610125,4.011938467214014,3,"(('bin_equal_width_5', 'x1'), ('IQR', 'x4'), ('bin_equal_width_5', 'x6'))",8
"(4.012, 4.0123]",4.012091423295332,4.012262756713125,3,"(('bin_equal_width_2', 'x3'), ('IQR', 'x4'), ('bin_equal_width_2', 'x6'))",5
"(4.0123, 4.0126]",4.012279393834441,4.012525859942585,3,"(('norm_log', 'x1'), ('IQR', 'x4'), ('bin_equal_frequency_2', 'x6'))",5
"(4.0126, 4.0128]",4.01259849556563,4.012753785645718,3,"(('bin_equal_width_10', 'x1'), ('IQR', 'x4'), ('bin_equal_frequency_2', 'x6'))",4
"(4.0128, 4.0131]",4.012914075548864,4.01300461944494,3,"(('bin_equal_frequency_10', 'x1'), ('IQR', 'x4'), ('bin_equal_frequency_2', 'x6'))",4
"(4.0131, 4.0134]",4.013113234427948,4.01325032293557,3,"(('IQR', 'x4'), ('bin_equal_frequency_5', 'x1'), ('bin_equal_frequency_2', 'x6'))",3
"(4.0134, 4.0136]",4.0135396161392976,4.013619841492939,3,"(('bin_equal_frequency_5', 'x1'), ('IQR', 'x4'), ('bin_equal_frequency_2', 'x6'))",4
"(4.0136, 4.0139]",4.013663707258538,4.0138881571885445,3,"(('bin_equal_frequency_5', 'x2'), ('IQR', 'x4'), ('bin_equal_frequency_2', 'x6'))",6
"(4.0139, 4.0142]",4.01400515302269,4.014174640470998,2,"(('IQR', 'x4'), ('bin_equal_width_5', 'x6'))",65
"(4.0142, 4.0145]",4.014220139580794,4.014434568350377,3,"(('winsorize', 'x1'), ('IQR', 'x4'), ('bin_equal_width_5', 'x6'))",7
"(4.0145, 4.0147]",4.014477162728302,4.014731833403686,3,"(('bin_equal_frequency_2', 'x1'), ('IQR', 'x4'), ('bin_equal_frequency_2', 'x6'))",29
"(4.0147, 4.015]",4.014963470502908,4.014963470502908,3,"(('bin_equal_frequency_5', 'x3'), ('IQR', 'x4'), ('bin_equal_width_5', 'x6'))",1
"(4.015, 4.0153]",4.01502794805969,4.015244920283788,3,"(('bin_equal_width_5', 'x1'), ('IQR', 'x4'), ('bin_equal_width_2', 'x6'))",6
"(4.0153, 4.0156]",4.015353535824777,4.015353535824777,3,"(('IQR', 'x2'), ('IQR', 'x4'), ('zscore_filter_3', 'x6'))",1
"(4.0156, 4.0158]",4.015721103370201,4.015723273284619,3,"(('IQR', 'x4'), ('zscore_clip_3', 'x3'), ('zscore_filter_3', 'x6'))",2
"(4.0158, 4.0161]",4.015928534411501,4.016089393494376,3,"(('bin_equal_width_10', 'x1'), ('IQR', 'x4'), ('bin_equal_width_5', 'x6'))",7
"(4.0161, 4.0164]",4.016272603888262,4.016373876138514,3,"(('IQR', 'x4'), ('bin_equal_frequency_2', 'x5'), ('zscore_filter_3', 'x6'))",2
"(4.0164, 4.0167]",4.016405890828319,4.016646589251768,3,"(('bin_equal_width_5', 'x1'), ('IQR', 'x4'), ('zscore_filter_3', 'x6'))",7
"(4.0167, 4.0169]",4.01674634729155,4.016914016824299,3,"(('bin_equal_frequency_5', 'x3'), ('IQR', 'x4'), ('bin_equal_width_2', 'x6'))",5
"(4.0169, 4.0172]",4.016970048934339,4.0169951448855725,3,"(('bin_equal_width_2', 'x1'), ('IQR', 'x4'), ('bin_equal_width_5', 'x6'))",2
"(4.0172, 4.0175]",4.01722455475327,4.0174323981913895,3,"(('bin_equal_frequency_2', 'x1'), ('IQR', 'x4'), ('bin_equal_width_5', 'x6'))",31
"(4.0175, 4.0178]",4.017645161415144,4.017760925808236,3,"(('bin_equal_frequency_5', 'x1'), ('IQR', 'x4'), ('bin_equal_width_5', 'x6'))",7
"(4.0178, 4.018]",4.0177982281995455,4.018035384229509,3,"(('bin_equal_width_10', 'x2'), ('IQR', 'x4'), ('zscore_filter_3', 'x6'))",10
"(4.018, 4.0183]",4.018053883832826,4.018307497564787,2,"(('IQR', 'x4'), ('bin_equal_width_2', 'x6'))",70
"(4.0183, 4.0186]",4.018327883578962,4.018528571678707,3,"(('bin_equal_frequency_2', 'x1'), ('IQR', 'x4'), ('bin_equal_width_2', 'x6'))",30
"(4.0186, 4.0189]",4.018595251404824,4.018833950662115,2,"(('IQR', 'x4'), ('zscore_filter_3', 'x6'))",81
"(4.0189, 4.0191]",4.018904325492758,4.019108615846301,3,"(('winsorize', 'x1'), ('IQR', 'x4'), ('zscore_filter_3', 'x6'))",7
"(4.0191, 4.0194]",4.0191910090848015,4.019320546188818,3,"(('IQR', 'x4'), ('zscore_filter_3', 'x3'), ('zscore_filter_3', 'x6'))",5
"(4.0194, 4.0197]",4.019407708481573,4.019676346077917,3,"(('bin_equal_frequency_2', 'x2'), ('IQR', 'x4'), ('zscore_filter_3', 'x5'))",8
"(4.0197, 4.02]",4.019758394254362,4.01993353002533,3,"(('zscore_clip_3', 'x2'), ('IQR', 'x4'), ('bin_equal_width_2', 'x6'))",4
"(4.02, 4.0202]",4.020036884849759,4.020201249315327,3,"(('bin_equal_frequency_5', 'x1'), ('IQR', 'x4'), ('bin_equal_width_2', 'x6'))",11
"(4.0202, 4.0205]",4.020252628174247,4.020487748467454,3,"(('norm_log', 'x1'), ('IQR', 'x4'), ('bin_equal_width_2', 'x6'))",7
"(4.0205, 4.0208]",4.020523950051374,4.020647328205997,3,"(('IQR', 'x4'), ('winsorize', 'x3'), ('zscore_filter_3', 'x5'))",5
"(4.0208, 4.0211]",4.020816787133367,4.020911390524159,3,"(('bin_equal_frequency_10', 'x1'), ('IQR', 'x4'), ('bin_equal_width_2', 'x6'))",6
"(4.0211, 4.0213]",4.021067066745844,4.021317830809443,2,"(('IQR', 'x4'), ('zscore_filter_3', 'x5'))",77
"(4.0213, 4.0216]",4.021366122359145,4.02156414415364,3,"(('bin_equal_width_10', 'x1'), ('IQR', 'x4'), ('bin_equal_width_2', 'x6'))",7
"(4.0216, 4.0219]",4.021661659913852,4.021832299410102,3,"(('bin_equal_frequency_2', 'x1'), ('IQR', 'x4'), ('zscore_filter_3', 'x6'))",29
"(4.0219, 4.0222]",4.022005591961338,4.022052120978008,3,"(('bin_equal_width_2', 'x2'), ('bin_equal_frequency_10', 'x6'), ('isolationForest', 'x1'))",3
"(4.0222, 4.0224]",4.022253847488329,4.022327601753182,3,"(('norm_log', 'x2'), ('IQR', 'x4'), ('zscore_filter_3', 'x5'))",3
"(4.0224, 4.0227]",4.022646856434309,4.022646856434309,3,"(('bin_equal_width_5', 'x3'), ('IQR', 'x4'), ('zscore_filter_3', 'x5'))",1
"(4.0227, 4.023]",4.022779281907618,4.022916764748055,3,"(('bin_equal_frequency_5', 'x1'), ('IQR', 'x4'), ('zscore_filter_3', 'x6'))",6
"(4.023, 4.0232]",4.023021490798655,4.023236901683613,3,"(('bin_equal_frequency_2', 'x3'), ('IQR', 'x4'), ('zscore_filter_3', 'x5'))",6
"(4.0232, 4.0235]",4.023262491690387,4.0234671187855335,3,"(('bin_equal_frequency_2', 'x1'), ('IQR', 'x4'), ('zscore_filter_3', 'x5'))",29
"(4.0235, 4.0238]",4.02374683450356,4.0237537329194355,3,"(('bin_equal_width_10', 'x1'), ('IQR', 'x4'), ('zscore_filter_3', 'x5'))",2
"(4.0238, 4.0241]",4.023933301454691,4.0240208622940745,3,"(('norm_log', 'x1'), ('IQR', 'x4'), ('zscore_filter_3', 'x5'))",3
"(4.0241, 4.0243]",4.02417601001967,4.024218461476667,3,"(('IQR', 'x4'), ('bin_equal_frequency_10', 'x1'), ('zscore_filter_3', 'x5'))",2
"(4.0243, 4.0246]",4.024361861450349,4.024555447840554,3,"(('bin_equal_frequency_5', 'x1'), ('IQR', 'x4'), ('zscore_filter_3', 'x5'))",4
"(4.0246, 4.0249]",4.024631954389279,4.024808006442649,3,"(('bin_equal_frequency_10', 'x1'), ('IQR', 'x4'), ('zscore_filter_3', 'x5'))",5
"(4.0249, 4.0252]",4.0249477302157795,4.024961444188784,3,"(('bin_equal_width_2', 'x1'), ('IQR', 'x4'), ('zscore_filter_3', 'x6'))",2
"(4.0252, 4.0254]",4.025194234398797,4.025307170841573,3,"(('bin_equal_frequency_5', 'x2'), ('IQR', 'x4'), ('zscore_filter_3', 'x5'))",2
"(4.026, 4.0263]",4.026034655310294,4.026034655310294,3,"(('bin_equal_width_2', 'x2'), ('bin_equal_frequency_2', 'x6'), ('IQR', 'x4'))",1
"(4.0263, 4.0265]",4.0263073011852555,4.0263073011852555,3,"(('IQR', 'x4'), ('zscore_filter_3', 'x5'), ('bin_equal_width_10', 'x6'))",1
"(4.0265, 4.0268]",4.026642072176028,4.026642072176028,3,"(('IQR', 'x2'), ('bin_equal_width_2', 'x1'), ('isolationForest', 'x1'))",1
"(4.0268, 4.0271]",4.0268312868766225,4.026884676124429,3,"(('bin_equal_width_2', 'x1'), ('IQR', 'x4'), ('zscore_filter_3', 'x5'))",2
"(4.0274, 4.0276]",4.027417853883179,4.027417853883179,3,"(('bin_equal_width_5', 'x2'), ('bin_equal_frequency_2', 'x6'), ('IQR', 'x4'))",1
"(4.0276, 4.0279]",4.02780344068952,4.02780344068952,4,"(('bin_equal_frequency_2', 'x1'), ('bin_equal_frequency_2', 'x2'), ('IQR', 'x4'), ('zscore_filter_3', 'x5'))",1
"(4.0279, 4.0282]",4.027962561338197,4.028015121061172,3,"(('IQR', 'x4'), ('zscore_filter_3', 'x6'), ('bin_equal_width_10', 'x6'))",2
"(4.0285, 4.0287]",4.028460901756536,4.028579328932494,3,"(('bin_equal_width_5', 'x1'), ('bin_equal_frequency_2', 'x6'), ('IQR', 'x4'))",2
"(4.0287, 4.029]",4.028969108051228,4.028969108051228,3,"(('IQR', 'x2'), ('bin_equal_frequency_2', 'x6'), ('IQR', 'x4'))",1
"(4.029, 4.0293]",4.02904002163458,4.029121126993427,3,"(('bin_equal_width_2', 'x5'), ('bin_equal_frequency_2', 'x6'), ('IQR', 'x4'))",2
"(4.0293, 4.0296]",4.029340958002343,4.029340958002343,3,"(('isolationForest', 'x1'), ('IQR', 'x2'), ('IQR', 'x5'))",1
"(4.0298, 4.0301]",4.029871640652961,4.029890373791854,4,"(('bin_equal_frequency_2', 'x1'), ('bin_equal_frequency_5', 'x2'), ('IQR', 'x4'), ('zscore_filter_3', 'x5'))",2
"(4.0301, 4.0304]",4.030125896643011,4.030373145759134,3,"(('bin_equal_frequency_2', 'x2'), ('bin_equal_frequency_2', 'x6'), ('IQR', 'x4'))",4
"(4.0307, 4.0309]",4.030838610682864,4.030838610682864,3,"(('bin_equal_width_10', 'x3'), ('bin_equal_frequency_2', 'x6'), ('IQR', 'x4'))",1
"(4.0309, 4.0312]",4.031022182976126,4.031143773298998,3,"(('bin_equal_width_2', 'x1'), ('bin_equal_frequency_2', 'x6'), ('IQR', 'x4'))",3
"(4.0312, 4.0315]",4.031329917291221,4.031402912317429,3,"(('zscore_filter_3', 'x2'), ('bin_equal_frequency_2', 'x6'), ('IQR', 'x4'))",5
"(4.0315, 4.0317]",4.031492190283562,4.03167774682776,2,"(('bin_equal_frequency_2', 'x6'), ('IQR', 'x4'))",61
"(4.0317, 4.032]",4.031768341397709,4.031971065038792,3,"(('winsorize', 'x1'), ('bin_equal_frequency_2', 'x6'), ('IQR', 'x4'))",4
"(4.0326, 4.0328]",4.032587341637414,4.032676522463001,3,"(('norm_log', 'x2'), ('bin_equal_frequency_2', 'x6'), ('IQR', 'x4'))",2
"(4.0328, 4.0331]",4.032878321018279,4.032966661539247,3,"(('zscore_clip_3', 'x2'), ('bin_equal_frequency_2', 'x6'), ('IQR', 'x4'))",3
"(4.0331, 4.0334]",4.033147522300376,4.033147522300376,3,"(('norm_log', 'x1'), ('bin_equal_frequency_2', 'x6'), ('IQR', 'x4'))",1
"(4.0334, 4.0337]",4.033585746169423,4.033616665020095,3,"(('bin_equal_width_10', 'x1'), ('bin_equal_frequency_2', 'x6'), ('IQR', 'x4'))",4
"(4.0337, 4.0339]",4.033811239813469,4.033811239813469,3,"(('bin_equal_frequency_10', 'x5'), ('bin_equal_frequency_2', 'x6'), ('IQR', 'x4'))",1
"(4.0339, 4.0342]",4.0339998819765555,4.0339998819765555,4,"(('bin_equal_frequency_2', 'x1'), ('bin_equal_frequency_2', 'x2'), ('norm_log', 'x5'), ('isolationForest', 'x1'))",1
"(4.0342, 4.0345]",4.03425376676515,4.03444613618341,3,"(('bin_equal_frequency_10', 'x1'), ('bin_equal_frequency_2', 'x6'), ('IQR', 'x4'))",2
"(4.0345, 4.0348]",4.03454044337539,4.034723560913854,3,"(('bin_equal_frequency_2', 'x5'), ('bin_equal_frequency_2', 'x6'), ('IQR', 'x4'))",4
"(4.0348, 4.035]",4.0348349214363886,4.0348647743879775,3,"(('bin_equal_frequency_2', 'x1'), ('bin_equal_frequency_2', 'x6'), ('IQR', 'x4'))",28
"(4.035, 4.0353]",4.035093374843075,4.035093374843075,3,"(('IQR', 'x4'), ('zscore_filter_3', 'x5'), ('bin_equal_width_5', 'x6'))",1
"(4.0356, 4.0359]",4.035589746766231,4.035589746766231,3,"(('IQR', 'x5'), ('IQR', 'x4'), ('bin_equal_width_2', 'x6'))",1
"(4.0361, 4.0364]",4.036372888489775,4.036372888489775,4,"(('bin_equal_frequency_2', 'x1'), ('bin_equal_width_2', 'x2'), ('bin_equal_frequency_2', 'x6'), ('isolationForest', 'x1'))",1
"(4.0364, 4.0367]",4.036577227560579,4.036577227560579,3,"(('isolationForest', 'x1'), ('IQR', 'x5'), ('IQR', 'x2'))",1
"(4.0375, 4.0378]",4.037541595547197,4.037541595547197,3,"(('IQR', 'x4'), ('zscore_filter_3', 'x6'), ('bin_equal_frequency_2', 'x6'))",1
"(4.0378, 4.0381]",4.037816446905613,4.037816446905613,4,"(('bin_equal_frequency_2', 'x1'), ('bin_equal_frequency_2', 'x2'), ('bin_equal_frequency_2', 'x6'), ('IQR', 'x4'))",1
"(4.0383, 4.0386]",4.03842629498683,4.03842629498683,4,"(('bin_equal_frequency_2', 'x1'), ('bin_equal_frequency_5', 'x2'), ('bin_equal_frequency_2', 'x6'), ('IQR', 'x4'))",1
"(4.0386, 4.0389]",4.038837440188371,4.038837440188371,3,"(('norm_log', 'x4'), ('isolationForest', 'x1'), ('IQR', 'x5'))",1
"(4.0394, 4.0397]",4.0396332784050575,4.0396332784050575,3,"(('IQR', 'x5'), ('bin_equal_frequency_2', 'x6'), ('IQR', 'x4'))",1
"(4.0397, 4.04]",4.039877868457956,4.039961703600878,3,"(('zscore_filter_3', 'x2'), ('bin_equal_width_10', 'x3'), ('isolationForest', 'x1'))",2
"(4.04, 4.0403]",4.040086681147399,4.040086681147399,3,"(('bin_equal_width_5', 'x3'), ('norm_log', 'x3'), ('IQR', 'x3'))",1
"(4.0405, 4.0408]",4.040718689263449,4.040718689263449,3,"(('norm_log', 'x5'), ('bin_equal_frequency_10', 'x6'), ('isolationForest', 'x1'))",1
"(4.0408, 4.0411]",4.041046202826523,4.041046202826523,3,"(('IQR', 'x4'), ('zscore_filter_3', 'x5'), ('bin_equal_frequency_2', 'x6'))",1
"(4.0413, 4.0416]",4.041434861334689,4.041434861334689,3,"(('IQR', 'x4'), ('zscore_filter_3', 'x5'), ('zscore_filter_3', 'x6'))",1
"(4.0422, 4.0424]",4.042290511079134,4.042290511079134,3,"(('norm_log', 'x6'), ('isolationForest', 'x1'), ('IQR', 'x5'))",1
"(4.043, 4.0433]",4.043092356479174,4.043174902935867,3,"(('zscore_filter_3', 'x2'), ('bin_equal_width_5', 'x1'), ('isolationForest', 'x1'))",2
"(4.0438, 4.0441]",4.0439187099445775,4.0439187099445775,3,"(('IQR', 'x4'), ('bin_equal_width_10', 'x5'), ('IQR', 'x5'))",1
"(4.0444, 4.0446]",4.044368039977866,4.04437707971543,3,"(('IQR', 'x4'), ('zscore_filter_3', 'x6'), ('bin_equal_width_2', 'x6'))",2
"(4.0449, 4.0452]",4.044924237593174,4.044935766864872,3,"(('norm_log', 'x4'), ('bin_equal_frequency_10', 'x6'), ('isolationForest', 'x1'))",2
"(4.0457, 4.046]",4.045797396761674,4.045797396761674,3,"(('winsorize', 'x2'), ('bin_equal_frequency_10', 'x6'), ('isolationForest', 'x1'))",1
"(4.046, 4.0463]",4.04614628609359,4.04614628609359,3,"(('IQR', 'x4'), ('zscore_filter_3', 'x5'), ('bin_equal_width_2', 'x6'))",1
"(4.0468, 4.0471]",4.046870235455169,4.046879968521776,3,"(('bin_equal_width_5', 'x1'), ('IQR', 'x5'), ('isolationForest', 'x1'))",3
"(4.0471, 4.0474]",4.047143627407166,4.047143627407166,3,"(('zscore_clip_3', 'x5'), ('IQR', 'x5'), ('isolationForest', 'x1'))",1
"(4.0479, 4.0482]",4.0480162367988415,4.048125359612042,3,"(('zscore_filter_3', 'x2'), ('isolationForest', 'x1'), ('bin_equal_width_2', 'x3'))",2
"(4.0485, 4.0488]",4.048624092130656,4.048624092130656,3,"(('isolationForest', 'x1'), ('zscore_clip_3', 'x5'), ('IQR', 'x5'))",1
"(4.049, 4.0493]",4.049061382740558,4.049227187843243,3,"(('winsorize', 'x1'), ('zscore_filter_3', 'x2'), ('isolationForest', 'x1'))",2
"(4.0493, 4.0496]",4.049401836251091,4.0495519481886655,3,"(('norm_log', 'x4'), ('bin_equal_frequency_5', 'x6'), ('isolationForest', 'x1'))",2
"(4.0496, 4.0499]",4.049633336379751,4.049633336379751,3,"(('isolationForest', 'x1'), ('IQR', 'x2'), ('bin_equal_width_2', 'x3'))",1
"(4.0501, 4.0504]",4.050331693102901,4.050331693102901,3,"(('norm_log', 'x6'), ('isolationForest', 'x1'), ('zscore_filter_3', 'x2'))",1
"(4.0509, 4.0512]",4.051088210177534,4.051137231688666,3,"(('norm_log', 'x6'), ('isolationForest', 'x1'), ('IQR', 'x2'))",2
"(4.052, 4.0523]",4.052077786470172,4.052077786470172,3,"(('bin_equal_width_2', 'x2'), ('bin_equal_width_2', 'x3'), ('isolationForest', 'x1'))",1
"(4.0523, 4.0526]",4.052545970644078,4.052545970644078,3,"(('norm_log', 'x6'), ('isolationForest', 'x1'), ('bin_equal_width_2', 'x3'))",1
"(4.0526, 4.0529]",4.052623905473651,4.052846000858418,3,"(('winsorize', 'x3'), ('norm_log', 'x5'), ('isolationForest', 'x1'))",2
"(4.0529, 4.0531]",4.052950709407867,4.052950709407867,3,"(('isolationForest', 'x1'), ('IQR', 'x2'), ('bin_equal_width_2', 'x5'))",1
"(4.0531, 4.0534]",4.053200820006781,4.0533668594832255,3,"(('isolationForest', 'x1'), ('bin_equal_frequency_2', 'x1'), ('IQR', 'x2'))",2
"(4.054, 4.0542]",4.054043295687866,4.054100326331104,3,"(('isolationForest', 'x1'), ('bin_equal_width_2', 'x1'), ('IQR', 'x2'))",2
"(4.0542, 4.0545]",4.05426030301087,4.05426030301087,4,"(('bin_equal_frequency_2', 'x1'), ('bin_equal_width_2', 'x2'), ('winsorize', 'x6'), ('isolationForest', 'x1'))",1
"(4.0545, 4.0548]",4.054690810073536,4.054690810073536,3,"(('bin_equal_frequency_2', 'x2'), ('bin_equal_width_10', 'x6'), ('isolationForest', 'x1'))",1
"(4.0551, 4.0553]",4.0552622419403095,4.0553076416782625,3,"(('winsorize', 'x3'), ('bin_equal_frequency_2', 'x4'), ('isolationForest', 'x1'))",2
"(4.0553, 4.0556]",4.055382515998284,4.055492538925712,3,"(('bin_equal_frequency_10', 'x6'), ('isolationForest', 'x1'), ('IQR', 'x2'))",2
"(4.0556, 4.0559]",4.055731951916565,4.055871125439038,3,"(('bin_equal_width_5', 'x1'), ('zscore_filter_3', 'x2'), ('isolationForest', 'x1'))",3
"(4.0559, 4.0562]",4.055886284480495,4.055976845831617,3,"(('isolationForest', 'x1'), ('IQR', 'x2'), ('bin_equal_frequency_2', 'x1'))",2
"(4.0562, 4.0564]",4.056186739665002,4.056366675451556,3,"(('isolationForest', 'x1'), ('IQR', 'x2'), ('bin_equal_frequency_5', 'x1'))",3
"(4.0564, 4.0567]",4.056449519064657,4.056449519064657,3,"(('norm_log', 'x4'), ('isolationForest', 'x1'), ('bin_equal_frequency_2', 'x1'))",1
"(4.057, 4.0573]",4.056984748300511,4.057219049471011,3,"(('isolationForest', 'x1'), ('IQR', 'x2'), ('zscore_filter_3', 'x3'))",6
"(4.0573, 4.0575]",4.057305862155379,4.057488237581657,3,"(('isolationForest', 'x1'), ('zscore_filter_3', 'x2'), ('IQR', 'x5'))",7
"(4.0575, 4.0578]",4.057606244420158,4.057777836898995,3,"(('isolationForest', 'x1'), ('bin_equal_width_5', 'x1'), ('IQR', 'x2'))",4
"(4.0578, 4.0581]",4.057893626317723,4.0579158237888215,3,"(('zscore_filter_3', 'x2'), ('isolationForest', 'x1'), ('bin_equal_frequency_2', 'x1'))",2
"(4.0581, 4.0584]",4.058137414133984,4.058137414133984,4,"(('bin_equal_frequency_2', 'x1'), ('bin_equal_frequency_2', 'x2'), ('bin_equal_frequency_10', 'x5'), ('isolationForest', 'x1'))",1
"(4.0584, 4.0586]",4.058409673074827,4.058557712187366,3,"(('isolationForest', 'x1'), ('IQR', 'x2'), ('norm_log', 'x6'))",6
"(4.0586, 4.0589]",4.058784879998387,4.05886068870171,3,"(('isolationForest', 'x1'), ('IQR', 'x2'), ('bin_equal_frequency_10', 'x1'))",2
"(4.0589, 4.0592]",4.058963561288021,4.059124522511019,3,"(('winsorize', 'x3'), ('bin_equal_frequency_10', 'x6'), ('isolationForest', 'x1'))",4
"(4.0592, 4.0595]",4.059177905111046,4.0594454163362315,3,"(('isolationForest', 'x1'), ('bin_equal_width_10', 'x1'), ('IQR', 'x2'))",8
"(4.0595, 4.0597]",4.05950033382456,4.059640825290569,3,"(('bin_equal_frequency_5', 'x1'), ('bin_equal_width_5', 'x5'), ('isolationForest', 'x1'))",2
"(4.0597, 4.06]",4.059783726627592,4.0598571521527065,3,"(('isolationForest', 'x1'), ('IQR', 'x2'), ('zscore_clip_3', 'x5'))",3
"(4.06, 4.0603]",4.06005296270247,4.060251516922788,3,"(('isolationForest', 'x1'), ('bin_equal_frequency_5', 'x3'), ('IQR', 'x2'))",2
"(4.0603, 4.0605]",4.060290456888823,4.060525183302631,3,"(('isolationForest', 'x1'), ('bin_equal_frequency_10', 'x1'), ('IQR', 'x2'))",7
"(4.0605, 4.0608]",4.060583973643474,4.060808606536556,3,"(('isolationForest', 'x1'), ('norm_log', 'x1'), ('IQR', 'x2'))",11
"(4.0608, 4.0611]",4.060853887922419,4.061027656458282,2,"(('norm_log', 'x6'), ('isolationForest', 'x1'))",63
"(4.0611, 4.0614]",4.061270728669166,4.0613239675699,3,"(('norm_log', 'x4'), ('isolationForest', 'x1'), ('bin_equal_frequency_10', 'x1'))",3
"(4.0614, 4.0616]",4.061386220428543,4.061626143868662,2,"(('isolationForest', 'x1'), ('IQR', 'x2'))",77
"(4.0616, 4.0619]",4.061670413813142,4.06191437838928,2,"(('norm_log', 'x4'), ('isolationForest', 'x1'))",67
"(4.0619, 4.0622]",4.061925250879589,4.062182212345871,3,"(('isolationForest', 'x1'), ('IQR', 'x2'), ('zscore_clip_3', 'x1'))",10
"(4.0622, 4.0625]",4.062202560784606,4.062439133750386,3,"(('isolationForest', 'x1'), ('bin_equal_frequency_5', 'x1'), ('IQR', 'x2'))",16
"(4.0625, 4.0627]",4.062499013863277,4.0626986096411395,3,"(('zscore_filter_3', 'x2'), ('isolationForest', 'x1'), ('bin_equal_width_10', 'x5'))",5
"(4.0627, 4.063]",4.062755045640242,4.062956748757121,3,"(('isolationForest', 'x1'), ('IQR', 'x2'), ('bin_equal_width_10', 'x3'))",6
"(4.063, 4.0633]",4.0630313065066845,4.063246113838409,3,"(('isolationForest', 'x1'), ('IQR', 'x2'), ('bin_equal_width_10', 'x5'))",9
"(4.0633, 4.0636]",4.063350982742326,4.063519973171823,3,"(('isolationForest', 'x1'), ('bin_equal_frequency_5', 'x6'), ('IQR', 'x2'))",5
"(4.0636, 4.0638]",4.063683286785365,4.063839453837301,2,"(('zscore_filter_3', 'x2'), ('isolationForest', 'x1'))",71
"(4.0638, 4.0641]",4.063868374227133,4.0639517465276,3,"(('zscore_filter_3', 'x2'), ('isolationForest', 'x1'), ('winsorize', 'x1'))",3
"(4.0641, 4.0644]",4.064117547925581,4.064296311991906,3,"(('bin_equal_width_2', 'x2'), ('isolationForest', 'x1'), ('bin_equal_frequency_2', 'x1'))",5
"(4.0644, 4.0647]",4.064445680437707,4.064640772643481,3,"(('zscore_filter_3', 'x2'), ('isolationForest', 'x1'), ('bin_equal_width_10', 'x1'))",7
"(4.0647, 4.0649]",4.064930274738315,4.064930274738315,3,"(('bin_equal_width_2', 'x2'), ('winsorize', 'x5'), ('isolationForest', 'x1'))",1
"(4.0649, 4.0652]",4.064989114715387,4.065189672305164,3,"(('bin_equal_width_2', 'x2'), ('isolationForest', 'x1'), ('bin_equal_width_2', 'x1'))",7
"(4.0652, 4.0655]",4.06530344725205,4.065434116865921,3,"(('bin_equal_width_10', 'x1'), ('bin_equal_width_2', 'x3'), ('isolationForest', 'x1'))",8
"(4.0655, 4.0658]",4.065537201982807,4.065694123381639,3,"(('bin_equal_width_2', 'x2'), ('isolationForest', 'x1'), ('IQR', 'x1'))",5
"(4.0658, 4.066]",4.065766163927549,4.066030394878522,3,"(('isolationForest', 'x1'), ('zscore_filter_3', 'x5'), ('IQR', 'x5'))",7
"(4.066, 4.0663]",4.066080173150337,4.066296405516163,3,"(('isolationForest', 'x1'), ('bin_equal_frequency_2', 'x1'), ('IQR', 'x5'))",8
"(4.0663, 4.0666]",4.0663205211913285,4.066573108788471,3,"(('bin_equal_frequency_10', 'x1'), ('bin_equal_width_10', 'x5'), ('isolationForest', 'x1'))",8
"(4.0666, 4.0669]",4.066626579006329,4.066835830762586,3,"(('isolationForest', 'x1'), ('winsorize', 'x18'), ('IQR', 'x2'))",7
"(4.0669, 4.0671]",4.066889555638119,4.0670584011138855,3,"(('norm_log', 'x1'), ('IQR', 'x6'), ('isolationForest', 'x1'))",5
"(4.0671, 4.0674]",4.067210928523725,4.067387676223496,3,"(('bin_equal_frequency_5', 'x1'), ('isolationForest', 'x1'), ('IQR', 'x5'))",9
"(4.0674, 4.0677]",4.067432586959093,4.067617278727527,3,"(('bin_equal_frequency_5', 'x1'), ('zscore_filter_3', 'x2'), ('isolationForest', 'x1'))",11
"(4.0677, 4.068]",4.06770237262941,4.067934947748523,2,"(('bin_equal_frequency_5', 'x6'), ('isolationForest', 'x1'))",64
"(4.068, 4.0682]",4.067963567699085,4.068218684577686,3,"(('zscore_filter_3', 'x2'), ('winsorize', 'x1'), ('isolationForest', 'x1'))",8
"(4.0682, 4.0685]",4.068268836158047,4.068476730826601,3,"(('bin_equal_frequency_10', 'x1'), ('norm_log', 'x4'), ('isolationForest', 'x1'))",9
"(4.0685, 4.0688]",4.0686309337246644,4.068760021167736,3,"(('bin_equal_frequency_10', 'x1'), ('norm_log', 'x5'), ('isolationForest', 'x1'))",7
"(4.0688, 4.0691]",4.068790624920749,4.068997446953855,3,"(('bin_equal_width_2', 'x1'), ('bin_equal_width_5', 'x6'), ('IQR', 'x6'))",4
"(4.0691, 4.0693]",4.0690601047757164,4.06925055298064,3,"(('bin_equal_width_2', 'x2'), ('isolationForest', 'x1'), ('bin_equal_width_10', 'x5'))",4
"(4.0693, 4.0696]",4.069375886358606,4.069571505520446,3,"(('bin_equal_frequency_2', 'x1'), ('bin_equal_width_5', 'x6'), ('IQR', 'x6'))",32
"(4.0696, 4.0699]",4.069755690741765,4.069778576462429,3,"(('bin_equal_width_5', 'x1'), ('bin_equal_width_5', 'x6'), ('IQR', 'x6'))",3
"(4.0699, 4.0701]",4.0698813585498845,4.070140726531509,2,"(('bin_equal_width_2', 'x2'), ('isolationForest', 'x1'))",67
"(4.0701, 4.0704]",4.070156676174965,4.070374268446478,3,"(('isolationForest', 'x1'), ('bin_equal_width_5', 'x1'), ('IQR', 'x5'))",7
"(4.0704, 4.0707]",4.070431234367317,4.0706646793002585,3,"(('isolationForest', 'x1'), ('IQR', 'x2'), ('bin_equal_frequency_5', 'x6'))",6
"(4.0707, 4.071]",4.070757792960733,4.070959985488623,3,"(('winsorize', 'x1'), ('isolationForest', 'x1'), ('IQR', 'x2'))",8
"(4.071, 4.0712]",4.0710353651677105,4.071163220863814,3,"(('bin_equal_width_2', 'x2'), ('isolationForest', 'x1'), ('winsorize', 'x3'))",5
"(4.0712, 4.0715]",4.071316238332219,4.071512462889474,3,"(('bin_equal_frequency_10', 'x1'), ('winsorize', 'x3'), ('isolationForest', 'x1'))",6
"(4.0715, 4.0718]",4.0715969275416,4.071787198876064,2,"(('isolationForest', 'x1'), ('IQR', 'x5'))",77
"(4.0718, 4.0721]",4.071822209699844,4.072045100596771,3,"(('isolationForest', 'x1'), ('norm_log', 'x1'), ('IQR', 'x5'))",14
"(4.0721, 4.0723]",4.072080478381756,4.072296695123596,3,"(('isolationForest', 'x1'), ('bin_equal_frequency_10', 'x1'), ('IQR', 'x5'))",9
"(4.0723, 4.0726]",4.072353423696139,4.072569318761653,2,"(('bin_equal_frequency_10', 'x6'), ('isolationForest', 'x1'))",69
"(4.0726, 4.0729]",4.072708729496998,4.072880128863955,3,"(('isolationForest', 'x1'), ('bin_equal_frequency_5', 'x2'), ('IQR', 'x5'))",8
"(4.0729, 4.0732]",4.072903810641612,4.07315693104402,3,"(('bin_equal_width_10', 'x1'), ('isolationForest', 'x1'), ('zscore_filter_3', 'x2'))",17
"(4.0732, 4.0734]",4.073228141028406,4.073436489167555,3,"(('isolationForest', 'x1'), ('winsorize', 'x16'), ('IQR', 'x5'))",8
"(4.0734, 4.0737]",4.073445679731564,4.073707996832898,3,"(('isolationForest', 'x1'), ('bin_equal_frequency_5', 'x1'), ('IQR', 'x5'))",10
"(4.0737, 4.074]",4.073758450022305,4.073933772204175,3,"(('isolationForest', 'x1'), ('norm_log', 'x3'), ('IQR', 'x5'))",6
"(4.074, 4.0743]",4.074015839356241,4.07422594522617,3,"(('bin_equal_frequency_5', 'x1'), ('winsorize', 'x5'), ('isolationForest', 'x1'))",6
"(4.0743, 4.0745]",4.074266875408259,4.074534232919613,3,"(('isolationForest', 'x1'), ('IQR', 'x5'), ('norm_log', 'x6'))",9
"(4.0745, 4.0748]",4.074574223083954,4.074750381032446,3,"(('isolationForest', 'x1'), ('bin_equal_width_2', 'x1'), ('zscore_filter_3', 'x2'))",5
"(4.0748, 4.0751]",4.0748272711428655,4.0750609271198055,3,"(('isolationForest', 'x1'), ('winsorize', 'x18'), ('IQR', 'x5'))",3
"(4.0751, 4.0754]",4.075088902013893,4.075312037149653,3,"(('winsorize', 'x1'), ('IQR', 'x6'), ('isolationForest', 'x1'))",9
"(4.0754, 4.0756]",4.075370305951532,4.075575037658943,3,"(('bin_equal_frequency_2', 'x4'), ('bin_equal_width_5', 'x5'), ('isolationForest', 'x1'))",6
"(4.0756, 4.0759]",4.0757936499057585,4.075853234726436,3,"(('bin_equal_frequency_5', 'x1'), ('norm_log', 'x5'), ('isolationForest', 'x1'))",3
"(4.0759, 4.0762]",4.0759254756953185,4.0761543760117975,3,"(('bin_equal_width_2', 'x2'), ('isolationForest', 'x1'), ('zscore_filter_3', 'x5'))",5
"(4.0762, 4.0765]",4.076215824226826,4.076432009664124,3,"(('bin_equal_width_10', 'x1'), ('zscore_filter_3', 'x2'), ('isolationForest', 'x1'))",6
"(4.0765, 4.0767]",4.076467643087035,4.076700177143959,2,"(('bin_equal_width_5', 'x6'), ('IQR', 'x6'))",62
"(4.0767, 4.077]",4.076764236505028,4.07695513776777,3,"(('norm_log', 'x1'), ('bin_equal_width_5', 'x6'), ('IQR', 'x6'))",12
"(4.077, 4.0773]",4.077064763750292,4.077255073282912,3,"(('bin_equal_frequency_10', 'x1'), ('bin_equal_width_5', 'x6'), ('IQR', 'x6'))",8
"(4.0773, 4.0776]",4.077346810083202,4.077450153701819,3,"(('bin_equal_frequency_5', 'x1'), ('zscore_clip_3', 'x5'), ('isolationForest', 'x1'))",7
"(4.0776, 4.0778]",4.077556751096009,4.077816988193237,3,"(('isolationForest', 'x1'), ('bin_equal_frequency_2', 'x1'), ('bin_equal_width_2', 'x3'))",7
"(4.0778, 4.0781]",4.077902041630795,4.0780771582928645,3,"(('isolationForest', 'x1'), ('zscore_filter_3', 'x2'), ('norm_log', 'x6'))",5
"(4.0781, 4.0784]",4.0781147219909695,4.078352215855938,3,"(('winsorize', 'x1'), ('norm_log', 'x6'), ('isolationForest', 'x1'))",12
"(4.0784, 4.0787]",4.078378262640077,4.078628482556314,2,"(('isolationForest', 'x1'), ('zscore_filter_3', 'x2'))",77
"(4.0787, 4.0789]",4.0786520855671995,4.078857733773921,3,"(('bin_equal_frequency_5', 'x1'), ('isolationForest', 'x1'), ('zscore_filter_3', 'x2'))",10
"(4.0789, 4.0792]",4.078952073760292,4.079170001764795,3,"(('norm_log', 'x1'), ('bin_equal_width_5', 'x5'), ('isolationForest', 'x1'))",10
"(4.0792, 4.0795]",4.079202284975956,4.079440117736441,3,"(('winsorize', 'x1'), ('IQR', 'x5'), ('isolationForest', 'x1'))",8
"(4.0795, 4.0797]",4.079476952275121,4.079738598562985,3,"(('isolationForest', 'x1'), ('norm_log', 'x1'), ('zscore_filter_3', 'x2'))",9
"(4.0797, 4.08]",4.079760035721306,4.079996959341512,3,"(('bin_equal_width_2', 'x1'), ('bin_equal_width_5', 'x5'), ('isolationForest', 'x1'))",10
"(4.08, 4.0803]",4.080085701725805,4.080266950980279,3,"(('isolationForest', 'x1'), ('winsorize', 'x16'), ('zscore_filter_3', 'x2'))",11
"(4.0803, 4.0806]",4.080299495681512,4.080549050472056,2,"(('norm_log', 'x5'), ('isolationForest', 'x1'))",71
"(4.0806, 4.0808]",4.080597742310015,4.080824786409699,3,"(('isolationForest', 'x1'), ('bin_equal_frequency_2', 'x1'), ('bin_equal_width_5', 'x6'))",10
"(4.0808, 4.0811]",4.080874949242888,4.081115282808664,3,"(('bin_equal_frequency_5', 'x1'), ('isolationForest', 'x1'), ('bin_equal_width_2', 'x5'))",12
"(4.0811, 4.0814]",4.081151332717327,4.0813825554624765,3,"(('bin_equal_frequency_5', 'x1'), ('isolationForest', 'x1'), ('bin_equal_width_2', 'x3'))",9
"(4.0814, 4.0817]",4.081405422554005,4.08165190069585,2,"(('zscore_clip_3', 'x5'), ('isolationForest', 'x1'))",70
"(4.0817, 4.0819]",4.081669430740199,4.081909345842057,3,"(('bin_equal_width_10', 'x1'), ('isolationForest', 'x1'), ('bin_equal_width_2', 'x3'))",12
"(4.0819, 4.0822]",4.08195319253221,4.082197630127921,3,"(('bin_equal_frequency_5', 'x1'), ('isolationForest', 'x1'), ('IQR', 'x2'))",20
"(4.0822, 4.0825]",4.082227144971572,4.082422930607884,2,"(('isolationForest', 'x1'), ('bin_equal_width_2', 'x5'))",71
"(4.0825, 4.0828]",4.082514962495996,4.082754785000206,3,"(('bin_equal_frequency_5', 'x1'), ('bin_equal_width_5', 'x3'), ('isolationForest', 'x1'))",21
"(4.0828, 4.083]",4.082768402848816,4.083027784504842,2,"(('isolationForest', 'x1'), ('bin_equal_frequency_2', 'x1'))",75
"(4.083, 4.0833]",4.083039330197602,4.083289276488124,2,"(('isolationForest', 'x1'), ('bin_equal_width_2', 'x3'))",76
"(4.0833, 4.0836]",4.083365806746225,4.083579186743048,2,"(('isolationForest', 'x1'), ('bin_equal_width_2', 'x1'))",84
"(4.0836, 4.0839]",4.0835965456835375,4.083848957678841,3,"(('bin_equal_width_10', 'x1'), ('isolationForest', 'x1'), ('norm_log', 'x1'))",23
"(4.0839, 4.0841]",4.083875521272897,4.084111646475572,3,"(('bin_equal_width_10', 'x1'), ('isolationForest', 'x1'), ('bin_equal_width_2', 'x5'))",16
"(4.0841, 4.0844]",4.084165374467856,4.084398673847552,2,"(('isolationForest', 'x1'), ('bin_equal_width_5', 'x6'))",74
"(4.0844, 4.0847]",4.08444529161665,4.0846788918221755,3,"(('bin_equal_width_10', 'x1'), ('bin_equal_frequency_5', 'x3'), ('isolationForest', 'x1'))",14
"(4.0847, 4.085]",4.084716384329698,4.084944706368328,2,"(('IQR', 'x5'), ('isolationForest', 'x1'))",81
"(4.085, 4.0852]",4.084963322492481,4.085225448893198,3,"(('isolationForest', 'x1'), ('bin_equal_frequency_2', 'x1'), ('bin_equal_frequency_10', 'x5'))",12
"(4.0852, 4.0855]",4.085242912982888,4.0855049138675446,3,"(('bin_equal_frequency_5', 'x1'), ('isolationForest', 'x1'), ('zscore_clip_3', 'x5'))",24
"(4.0855, 4.0858]",4.085515026058391,4.0857762389874415,3,"(('isolationForest', 'x1'), ('bin_equal_frequency_2', 'x1'), ('bin_equal_width_10', 'x6'))",21
"(4.0858, 4.0861]",4.085807961691874,4.0860481847571615,2,"(('winsorize', 'x5'), ('isolationForest', 'x1'))",98
"(4.0861, 4.0863]",4.086067024500851,4.086310187476874,3,"(('bin_equal_frequency_5', 'x1'), ('isolationForest', 'x1'), ('bin_equal_width_2', 'x2'))",18
"(4.0863, 4.0866]",4.086332498191703,4.086592245422855,3,"(('winsorize', 'x1'), ('isolationForest', 'x1'), ('zscore_filter_3', 'x2'))",20
"(4.0866, 4.0869]",4.086609869354745,4.086860783883017,2,"(('isolationForest', 'x1'), ('bin_equal_frequency_2', 'x2'))",76
"(4.0869, 4.0872]",4.086915152640243,4.087141537117457,2,"(('isolationForest', 'x1'), ('bin_equal_width_5', 'x1'))",202
"(4.0872, 4.0874]",4.08716370403898,4.0874111532772055,3,"(('bin_equal_frequency_5', 'x1'), ('isolationForest', 'x1'), ('norm_log', 'x1'))",29
"(4.0874, 4.0877]",4.0874327598694356,4.0876959576910785,2,"(('isolationForest', 'x1'), ('bin_equal_width_10', 'x3'))",209
"(4.0877, 4.088]",4.087707617030425,4.087974901657357,1,"(('isolationForest', 'x1'),)",1958
"(4.088, 4.0882]",4.087981433584098,4.088248075548443,2,"(('isolationForest', 'x1'), ('norm_log', 'x1'))",408
"(4.0882, 4.0885]",4.088258234059243,4.088510516703664,2,"(('isolationForest', 'x1'), ('bin_equal_width_2', 'x2'))",359
"(4.0885, 4.0888]",4.088535727213517,4.088793437525887,2,"(('isolationForest', 'x1'), ('bin_equal_width_10', 'x1'))",238
"(4.0888, 4.0891]",4.0888034884455555,4.089065496258188,2,"(('isolationForest', 'x1'), ('winsorize', 'x16'))",162
"(4.0891, 4.0893]",4.089072640785405,4.089345811871148,2,"(('isolationForest', 'x1'), ('norm_log', 'x5'))",166
"(4.0893, 4.0896]",4.0893520050229615,4.089619842237796,2,"(('isolationForest', 'x1'), ('bin_equal_frequency_5', 'x1'))",167
"(4.0896, 4.0899]",4.0896314393854425,4.089894738335136,2,"(('isolationForest', 'x1'), ('bin_equal_frequency_5', 'x3'))",167
"(4.0899, 4.0902]",4.089913303677102,4.0901496812133145,3,"(('bin_equal_frequency_5', 'x1'), ('isolationForest', 'x1'), ('norm_log', 'x2'))",43
"(4.0902, 4.0904]",4.090177366315668,4.0904385812345545,2,"(('bin_equal_width_10', 'x1'), ('isolationForest', 'x1'))",100
"(4.0904, 4.0907]",4.090445668480743,4.090715943843868,2,"(('isolationForest', 'x1'), ('bin_equal_width_10', 'x6'))",91
"(4.0907, 4.091]",4.090731007358465,4.090981847890658,2,"(('isolationForest', 'x1'), ('bin_equal_frequency_10', 'x5'))",156
"(4.091, 4.0913]",4.090996560446184,4.091265941760547,3,"(('bin_equal_frequency_2', 'x1'), ('bin_equal_width_5', 'x3'), ('isolationForest', 'x1'))",63
"(4.0913, 4.0915]",4.091271690093285,4.091537004112886,2,"(('isolationForest', 'x1'), ('winsorize', 'x18'))",213
"(4.0915, 4.0918]",4.091543518822514,4.091813989259185,2,"(('isolationForest', 'x1'), ('bin_equal_frequency_5', 'x5'))",95
"(4.0918, 4.0921]",4.0918305352042035,4.092080375616871,3,"(('bin_equal_frequency_5', 'x1'), ('bin_equal_width_10', 'x3'), ('isolationForest', 'x1'))",43
"(4.0921, 4.0924]",4.092091939968477,4.0923576200109295,2,"(('isolationForest', 'x1'), ('bin_equal_frequency_2', 'x5'))",161
"(4.0924, 4.0926]",4.092420609070089,4.092636384007157,2,"(('isolationForest', 'x1'), ('zscore_clip_3', 'x3'))",87
"(4.0926, 4.0929]",4.092640181267289,4.092895193036384,3,"(('isolationForest', 'x1'), ('bin_equal_width_5', 'x1'), ('zscore_filter_3', 'x3'))",32
"(4.0929, 4.0932]",4.092913032613812,4.093175138192448,3,"(('bin_equal_frequency_5', 'x1'), ('isolationForest', 'x1'), ('zscore_filter_3', 'x3'))",29
"(4.0932, 4.0935]",4.093187438993242,4.093456712349829,2,"(('isolationForest', 'x1'), ('zscore_filter_3', 'x3'))",90
"(4.0935, 4.0937]",4.09348211861011,4.0937320037720175,3,"(('norm_log', 'x1'), ('norm_log', 'x6'), ('isolationForest', 'x1'))",19
"(4.0937, 4.094]",4.09376023011976,4.093981497331636,3,"(('bin_equal_width_10', 'x1'), ('isolationForest', 'x1'), ('winsorize', 'x18'))",20
"(4.094, 4.0943]",4.0940335360021765,4.094272760346533,3,"(('bin_equal_width_10', 'x1'), ('isolationForest', 'x1'), ('bin_equal_frequency_2', 'x5'))",17
"(4.0943, 4.0946]",4.09429086299854,4.094538322386004,3,"(('bin_equal_frequency_5', 'x1'), ('isolationForest', 'x1'), ('bin_equal_frequency_10', 'x6'))",17
"(4.0946, 4.0948]",4.094583002272717,4.094820349553905,2,"(('bin_equal_width_5', 'x5'), ('isolationForest', 'x1'))",74
"(4.0948, 4.0951]",4.0948363883170105,4.095096156967427,3,"(('bin_equal_frequency_5', 'x1'), ('isolationForest', 'x1'), ('bin_equal_width_10', 'x6'))",22
"(4.0951, 4.0954]",4.095108661050271,4.095375132182908,3,"(('bin_equal_frequency_10', 'x1'), ('bin_equal_frequency_2', 'x5'), ('isolationForest', 'x1'))",15
"(4.0954, 4.0957]",4.09538501602884,4.095652640256691,3,"(('bin_equal_frequency_2', 'x1'), ('bin_equal_frequency_2', 'x2'), ('isolationForest', 'x1'))",80
"(4.0957, 4.0959]",4.095673330301339,4.095914455545099,3,"(('bin_equal_width_2', 'x1'), ('bin_equal_frequency_10', 'x6'), ('isolationForest', 'x1'))",17
"(4.0959, 4.0962]",4.095975182358953,4.096188231615664,3,"(('bin_equal_width_2', 'x1'), ('bin_equal_width_5', 'x3'), ('isolationForest', 'x1'))",12
"(4.0962, 4.0965]",4.0962053339156475,4.096454919461179,3,"(('isolationForest', 'x1'), ('bin_equal_width_5', 'x3'), ('bin_equal_frequency_5', 'x5'))",14
"(4.0965, 4.0968]",4.096486205834553,4.096733022745044,3,"(('winsorize', 'x1'), ('bin_equal_frequency_2', 'x2'), ('isolationForest', 'x1'))",18
"(4.0968, 4.097]",4.09677043850743,4.096959398328714,3,"(('isolationForest', 'x1'), ('bin_equal_width_5', 'x3'), ('bin_equal_frequency_2', 'x5'))",10
"(4.097, 4.0973]",4.097041844691508,4.097271452840604,3,"(('norm_log', 'x1'), ('bin_equal_frequency_5', 'x6'), ('isolationForest', 'x1'))",9
"(4.0973, 4.0976]",4.097301341923837,4.097505483694755,3,"(('bin_equal_frequency_5', 'x1'), ('winsorize', 'x2'), ('isolationForest', 'x1'))",13
"(4.0976, 4.0978]",4.097579251804162,4.097803700220916,3,"(('winsorize', 'x1'), ('zscore_clip_3', 'x5'), ('isolationForest', 'x1'))",7
"(4.0978, 4.0981]",4.097870623429642,4.098104848199295,3,"(('bin_equal_frequency_5', 'x1'), ('norm_log', 'x4'), ('isolationForest', 'x1'))",6
"(4.0981, 4.0984]",4.0981580356157785,4.0983508165855715,2,"(('isolationForest', 'x1'), ('bin_equal_frequency_2', 'x3'))",75
"(4.0984, 4.0987]",4.0984218827950105,4.098671381960161,2,"(('winsorize', 'x3'), ('isolationForest', 'x1'))",81
"(4.0987, 4.0989]",4.098674504907526,4.098937561313588,3,"(('winsorize', 'x1'), ('isolationForest', 'x1'), ('bin_equal_width_2', 'x1'))",19
"(4.0989, 4.0992]",4.0989559605639965,4.099172558049324,3,"(('bin_equal_frequency_5', 'x1'), ('norm_log', 'x2'), ('isolationForest', 'x1'))",11
"(4.0992, 4.0995]",4.099263051877439,4.09941021013691,3,"(('bin_equal_width_2', 'x1'), ('isolationForest', 'x1'), ('bin_equal_width_2', 'x3'))",12
"(4.0995, 4.0998]",4.099501153731404,4.099733559736767,2,"(('bin_equal_width_2', 'x5'), ('isolationForest', 'x1'))",75
"(4.0998, 4.1]",4.099779538356449,4.099980213849846,3,"(('isolationForest', 'x1'), ('bin_equal_frequency_2', 'x3'), ('bin_equal_frequency_5', 'x6'))",13
"(4.1, 4.1003]",4.10004661892322,4.1003151329277765,3,"(('bin_equal_width_10', 'x1'), ('isolationForest', 'x1'), ('bin_equal_frequency_2', 'x3'))",18
"(4.1003, 4.1006]",4.10035086683574,4.100585067143153,3,"(('bin_equal_frequency_5', 'x1'), ('IQR', 'x5'), ('isolationForest', 'x1'))",13
"(4.1006, 4.1009]",4.100600687357426,4.10085746339073,2,"(('winsorize', 'x1'), ('isolationForest', 'x1'))",80
"(4.1009, 4.1011]",4.100866995449096,4.10112657970085,3,"(('bin_equal_width_5', 'x1'), ('IQR', 'x2'), ('isolationForest', 'x1'))",14
"(4.1011, 4.1014]",4.10114050194914,4.101411495730673,3,"(('bin_equal_width_10', 'x1'), ('winsorize', 'x2'), ('isolationForest', 'x1'))",12
"(4.1014, 4.1017]",4.101429028868781,4.101667118541092,3,"(('bin_equal_frequency_5', 'x1'), ('isolationForest', 'x1'), ('bin_equal_frequency_2', 'x3'))",10
"(4.1017, 4.102]",4.101710371541176,4.101913894027974,3,"(('bin_equal_width_10', 'x1'), ('bin_equal_width_10', 'x5'), ('isolationForest', 'x1'))",14
"(4.102, 4.1022]",4.10199935305515,4.1022027884692855,3,"(('bin_equal_frequency_2', 'x1'), ('bin_equal_width_2', 'x2'), ('isolationForest', 'x1'))",69
"(4.1022, 4.1025]",4.102240722407288,4.102473820019732,3,"(('norm_log', 'x1'), ('isolationForest', 'x1'), ('IQR', 'x2'))",18
"(4.1025, 4.1028]",4.102513337298978,4.102739710469496,2,"(('bin_equal_width_10', 'x3'), ('isolationForest', 'x1'))",70
"(4.1028, 4.1031]",4.102801410232972,4.103023660220003,3,"(('bin_equal_frequency_5', 'x1'), ('isolationForest', 'x1'), ('zscore_filter_3', 'x5'))",16
"(4.1031, 4.1033]",4.103070445896062,4.1033317944638075,3,"(('bin_equal_frequency_5', 'x1'), ('norm_log', 'x1'), ('isolationForest', 'x1'))",14
"(4.1033, 4.1036]",4.103351197850742,4.103607392894291,3,"(('bin_equal_frequency_5', 'x1'), ('winsorize', 'x3'), ('isolationForest', 'x1'))",26
"(4.1036, 4.1039]",4.103619721654928,4.103848327568654,3,"(('bin_equal_width_10', 'x1'), ('IQR', 'x6'), ('isolationForest', 'x1'))",9
"(4.1039, 4.1042]",4.103886555908694,4.104145484466097,3,"(('norm_log', 'x1'), ('isolationForest', 'x1'), ('zscore_filter_3', 'x2'))",17
"(4.1042, 4.1044]",4.104159083501303,4.104427591962801,3,"(('bin_equal_frequency_2', 'x1'), ('zscore_filter_3', 'x2'), ('isolationForest', 'x1'))",42
"(4.1044, 4.1047]",4.1044317002279405,4.104705698054645,2,"(('bin_equal_width_10', 'x6'), ('isolationForest', 'x1'))",74
"(4.1047, 4.105]",4.104754377514298,4.104963508544634,3,"(('isolationForest', 'x1'), ('norm_log', 'x1'), ('zscore_filter_3', 'x5'))",15
"(4.105, 4.1053]",4.105002480272586,4.105251825741743,2,"(('isolationForest', 'x1'), ('zscore_filter_3', 'x5'))",92
"(4.1053, 4.1055]",4.105280790924676,4.105513162347813,2,"(('isolationForest', 'x1'), ('IQR', 'x3'))",81
"(4.1055, 4.1058]",4.105544467226543,4.105800368550252,3,"(('norm_log', 'x1'), ('isolationForest', 'x1'), ('bin_equal_width_2', 'x5'))",20
"(4.1058, 4.1061]",4.105821707838921,4.106076162639216,2,"(('zscore_clip_3', 'x2'), ('isolationForest', 'x1'))",84
"(4.1061, 4.1064]",4.1060779711435345,4.106343166872625,2,"(('IQR', 'x6'), ('isolationForest', 'x1'))",94
"(4.1064, 4.1066]",4.106370533210082,4.106623818618104,3,"(('bin_equal_frequency_5', 'x1'), ('isolationForest', 'x1'), ('IQR', 'x3'))",19
"(4.1066, 4.1069]",4.106632727461675,4.106895860478669,3,"(('bin_equal_frequency_10', 'x1'), ('bin_equal_width_5', 'x5'), ('isolationForest', 'x1'))",24
"(4.1069, 4.1072]",4.106922742922022,4.1071507363801265,3,"(('norm_log', 'x1'), ('isolationForest', 'x1'), ('bin_equal_width_2', 'x3'))",21
"(4.1072, 4.1074]",4.10719558277062,4.107437444032228,3,"(('bin_equal_frequency_2', 'x1'), ('bin_equal_frequency_2', 'x4'), ('isolationForest', 'x1'))",38
"(4.1074, 4.1077]",4.1074752762097395,4.107711814958851,2,"(('bin_equal_width_5', 'x6'), ('isolationForest', 'x1'))",76
"(4.1077, 4.108]",4.107745939251768,4.10794224529439,3,"(('isolationForest', 'x1'), ('bin_equal_frequency_10', 'x1'), ('IQR', 'x3'))",13
"(4.108, 4.1083]",4.108029361046461,4.1082191324082515,3,"(('bin_equal_width_2', 'x1'), ('isolationForest', 'x1'), ('norm_log', 'x6'))",10
"(4.1083, 4.1085]",4.108276239179545,4.108526222705881,3,"(('winsorize', 'x1'), ('winsorize', 'x6'), ('isolationForest', 'x1'))",16
"(4.1085, 4.1088]",4.108556937750572,4.108802858901483,3,"(('bin_equal_width_2', 'x1'), ('isolationForest', 'x1'), ('zscore_clip_3', 'x2'))",17
"(4.1088, 4.1091]",4.108821010970762,4.109087430508969,3,"(('bin_equal_frequency_5', 'x1'), ('isolationForest', 'x1'), ('IQR', 'x4'))",18
"(4.1091, 4.1094]",4.1090998030167265,4.109362446193911,3,"(('bin_equal_frequency_2', 'x1'), ('bin_equal_frequency_5', 'x3'), ('isolationForest', 'x1'))",35
"(4.1094, 4.1096]",4.109383033563601,4.10957241486985,3,"(('bin_equal_width_2', 'x1'), ('isolationForest', 'x1'), ('zscore_filter_3', 'x3'))",10
"(4.1096, 4.1099]",4.109646409880281,4.109910594475241,3,"(('bin_equal_frequency_5', 'x1'), ('bin_equal_frequency_10', 'x6'), ('isolationForest', 'x1'))",14
"(4.1099, 4.1102]",4.109944128077375,4.110175071276157,2,"(('bin_equal_width_2', 'x1'), ('isolationForest', 'x1'))",77
"(4.1102, 4.1105]",4.110192540008944,4.110449058382946,3,"(('bin_equal_frequency_10', 'x1'), ('isolationForest', 'x1'), ('norm_log', 'x1'))",13
"(4.1105, 4.1107]",4.110467344058533,4.110718480646825,3,"(('bin_equal_frequency_10', 'x1'), ('isolationForest', 'x1'), ('bin_equal_width_2', 'x2'))",25
"(4.1107, 4.111]",4.110755315832757,4.1110110106969655,2,"(('isolationForest', 'x1'), ('IQR', 'x4'))",90
"(4.111, 4.1113]",4.111016649493467,4.11128765826358,3,"(('bin_equal_frequency_10', 'x1'), ('isolationForest', 'x1'), ('IQR', 'x2'))",19
"(4.1113, 4.1116]",4.11130702990054,4.111560612489651,2,"(('isolationForest', 'x1'), ('bin_equal_width_2', 'x6'))",74
"(4.1116, 4.1118]",4.111607935462443,4.111820620084063,3,"(('bin_equal_frequency_10', 'x1'), ('isolationForest', 'x1'), ('bin_equal_width_10', 'x2'))",20
"(4.1118, 4.1121]",4.111880913027874,4.112091408057288,3,"(('bin_equal_frequency_10', 'x1'), ('isolationForest', 'x1'), ('bin_equal_width_2', 'x4'))",12
"(4.1121, 4.1124]",4.112123072700316,4.112373942180068,3,"(('bin_equal_frequency_10', 'x1'), ('isolationForest', 'x1'), ('IQR', 'x4'))",19
"(4.1124, 4.1127]",4.112411985064573,4.112646029454178,3,"(('bin_equal_frequency_10', 'x1'), ('isolationForest', 'x1'), ('winsorize', 'x5'))",12
"(4.1127, 4.1129]",4.112694469037638,4.112929745801778,2,"(('norm_log', 'x1'), ('isolationForest', 'x1'))",68
"(4.1129, 4.1132]",4.112960545761354,4.113200414929459,2,"(('bin_equal_frequency_10', 'x1'), ('isolationForest', 'x1'))",90
"(4.1132, 4.1135]",4.113221530737903,4.113462947988559,3,"(('bin_equal_frequency_10', 'x1'), ('isolationForest', 'x1'), ('bin_equal_width_5', 'x5'))",11
"(4.1135, 4.1138]",4.113519777825031,4.1137499821211065,3,"(('bin_equal_frequency_5', 'x1'), ('IQR', 'x2'), ('isolationForest', 'x1'))",13
"(4.1138, 4.114]",4.1138064844358055,4.113998751658753,3,"(('bin_equal_frequency_10', 'x1'), ('isolationForest', 'x1'), ('bin_equal_frequency_2', 'x2'))",12
"(4.114, 4.1143]",4.114049427834793,4.114304610257752,3,"(('bin_equal_frequency_10', 'x1'), ('isolationForest', 'x1'), ('winsorize', 'x16'))",15
"(4.1143, 4.1146]",4.114319380322298,4.114569092098984,3,"(('bin_equal_frequency_10', 'x1'), ('isolationForest', 'x1'), ('winsorize', 'x2'))",10
"(4.1146, 4.1149]",4.114626155208946,4.114841909268361,3,"(('bin_equal_frequency_10', 'x1'), ('isolationForest', 'x1'), ('norm_log', 'x3'))",9
"(4.1149, 4.1151]",4.114862728470614,4.115113356526752,3,"(('bin_equal_width_2', 'x1'), ('isolationForest', 'x1'), ('bin_equal_width_5', 'x3'))",9
"(4.1151, 4.1154]",4.115137407320333,4.115390694038958,3,"(('bin_equal_frequency_10', 'x1'), ('isolationForest', 'x1'), ('norm_log', 'x2'))",14
"(4.1154, 4.1157]",4.11541633623888,4.115596728910781,3,"(('bin_equal_frequency_10', 'x1'), ('isolationForest', 'x1'), ('bin_equal_frequency_5', 'x3'))",5
"(4.1157, 4.116]",4.1156793876904105,4.115884503694697,3,"(('norm_log', 'x1'), ('isolationForest', 'x1'), ('bin_equal_frequency_5', 'x5'))",10
"(4.116, 4.1162]",4.1159599742026565,4.1162082697852975,3,"(('bin_equal_frequency_10', 'x1'), ('isolationForest', 'x1'), ('bin_equal_frequency_5', 'x5'))",8
"(4.1162, 4.1165]",4.1162414605651865,4.116473166542511,3,"(('bin_equal_width_2', 'x1'), ('bin_equal_width_10', 'x5'), ('isolationForest', 'x1'))",14
"(4.1165, 4.1168]",4.116514566338232,4.116739879694451,3,"(('bin_equal_frequency_10', 'x1'), ('isolationForest', 'x1'), ('bin_equal_width_10', 'x6'))",17
"(4.1168, 4.117]",4.116788863750834,4.1170219686210165,2,"(('bin_equal_frequency_2', 'x3'), ('isolationForest', 'x1'))",93
"(4.117, 4.1173]",4.117079724812276,4.117284683394521,3,"(('bin_equal_frequency_10', 'x1'), ('isolationForest', 'x1'), ('bin_equal_frequency_5', 'x2'))",8
"(4.1173, 4.1176]",4.117342489513625,4.117585836539554,3,"(('bin_equal_frequency_5', 'x1'), ('bin_equal_frequency_2', 'x2'), ('isolationForest', 'x1'))",12
"(4.1176, 4.1179]",4.117621209026413,4.117866324144164,3,"(('bin_equal_frequency_10', 'x1'), ('isolationForest', 'x1'), ('bin_equal_width_5', 'x3'))",10
"(4.1179, 4.1181]",4.1178983096134525,4.118138345143967,3,"(('norm_log', 'x1'), ('isolationForest', 'x1'), ('zscore_filter_3', 'x3'))",12
"(4.1181, 4.1184]",4.118151204631332,4.118363061496038,3,"(('bin_equal_width_10', 'x1'), ('isolationForest', 'x1'), ('IQR', 'x4'))",9
"(4.1184, 4.1187]",4.11842950461587,4.1186932958721245,2,"(('bin_equal_frequency_5', 'x3'), ('isolationForest', 'x1'))",70
"(4.1187, 4.119]",4.118717912934766,4.118959612861945,3,"(('bin_equal_frequency_5', 'x1'), ('bin_equal_frequency_5', 'x6'), ('isolationForest', 'x1'))",13
"(4.119, 4.1192]",4.119004585426695,4.119205175099645,3,"(('bin_equal_frequency_5', 'x3'), ('isolationForest', 'x1'), ('bin_equal_frequency_10', 'x1'))",4
"(4.1192, 4.1195]",4.119265323982544,4.119487469978294,3,"(('bin_equal_frequency_5', 'x3'), ('isolationForest', 'x1'), ('bin_equal_width_5', 'x5'))",6
"(4.1195, 4.1198]",4.119553193316965,4.119785322151724,3,"(('bin_equal_frequency_10', 'x1'), ('IQR', 'x5'), ('isolationForest', 'x1'))",11
"(4.1198, 4.1201]",4.119828632811443,4.120064911397256,3,"(('bin_equal_frequency_10', 'x1'), ('bin_equal_width_10', 'x2'), ('isolationForest', 'x1'))",11
"(4.1201, 4.1203]",4.120068721903573,4.120305839211928,3,"(('bin_equal_frequency_5', 'x1'), ('isolationForest', 'x1'), ('bin_equal_width_2', 'x6'))",8
"(4.1203, 4.1206]",4.120347008088522,4.120604835444795,3,"(('bin_equal_frequency_10', 'x1'), ('IQR', 'x4'), ('isolationForest', 'x1'))",14
"(4.1206, 4.1209]",4.120624340652096,4.120869419934003,2,"(('bin_equal_width_2', 'x3'), ('isolationForest', 'x1'))",72
"(4.1209, 4.1212]",4.120973518847838,4.1211448031037,2,"(('bin_equal_frequency_2', 'x2'), ('isolationForest', 'x1'))",75
"(4.1212, 4.1214]",4.12116443301771,4.121431834764175,3,"(('bin_equal_frequency_2', 'x1'), ('bin_equal_frequency_5', 'x2'), ('isolationForest', 'x1'))",69
"(4.1214, 4.1217]",4.121453805778307,4.121709186373329,3,"(('isolationForest', 'x1'), ('bin_equal_frequency_10', 'x1'), ('bin_equal_frequency_2', 'x6'))",11
"(4.1217, 4.122]",4.121859607042008,4.121971381873937,3,"(('bin_equal_frequency_5', 'x1'), ('bin_equal_width_10', 'x2'), ('isolationForest', 'x1'))",9
"(4.122, 4.1223]",4.121987423993121,4.1221885545435715,3,"(('bin_equal_frequency_10', 'x1'), ('zscore_filter_3', 'x2'), ('isolationForest', 'x1'))",10
"(4.1223, 4.1225]",4.122268621661188,4.122516040770056,3,"(('bin_equal_width_2', 'x1'), ('norm_log', 'x4'), ('isolationForest', 'x1'))",14
"(4.1225, 4.1228]",4.1225695527712105,4.122790577710789,3,"(('isolationForest', 'x1'), ('winsorize', 'x16'), ('bin_equal_frequency_2', 'x6'))",11
"(4.1228, 4.1231]",4.122821476712595,4.1230553151550415,2,"(('isolationForest', 'x1'), ('bin_equal_frequency_2', 'x6'))",71
"(4.1231, 4.1234]",4.123096684599967,4.123350521641109,3,"(('bin_equal_width_5', 'x1'), ('zscore_clip_3', 'x5'), ('isolationForest', 'x1'))",15
"(4.1234, 4.1236]",4.123384302563131,4.123624631113129,3,"(('isolationForest', 'x1'), ('bin_equal_width_10', 'x1'), ('bin_equal_frequency_2', 'x6'))",8
"(4.1236, 4.1239]",4.123633509159818,4.123857139231164,3,"(('isolationForest', 'x1'), ('bin_equal_width_2', 'x2'), ('bin_equal_frequency_2', 'x6'))",10
"(4.1239, 4.1242]",4.12391226832097,4.124163078422057,3,"(('bin_equal_width_10', 'x1'), ('norm_log', 'x3'), ('isolationForest', 'x1'))",8
"(4.1242, 4.1245]",4.124215822718775,4.124452973317767,3,"(('isolationForest', 'x1'), ('bin_equal_frequency_5', 'x3'), ('bin_equal_frequency_2', 'x6'))",9
"(4.1245, 4.1247]",4.1244595185582495,4.1247119059821005,3,"(('bin_equal_frequency_5', 'x1'), ('bin_equal_width_2', 'x2'), ('isolationForest', 'x1'))",13
"(4.1247, 4.125]",4.124751292979494,4.124988211061598,3,"(('bin_equal_width_2', 'x1'), ('IQR', 'x2'), ('isolationForest', 'x1'))",9
"(4.125, 4.1253]",4.1250054690337095,4.125227251510465,3,"(('bin_equal_width_5', 'x1'), ('bin_equal_frequency_10', 'x6'), ('isolationForest', 'x1'))",12
"(4.1253, 4.1256]",4.125364635944476,4.125485286372131,3,"(('norm_log', 'x1'), ('isolationForest', 'x1'), ('bin_equal_frequency_2', 'x3'))",6
"(4.1256, 4.1258]",4.1255527665879965,4.125817009665586,2,"(('bin_equal_width_10', 'x5'), ('isolationForest', 'x1'))",73
"(4.1258, 4.1261]",4.125908499143971,4.126085970986449,3,"(('winsorize', 'x1'), ('isolationForest', 'x1'), ('IQR', 'x4'))",9
"(4.1261, 4.1264]",4.12611512668561,4.12636190678482,3,"(('bin_equal_frequency_5', 'x1'), ('bin_equal_width_2', 'x5'), ('isolationForest', 'x1'))",12
"(4.1264, 4.1266]",4.1264274876024265,4.126606615281524,3,"(('bin_equal_frequency_10', 'x1'), ('winsorize', 'x2'), ('isolationForest', 'x1'))",9
"(4.1266, 4.1269]",4.126648748819131,4.12690032634072,3,"(('bin_equal_width_5', 'x1'), ('bin_equal_frequency_5', 'x5'), ('isolationForest', 'x1'))",7
"(4.1269, 4.1272]",4.1269223056562465,4.1271794242706665,3,"(('bin_equal_frequency_2', 'x3'), ('isolationForest', 'x1'), ('bin_equal_width_2', 'x6'))",5
"(4.1272, 4.1275]",4.127246449420829,4.127440546610347,3,"(('isolationForest', 'x1'), ('zscore_filter_3', 'x3'), ('bin_equal_frequency_2', 'x6'))",9
"(4.1275, 4.1277]",4.1274748758196225,4.127725776160354,3,"(('bin_equal_frequency_10', 'x1'), ('isolationForest', 'x1'), ('zscore_filter_3', 'x5'))",11
"(4.1277, 4.128]",4.127763459279077,4.1279560606807495,3,"(('bin_equal_width_2', 'x1'), ('bin_equal_width_10', 'x2'), ('isolationForest', 'x1'))",6
"(4.128, 4.1283]",4.128077610807333,4.128288445879068,3,"(('IQR', 'x2'), ('norm_log', 'x3'), ('isolationForest', 'x1'))",6
"(4.1283, 4.1286]",4.128311790354753,4.1285542095389784,3,"(('bin_equal_frequency_10', 'x1'), ('norm_log', 'x2'), ('isolationForest', 'x1'))",9
"(4.1286, 4.1288]",4.128609768518029,4.128840316047546,3,"(('isolationForest', 'x1'), ('bin_equal_frequency_10', 'x5'), ('bin_equal_frequency_2', 'x6'))",9
"(4.1288, 4.1291]",4.128856582707584,4.129075872563079,3,"(('bin_equal_frequency_5', 'x1'), ('bin_equal_width_2', 'x3'), ('isolationForest', 'x1'))",10
"(4.1291, 4.1294]",4.129132597775815,4.129363988159815,3,"(('bin_equal_frequency_2', 'x1'), ('bin_equal_frequency_5', 'x5'), ('isolationForest', 'x1'))",28
"(4.1294, 4.1297]",4.129401243160111,4.129627769856887,3,"(('bin_equal_frequency_2', 'x2'), ('norm_log', 'x5'), ('isolationForest', 'x1'))",4
"(4.1297, 4.1299]",4.129675544212944,4.1299160722847175,3,"(('bin_equal_width_2', 'x1'), ('bin_equal_width_2', 'x3'), ('isolationForest', 'x1'))",15
"(4.1299, 4.1302]",4.129943295168353,4.130142538654559,3,"(('bin_equal_width_2', 'x1'), ('bin_equal_frequency_5', 'x3'), ('isolationForest', 'x1'))",4
"(4.1302, 4.1305]",4.130228328731572,4.13044470380282,3,"(('bin_equal_frequency_2', 'x1'), ('bin_equal_frequency_10', 'x6'), ('isolationForest', 'x1'))",32
"(4.1305, 4.1308]",4.130497165960755,4.130761688421783,3,"(('bin_equal_frequency_10', 'x1'), ('bin_equal_frequency_5', 'x3'), ('isolationForest', 'x1'))",14
"(4.1308, 4.131]",4.130762585279198,4.131018589881721,3,"(('bin_equal_width_5', 'x1'), ('bin_equal_width_5', 'x6'), ('isolationForest', 'x1'))",10
"(4.131, 4.1313]",4.1310722187006155,4.131249259231034,3,"(('IQR', 'x2'), ('isolationForest', 'x1'), ('bin_equal_width_2', 'x5'))",4
"(4.1313, 4.1316]",4.131350430744591,4.131554638999339,3,"(('bin_equal_frequency_2', 'x1'), ('bin_equal_width_10', 'x2'), ('isolationForest', 'x1'))",34
"(4.1316, 4.1319]",4.1316225605813255,4.131730866931108,2,"(('norm_log', 'x3'), ('isolationForest', 'x1'))",61
"(4.1319, 4.1321]",4.131862079566389,4.132059968892032,3,"(('bin_equal_frequency_10', 'x1'), ('bin_equal_width_2', 'x3'), ('isolationForest', 'x1'))",14
"(4.1321, 4.1324]",4.132133979520156,4.132394992249469,3,"(('bin_equal_frequency_5', 'x1'), ('norm_log', 'x3'), ('isolationForest', 'x1'))",10
"(4.1324, 4.1327]",4.132407527212417,4.132610234012529,3,"(('IQR', 'x2'), ('isolationForest', 'x1'), ('bin_equal_frequency_5', 'x2'))",7
"(4.1327, 4.133]",4.132687519667746,4.132903015657372,3,"(('bin_equal_frequency_5', 'x1'), ('bin_equal_width_10', 'x6'), ('isolationForest', 'x1'))",13
"(4.133, 4.1332]",4.1331934578837926,4.133226275456349,3,"(('norm_log', 'x2'), ('isolationForest', 'x1'), ('bin_equal_width_5', 'x2'))",4
"(4.1332, 4.1335]",4.133242099735971,4.133497032013848,2,"(('norm_log', 'x2'), ('isolationForest', 'x1'))",67
"(4.1335, 4.1338]",4.1335056195909665,4.1337743658884465,2,"(('bin_equal_width_5', 'x2'), ('isolationForest', 'x1'))",72
"(4.1338, 4.1341]",4.133804199859946,4.134027101544789,3,"(('bin_equal_frequency_10', 'x1'), ('IQR', 'x2'), ('isolationForest', 'x1'))",10
"(4.1341, 4.1343]",4.134121254535499,4.134321389366499,3,"(('bin_equal_frequency_10', 'x1'), ('isolationForest', 'x1'), ('IQR', 'x3'))",9
"(4.1343, 4.1346]",4.134333525385194,4.134539884062583,3,"(('bin_equal_width_2', 'x1'), ('zscore_filter_3', 'x2'), ('isolationForest', 'x1'))",9
"(4.1346, 4.1349]",4.1346433653372285,4.13487262699489,3,"(('bin_equal_width_2', 'x1'), ('bin_equal_width_10', 'x6'), ('isolationForest', 'x1'))",7
"(4.1349, 4.1352]",4.1348842166977136,4.135101708591662,3,"(('bin_equal_frequency_10', 'x1'), ('IQR', 'x6'), ('isolationForest', 'x1'))",6
"(4.1352, 4.1354]",4.135216322667977,4.135405103329945,3,"(('bin_equal_width_10', 'x1'), ('bin_equal_frequency_5', 'x2'), ('isolationForest', 'x1'))",5
"(4.1354, 4.1357]",4.135478186246031,4.135669476988382,3,"(('bin_equal_width_5', 'x1'), ('isolationForest', 'x1'), ('norm_log', 'x1'))",12
"(4.1357, 4.136]",4.135730855379173,4.1359681935260415,3,"(('bin_equal_frequency_2', 'x1'), ('bin_equal_width_2', 'x3'), ('isolationForest', 'x1'))",41
"(4.136, 4.1362]",4.135991623322896,4.136228380077902,3,"(('winsorize', 'x1'), ('bin_equal_width_2', 'x1'), ('isolationForest', 'x1'))",10
"(4.1362, 4.1365]",4.136250591783745,4.136481236459192,3,"(('bin_equal_width_5', 'x1'), ('isolationForest', 'x1'), ('bin_equal_frequency_5', 'x2'))",7
"(4.1365, 4.1368]",4.136586945115987,4.136755171240964,3,"(('bin_equal_frequency_5', 'x1'), ('isolationForest', 'x1'), ('bin_equal_frequency_2', 'x6'))",5
"(4.1368, 4.1371]",4.136808088865209,4.137068474607173,3,"(('bin_equal_width_5', 'x1'), ('isolationForest', 'x1'), ('IQR', 'x2'))",11
"(4.1371, 4.1373]",4.137091464868034,4.1373303363683505,2,"(('IQR', 'x2'), ('isolationForest', 'x1'))",68
"(4.1373, 4.1376]",4.137347661243541,4.137607962114106,3,"(('bin_equal_width_5', 'x1'), ('isolationForest', 'x1'), ('bin_equal_width_2', 'x4'))",10
"(4.1376, 4.1379]",4.137624444159477,4.137841671627319,3,"(('IQR', 'x2'), ('isolationForest', 'x1'), ('bin_equal_width_10', 'x1'))",5
"(4.1379, 4.1382]",4.137900410812816,4.138166680184155,3,"(('bin_equal_frequency_2', 'x1'), ('norm_log', 'x3'), ('isolationForest', 'x1'))",35
"(4.1382, 4.1384]",4.138193079809572,4.138415874680797,3,"(('bin_equal_frequency_2', 'x1'), ('zscore_clip_3', 'x2'), ('isolationForest', 'x1'))",30
"(4.1384, 4.1387]",4.1385413655175105,4.1386977686376625,3,"(('bin_equal_width_5', 'x1'), ('isolationForest', 'x1'), ('bin_equal_width_10', 'x2'))",6
"(4.1387, 4.139]",4.138716309325193,4.1389420803807875,3,"(('bin_equal_width_5', 'x2'), ('isolationForest', 'x1'), ('bin_equal_width_5', 'x6'))",5
"(4.139, 4.1393]",4.1389931992078335,4.139252984238008,3,"(('bin_equal_width_2', 'x1'), ('zscore_filter_3', 'x5'), ('isolationForest', 'x1'))",7
"(4.1393, 4.1395]",4.139302029373731,4.1395190711318754,3,"(('bin_equal_frequency_5', 'x1'), ('zscore_filter_3', 'x5'), ('isolationForest', 'x1'))",10
"(4.1395, 4.1398]",4.139564312322062,4.139802552225532,3,"(('bin_equal_frequency_10', 'x1'), ('zscore_filter_3', 'x5'), ('isolationForest', 'x1'))",9
"(4.1398, 4.1401]",4.139845826224203,4.140080764437414,2,"(('bin_equal_width_5', 'x1'), ('isolationForest', 'x1'))",67
"(4.1401, 4.1404]",4.140100583198222,4.140328963349559,3,"(('bin_equal_width_5', 'x1'), ('isolationForest', 'x1'), ('winsorize', 'x2'))",5
"(4.1404, 4.1406]",4.14037632125898,4.140619967548905,3,"(('bin_equal_width_5', 'x1'), ('isolationForest', 'x1'), ('winsorize', 'x3'))",5
"(4.1406, 4.1409]",4.140677294507965,4.140908467591141,3,"(('bin_equal_frequency_10', 'x1'), ('bin_equal_width_10', 'x6'), ('isolationForest', 'x1'))",8
"(4.1409, 4.1412]",4.140929801691968,4.141126766465978,3,"(('bin_equal_width_2', 'x1'), ('isolationForest', 'x1'), ('bin_equal_width_2', 'x6'))",11
"(4.1412, 4.1415]",4.141186568689911,4.14143443437099,3,"(('bin_equal_frequency_2', 'x1'), ('isolationForest', 'x1'), ('IQR', 'x5'))",73
"(4.1415, 4.1417]",4.1414663535533185,4.141712807710893,3,"(('bin_equal_frequency_2', 'x1'), ('IQR', 'x2'), ('isolationForest', 'x1'))",38
"(4.1417, 4.142]",4.141777435876262,4.14196617529348,3,"(('bin_equal_width_2', 'x1'), ('bin_equal_frequency_5', 'x6'), ('isolationForest', 'x1'))",6
"(4.142, 4.1423]",4.142009047991339,4.142224189591418,3,"(('bin_equal_width_5', 'x1'), ('isolationForest', 'x1'), ('norm_log', 'x3'))",9
"(4.1423, 4.1426]",4.142307637648665,4.142530219213555,3,"(('bin_equal_width_2', 'x1'), ('bin_equal_frequency_5', 'x2'), ('isolationForest', 'x1'))",10
"(4.1426, 4.1428]",4.1425602146369895,4.1427639062048405,3,"(('bin_equal_width_2', 'x1'), ('IQR', 'x6'), ('isolationForest', 'x1'))",9
"(4.1428, 4.1431]",4.1428741225772026,4.143010494478126,3,"(('bin_equal_frequency_2', 'x1'), ('norm_log', 'x4'), ('isolationForest', 'x1'))",30
"(4.1431, 4.1434]",4.143141211987903,4.143363414233406,3,"(('bin_equal_width_5', 'x1'), ('isolationForest', 'x1'), ('bin_equal_width_5', 'x3'))",10
"(4.1434, 4.1437]",4.143381479897868,4.1436407186265525,3,"(('bin_equal_width_5', 'x1'), ('isolationForest', 'x1'), ('winsorize', 'x18'))",11
"(4.1437, 4.1439]",4.143710083464263,4.143906000349267,3,"(('bin_equal_frequency_10', 'x1'), ('zscore_clip_3', 'x5'), ('isolationForest', 'x1'))",5
"(4.1439, 4.1442]",4.14399608068319,4.1440824763607065,3,"(('bin_equal_width_5', 'x1'), ('isolationForest', 'x1'), ('bin_equal_frequency_10', 'x5'))",5
"(4.1442, 4.1445]",4.144203934618511,4.144445215123329,3,"(('bin_equal_frequency_10', 'x1'), ('bin_equal_width_5', 'x2'), ('isolationForest', 'x1'))",7
"(4.1445, 4.1447]",4.144529904980376,4.144717920441851,3,"(('bin_equal_frequency_5', 'x1'), ('bin_equal_frequency_2', 'x5'), ('isolationForest', 'x1'))",8
"(4.1447, 4.145]",4.144750300939549,4.145015462456731,3,"(('norm_log', 'x1'), ('bin_equal_width_5', 'x3'), ('isolationForest', 'x1'))",9
"(4.145, 4.1453]",4.145117373638979,4.1452793373703685,3,"(('bin_equal_width_5', 'x1'), ('isolationForest', 'x1'), ('bin_equal_frequency_5', 'x5'))",8
"(4.1453, 4.1456]",4.145321548352744,4.145569147769958,3,"(('winsorize', 'x2'), ('bin_equal_frequency_5', 'x3'), ('isolationForest', 'x1'))",7
"(4.1456, 4.1458]",4.145603974535553,4.1458164036298495,3,"(('bin_equal_frequency_10', 'x1'), ('isolationForest', 'x1'), ('bin_equal_frequency_2', 'x6'))",11
"(4.1458, 4.1461]",4.145872749994683,4.1460749813370725,3,"(('bin_equal_width_10', 'x1'), ('bin_equal_width_5', 'x2'), ('isolationForest', 'x1'))",4
"(4.1461, 4.1464]",4.146126531208316,4.14638361045753,3,"(('IQR', 'x2'), ('winsorize', 'x6'), ('isolationForest', 'x1'))",6
"(4.1464, 4.1467]",4.146419495650834,4.146639036472318,3,"(('IQR', 'x2'), ('isolationForest', 'x1'), ('bin_equal_frequency_5', 'x5'))",4
"(4.1467, 4.1469]",4.1466884937989335,4.146909687645651,3,"(('bin_equal_frequency_5', 'x2'), ('bin_equal_width_5', 'x3'), ('isolationForest', 'x1'))",7
"(4.1469, 4.1472]",4.147030234907387,4.147199608198552,3,"(('bin_equal_frequency_2', 'x1'), ('bin_equal_frequency_2', 'x6'), ('isolationForest', 'x1'))",27
"(4.1472, 4.1475]",4.147264817484167,4.147463881029802,3,"(('bin_equal_width_10', 'x1'), ('norm_log', 'x5'), ('isolationForest', 'x1'))",11
"(4.1475, 4.1478]",4.147611712368577,4.14775707216921,3,"(('bin_equal_frequency_10', 'x1'), ('zscore_clip_3', 'x2'), ('isolationForest', 'x1'))",9
"(4.1478, 4.148]",4.14777448217953,4.147953737280604,3,"(('bin_equal_width_5', 'x1'), ('isolationForest', 'x1'), ('bin_equal_frequency_2', 'x5'))",8
"(4.148, 4.1483]",4.148097976713005,4.14829920458219,3,"(('bin_equal_width_10', 'x3'), ('bin_equal_frequency_2', 'x6'), ('isolationForest', 'x1'))",12
"(4.1483, 4.1486]",4.148393710296446,4.148586585557927,3,"(('bin_equal_width_10', 'x1'), ('norm_log', 'x2'), ('isolationForest', 'x1'))",10
"(4.1486, 4.1489]",4.148600438413467,4.148857981906209,3,"(('bin_equal_frequency_2', 'x1'), ('isolationForest', 'x1'), ('IQR', 'x2'))",74
"(4.1489, 4.1491]",4.148874691488006,4.149128257954877,2,"(('winsorize', 'x2'), ('isolationForest', 'x1'))",143
"(4.1491, 4.1494]",4.149141704228563,4.149402591679247,3,"(('bin_equal_width_5', 'x2'), ('isolationForest', 'x1'), ('IQR', 'x3'))",7
"(4.1494, 4.1497]",4.1494811846848645,4.1496762777834135,2,"(('bin_equal_frequency_5', 'x5'), ('isolationForest', 'x1'))",67
"(4.1497, 4.15]",4.149750579882236,4.149958809844219,3,"(('bin_equal_frequency_2', 'x1'), ('bin_equal_width_10', 'x3'), ('isolationForest', 'x1'))",37
"(4.15, 4.1502]",4.149976269469027,4.1502184479793565,3,"(('bin_equal_frequency_2', 'x1'), ('IQR', 'x4'), ('isolationForest', 'x1'))",62
"(4.1502, 4.1505]",4.150250206698137,4.150485347039172,2,"(('bin_equal_frequency_10', 'x5'), ('isolationForest', 'x1'))",71
"(4.1505, 4.1508]",4.1505164088406605,4.150766239845851,3,"(('bin_equal_width_5', 'x1'), ('winsorize', 'x6'), ('isolationForest', 'x1'))",18
"(4.1508, 4.1511]",4.1508228354903745,4.1510339458487735,3,"(('bin_equal_width_2', 'x1'), ('bin_equal_frequency_10', 'x5'), ('isolationForest', 'x1'))",15
"(4.1511, 4.1513]",4.151086563436075,4.151295589822746,3,"(('bin_equal_frequency_2', 'x1'), ('isolationForest', 'x1'), ('zscore_filter_3', 'x2'))",74
"(4.1513, 4.1516]",4.151332281327582,4.1515861579671665,3,"(('bin_equal_width_2', 'x1'), ('bin_equal_frequency_2', 'x3'), ('isolationForest', 'x1'))",20
"(4.1516, 4.1519]",4.151641496720856,4.151836490753976,3,"(('bin_equal_frequency_5', 'x1'), ('bin_equal_width_2', 'x6'), ('isolationForest', 'x1'))",12
"(4.1519, 4.1522]",4.151890740548471,4.152068293964811,3,"(('winsorize', 'x2'), ('isolationForest', 'x1'), ('bin_equal_frequency_5', 'x3'))",10
"(4.1522, 4.1524]",4.15215797564373,4.152410369950262,3,"(('bin_equal_frequency_5', 'x1'), ('bin_equal_frequency_10', 'x5'), ('isolationForest', 'x1'))",12
"(4.1524, 4.1527]",4.152467202217134,4.152644005947651,3,"(('winsorize', 'x2'), ('isolationForest', 'x1'), ('bin_equal_frequency_5', 'x6'))",7
"(4.1527, 4.153]",4.152732702010348,4.152954035497908,3,"(('bin_equal_frequency_5', 'x1'), ('bin_equal_width_5', 'x6'), ('isolationForest', 'x1'))",17
"(4.153, 4.1533]",4.153058625656239,4.153221427637143,3,"(('bin_equal_width_5', 'x2'), ('bin_equal_width_10', 'x3'), ('isolationForest', 'x1'))",3
"(4.1533, 4.1535]",4.153276393431251,4.153519006146394,3,"(('bin_equal_frequency_2', 'x1'), ('bin_equal_width_5', 'x6'), ('isolationForest', 'x1'))",33
"(4.1535, 4.1538]",4.153574172073502,4.153731848334111,3,"(('bin_equal_width_2', 'x5'), ('bin_equal_width_5', 'x6'), ('isolationForest', 'x1'))",6
"(4.1538, 4.1541]",4.153803447509553,4.153993096248347,3,"(('IQR', 'x2'), ('norm_log', 'x5'), ('isolationForest', 'x1'))",6
"(4.1541, 4.1543]",4.154214842278745,4.1543182980473805,3,"(('winsorize', 'x2'), ('IQR', 'x5'), ('isolationForest', 'x1'))",5
"(4.1543, 4.1546]",4.154351263889787,4.154617033233122,3,"(('bin_equal_width_2', 'x1'), ('bin_equal_frequency_2', 'x4'), ('isolationForest', 'x1'))",10
"(4.1546, 4.1549]",4.154642276543662,4.154801335971202,4,"(('bin_equal_frequency_2', 'x1'), ('isolationForest', 'x1'), ('bin_equal_width_5', 'x2'), ('bin_equal_width_2', 'x3'))",2
"(4.1549, 4.1552]",4.154922783398733,4.155134168563573,3,"(('bin_equal_frequency_2', 'x1'), ('winsorize', 'x2'), ('isolationForest', 'x1'))",32
"(4.1552, 4.1554]",4.15525741824883,4.155407410182513,3,"(('bin_equal_frequency_5', 'x3'), ('norm_log', 'x3'), ('isolationForest', 'x1'))",7
"(4.1554, 4.1557]",4.155450827749093,4.155690920377859,3,"(('IQR', 'x4'), ('isolationForest', 'x1'), ('bin_equal_frequency_10', 'x1'))",5
"(4.1557, 4.156]",4.155757010351395,4.155991960680844,3,"(('bin_equal_width_5', 'x1'), ('isolationForest', 'x1'), ('zscore_filter_3', 'x5'))",8
"(4.156, 4.1563]",4.156001455000356,4.156231408406746,3,"(('bin_equal_frequency_2', 'x1'), ('zscore_clip_3', 'x5'), ('isolationForest', 'x1'))",30
"(4.1563, 4.1565]",4.156277263503816,4.156495543240716,3,"(('bin_equal_frequency_2', 'x1'), ('bin_equal_frequency_10', 'x5'), ('isolationForest', 'x1'))",36
"(4.1565, 4.1568]",4.156594549377288,4.156800588898886,2,"(('IQR', 'x4'), ('isolationForest', 'x1'))",127
"(4.1568, 4.1571]",4.156835825113674,4.157039074693362,3,"(('bin_equal_width_2', 'x3'), ('bin_equal_frequency_2', 'x5'), ('isolationForest', 'x1'))",7
"(4.1571, 4.1574]",4.157091992947753,4.157357348016273,3,"(('IQR', 'x4'), ('isolationForest', 'x1'), ('norm_log', 'x1'))",7
"(4.1574, 4.1576]",4.157381545834837,4.157636107448302,3,"(('bin_equal_width_5', 'x1'), ('isolationForest', 'x1'), ('bin_equal_width_2', 'x6'))",11
"(4.1576, 4.1579]",4.1576404841639825,4.157860401349275,3,"(('bin_equal_frequency_2', 'x1'), ('isolationForest', 'x1'), ('zscore_filter_3', 'x4'))",72
"(4.1579, 4.1582]",4.1579374329710586,4.158147126553316,2,"(('bin_equal_width_5', 'x3'), ('isolationForest', 'x1'))",91
"(4.1582, 4.1585]",4.158209480330147,4.1584511907467725,3,"(('bin_equal_frequency_5', 'x2'), ('isolationForest', 'x1'), ('bin_equal_width_2', 'x5'))",11
"(4.1585, 4.1587]",4.158503550363606,4.158689207675634,3,"(('bin_equal_width_2', 'x1'), ('IQR', 'x4'), ('isolationForest', 'x1'))",12
"(4.1587, 4.159]",4.158847141429155,4.158998705214347,3,"(('bin_equal_width_5', 'x3'), ('isolationForest', 'x1'), ('winsorize', 'x16'))",9
"(4.159, 4.1593]",4.159021320061104,4.159265435566499,3,"(('bin_equal_frequency_5', 'x2'), ('isolationForest', 'x1'), ('zscore_clip_3', 'x5'))",6
"(4.1593, 4.1596]",4.15930590922186,4.159532562053058,3,"(('bin_equal_frequency_5', 'x2'), ('isolationForest', 'x1'), ('bin_equal_frequency_2', 'x1'))",10
"(4.1596, 4.1598]",4.159575176329219,4.1597855959980325,3,"(('bin_equal_frequency_5', 'x2'), ('isolationForest', 'x1'), ('winsorize', 'x5'))",11
"(4.1598, 4.1601]",4.159854161968671,4.160100237350312,3,"(('bin_equal_frequency_5', 'x2'), ('bin_equal_frequency_5', 'x3'), ('isolationForest', 'x1'))",10
"(4.1601, 4.1604]",4.160146200409848,4.160308624326767,2,"(('bin_equal_frequency_5', 'x2'), ('isolationForest', 'x1'))",63
"(4.1604, 4.1607]",4.160393424093839,4.160636989064805,3,"(('bin_equal_frequency_5', 'x2'), ('isolationForest', 'x1'), ('bin_equal_width_5', 'x1'))",16
"(4.1607, 4.1609]",4.1606609649426645,4.160928455541077,3,"(('bin_equal_frequency_2', 'x1'), ('isolationForest', 'x1'), ('bin_equal_width_5', 'x2'))",67
"(4.1609, 4.1612]",4.1609899106198345,4.161171462958651,3,"(('bin_equal_frequency_5', 'x2'), ('isolationForest', 'x1'), ('norm_log', 'x1'))",8
"(4.1612, 4.1615]",4.161240910288976,4.161475178613866,3,"(('bin_equal_frequency_2', 'x1'), ('isolationForest', 'x1'), ('bin_equal_width_2', 'x2'))",68
"(4.1615, 4.1618]",4.161549792846417,4.1617155054346195,3,"(('bin_equal_frequency_2', 'x1'), ('bin_equal_frequency_2', 'x5'), ('isolationForest', 'x1'))",36
"(4.1618, 4.162]",4.161762488470766,4.161979466552479,3,"(('bin_equal_frequency_5', 'x2'), ('isolationForest', 'x1'), ('bin_equal_frequency_5', 'x1'))",11
"(4.162, 4.1623]",4.162032567259266,4.162270058332444,3,"(('bin_equal_frequency_5', 'x2'), ('isolationForest', 'x1'), ('bin_equal_frequency_5', 'x3'))",20
"(4.1623, 4.1626]",4.162308578550027,4.162575417337935,3,"(('bin_equal_frequency_2', 'x1'), ('isolationForest', 'x1'), ('bin_equal_width_10', 'x2'))",66
"(4.1626, 4.1629]",4.162606574532787,4.1628451246681495,3,"(('bin_equal_frequency_5', 'x2'), ('isolationForest', 'x1'), ('bin_equal_frequency_10', 'x5'))",12
"(4.1629, 4.1631]",4.162867506113047,4.163097251345551,3,"(('bin_equal_frequency_2', 'x1'), ('isolationForest', 'x1'), ('zscore_filter_3', 'x5'))",80
"(4.1631, 4.1634]",4.16312832306238,4.163398666703292,3,"(('bin_equal_width_10', 'x1'), ('bin_equal_width_2', 'x5'), ('isolationForest', 'x1'))",13
"(4.1634, 4.1637]",4.163416307752243,4.163640109315045,3,"(('bin_equal_frequency_2', 'x1'), ('isolationForest', 'x1'), ('winsorize', 'x5'))",69
"(4.1637, 4.1639]",4.163716538221017,4.163929995696901,2,"(('bin_equal_frequency_2', 'x1'), ('isolationForest', 'x1'))",1668
"(4.1639, 4.1642]",4.16399306956792,4.164192154906617,3,"(('bin_equal_frequency_2', 'x1'), ('isolationForest', 'x1'), ('norm_log', 'x3'))",175
"(4.1642, 4.1645]",4.164245568808517,4.164484968651327,3,"(('bin_equal_frequency_2', 'x1'), ('isolationForest', 'x1'), ('bin_equal_frequency_5', 'x3'))",176
"(4.1645, 4.1648]",4.164510130279175,4.164767659600136,3,"(('bin_equal_frequency_2', 'x1'), ('isolationForest', 'x1'), ('winsorize', 'x16'))",157
"(4.1648, 4.165]",4.164776285038123,4.165042905897696,3,"(('bin_equal_frequency_2', 'x1'), ('isolationForest', 'x1'), ('zscore_clip_3', 'x5'))",132
"(4.165, 4.1653]",4.165059895502832,4.16530768306612,3,"(('bin_equal_frequency_2', 'x1'), ('winsorize', 'x5'), ('isolationForest', 'x1'))",40
"(4.1653, 4.1656]",4.1653428168743805,4.165567885545986,3,"(('bin_equal_frequency_2', 'x1'), ('isolationForest', 'x1'), ('bin_equal_width_2', 'x4'))",129
"(4.1656, 4.1659]",4.165613484936998,4.165855632312364,3,"(('bin_equal_frequency_2', 'x1'), ('isolationForest', 'x1'), ('winsorize', 'x2'))",129
"(4.1659, 4.1661]",4.165891691371704,4.166137996815621,3,"(('bin_equal_frequency_2', 'x1'), ('isolationForest', 'x1'), ('bin_equal_width_10', 'x6'))",96
"(4.1661, 4.1664]",4.166144210953381,4.1664030769694556,3,"(('bin_equal_frequency_2', 'x1'), ('isolationForest', 'x1'), ('bin_equal_frequency_10', 'x5'))",187
"(4.1664, 4.1667]",4.166417023629906,4.166687161418293,3,"(('bin_equal_frequency_2', 'x1'), ('isolationForest', 'x1'), ('zscore_clip_3', 'x4'))",81
"(4.1667, 4.167]",4.166711508034957,4.166953675805339,3,"(('bin_equal_frequency_2', 'x1'), ('isolationForest', 'x1'), ('bin_equal_frequency_5', 'x6'))",75
"(4.167, 4.1672]",4.166966872709694,4.167238179001445,2,"(('bin_equal_frequency_2', 'x5'), ('isolationForest', 'x1'))",173
"(4.1672, 4.1675]",4.167257033848018,4.167491134849265,3,"(('bin_equal_frequency_2', 'x1'), ('isolationForest', 'x1'), ('bin_equal_frequency_5', 'x2'))",75
"(4.1675, 4.1678]",4.167515940228197,4.167780756473752,3,"(('bin_equal_frequency_2', 'x1'), ('isolationForest', 'x1'), ('bin_equal_frequency_10', 'x6'))",72
"(4.1678, 4.1681]",4.167790215781239,4.168052030142494,3,"(('bin_equal_frequency_2', 'x1'), ('isolationForest', 'x1'), ('bin_equal_width_5', 'x3'))",140
"(4.1681, 4.1683]",4.168080123193833,4.1683261599616035,3,"(('bin_equal_frequency_2', 'x1'), ('isolationForest', 'x1'), ('norm_log', 'x2'))",81
"(4.1683, 4.1686]",4.168346989169349,4.168606740366072,3,"(('bin_equal_frequency_2', 'x1'), ('isolationForest', 'x1'), ('bin_equal_frequency_2', 'x2'))",201
"(4.1686, 4.1689]",4.168626561865066,4.168871687001173,3,"(('IQR', 'x4'), ('isolationForest', 'x1'), ('bin_equal_width_10', 'x6'))",22
"(4.1689, 4.1692]",4.1688917945852815,4.1691503817091515,2,"(('bin_equal_frequency_2', 'x6'), ('isolationForest', 'x1'))",85
"(4.1692, 4.1694]",4.169176812762889,4.169433817792974,3,"(('zscore_filter_3', 'x2'), ('bin_equal_width_2', 'x6'), ('isolationForest', 'x1'))",20
"(4.1694, 4.1697]",4.1694382187952845,4.1696768779132425,3,"(('bin_equal_width_5', 'x1'), ('bin_equal_frequency_10', 'x5'), ('isolationForest', 'x1'))",23
"(4.1697, 4.17]",4.1697288065491795,4.169949941536205,3,"(('bin_equal_width_5', 'x3'), ('isolationForest', 'x1'), ('bin_equal_width_10', 'x6'))",25
"(4.17, 4.1703]",4.170030195439929,4.170252525550017,3,"(('bin_equal_width_5', 'x2'), ('zscore_filter_3', 'x5'), ('isolationForest', 'x1'))",13
"(4.1703, 4.1705]",4.1702609890223075,4.170528798757946,2,"(('bin_equal_width_2', 'x6'), ('isolationForest', 'x1'))",81
"(4.1705, 4.1708]",4.170541350290561,4.1707951654250275,3,"(('bin_equal_frequency_2', 'x5'), ('IQR', 'x6'), ('isolationForest', 'x1'))",14
"(4.1708, 4.1711]",4.170870992253318,4.171066843577877,3,"(('bin_equal_width_2', 'x1'), ('bin_equal_frequency_2', 'x6'), ('isolationForest', 'x1'))",16
"(4.1711, 4.1714]",4.171089991197881,4.171330732625236,3,"(('bin_equal_frequency_5', 'x2'), ('bin_equal_width_10', 'x5'), ('isolationForest', 'x1'))",16
"(4.1714, 4.1716]",4.17136007436184,4.171607869439703,3,"(('winsorize', 'x1'), ('bin_equal_frequency_5', 'x2'), ('isolationForest', 'x1'))",12
"(4.1716, 4.1719]",4.171633553812133,4.171869647812097,3,"(('IQR', 'x4'), ('winsorize', 'x6'), ('isolationForest', 'x1'))",5
"(4.1719, 4.1722]",4.171918179178114,4.172111123993165,3,"(('bin_equal_frequency_2', 'x5'), ('isolationForest', 'x1'), ('zscore_clip_3', 'x3'))",10
"(4.1722, 4.1725]",4.172265389868026,4.172325275760917,3,"(('bin_equal_frequency_5', 'x1'), ('bin_equal_frequency_5', 'x3'), ('isolationForest', 'x1'))",7
"(4.1725, 4.1727]",4.172455418753314,4.1727076342242855,3,"(('bin_equal_frequency_10', 'x1'), ('bin_equal_frequency_2', 'x4'), ('isolationForest', 'x1'))",11
"(4.1727, 4.173]",4.172740358900281,4.172978158844882,3,"(('zscore_filter_3', 'x2'), ('bin_equal_frequency_2', 'x5'), ('isolationForest', 'x1'))",9
"(4.173, 4.1733]",4.173069821694763,4.173265898752173,3,"(('bin_equal_width_5', 'x3'), ('IQR', 'x3'), ('isolationForest', 'x1'))",6
"(4.1733, 4.1735]",4.173303589271258,4.173451817571046,4,"(('bin_equal_frequency_2', 'x1'), ('isolationForest', 'x1'), ('bin_equal_frequency_5', 'x2'), ('zscore_filter_3', 'x3'))",4
"(4.1735, 4.1738]",4.173638944514254,4.173763887499076,3,"(('bin_equal_frequency_2', 'x1'), ('bin_equal_frequency_2', 'x3'), ('isolationForest', 'x1'))",26
"(4.1738, 4.1741]",4.173955457007554,4.174092993375625,3,"(('bin_equal_width_10', 'x1'), ('bin_equal_frequency_10', 'x6'), ('isolationForest', 'x1'))",4
"(4.1741, 4.1744]",4.174129962304699,4.174284535528187,3,"(('norm_log', 'x2'), ('isolationForest', 'x1'), ('bin_equal_frequency_2', 'x6'))",3
"(4.1744, 4.1746]",4.174530679257516,4.174530679257516,3,"(('zscore_filter_3', 'x5'), ('norm_log', 'x6'), ('isolationForest', 'x1'))",1
"(4.1746, 4.1749]",4.174722427558462,4.174856718718377,3,"(('bin_equal_frequency_5', 'x2'), ('bin_equal_frequency_2', 'x6'), ('isolationForest', 'x1'))",6
"(4.1749, 4.1752]",4.17495618114148,4.175166115308137,3,"(('bin_equal_frequency_2', 'x1'), ('isolationForest', 'x1'), ('bin_equal_frequency_2', 'x3'))",61
"(4.1752, 4.1755]",4.175256633030985,4.175256633030985,3,"(('bin_equal_frequency_2', 'x6'), ('isolationForest', 'x1'), ('bin_equal_width_5', 'x3'))",1
"(4.1755, 4.1757]",4.17559459105583,4.175714082365744,4,"(('bin_equal_frequency_2', 'x1'), ('isolationForest', 'x1'), ('winsorize', 'x16'), ('bin_equal_frequency_2', 'x3'))",6
"(4.1757, 4.176]",4.175769822293513,4.175844288286374,3,"(('bin_equal_frequency_5', 'x2'), ('bin_equal_width_5', 'x6'), ('isolationForest', 'x1'))",3
"(4.176, 4.1763]",4.176203278602431,4.1762174940937395,3,"(('bin_equal_frequency_5', 'x5'), ('isolationForest', 'x1'), ('bin_equal_width_2', 'x6'))",2
"(4.1763, 4.1766]",4.176310834111446,4.176507539195077,3,"(('bin_equal_width_10', 'x1'), ('bin_equal_frequency_10', 'x5'), ('isolationForest', 'x1'))",8
"(4.1766, 4.1768]",4.1766031348622725,4.176790155503383,3,"(('bin_equal_frequency_2', 'x1'), ('zscore_filter_3', 'x5'), ('isolationForest', 'x1'))",28
"(4.1768, 4.1771]",4.176890361076099,4.177088793866031,3,"(('bin_equal_frequency_2', 'x1'), ('isolationForest', 'x1'), ('bin_equal_width_2', 'x6'))",61
"(4.1771, 4.1774]",4.177160421121657,4.1773635227676476,3,"(('bin_equal_width_10', 'x1'), ('bin_equal_width_2', 'x6'), ('isolationForest', 'x1'))",4
"(4.1774, 4.1777]",4.177401036136791,4.177648657565507,3,"(('bin_equal_frequency_10', 'x1'), ('bin_equal_frequency_2', 'x3'), ('isolationForest', 'x1'))",10
"(4.1777, 4.1779]",4.177663659839157,4.1778723424017565,3,"(('winsorize', 'x2'), ('isolationForest', 'x1'), ('bin_equal_frequency_2', 'x6'))",5
"(4.1779, 4.1782]",4.17793974842441,4.178175838400482,3,"(('bin_equal_frequency_2', 'x5'), ('isolationForest', 'x1'), ('bin_equal_frequency_10', 'x6'))",5
"(4.1782, 4.1785]",4.178242168680842,4.17838466607737,3,"(('bin_equal_width_2', 'x6'), ('isolationForest', 'x1'), ('bin_equal_width_5', 'x3'))",3
"(4.1785, 4.1788]",4.178495921565665,4.178735346996703,3,"(('bin_equal_frequency_2', 'x1'), ('IQR', 'x6'), ('isolationForest', 'x1'))",26
"(4.1788, 4.179]",4.178793861172844,4.178933058036162,3,"(('bin_equal_frequency_10', 'x5'), ('isolationForest', 'x1'), ('bin_equal_width_2', 'x6'))",4
"(4.179, 4.1793]",4.179067920758266,4.179160863031081,4,"(('bin_equal_frequency_2', 'x1'), ('isolationForest', 'x1'), ('bin_equal_frequency_5', 'x2'), ('bin_equal_frequency_2', 'x3'))",4
"(4.1793, 4.1796]",4.179411944117148,4.179565873891371,3,"(('bin_equal_frequency_5', 'x2'), ('norm_log', 'x3'), ('isolationForest', 'x1'))",8
"(4.1796, 4.1799]",4.179738989300153,4.1798388708401655,3,"(('bin_equal_width_5', 'x1'), ('zscore_clip_3', 'x2'), ('isolationForest', 'x1'))",3
"(4.1799, 4.1801]",4.179879028622655,4.180037789646928,3,"(('bin_equal_frequency_2', 'x1'), ('isolationForest', 'x1'), ('IQR', 'x3'))",62
"(4.1801, 4.1804]",4.18013197945628,4.180372064178295,3,"(('bin_equal_frequency_2', 'x6'), ('isolationForest', 'x1'), ('IQR', 'x4'))",6
"(4.1804, 4.1807]",4.180483443561256,4.180638567045967,3,"(('bin_equal_frequency_2', 'x6'), ('isolationForest', 'x1'), ('bin_equal_frequency_2', 'x5'))",3
"(4.1807, 4.181]",4.180709098714774,4.180943721792896,3,"(('bin_equal_frequency_5', 'x2'), ('bin_equal_frequency_5', 'x5'), ('isolationForest', 'x1'))",6
"(4.181, 4.1812]",4.181007105219024,4.181102545584902,4,"(('bin_equal_frequency_2', 'x1'), ('isolationForest', 'x1'), ('IQR', 'x3'), ('bin_equal_width_5', 'x5'))",2
"(4.1812, 4.1815]",4.1812729601821905,4.1812884867124565,4,"(('bin_equal_frequency_2', 'x1'), ('isolationForest', 'x1'), ('IQR', 'x3'), ('norm_log', 'x6'))",2
"(4.1815, 4.1818]",4.181509031217873,4.1817341060129065,3,"(('bin_equal_width_5', 'x2'), ('bin_equal_width_2', 'x6'), ('isolationForest', 'x1'))",8
"(4.1818, 4.1821]",4.181831488292951,4.181998767905101,3,"(('bin_equal_frequency_2', 'x1'), ('bin_equal_frequency_5', 'x6'), ('isolationForest', 'x1'))",27
"(4.1821, 4.1823]",4.18222968360421,4.182251641853879,4,"(('bin_equal_frequency_2', 'x1'), ('isolationForest', 'x1'), ('bin_equal_frequency_2', 'x3'), ('bin_equal_frequency_2', 'x5'))",3
"(4.1826, 4.1829]",4.182649701895746,4.182772686002827,3,"(('bin_equal_frequency_5', 'x2'), ('isolationForest', 'x1'), ('bin_equal_width_2', 'x6'))",5
"(4.1829, 4.1831]",4.18306109279372,4.18306109279372,4,"(('bin_equal_frequency_2', 'x1'), ('isolationForest', 'x1'), ('IQR', 'x3'), ('norm_log', 'x5'))",1
"(4.1831, 4.1834]",4.183294870274963,4.1833695588721245,3,"(('IQR', 'x2'), ('isolationForest', 'x1'), ('bin_equal_frequency_2', 'x6'))",2
"(4.1834, 4.1837]",4.183512237797786,4.183615002152184,3,"(('bin_equal_frequency_2', 'x3'), ('bin_equal_frequency_10', 'x5'), ('isolationForest', 'x1'))",3
"(4.1837, 4.184]",4.1839059164752594,4.1839059164752594,3,"(('bin_equal_width_2', 'x6'), ('isolationForest', 'x1'), ('bin_equal_frequency_2', 'x5'))",1
"(4.184, 4.1842]",4.18406204925936,4.184172571161166,3,"(('bin_equal_frequency_5', 'x1'), ('bin_equal_frequency_2', 'x4'), ('isolationForest', 'x1'))",3
"(4.1842, 4.1845]",4.184320441359453,4.184447105385762,3,"(('winsorize', 'x1'), ('bin_equal_width_2', 'x6'), ('isolationForest', 'x1'))",4
"(4.1845, 4.1848]",4.1847006190267635,4.1847193393552855,4,"(('bin_equal_frequency_2', 'x1'), ('isolationForest', 'x1'), ('IQR', 'x3'), ('bin_equal_width_5', 'x3'))",2
"(4.1848, 4.1851]",4.184825278516104,4.1850503032667685,3,"(('bin_equal_width_10', 'x2'), ('IQR', 'x4'), ('isolationForest', 'x1'))",3
"(4.1851, 4.1853]",4.185095899755232,4.185200451264675,3,"(('bin_equal_frequency_2', 'x1'), ('bin_equal_width_10', 'x6'), ('isolationForest', 'x1'))",25
"(4.1853, 4.1856]",4.185451509892346,4.185463246343986,3,"(('zscore_filter_3', 'x5'), ('isolationForest', 'x1'), ('bin_equal_width_2', 'x6'))",2
"(4.1856, 4.1859]",4.185731617683359,4.185857735860431,4,"(('bin_equal_frequency_2', 'x1'), ('isolationForest', 'x1'), ('bin_equal_frequency_2', 'x2'), ('IQR', 'x3'))",5
"(4.1859, 4.1862]",4.1859608337368535,4.1859608337368535,4,"(('bin_equal_frequency_2', 'x1'), ('isolationForest', 'x1'), ('bin_equal_width_5', 'x3'), ('IQR', 'x3'))",1
"(4.1862, 4.1864]",4.186328034153327,4.186328034153327,3,"(('bin_equal_frequency_2', 'x6'), ('isolationForest', 'x1'), ('IQR', 'x3'))",1
"(4.1864, 4.1867]",4.186465278098769,4.186665955283611,3,"(('norm_log', 'x2'), ('bin_equal_width_2', 'x6'), ('isolationForest', 'x1'))",2
"(4.1867, 4.187]",4.186954187703681,4.186954187703681,3,"(('bin_equal_frequency_2', 'x2'), ('bin_equal_width_2', 'x6'), ('isolationForest', 'x1'))",1
"(4.187, 4.1873]",4.1870457343447205,4.187111758183792,3,"(('bin_equal_frequency_10', 'x1'), ('bin_equal_frequency_5', 'x5'), ('isolationForest', 'x1'))",2
"(4.1878, 4.1881]",4.1879017572691986,4.1879017572691986,4,"(('bin_equal_frequency_2', 'x1'), ('isolationForest', 'x1'), ('IQR', 'x3'), ('bin_equal_frequency_2', 'x5'))",1
"(4.1881, 4.1884]",4.18829435954464,4.188332732990429,3,"(('bin_equal_width_5', 'x2'), ('bin_equal_frequency_2', 'x6'), ('isolationForest', 'x1'))",3
"(4.1884, 4.1886]",4.188555989982979,4.188555989982979,4,"(('bin_equal_frequency_2', 'x1'), ('bin_equal_frequency_5', 'x2'), ('IQR', 'x5'), ('isolationForest', 'x1'))",1
"(4.1886, 4.1889]",4.1888978284095755,4.1888978284095755,3,"(('bin_equal_width_5', 'x1'), ('isolationForest', 'x1'), ('bin_equal_frequency_2', 'x6'))",1
"(4.1889, 4.1892]",4.188919638934399,4.189179058362072,3,"(('bin_equal_frequency_5', 'x1'), ('bin_equal_frequency_2', 'x6'), ('isolationForest', 'x1'))",2
"(4.1892, 4.1895]",4.1893062191711445,4.189432775725568,3,"(('bin_equal_frequency_2', 'x3'), ('zscore_filter_3', 'x5'), ('isolationForest', 'x1'))",2
"(4.1895, 4.1897]",4.1896370677429315,4.1896370677429315,3,"(('bin_equal_frequency_5', 'x5'), ('bin_equal_width_10', 'x6'), ('isolationForest', 'x1'))",1
"(4.1897, 4.19]",4.18993587334658,4.18993587334658,4,"(('bin_equal_frequency_2', 'x1'), ('isolationForest', 'x1'), ('IQR', 'x3'), ('bin_equal_width_2', 'x6'))",1
"(4.19, 4.1903]",4.190095553179269,4.190095553179269,3,"(('winsorize', 'x5'), ('bin_equal_width_2', 'x6'), ('isolationForest', 'x1'))",1
"(4.1903, 4.1906]",4.190293820278218,4.190416399994132,3,"(('bin_equal_frequency_5', 'x2'), ('bin_equal_width_10', 'x6'), ('isolationForest', 'x1'))",2
"(4.1906, 4.1908]",4.190569782557051,4.190569782557051,3,"(('bin_equal_frequency_2', 'x4'), ('bin_equal_width_2', 'x5'), ('isolationForest', 'x1'))",1
"(4.1908, 4.1911]",4.1908530004097555,4.1908636026275845,3,"(('bin_equal_frequency_2', 'x2'), ('bin_equal_frequency_2', 'x3'), ('isolationForest', 'x1'))",2
"(4.1911, 4.1914]",4.191261687936406,4.191261687936406,3,"(('norm_log', 'x5'), ('bin_equal_frequency_2', 'x6'), ('isolationForest', 'x1'))",1
"(4.1914, 4.1916]",4.1914627550167864,4.191647074830329,3,"(('bin_equal_frequency_10', 'x1'), ('bin_equal_frequency_2', 'x6'), ('isolationForest', 'x1'))",3
"(4.1922, 4.1925]",4.192246944270043,4.192246944270043,4,"(('bin_equal_frequency_2', 'x1'), ('bin_equal_frequency_2', 'x2'), ('bin_equal_width_10', 'x3'), ('isolationForest', 'x1'))",1
"(4.1938, 4.1941]",4.19392446112302,4.19392446112302,3,"(('norm_log', 'x2'), ('bin_equal_frequency_10', 'x5'), ('isolationForest', 'x1'))",1
"(4.1941, 4.1944]",4.194322241627958,4.194322241627958,4,"(('bin_equal_frequency_2', 'x1'), ('bin_equal_width_2', 'x2'), ('IQR', 'x4'), ('isolationForest', 'x1'))",1
"(4.1952, 4.1955]",4.195365932967365,4.195365932967365,3,"(('bin_equal_frequency_2', 'x6'), ('isolationForest', 'x1'), ('zscore_filter_3', 'x5'))",1
"(4.1958, 4.196]",4.195776553142316,4.195962445684488,3,"(('bin_equal_width_5', 'x3'), ('isolationForest', 'x1'), ('bin_equal_width_2', 'x6'))",2
"(4.1966, 4.1969]",4.196599372117452,4.196599372117452,4,"(('bin_equal_frequency_2', 'x1'), ('isolationForest', 'x1'), ('bin_equal_width_5', 'x2'), ('bin_equal_frequency_2', 'x6'))",1
"(4.1971, 4.1974]",4.197271107007544,4.197271107007544,4,"(('bin_equal_frequency_2', 'x1'), ('isolationForest', 'x1'), ('bin_equal_width_2', 'x3'), ('bin_equal_frequency_2', 'x6'))",1
"(4.1974, 4.1977]",4.197469120619342,4.197591834647003,3,"(('winsorize', 'x2'), ('bin_equal_width_2', 'x6'), ('isolationForest', 'x1'))",2
"(4.1977, 4.198]",4.197727672757228,4.197917172609502,3,"(('bin_equal_frequency_2', 'x2'), ('IQR', 'x5'), ('isolationForest', 'x1'))",3
"(4.1993, 4.1996]",4.199510117151488,4.199510117151499,3,"(('bin_equal_frequency_2', 'x1'), ('bin_equal_width_2', 'x6'), ('isolationForest', 'x1'))",24
"(4.1996, 4.1999]",4.199830275212463,4.199830275212463,4,"(('bin_equal_frequency_2', 'x1'), ('isolationForest', 'x1'), ('bin_equal_width_10', 'x2'), ('bin_equal_frequency_2', 'x6'))",1
"(4.2002, 4.2004]",4.200319262498595,4.200319262498595,3,"(('winsorize', 'x3'), ('bin_equal_width_2', 'x6'), ('isolationForest', 'x1'))",1
"(4.2004, 4.2007]",4.200596889400056,4.200596889400056,4,"(('bin_equal_frequency_2', 'x1'), ('isolationForest', 'x1'), ('winsorize', 'x16'), ('bin_equal_frequency_2', 'x6'))",1
"(4.2012, 4.2015]",4.201328868775798,4.201328868775798,4,"(('bin_equal_frequency_2', 'x1'), ('isolationForest', 'x1'), ('bin_equal_width_10', 'x5'), ('bin_equal_frequency_2', 'x6'))",1
"(4.2015, 4.2018]",4.201663368564142,4.201764472335803,3,"(('bin_equal_frequency_2', 'x1'), ('isolationForest', 'x1'), ('bin_equal_frequency_2', 'x6'))",58
"(4.2018, 4.2021]",4.201804004942504,4.201804004942504,4,"(('bin_equal_frequency_2', 'x1'), ('isolationForest', 'x1'), ('bin_equal_width_5', 'x5'), ('bin_equal_frequency_2', 'x6'))",1
"(4.2021, 4.2023]",4.202270753363123,4.202270753363123,4,"(('bin_equal_frequency_2', 'x1'), ('isolationForest', 'x1'), ('norm_log', 'x3'), ('bin_equal_frequency_2', 'x6'))",1
"(4.2023, 4.2026]",4.202346622008713,4.202589162901418,3,"(('bin_equal_width_5', 'x3'), ('isolationForest', 'x1'), ('bin_equal_frequency_2', 'x6'))",5
"(4.2026, 4.2029]",4.202626666250581,4.202741932143024,4,"(('bin_equal_frequency_2', 'x1'), ('isolationForest', 'x1'), ('zscore_filter_3', 'x5'), ('bin_equal_frequency_2', 'x6'))",2
"(4.2037, 4.204]",4.20373768672386,4.203981992740481,3,"(('bin_equal_frequency_10', 'x5'), ('isolationForest', 'x1'), ('bin_equal_frequency_2', 'x6'))",4
"(4.2043, 4.2045]",4.204337448486774,4.204337448486774,4,"(('bin_equal_frequency_2', 'x1'), ('isolationForest', 'x1'), ('zscore_clip_3', 'x4'), ('bin_equal_frequency_2', 'x6'))",1
"(4.2045, 4.2048]",4.204620646195492,4.204620646195492,3,"(('norm_log', 'x5'), ('bin_equal_width_2', 'x6'), ('isolationForest', 'x1'))",1
"(4.2051, 4.2054]",4.205119842313187,4.205361663817704,4,"(('bin_equal_frequency_2', 'x1'), ('isolationForest', 'x1'), ('zscore_filter_3', 'x3'), ('bin_equal_frequency_2', 'x6'))",3
"(4.2059, 4.2062]",4.205957928042477,4.206076532944629,3,"(('zscore_clip_3', 'x2'), ('bin_equal_frequency_2', 'x6'), ('isolationForest', 'x1'))",3
"(4.2062, 4.2065]",4.206225221512327,4.206225221512327,4,"(('bin_equal_frequency_2', 'x1'), ('isolationForest', 'x1'), ('bin_equal_width_5', 'x3'), ('bin_equal_frequency_2', 'x6'))",1
"(4.2065, 4.2067]",4.2066032025994184,4.206662802851204,4,"(('bin_equal_frequency_2', 'x1'), ('isolationForest', 'x1'), ('zscore_clip_3', 'x2'), ('bin_equal_frequency_2', 'x6'))",3
"(4.207, 4.2073]",4.207116480540357,4.207159462050472,3,"(('bin_equal_frequency_5', 'x2'), ('isolationForest', 'x1'), ('bin_equal_frequency_2', 'x6'))",2
"(4.2073, 4.2076]",4.207394839277215,4.207394839277215,4,"(('bin_equal_frequency_2', 'x1'), ('isolationForest', 'x1'), ('bin_equal_width_2', 'x5'), ('bin_equal_frequency_2', 'x6'))",1
"(4.2078, 4.2081]",4.208077598627869,4.208077598627869,4,"(('bin_equal_frequency_2', 'x1'), ('isolationForest', 'x1'), ('bin_equal_frequency_2', 'x2'), ('bin_equal_frequency_2', 'x6'))",1
"(4.2081, 4.2084]",4.2083522717349355,4.2083522717349355,3,"(('isolationForest', 'x1'), ('bin_equal_width_5', 'x6'), ('IQR', 'x6'))",1
"(4.2087, 4.2089]",4.208851323453376,4.208851323453376,3,"(('bin_equal_width_2', 'x1'), ('bin_equal_width_2', 'x6'), ('isolationForest', 'x1'))",1
"(4.2095, 4.2098]",4.209531099638417,4.209746091353333,3,"(('bin_equal_frequency_10', 'x1'), ('bin_equal_frequency_10', 'x5'), ('isolationForest', 'x1'))",3
"(4.2098, 4.21]",4.209956874619088,4.209956874619088,3,"(('bin_equal_frequency_10', 'x5'), ('bin_equal_frequency_2', 'x6'), ('isolationForest', 'x1'))",1
"(4.21, 4.2103]",4.21007188317405,4.21007188317405,3,"(('bin_equal_frequency_5', 'x2'), ('zscore_filter_3', 'x5'), ('isolationForest', 'x1'))",1
"(4.2103, 4.2106]",4.210498975056752,4.210498975056752,3,"(('bin_equal_frequency_2', 'x2'), ('bin_equal_frequency_2', 'x6'), ('isolationForest', 'x1'))",1
"(4.2106, 4.2108]",4.2106140449690646,4.2106140449690646,3,"(('bin_equal_frequency_2', 'x4'), ('bin_equal_width_2', 'x6'), ('isolationForest', 'x1'))",1
"(4.2111, 4.2114]",4.211332793717701,4.211334633223954,3,"(('norm_log', 'x2'), ('IQR', 'x4'), ('isolationForest', 'x1'))",2
"(4.2117, 4.2119]",4.211811196144307,4.211811196144307,4,"(('bin_equal_frequency_2', 'x1'), ('isolationForest', 'x1'), ('bin_equal_frequency_2', 'x3'), ('bin_equal_frequency_2', 'x6'))",1
"(4.2122, 4.2125]",4.212233886874967,4.212233886874967,4,"(('bin_equal_frequency_2', 'x1'), ('isolationForest', 'x1'), ('bin_equal_frequency_2', 'x5'), ('bin_equal_frequency_2', 'x6'))",1
"(4.2169, 4.2172]",4.217101373083725,4.217101373083725,3,"(('bin_equal_frequency_2', 'x5'), ('isolationForest', 'x1'), ('bin_equal_width_2', 'x6'))",1
"(4.2174, 4.2177]",4.21758279409904,4.21758279409904,4,"(('bin_equal_frequency_2', 'x1'), ('isolationForest', 'x1'), ('IQR', 'x3'), ('bin_equal_frequency_2', 'x6'))",1
"(4.2183, 4.2185]",4.218417458483445,4.218417458483445,4,"(('bin_equal_frequency_2', 'x1'), ('bin_equal_frequency_5', 'x2'), ('bin_equal_frequency_2', 'x5'), ('isolationForest', 'x1'))",1
"(4.2188, 4.2191]",4.218942618715843,4.218942618715843,3,"(('bin_equal_frequency_10', 'x5'), ('bin_equal_width_2', 'x6'), ('isolationForest', 'x1'))",1
"(4.2191, 4.2194]",4.219111853791035,4.219111853791035,3,"(('bin_equal_frequency_2', 'x5'), ('isolationForest', 'x1'), ('bin_equal_frequency_2', 'x6'))",1
"(4.2196, 4.2199]",4.2198950279568175,4.2198950279568175,4,"(('bin_equal_frequency_2', 'x1'), ('bin_equal_frequency_5', 'x2'), ('bin_equal_width_2', 'x5'), ('isolationForest', 'x1'))",1
"(4.221, 4.2213]",4.22122967489558,4.22122967489558,3,"(('bin_equal_frequency_5', 'x1'), ('IQR', 'x6'), ('isolationForest', 'x1'))",1
"(4.2221, 4.2224]",4.222309822696416,4.222309822696416,3,"(('zscore_filter_3', 'x5'), ('bin_equal_width_2', 'x6'), ('isolationForest', 'x1'))",1
"(4.2243, 4.2246]",4.224335640767817,4.224335640767817,3,"(('bin_equal_frequency_2', 'x3'), ('bin_equal_frequency_5', 'x5'), ('isolationForest', 'x1'))",1
"(4.2446, 4.2449]",4.244664451195529,4.244664451195529,4,"(('bin_equal_frequency_2', 'x1'), ('bin_equal_frequency_2', 'x2'), ('bin_equal_width_2', 'x5'), ('isolationForest', 'x1'))",1
"(4.2605, 4.2608]",4.260759027371706,4.260759027371706,4,"(('bin_equal_frequency_2', 'x1'), ('isolationForest', 'x1'), ('bin_equal_width_5', 'x6'), ('IQR', 'x6'))",1
