bucket_range,min_ate_in_bin,max_ate_in_bin,min_length,best_sequence,count
"(-0.026825, -0.026824]",-0.02682358043490252,-0.02682358043490252,3,"(('zscore_filter_3', 'adequacy'), ('zscore_filter_3', 'dtotord_min'), ('IQR', 'meduc6'))",1
"(-0.026664, -0.026662]",-0.026663043456645306,-0.026663043456645306,3,"(('zscore_filter_3', 'adequacy'), ('zscore_filter_3', 'dtotord_min'), ('zscore_filter_3', 'orfath'))",1
"(-0.026567, -0.026565]",-0.026566287616203086,-0.026566287616203086,3,"(('zscore_filter_3', 'adequacy'), ('zscore_filter_3', 'dtotord_min'), ('IQR', 'feduc6'))",1
"(-0.026541, -0.02654]",-0.026540030889087112,-0.026540030889087112,3,"(('zscore_filter_3', 'adequacy'), ('zscore_filter_3', 'dtotord_min'), ('zscore_filter_3', 'ormoth'))",1
"(-0.026494, -0.026492]",-0.02649270996290433,-0.02649270996290433,3,"(('zscore_filter_3', 'adequacy'), ('zscore_filter_3', 'dtotord_min'), ('zscore_filter_3', 'mrace'))",1
"(-0.026481, -0.02648]",-0.02648022632485429,-0.02648022632485429,3,"(('zscore_filter_3', 'adequacy'), ('zscore_filter_3', 'crace'), ('zscore_filter_3', 'dtotord_min'))",1
"(-0.026459, -0.026458]",-0.026458020372981127,-0.026458020372981127,3,"(('zscore_filter_3', 'adequacy'), ('zscore_filter_3', 'birattnd'), ('zscore_filter_3', 'dtotord_min'))",1
"(-0.026448, -0.026446]",-0.02644660905696491,-0.02644660905696491,3,"(('zscore_filter_3', 'adequacy'), ('IQR', 'meduc6'), ('zscore_filter_3', 'mrace'))",1
"(-0.026435, -0.026433]",-0.026434293003308573,-0.026434293003308573,3,"(('zscore_filter_3', 'adequacy'), ('zscore_filter_3', 'crace'), ('IQR', 'meduc6'))",1
"(-0.026425, -0.026423]",-0.02642430012090248,-0.02642429844363526,2,"(('zscore_filter_3', 'dtotord_min'), ('zscore_filter_3', 'orfath'))",7
"(-0.026372, -0.026371]",-0.026371947011096034,-0.026371947011096034,3,"(('zscore_filter_3', 'adequacy'), ('IQR', 'meduc6'), ('zscore_filter_3', 'orfath'))",1
"(-0.026332, -0.026331]",-0.02633156085951886,-0.02633156032762345,2,"(('bin_equal_width_2', 'drink5'), ('isolationForest', 'adequacy'))",4
"(-0.026326, -0.026325]",-0.026326022504597132,-0.026326022504597132,3,"(('zscore_filter_3', 'adequacy'), ('zscore_filter_3', 'cigar6'), ('zscore_filter_3', 'dtotord_min'))",1
"(-0.026322, -0.026321]",-0.026321597598578265,-0.026321597598578265,3,"(('zscore_filter_3', 'adequacy'), ('IQR', 'feduc6'), ('zscore_filter_3', 'orfath'))",1
"(-0.026289, -0.026288]",-0.026288131256259655,-0.026288131256259655,3,"(('zscore_filter_3', 'adequacy'), ('zscore_filter_3', 'mrace'), ('zscore_filter_3', 'orfath'))",1
"(-0.026281, -0.02628]",-0.02628102504724447,-0.026281023846509415,2,"(('zscore_filter_3', 'dtotord_min'), ('zscore_filter_3', 'ormoth'))",7
"(-0.026277, -0.026276]",-0.02627630266352717,-0.02627630266352717,3,"(('zscore_filter_3', 'adequacy'), ('zscore_filter_3', 'crace'), ('zscore_filter_3', 'orfath'))",1
"(-0.026254, -0.026253]",-0.026254223908757687,-0.026254223908757687,3,"(('zscore_filter_3', 'adequacy'), ('IQR', 'meduc6'), ('zscore_filter_3', 'ormoth'))",1
"(-0.026226, -0.026225]",-0.02622545696806386,-0.026225388263647793,2,"(('zscore_filter_3', 'adequacy'), ('zscore_filter_3', 'dtotord_min'))",236
"(-0.026225, -0.026224]",-0.026223861074674303,-0.026223861074674303,3,"(('zscore_filter_3', 'adequacy'), ('zscore_filter_3', 'dtotord_min'), ('bin_equal_frequency_5', 'infant_id'))",1
"(-0.026216, -0.026215]",-0.02621569133615224,-0.02621569133615224,3,"(('zscore_filter_3', 'adequacy'), ('zscore_filter_3', 'dtotord_min'), ('bin_equal_frequency_10', 'infant_id'))",1
"(-0.026188, -0.026187]",-0.02618726960451106,-0.026187267417392968,2,"(('zscore_filter_3', 'dtotord_min'), ('IQR', 'meduc6'))",7
"(-0.026166, -0.026165]",-0.026166107821371746,-0.026166107821371746,3,"(('zscore_filter_3', 'adequacy'), ('zscore_filter_3', 'mrace'), ('zscore_filter_3', 'ormoth'))",1
"(-0.026161, -0.02616]",-0.026160833763583313,-0.026160833076521586,2,"(('zscore_filter_3', 'crace'), ('isolationForest', 'adequacy'))",5
"(-0.026147, -0.026146]",-0.026145956716823134,-0.026145956716823134,3,"(('zscore_filter_3', 'adequacy'), ('zscore_filter_3', 'crace'), ('zscore_filter_3', 'ormoth'))",1
"(-0.026124, -0.026123]",-0.02612346988321542,-0.02612346982583533,3,"(('zscore_filter_3', 'adequacy'), ('norm_log', 'ormoth'), ('zscore_filter_3', 'ormoth'))",2
"(-0.026119, -0.026118]",-0.026118332883961606,-0.026118332883961606,3,"(('isolationForest', 'adequacy'), ('zscore_filter_3', 'crace'), ('zscore_filter_3', 'ormoth'))",1
"(-0.026087, -0.026086]",-0.026086347678143062,-0.026086347678143062,3,"(('zscore_filter_3', 'adequacy'), ('zscore_filter_3', 'dtotord_min'), ('zscore_filter_3', 'gestat10'))",1
"(-0.026086, -0.026084]",-0.026084778412830578,-0.026084778412830578,3,"(('isolationForest', 'adequacy'), ('zscore_filter_3', 'mrace'), ('zscore_filter_3', 'ormoth'))",1
"(-0.026077, -0.026075]",-0.026075755882919428,-0.026075755882919428,3,"(('zscore_filter_3', 'adequacy'), ('zscore_filter_3', 'birattnd'), ('zscore_filter_3', 'mrace'))",1
"(-0.026072, -0.02607]",-0.02607143215039529,-0.02607143215039529,3,"(('zscore_filter_3', 'adequacy'), ('zscore_filter_3', 'orfath'), ('zscore_filter_3', 'ormoth'))",1
"(-0.026064, -0.026063]",-0.026063357927750563,-0.026063357927750563,3,"(('zscore_filter_3', 'adequacy'), ('zscore_filter_3', 'birattnd'), ('zscore_filter_3', 'crace'))",1
"(-0.026046, -0.026045]",-0.026045637103694824,-0.026045635612298293,2,"(('zscore_filter_3', 'dtotord_min'), ('zscore_filter_3', 'mrace'))",7
"(-0.026042, -0.026041]",-0.0260420491609774,-0.0260420491609774,3,"(('zscore_filter_3', 'adequacy'), ('zscore_filter_3', 'frace'), ('zscore_filter_3', 'mrace'))",1
"(-0.026031, -0.026029]",-0.02603054494511245,-0.02603054494511245,3,"(('zscore_filter_3', 'adequacy'), ('zscore_filter_3', 'crace'), ('zscore_filter_3', 'mrace'))",1
"(-0.026027, -0.026025]",-0.026026027519358133,-0.02602602554182436,2,"(('zscore_filter_3', 'crace'), ('zscore_filter_3', 'dtotord_min'))",8
"(-0.026023, -0.026022]",-0.026022645243524902,-0.026022645243524902,3,"(('zscore_filter_3', 'adequacy'), ('bin_equal_width_10', 'dtotord_min'), ('zscore_filter_3', 'dtotord_min'))",1
"(-0.026013, -0.026011]",-0.026012301373414638,-0.026012301373414638,3,"(('zscore_filter_3', 'adequacy'), ('zscore_filter_3', 'birattnd'), ('zscore_filter_3', 'orfath'))",1
"(-0.026001, -0.026]",-0.026000456245665406,-0.026000456245665406,3,"(('isolationForest', 'adequacy'), ('zscore_filter_3', 'crace'), ('IQR', 'meduc6'))",1
"(-0.025999, -0.025997]",-0.025997861678723734,-0.025997861678723734,3,"(('isolationForest', 'adequacy'), ('IQR', 'meduc6'), ('zscore_filter_3', 'ormoth'))",1
"(-0.025994, -0.025992]",-0.025993055312650552,-0.025993055312650552,3,"(('zscore_filter_3', 'adequacy'), ('IQR', 'feduc6'), ('zscore_filter_3', 'ormoth'))",1
"(-0.025978, -0.025977]",-0.02597757631931964,-0.02597757631931964,3,"(('zscore_filter_3', 'adequacy'), ('zscore_filter_3', 'dtotord_min'), ('zscore_filter_3', 'frace'))",1
"(-0.025973, -0.025972]",-0.025972684127939225,-0.025972684127939225,3,"(('isolationForest', 'adequacy'), ('zscore_filter_3', 'crace'), ('zscore_filter_3', 'orfath'))",1
"(-0.025963, -0.025962]",-0.02596210742976942,-0.02596210742976942,3,"(('zscore_filter_3', 'adequacy'), ('IQR', 'feduc6'), ('zscore_filter_3', 'mrace'))",1
"(-0.025956, -0.025955]",-0.025955479636846548,-0.025955429944062657,2,"(('zscore_filter_3', 'adequacy'), ('IQR', 'meduc6'))",242
"(-0.025955, -0.025954]",-0.025954916042258476,-0.025954916042258476,3,"(('zscore_filter_3', 'adequacy'), ('IQR', 'meduc6'), ('bin_equal_frequency_5', 'infant_id'))",1
"(-0.025954, -0.025953]",-0.025953591958271707,-0.025953591958271707,3,"(('isolationForest', 'adequacy'), ('IQR', 'meduc6'), ('zscore_filter_3', 'mrace'))",1
"(-0.025951, -0.02595]",-0.025950827182479416,-0.025950827182479416,3,"(('zscore_filter_3', 'adequacy'), ('IQR', 'meduc6'), ('bin_equal_frequency_10', 'infant_id'))",1
"(-0.02595, -0.025949]",-0.025949229272919642,-0.025949229272919642,3,"(('zscore_filter_3', 'adequacy'), ('zscore_filter_3', 'crace'), ('IQR', 'feduc6'))",1
"(-0.025933, -0.025932]",-0.025932490888286426,-0.025932490888286426,3,"(('zscore_filter_3', 'adequacy'), ('zscore_filter_3', 'frace'), ('IQR', 'meduc6'))",1
"(-0.02593, -0.025928]",-0.025929450049367916,-0.025929450049367916,3,"(('isolationForest', 'adequacy'), ('zscore_filter_3', 'mrace'), ('zscore_filter_3', 'orfath'))",1
"(-0.025917, -0.025915]",-0.02591653567214545,-0.02591653426572932,2,"(('bin_equal_width_5', 'cigar6'), ('isolationForest', 'adequacy'))",5
"(-0.025914, -0.025913]",-0.025913808984043017,-0.025913808984043017,3,"(('zscore_filter_3', 'adequacy'), ('zscore_filter_3', 'birattnd'), ('IQR', 'meduc6'))",1
"(-0.025913, -0.025912]",-0.02591241008441612,-0.02591241008441612,3,"(('zscore_filter_3', 'adequacy'), ('norm_log', 'mplbir'), ('IQR', 'mplbir'))",1
"(-0.025909, -0.025908]",-0.025908172566784637,-0.02590817172488954,3,"(('zscore_filter_3', 'adequacy'), ('bin_equal_width_5', 'crace'), ('zscore_filter_3', 'crace'))",2
"(-0.0259, -0.025899]",-0.025899697930276244,-0.025899697930276244,3,"(('zscore_filter_3', 'adequacy'), ('bin_equal_width_10', 'dtotord_min'), ('IQR', 'dtotord_min'))",1
"(-0.025895, -0.025894]",-0.02589440438882984,-0.02589440438882984,3,"(('zscore_filter_3', 'adequacy'), ('zscore_filter_3', 'birattnd'), ('zscore_filter_3', 'ormoth'))",1
"(-0.025881, -0.02588]",-0.02588038652268329,-0.02588014270682941,3,"(('zscore_filter_3', 'adequacy'), ('norm_log', 'mplbir'), ('zscore_filter_3', 'mplbir'))",2
"(-0.025877, -0.025876]",-0.02587637858863478,-0.02587637858863478,3,"(('zscore_filter_3', 'adequacy'), ('zscore_filter_3', 'frace'), ('zscore_filter_3', 'crace'))",1
"(-0.025872, -0.025871]",-0.025871960612248824,-0.025871959769160322,2,"(('zscore_filter_3', 'cigar6'), ('zscore_filter_3', 'dtotord_min'))",8
"(-0.025859, -0.025858]",-0.02585911571556627,-0.02585911571556627,3,"(('zscore_filter_3', 'adequacy'), ('zscore_filter_3', 'mrace'), ('bin_equal_frequency_10', 'infant_id'))",1
"(-0.025853, -0.025852]",-0.025851804426570903,-0.025851760955511376,2,"(('zscore_filter_3', 'adequacy'), ('zscore_filter_3', 'mrace'))",240
"(-0.025852, -0.02585]",-0.025851303076603296,-0.025850882331727196,3,"(('zscore_filter_3', 'adequacy'), ('IQR', 'feduc6'), ('IQR', 'meduc6'))",3
"(-0.02585, -0.025849]",-0.02585013997483967,-0.02585013997483967,3,"(('zscore_filter_3', 'adequacy'), ('zscore_filter_3', 'dlivord_min'), ('zscore_filter_3', 'dtotord_min'))",1
"(-0.025848, -0.025846]",-0.025847462171753648,-0.025847462171753648,3,"(('zscore_filter_3', 'adequacy'), ('zscore_filter_3', 'dtotord_min'), ('IQR', 'gestat10'))",1
"(-0.025844, -0.025843]",-0.025842882274548295,-0.025842882274548295,3,"(('isolationForest', 'adequacy'), ('IQR', 'meduc6'), ('zscore_filter_3', 'orfath'))",1
"(-0.025843, -0.025841]",-0.025841481025117293,-0.025841481025117293,3,"(('zscore_filter_3', 'adequacy'), ('zscore_filter_3', 'mrace'), ('zscore_filter_3', 'frace'))",1
"(-0.02584, -0.025839]",-0.025840026497961497,-0.02583998067575943,2,"(('zscore_filter_3', 'adequacy'), ('zscore_filter_3', 'crace'))",246
"(-0.025836, -0.025835]",-0.025835086269581985,-0.025835086269581985,3,"(('zscore_filter_3', 'adequacy'), ('norm_log', 'stoccfipb'), ('IQR', 'stoccfipb'))",1
"(-0.025835, -0.025834]",-0.025834094250208283,-0.025834093256250266,2,"(('bin_equal_width_10', 'dtotord_min'), ('IQR', 'dtotord_min'))",7
"(-0.025834, -0.025832]",-0.025833511081349715,-0.025833511081349715,3,"(('zscore_filter_3', 'adequacy'), ('zscore_filter_3', 'crace'), ('zscore_filter_3', 'frace'))",1
"(-0.025832, -0.025831]",-0.025831872466859186,-0.025831872466859186,3,"(('zscore_filter_3', 'adequacy'), ('zscore_filter_3', 'drink5'), ('zscore_filter_3', 'dtotord_min'))",1
"(-0.025831, -0.02583]",-0.02582979916328039,-0.02582979916328039,3,"(('zscore_filter_3', 'adequacy'), ('zscore_filter_3', 'cigar6'), ('IQR', 'meduc6'))",1
"(-0.025823, -0.025822]",-0.025823192599836984,-0.025823191583846997,2,"(('zscore_filter_3', 'birattnd'), ('zscore_filter_3', 'dtotord_min'))",8
"(-0.025817, -0.025816]",-0.025816310812310988,-0.025816310812310988,3,"(('zscore_filter_3', 'adequacy'), ('zscore_filter_3', 'gestat10'), ('IQR', 'meduc6'))",1
"(-0.025814, -0.025813]",-0.025813360988565147,-0.025813360988565147,3,"(('norm_log', 'adequacy'), ('zscore_filter_3', 'crace'), ('isolationForest', 'adequacy'))",1
"(-0.025812, -0.025811]",-0.025810888187095437,-0.025810888187095437,3,"(('bin_equal_width_2', 'adequacy'), ('isolationForest', 'adequacy'), ('zscore_filter_3', 'crace'))",1
"(-0.025798, -0.025797]",-0.02579686043591503,-0.02579686043591503,3,"(('isolationForest', 'adequacy'), ('zscore_filter_3', 'adequacy'), ('zscore_filter_3', 'ormoth'))",1
"(-0.025795, -0.025794]",-0.02579412825175652,-0.02579412825175652,3,"(('zscore_filter_3', 'adequacy'), ('bin_equal_width_5', 'orfath'), ('zscore_filter_3', 'orfath'))",1
"(-0.025793, -0.025791]",-0.025792495642071894,-0.025792110412713228,2,"(('zscore_filter_3', 'adequacy'), ('zscore_filter_3', 'orfath'))",240
"(-0.025789, -0.025788]",-0.025787912360685335,-0.025787910471085126,2,"(('zscore_filter_3', 'orfath'), ('zscore_filter_3', 'ormoth'))",7
"(-0.025788, -0.025786]",-0.02578744007556632,-0.025787437767228007,2,"(('zscore_filter_3', 'mrace'), ('zscore_filter_3', 'orfath'))",7
"(-0.025784, -0.025782]",-0.02578248551769098,-0.02578248551769098,3,"(('zscore_filter_3', 'adequacy'), ('zscore_filter_3', 'dtotord_min'), ('zscore_filter_3', 'dlivord_min'))",1
"(-0.025776, -0.025775]",-0.02577504475623366,-0.02577504475623366,3,"(('zscore_filter_3', 'adequacy'), ('zscore_filter_3', 'frace'), ('zscore_filter_3', 'orfath'))",1
"(-0.025771, -0.02577]",-0.025770522144901897,-0.025770274486324712,1,"(('zscore_filter_3', 'dtotord_min'),)",1723
"(-0.02577, -0.025768]",-0.025769525944091605,-0.02576854452170025,2,"(('zscore_filter_3', 'dtotord_min'), ('bin_equal_frequency_2', 'infant_id'))",14
"(-0.025768, -0.025767]",-0.025768302194692724,-0.025768300608367833,2,"(('zscore_filter_3', 'crace'), ('zscore_filter_3', 'orfath'))",8
"(-0.025766, -0.025765]",-0.02576583079079948,-0.025765514059920683,2,"(('bin_equal_frequency_5', 'infant_id'), ('zscore_filter_3', 'dtotord_min'))",14
"(-0.025759, -0.025758]",-0.025759013727436653,-0.025759013727436653,3,"(('isolationForest', 'adequacy'), ('zscore_filter_3', 'adequacy'), ('zscore_filter_3', 'crace'))",1
"(-0.025758, -0.025757]",-0.0257581345018735,-0.0257581345018735,3,"(('isolationForest', 'adequacy'), ('bin_equal_width_2', 'gestat10'), ('zscore_filter_3', 'ormoth'))",1
"(-0.025757, -0.025756]",-0.02575562936340436,-0.02575562936340436,3,"(('zscore_filter_3', 'adequacy'), ('zscore_filter_3', 'cigar6'), ('zscore_filter_3', 'mrace'))",1
"(-0.025744, -0.025743]",-0.02574398898994703,-0.025743603813025023,3,"(('bin_equal_width_2', 'adequacy'), ('isolationForest', 'adequacy'), ('zscore_filter_3', 'mrace'))",2
"(-0.025739, -0.025738]",-0.02573834307085121,-0.02573834119409182,2,"(('zscore_filter_3', 'dtotord_min'), ('IQR', 'feduc6'))",7
"(-0.025736, -0.025735]",-0.025735422292982587,-0.025735422292982587,3,"(('bin_equal_width_2', 'adequacy'), ('zscore_clip_3', 'frace'), ('isolationForest', 'adequacy'))",1
"(-0.025733, -0.025731]",-0.025731487537176044,-0.025731487537176044,3,"(('isolationForest', 'adequacy'), ('zscore_filter_3', 'frace'), ('zscore_filter_3', 'ormoth'))",1
"(-0.025726, -0.025725]",-0.02572610232781063,-0.02572610232781063,3,"(('bin_equal_width_2', 'adequacy'), ('zscore_clip_3', 'ormoth'), ('isolationForest', 'adequacy'))",1
"(-0.025704, -0.025703]",-0.025704070253827694,-0.025703883685547213,3,"(('zscore_filter_3', 'adequacy'), ('zscore_filter_3', 'gestat10'), ('zscore_filter_3', 'mrace'))",2
"(-0.025699, -0.025698]",-0.02569877657656894,-0.025698725434670718,2,"(('zscore_filter_3', 'adequacy'), ('IQR', 'feduc6'))",241
"(-0.025698, -0.025697]",-0.025697560505598686,-0.025697317093537585,3,"(('zscore_filter_3', 'adequacy'), ('zscore_filter_3', 'cigar6'), ('zscore_filter_3', 'orfath'))",2
"(-0.025697, -0.025696]",-0.025696751206306948,-0.025696751206306948,3,"(('zscore_filter_3', 'adequacy'), ('IQR', 'feduc6'), ('bin_equal_frequency_5', 'infant_id'))",1
"(-0.025693, -0.025692]",-0.02569234200177872,-0.02569180945280526,3,"(('bin_equal_width_2', 'adequacy'), ('bin_equal_width_2', 'drink5'), ('isolationForest', 'adequacy'))",2
"(-0.025692, -0.02569]",-0.025691579319640175,-0.025691352500434105,3,"(('zscore_filter_3', 'adequacy'), ('IQR', 'feduc6'), ('bin_equal_frequency_10', 'infant_id'))",2
"(-0.025685, -0.025684]",-0.025684312438437402,-0.025684310188670584,2,"(('IQR', 'meduc6'), ('zscore_filter_3', 'orfath'))",7
"(-0.025684, -0.025683]",-0.025683078844274353,-0.025683078844274353,3,"(('zscore_filter_3', 'adequacy'), ('norm_log', 'dtotord_min'), ('zscore_filter_3', 'dtotord_min'))",1
"(-0.025681, -0.02568]",-0.02568139317874686,-0.025680157306941228,3,"(('bin_equal_width_2', 'adequacy'), ('bin_equal_width_2', 'brstate'), ('isolationForest', 'adequacy'))",2
"(-0.02568, -0.025679]",-0.025680042757760157,-0.025680042757760157,3,"(('isolationForest', 'adequacy'), ('zscore_filter_3', 'crace'), ('zscore_filter_3', 'dtotord_min'))",1
"(-0.025679, -0.025678]",-0.02567875909667588,-0.02567875909667588,3,"(('norm_log', 'adequacy'), ('bin_equal_frequency_2', 'gestat10'), ('isolationForest', 'adequacy'))",1
"(-0.025671, -0.02567]",-0.025670660023388,-0.025670262806473998,2,"(('zscore_filter_3', 'adequacy'), ('zscore_filter_3', 'ormoth'))",238
"(-0.025669, -0.025667]",-0.025667749637425248,-0.025667749637425248,3,"(('norm_log', 'adequacy'), ('zscore_clip_3', 'frace'), ('isolationForest', 'adequacy'))",1
"(-0.025667, -0.025666]",-0.025666763137186185,-0.025666763137186185,3,"(('isolationForest', 'adequacy'), ('zscore_filter_3', 'orfath'), ('zscore_filter_3', 'frace'))",1
"(-0.025666, -0.025665]",-0.025665115504883176,-0.025665115504883176,3,"(('isolationForest', 'adequacy'), ('zscore_filter_3', 'orfath'), ('zscore_filter_3', 'ormoth'))",1
"(-0.025665, -0.025664]",-0.025664499266115047,-0.025664499266115047,3,"(('zscore_filter_3', 'adequacy'), ('zscore_filter_3', 'ormoth'), ('bin_equal_frequency_10', 'infant_id'))",1
"(-0.02566, -0.025658]",-0.025659520905462068,-0.025659520905462068,3,"(('zscore_filter_3', 'adequacy'), ('zscore_filter_3', 'birattnd'), ('IQR', 'feduc6'))",1
"(-0.025652, -0.025651]",-0.0256514891127143,-0.0256514891127143,3,"(('zscore_filter_3', 'adequacy'), ('zscore_filter_3', 'frace'), ('zscore_filter_3', 'ormoth'))",1
"(-0.025648, -0.025647]",-0.025647136778729977,-0.025647135295090762,2,"(('zscore_filter_3', 'mrace'), ('zscore_filter_3', 'ormoth'))",7
"(-0.025637, -0.025635]",-0.025635903833624844,-0.025635892404750775,3,"(('zscore_filter_3', 'adequacy'), ('zscore_filter_3', 'gestat10'), ('zscore_filter_3', 'orfath'))",2
"(-0.025635, -0.025634]",-0.02563489688174694,-0.02563489688174694,3,"(('zscore_filter_3', 'adequacy'), ('zscore_filter_3', 'drink5'), ('zscore_filter_3', 'orfath'))",1
"(-0.025626, -0.025625]",-0.02562530382569237,-0.02562530382569237,3,"(('isolationForest', 'adequacy'), ('zscore_filter_3', 'crace'), ('bin_equal_width_2', 'gestat10'))",1
"(-0.025621, -0.02562]",-0.025620945968376392,-0.02562094412129446,2,"(('zscore_filter_3', 'crace'), ('zscore_filter_3', 'ormoth'))",8
"(-0.02562, -0.025619]",-0.02561888269363664,-0.02561888104295612,2,"(('norm_log', 'ormoth'), ('zscore_filter_3', 'ormoth'))",14
"(-0.025619, -0.025617]",-0.025617685411912217,-0.025617685411912217,3,"(('isolationForest', 'adequacy'), ('norm_log', 'mplbir_reg'), ('IQR', 'mplbir_reg'))",1
"(-0.025612, -0.025611]",-0.025611954962785854,-0.02561146901540516,3,"(('isolationForest', 'adequacy'), ('zscore_filter_3', 'adequacy'), ('zscore_filter_3', 'orfath'))",2
"(-0.025609, -0.025607]",-0.02560806618565444,-0.02560806618565444,3,"(('isolationForest', 'adequacy'), ('zscore_filter_3', 'adequacy'), ('IQR', 'meduc6'))",1
"(-0.025603, -0.025602]",-0.025603298206948902,-0.025603298206948902,3,"(('isolationForest', 'adequacy'), ('zscore_filter_3', 'frace'), ('IQR', 'meduc6'))",1
"(-0.025594, -0.025593]",-0.025594161108737627,-0.025594161108737627,3,"(('zscore_filter_3', 'adequacy'), ('zscore_clip_3', 'dlivord_min'), ('IQR', 'dlivord_min'))",1
"(-0.025593, -0.025592]",-0.025592549261147034,-0.025592549261147034,3,"(('bin_equal_width_2', 'adequacy'), ('bin_equal_width_2', 'dlivord_min'), ('isolationForest', 'adequacy'))",1
"(-0.025586, -0.025584]",-0.025585009166010603,-0.025585009166010603,3,"(('bin_equal_width_2', 'adequacy'), ('norm_log', 'cigar6'), ('isolationForest', 'adequacy'))",1
"(-0.025584, -0.025583]",-0.025584103052322577,-0.025584103052322577,3,"(('isolationForest', 'adequacy'), ('zscore_filter_3', 'frace'), ('zscore_filter_3', 'orfath'))",1
"(-0.02558, -0.025579]",-0.025580343196806885,-0.025580343196806885,3,"(('isolationForest', 'adequacy'), ('bin_equal_width_2', 'gestat10'), ('zscore_filter_3', 'mrace'))",1
"(-0.025579, -0.025578]",-0.025577913211034004,-0.025577913211034004,3,"(('zscore_filter_3', 'adequacy'), ('zscore_filter_3', 'birattnd'), ('bin_equal_frequency_10', 'infant_id'))",1
"(-0.025578, -0.025577]",-0.025576600883149912,-0.025576600883149912,3,"(('zscore_filter_3', 'adequacy'), ('zscore_filter_3', 'birattnd'), ('bin_equal_width_10', 'infant_id'))",1
"(-0.025577, -0.025575]",-0.02557562001521,-0.02557562001521,3,"(('zscore_filter_3', 'adequacy'), ('zscore_filter_3', 'birattnd'), ('bin_equal_frequency_5', 'infant_id'))",1
"(-0.025574, -0.025573]",-0.0255738342537273,-0.02557276331010531,2,"(('zscore_filter_3', 'adequacy'), ('zscore_filter_3', 'birattnd'))",237
"(-0.025573, -0.025571]",-0.02557253663402983,-0.025571737158235186,3,"(('zscore_filter_3', 'adequacy'), ('zscore_filter_3', 'birattnd'), ('bin_equal_width_5', 'infant_id'))",2
"(-0.02557, -0.025569]",-0.025569772127737884,-0.025569772127737884,3,"(('zscore_filter_3', 'adequacy'), ('norm_log', 'mplbir_reg'), ('IQR', 'mplbir_reg'))",1
"(-0.025568, -0.025566]",-0.025567461594420707,-0.025566335583943327,3,"(('zscore_filter_3', 'adequacy'), ('zscore_filter_3', 'cigar6'), ('IQR', 'feduc6'))",3
"(-0.025565, -0.025564]",-0.025564539697998923,-0.025564539697998923,3,"(('isolationForest', 'adequacy'), ('zscore_filter_3', 'dtotord_min'), ('IQR', 'meduc6'))",1
"(-0.025564, -0.025562]",-0.02556287519524267,-0.02556287519524267,3,"(('zscore_filter_3', 'adequacy'), ('zscore_filter_3', 'drink5'), ('IQR', 'meduc6'))",1
"(-0.02556, -0.025559]",-0.02555975690925272,-0.025559755309240585,2,"(('bin_equal_width_10', 'dtotord_min'), ('zscore_filter_3', 'dtotord_min'))",7
"(-0.025559, -0.025557]",-0.02555740997957047,-0.02555740784104454,2,"(('IQR', 'meduc6'), ('zscore_filter_3', 'ormoth'))",7
"(-0.025554, -0.025552]",-0.02555243555064145,-0.02555243555064145,3,"(('zscore_filter_3', 'adequacy'), ('zscore_filter_3', 'birattnd'), ('zscore_filter_3', 'frace'))",1
"(-0.025551, -0.02555]",-0.025550962766486576,-0.025550962766486576,3,"(('zscore_filter_3', 'adequacy'), ('IQR', 'feduc6'), ('zscore_filter_3', 'gestat10'))",1
"(-0.02555, -0.025548]",-0.02554857499079923,-0.02554857499079923,3,"(('bin_equal_width_2', 'adequacy'), ('winsorize', 'rh'), ('isolationForest', 'adequacy'))",1
"(-0.025548, -0.025547]",-0.02554806783693698,-0.025547904296401414,2,"(('zscore_filter_3', 'dtotord_min'), ('zscore_filter_3', 'frace'))",18
"(-0.025542, -0.025541]",-0.025541197909981717,-0.025541197909981717,3,"(('zscore_filter_3', 'adequacy'), ('zscore_filter_3', 'ormoth'), ('zscore_filter_3', 'orfath'))",1
"(-0.025541, -0.025539]",-0.025540543175195975,-0.025540543175195975,3,"(('bin_equal_width_2', 'adequacy'), ('isolationForest', 'adequacy'), ('IQR', 'meduc6'))",1
"(-0.025534, -0.025533]",-0.02553351317874343,-0.02553351317874343,3,"(('zscore_filter_3', 'adequacy'), ('IQR', 'gestat10'), ('IQR', 'meduc6'))",1
"(-0.025533, -0.025532]",-0.025532044744925604,-0.025532044744925604,3,"(('isolationForest', 'adequacy'), ('zscore_filter_3', 'dtotord_min'), ('zscore_filter_3', 'orfath'))",1
"(-0.025531, -0.025529]",-0.02552928985209157,-0.02552928985209157,3,"(('isolationForest', 'adequacy'), ('zscore_filter_3', 'crace'), ('bin_equal_frequency_2', 'gestat10'))",1
"(-0.025529, -0.025528]",-0.025528547676060227,-0.02552854581423556,2,"(('zscore_filter_3', 'crace'), ('IQR', 'meduc6'))",8
"(-0.025524, -0.025523]",-0.02552377727289161,-0.02552377727289161,3,"(('zscore_filter_3', 'adequacy'), ('zscore_filter_3', 'gestat10'), ('zscore_filter_3', 'ormoth'))",1
"(-0.025509, -0.025507]",-0.0255082831118744,-0.0255082831118744,3,"(('bin_equal_width_2', 'adequacy'), ('bin_equal_width_5', 'brstate'), ('isolationForest', 'adequacy'))",1
"(-0.025499, -0.025497]",-0.02549756151406773,-0.02549756151406773,3,"(('bin_equal_width_2', 'adequacy'), ('isolationForest', 'adequacy'), ('zscore_filter_3', 'frace'))",1
"(-0.025484, -0.025483]",-0.02548444777925985,-0.02548444777925985,3,"(('isolationForest', 'adequacy'), ('bin_equal_frequency_2', 'gestat10'), ('zscore_filter_3', 'mrace'))",1
"(-0.025481, -0.025479]",-0.025479395552430992,-0.025479395552430992,3,"(('bin_equal_width_2', 'adequacy'), ('bin_equal_frequency_2', 'feduc6'), ('isolationForest', 'adequacy'))",1
"(-0.025479, -0.025478]",-0.025478461012810014,-0.025478406884460854,3,"(('bin_equal_width_2', 'adequacy'), ('isolationForest', 'adequacy'), ('zscore_filter_3', 'ormoth'))",2
"(-0.025477, -0.025476]",-0.025476134991343588,-0.025476134991343588,3,"(('zscore_filter_3', 'adequacy'), ('zscore_filter_3', 'birattnd'), ('zscore_filter_3', 'cigar6'))",1
"(-0.025473, -0.025472]",-0.025472138520103757,-0.025472138520103757,3,"(('isolationForest', 'adequacy'), ('IQR', 'feduc6'), ('zscore_filter_3', 'orfath'))",1
"(-0.025468, -0.025467]",-0.02546749451027844,-0.02546749451027844,3,"(('zscore_filter_3', 'adequacy'), ('zscore_filter_3', 'drink5'), ('zscore_filter_3', 'mrace'))",1
"(-0.025461, -0.02546]",-0.02546120001090219,-0.025461198513386404,2,"(('zscore_filter_3', 'dtotord_min'), ('zscore_filter_3', 'gestat10'))",7
"(-0.02546, -0.025459]",-0.02545963405547427,-0.02545963405547427,3,"(('isolationForest', 'adequacy'), ('winsorize', 'frace'), ('zscore_filter_3', 'ormoth'))",1
"(-0.025459, -0.025458]",-0.025457899482886605,-0.025457899482886605,3,"(('zscore_filter_3', 'adequacy'), ('IQR', 'gestat10'), ('zscore_filter_3', 'mrace'))",1
"(-0.025456, -0.025455]",-0.0254562621910161,-0.025455305551672965,3,"(('zscore_filter_3', 'adequacy'), ('zscore_filter_3', 'crace'), ('zscore_filter_3', 'drink5'))",6
"(-0.025455, -0.025454]",-0.025454867070609778,-0.025454148941409713,3,"(('bin_equal_width_2', 'adequacy'), ('isolationForest', 'adequacy'), ('zscore_filter_3', 'dtotord_min'))",3
"(-0.025454, -0.025452]",-0.025452735055635615,-0.02545267790956937,3,"(('bin_equal_width_2', 'adequacy'), ('zscore_filter_3', 'orfath'), ('isolationForest', 'adequacy'))",2
"(-0.025452, -0.025451]",-0.025451381860957925,-0.025451381860957925,3,"(('isolationForest', 'adequacy'), ('bin_equal_frequency_2', 'gestat10'), ('zscore_filter_3', 'orfath'))",1
"(-0.025451, -0.02545]",-0.025450685003760617,-0.02545009291601286,3,"(('isolationForest', 'adequacy'), ('zscore_clip_3', 'gestat10'), ('zscore_filter_3', 'ormoth'))",3
"(-0.02545, -0.025449]",-0.025449379785684796,-0.025449379785684796,3,"(('isolationForest', 'adequacy'), ('bin_equal_frequency_2', 'mager8'), ('zscore_filter_3', 'ormoth'))",1
"(-0.025449, -0.025447]",-0.02544842875831207,-0.025448298244584333,3,"(('isolationForest', 'adequacy'), ('bin_equal_width_2', 'adequacy'), ('zscore_filter_3', 'ormoth'))",2
"(-0.025447, -0.025446]",-0.025447350253164455,-0.02544648503244138,3,"(('isolationForest', 'adequacy'), ('zscore_clip_3', 'crace'), ('zscore_filter_3', 'ormoth'))",6
"(-0.025446, -0.025445]",-0.025445576593840526,-0.02544527197479348,3,"(('isolationForest', 'adequacy'), ('bin_equal_width_2', 'crace'), ('zscore_filter_3', 'ormoth'))",3
"(-0.025445, -0.025444]",-0.025444697926303973,-0.025444697926303973,3,"(('isolationForest', 'adequacy'), ('norm_log', 'mrace'), ('zscore_filter_3', 'ormoth'))",1
"(-0.025444, -0.025442]",-0.02544342426850309,-0.02544231052333146,3,"(('isolationForest', 'adequacy'), ('zscore_clip_3', 'birattnd'), ('zscore_filter_3', 'ormoth'))",6
"(-0.025442, -0.025441]",-0.025442210181535165,-0.025441676969050635,3,"(('zscore_filter_3', 'adequacy'), ('zscore_filter_3', 'crace'), ('IQR', 'gestat10'))",5
"(-0.025441, -0.02544]",-0.025440727858743812,-0.025439849840414076,3,"(('isolationForest', 'adequacy'), ('norm_log', 'brstate'), ('zscore_filter_3', 'ormoth'))",7
"(-0.02544, -0.025438]",-0.025439606976625218,-0.025438449687585022,3,"(('isolationForest', 'adequacy'), ('norm_log', 'adequacy'), ('zscore_filter_3', 'ormoth'))",12
"(-0.025438, -0.025437]",-0.025438068130532916,-0.025437174821515484,2,"(('isolationForest', 'adequacy'), ('zscore_filter_3', 'ormoth'))",130
"(-0.025437, -0.025436]",-0.025437082648058426,-0.02543613497138887,3,"(('isolationForest', 'adequacy'), ('bin_equal_frequency_10', 'brstate'), ('zscore_filter_3', 'ormoth'))",28
"(-0.025436, -0.025435]",-0.025435858616206987,-0.025434673652889674,3,"(('isolationForest', 'adequacy'), ('norm_log', 'cigar6'), ('zscore_filter_3', 'ormoth'))",10
"(-0.025435, -0.025433]",-0.025433947332554614,-0.025433405873452546,3,"(('isolationForest', 'adequacy'), ('bin_equal_width_2', 'infant_id'), ('zscore_filter_3', 'ormoth'))",2
"(-0.025433, -0.025432]",-0.02543319553167578,-0.02543217900342381,3,"(('zscore_clip_3', 'adequacy'), ('bin_equal_frequency_2', 'brstate'), ('isolationForest', 'adequacy'))",9
"(-0.025432, -0.025431]",-0.02543188153228532,-0.02543077815267975,2,"(('zscore_filter_3', 'dtotord_min'), ('zscore_filter_3', 'dlivord_min'))",24
"(-0.025431, -0.025429]",-0.025430617825991268,-0.025430617254177775,2,"(('winsorize', 'pldel'), ('isolationForest', 'adequacy'))",4
"(-0.025429, -0.025428]",-0.02542922195564598,-0.02542853711809073,3,"(('isolationForest', 'adequacy'), ('bin_equal_frequency_2', 'brstate'), ('zscore_filter_3', 'ormoth'))",3
"(-0.025427, -0.025426]",-0.025426734364182923,-0.02542631140936259,3,"(('isolationForest', 'adequacy'), ('bin_equal_width_2', 'brstate'), ('zscore_filter_3', 'ormoth'))",2
"(-0.025426, -0.025424]",-0.025425115974711286,-0.025425107633595144,3,"(('isolationForest', 'adequacy'), ('zscore_clip_3', 'adequacy'), ('zscore_filter_3', 'crace'))",2
"(-0.025424, -0.025423]",-0.02542405381492222,-0.02542341527903771,3,"(('isolationForest', 'adequacy'), ('bin_equal_width_2', 'adequacy'), ('zscore_filter_3', 'crace'))",4
"(-0.025423, -0.025422]",-0.02542241530543283,-0.025421894541813428,2,"(('norm_log', 'mplbir'), ('IQR', 'mplbir'))",9
"(-0.025422, -0.025421]",-0.02542123445683934,-0.02542080987877086,3,"(('isolationForest', 'adequacy'), ('zscore_filter_3', 'crace'), ('norm_log', 'nprevistq'))",2
"(-0.025421, -0.025419]",-0.025420375456292048,-0.025420329282398377,3,"(('isolationForest', 'adequacy'), ('zscore_filter_3', 'crace'), ('IQR', 'feduc6'))",2
"(-0.025419, -0.025418]",-0.02541816620513837,-0.025418165215143233,2,"(('winsorize', 'ormoth'), ('isolationForest', 'adequacy'))",4
"(-0.025417, -0.025415]",-0.025416452863785643,-0.02541544483449088,2,"(('zscore_filter_3', 'dlivord_min'), ('zscore_filter_3', 'dtotord_min'))",16
"(-0.025415, -0.025414]",-0.025415142054540648,-0.025414201666455354,3,"(('isolationForest', 'adequacy'), ('zscore_clip_3', 'cigar6'), ('zscore_filter_3', 'crace'))",6
"(-0.025414, -0.025413]",-0.025413690196292683,-0.02541294353639747,3,"(('isolationForest', 'adequacy'), ('winsorize', 'cardiac'), ('zscore_filter_3', 'crace'))",9
"(-0.025413, -0.025412]",-0.02541255619624364,-0.025411666342415623,3,"(('isolationForest', 'adequacy'), ('norm_log', 'birattnd'), ('zscore_filter_3', 'crace'))",11
"(-0.025412, -0.02541]",-0.025411517591808565,-0.02541035071837529,3,"(('isolationForest', 'adequacy'), ('norm_log', 'adequacy'), ('zscore_filter_3', 'crace'))",16
"(-0.02541, -0.025409]",-0.025410228826779378,-0.025409078950325473,2,"(('isolationForest', 'adequacy'), ('zscore_filter_3', 'crace'))",133
"(-0.025409, -0.025408]",-0.02540893047486284,-0.02540786513618687,3,"(('isolationForest', 'adequacy'), ('winsorize', 'cigar6'), ('zscore_filter_3', 'crace'))",20
"(-0.025408, -0.025406]",-0.025407608175210965,-0.02540655639884865,3,"(('norm_log', 'adequacy'), ('bin_equal_frequency_10', 'brstate'), ('isolationForest', 'adequacy'))",11
"(-0.025406, -0.025405]",-0.02540604003922029,-0.02540581812057484,3,"(('isolationForest', 'adequacy'), ('bin_equal_width_5', 'brstate'), ('zscore_filter_3', 'crace'))",6
"(-0.025405, -0.025404]",-0.02540492332082433,-0.025404275163848335,3,"(('isolationForest', 'adequacy'), ('bin_equal_frequency_5', 'brstate'), ('zscore_filter_3', 'crace'))",4
"(-0.025404, -0.025403]",-0.025403401122455614,-0.025402623147740073,3,"(('zscore_filter_3', 'adequacy'), ('norm_log', 'dtotord_min'), ('IQR', 'dtotord_min'))",5
"(-0.025403, -0.025401]",-0.02540252289697565,-0.02540160644369344,3,"(('zscore_filter_3', 'adequacy'), ('norm_log', 'brstate'), ('zscore_filter_3', 'brstate'))",3
"(-0.025401, -0.0254]",-0.02540058007201989,-0.02540058007201989,3,"(('norm_log', 'adequacy'), ('bin_equal_frequency_5', 'brstate'), ('isolationForest', 'adequacy'))",1
"(-0.0254, -0.025399]",-0.025399013511193266,-0.025399013511193266,3,"(('isolationForest', 'adequacy'), ('zscore_filter_3', 'birattnd'), ('zscore_filter_3', 'crace'))",1
"(-0.025399, -0.025397]",-0.0253985971515847,-0.025398427414440327,3,"(('isolationForest', 'adequacy'), ('zscore_filter_3', 'crace'), ('bin_equal_width_2', 'frace'))",2
"(-0.025397, -0.025396]",-0.025396563795940064,-0.025396563795940064,3,"(('isolationForest', 'adequacy'), ('bin_equal_frequency_2', 'nprevistq'), ('zscore_filter_3', 'ormoth'))",1
"(-0.025396, -0.025395]",-0.025395803656761577,-0.02539573852746028,3,"(('isolationForest', 'adequacy'), ('zscore_filter_3', 'crace'), ('zscore_clip_3', 'ormoth'))",3
"(-0.025395, -0.025394]",-0.0253940364050914,-0.0253940364050914,3,"(('isolationForest', 'adequacy'), ('winsorize', 'chyper'), ('zscore_filter_3', 'crace'))",1
"(-0.025392, -0.025391]",-0.02539192650283835,-0.02539192650283835,3,"(('isolationForest', 'adequacy'), ('zscore_filter_3', 'crace'), ('zscore_filter_3', 'mrace'))",1
"(-0.025391, -0.02539]",-0.025390244838837003,-0.025390244838837003,3,"(('norm_log', 'adequacy'), ('bin_equal_frequency_2', 'feduc6'), ('isolationForest', 'adequacy'))",1
"(-0.02539, -0.025389]",-0.02538917683142429,-0.02538872041780292,3,"(('bin_equal_width_2', 'adequacy'), ('bin_equal_width_5', 'ormoth'), ('isolationForest', 'adequacy'))",3
"(-0.025389, -0.025387]",-0.02538799963472996,-0.02538799963472996,3,"(('isolationForest', 'adequacy'), ('zscore_filter_3', 'ormoth'), ('winsorize', 'pldel'))",1
"(-0.025387, -0.025386]",-0.025386871408382975,-0.025386871213937942,2,"(('bin_equal_width_2', 'orfath'), ('isolationForest', 'adequacy'))",4
"(-0.025386, -0.025385]",-0.02538490044216907,-0.02538490044216907,3,"(('zscore_filter_3', 'adequacy'), ('norm_log', 'mager8'), ('zscore_filter_3', 'mager8'))",1
"(-0.025385, -0.025383]",-0.02538385442880548,-0.02538385442880548,3,"(('isolationForest', 'adequacy'), ('winsorize', 'frace'), ('zscore_filter_3', 'mrace'))",1
"(-0.025383, -0.025382]",-0.025382720990362255,-0.025382465811847107,2,"(('bin_equal_width_2', 'frace'), ('isolationForest', 'adequacy'))",12
"(-0.025382, -0.025381]",-0.025382069144301946,-0.025382063349233378,3,"(('isolationForest', 'adequacy'), ('zscore_clip_3', 'adequacy'), ('zscore_filter_3', 'mrace'))",2
"(-0.025381, -0.02538]",-0.025380846559814055,-0.025379602723919995,3,"(('bin_equal_width_2', 'adequacy'), ('zscore_clip_3', 'crace'), ('isolationForest', 'adequacy'))",8
"(-0.02538, -0.025378]",-0.02537940239668064,-0.025378761050412743,3,"(('zscore_filter_3', 'adequacy'), ('norm_log', 'brstate_reg'), ('IQR', 'brstate_reg'))",2
"(-0.025378, -0.025377]",-0.025377823489766024,-0.025377732747276994,3,"(('isolationForest', 'adequacy'), ('zscore_filter_3', 'crace'), ('bin_equal_frequency_2', 'nprevistq'))",3
"(-0.025377, -0.025376]",-0.0253767137003912,-0.02537577199534053,3,"(('isolationForest', 'adequacy'), ('IQR', 'feduc6'), ('zscore_filter_3', 'mrace'))",4
"(-0.025376, -0.025374]",-0.025375562855913133,-0.025374821665897777,3,"(('isolationForest', 'adequacy'), ('bin_equal_width_5', 'crace'), ('zscore_filter_3', 'mrace'))",2
"(-0.025374, -0.025373]",-0.025373653380529233,-0.025373653362713345,3,"(('isolationForest', 'adequacy'), ('zscore_filter_3', 'mrace'), ('zscore_clip_3', 'orfath'))",2
"(-0.025373, -0.025372]",-0.025372998872670114,-0.025372058890321184,3,"(('zscore_clip_3', 'adequacy'), ('zscore_filter_3', 'dtotord_min'), ('isolationForest', 'adequacy'))",7
"(-0.025372, -0.025371]",-0.02537173605402906,-0.025370643375566312,2,"(('winsorize', 'cardiac'), ('isolationForest', 'adequacy'))",12
"(-0.025371, -0.025369]",-0.025370344136526342,-0.025369582184700545,3,"(('zscore_filter_3', 'adequacy'), ('norm_log', 'stoccfipb'), ('zscore_filter_3', 'stoccfipb'))",7
"(-0.025369, -0.025368]",-0.025369124481337622,-0.02536820441905822,3,"(('norm_log', 'adequacy'), ('IQR', 'meduc6'), ('isolationForest', 'adequacy'))",9
"(-0.025368, -0.025367]",-0.025368026433707603,-0.025366911808175206,3,"(('bin_equal_width_2', 'adequacy'), ('bin_equal_width_2', 'birattnd'), ('isolationForest', 'adequacy'))",19
"(-0.025367, -0.025366]",-0.02536672583578064,-0.025365615390561393,2,"(('isolationForest', 'adequacy'), ('zscore_filter_3', 'mrace'))",133
"(-0.025366, -0.025364]",-0.025365501660586882,-0.025364417007791254,3,"(('isolationForest', 'adequacy'), ('winsorize', 'cigar6'), ('zscore_filter_3', 'mrace'))",17
"(-0.025364, -0.025363]",-0.025364198039099322,-0.02536296839510584,1,"(('zscore_filter_3', 'adequacy'),)",21026
"(-0.025363, -0.025362]",-0.025362949192331327,-0.02536208504335507,2,"(('bin_equal_frequency_2', 'infant_id'), ('zscore_filter_3', 'adequacy'))",14
"(-0.025362, -0.02536]",-0.025361599221640767,-0.025360692687715004,3,"(('isolationForest', 'adequacy'), ('bin_equal_frequency_5', 'brstate'), ('zscore_filter_3', 'mrace'))",4
"(-0.02536, -0.025359]",-0.025360065552205456,-0.02535990083141177,3,"(('isolationForest', 'adequacy'), ('bin_equal_width_2', 'birattnd'), ('zscore_filter_3', 'mrace'))",2
"(-0.025359, -0.025358]",-0.025358979017183012,-0.02535857245769508,3,"(('isolationForest', 'adequacy'), ('bin_equal_frequency_2', 'brstate'), ('zscore_filter_3', 'mrace'))",3
"(-0.025357, -0.025355]",-0.025355422051121627,-0.025355420839372887,3,"(('isolationForest', 'adequacy'), ('zscore_filter_3', 'mrace'), ('zscore_clip_3', 'ormoth'))",2
"(-0.025355, -0.025354]",-0.025354802249289043,-0.025354802249289043,3,"(('isolationForest', 'adequacy'), ('norm_log', 'crace'), ('zscore_filter_3', 'mrace'))",1
"(-0.025354, -0.025353]",-0.02535398073725536,-0.025353576069539738,3,"(('isolationForest', 'adequacy'), ('winsorize', 'crace'), ('zscore_filter_3', 'mrace'))",2
"(-0.025351, -0.02535]",-0.025351291382398763,-0.025350325973317465,3,"(('isolationForest', 'adequacy'), ('winsorize', 'chyper'), ('zscore_filter_3', 'mrace'))",2
"(-0.025348, -0.025346]",-0.025347125419457064,-0.025347125419457064,3,"(('norm_log', 'adequacy'), ('bin_equal_width_2', 'mpre5'), ('isolationForest', 'adequacy'))",1
"(-0.025346, -0.025345]",-0.025346327511243952,-0.0253460425854072,2,"(('zscore_filter_3', 'adequacy'), ('zscore_filter_3', 'frace'))",242
"(-0.025345, -0.025344]",-0.025344646676749488,-0.025344198041662342,3,"(('bin_equal_width_2', 'adequacy'), ('bin_equal_width_2', 'birmon'), ('isolationForest', 'adequacy'))",3
"(-0.025344, -0.025342]",-0.025343718410701658,-0.025343718410701658,3,"(('bin_equal_width_2', 'adequacy'), ('norm_log', 'feduc6'), ('isolationForest', 'adequacy'))",1
"(-0.02534, -0.025339]",-0.025339813867946932,-0.025339813867946932,3,"(('isolationForest', 'adequacy'), ('zscore_filter_3', 'cigar6'), ('zscore_filter_3', 'ormoth'))",1
"(-0.025339, -0.025337]",-0.02533766787981552,-0.02533766787981552,3,"(('bin_equal_width_2', 'adequacy'), ('zscore_clip_3', 'mrace'), ('isolationForest', 'adequacy'))",1
"(-0.025337, -0.025336]",-0.025336797024875606,-0.025336584489825967,3,"(('zscore_clip_3', 'adequacy'), ('bin_equal_width_5', 'mrace'), ('isolationForest', 'adequacy'))",3
"(-0.025335, -0.025334]",-0.025333781021222045,-0.025333781021222045,3,"(('isolationForest', 'adequacy'), ('zscore_filter_3', 'mrace'), ('bin_equal_frequency_2', 'nprevistq'))",1
"(-0.025334, -0.025332]",-0.025333479178011774,-0.02533261080772749,3,"(('isolationForest', 'adequacy'), ('bin_equal_width_5', 'mrace'), ('zscore_filter_3', 'mrace'))",3
"(-0.025332, -0.025331]",-0.025331475579552065,-0.025331475579552065,3,"(('bin_equal_width_2', 'adequacy'), ('bin_equal_width_5', 'orfath'), ('isolationForest', 'adequacy'))",1
"(-0.02533, -0.025328]",-0.025329155610698432,-0.025328857645271638,3,"(('norm_log', 'adequacy'), ('bin_equal_width_5', 'mrace'), ('isolationForest', 'adequacy'))",2
"(-0.025328, -0.025327]",-0.025327801989414398,-0.02532736511635627,2,"(('zscore_filter_3', 'birattnd'), ('zscore_filter_3', 'orfath'))",9
"(-0.025327, -0.025326]",-0.025326090106650153,-0.025326090106650153,3,"(('isolationForest', 'adequacy'), ('winsorize', 'frace'), ('IQR', 'meduc6'))",1
"(-0.025326, -0.025325]",-0.02532507503414362,-0.025325073040255584,2,"(('zscore_filter_3', 'frace'), ('zscore_filter_3', 'mrace'))",7
"(-0.025325, -0.025323]",-0.025323528857966696,-0.025323513057178525,3,"(('isolationForest', 'adequacy'), ('zscore_clip_3', 'frace'), ('IQR', 'meduc6'))",2
"(-0.025323, -0.025322]",-0.025323086388296126,-0.025323086388296126,3,"(('isolationForest', 'adequacy'), ('zscore_filter_3', 'drink5'), ('zscore_filter_3', 'ormoth'))",1
"(-0.025318, -0.025317]",-0.02531731022550847,-0.02531694681324765,3,"(('isolationForest', 'adequacy'), ('zscore_clip_3', 'adequacy'), ('IQR', 'meduc6'))",3
"(-0.025317, -0.025316]",-0.025316879414145312,-0.02531594289396351,3,"(('isolationForest', 'adequacy'), ('bin_equal_width_5', 'crace'), ('IQR', 'meduc6'))",3
"(-0.025316, -0.025314]",-0.025314443420551665,-0.02531437906753456,2,"(('zscore_filter_3', 'crace'), ('zscore_filter_3', 'mrace'))",10
"(-0.025314, -0.025313]",-0.025313448507316778,-0.0253131920687038,3,"(('isolationForest', 'adequacy'), ('bin_equal_width_2', 'adequacy'), ('IQR', 'meduc6'))",3
"(-0.025312, -0.025311]",-0.02531154437177546,-0.02531079072334167,3,"(('bin_equal_width_2', 'adequacy'), ('bin_equal_width_5', 'frace'), ('isolationForest', 'adequacy'))",3
"(-0.025309, -0.025308]",-0.02530924052662211,-0.025308040915753737,3,"(('isolationForest', 'adequacy'), ('zscore_filter_3', 'cigar6'), ('zscore_filter_3', 'crace'))",6
"(-0.025308, -0.025307]",-0.025307817234447787,-0.02530702171241295,3,"(('isolationForest', 'adequacy'), ('bin_equal_width_2', 'crace'), ('IQR', 'meduc6'))",3
"(-0.025305, -0.025304]",-0.025305384917303015,-0.02530428387329492,3,"(('isolationForest', 'adequacy'), ('zscore_clip_3', 'birattnd'), ('IQR', 'meduc6'))",8
"(-0.025304, -0.025303]",-0.02530366648439397,-0.025303096831771225,3,"(('isolationForest', 'adequacy'), ('zscore_clip_3', 'cigar6'), ('IQR', 'meduc6'))",3
"(-0.025303, -0.025302]",-0.02530270102887189,-0.025301571375797118,2,"(('winsorize', 'lung'), ('isolationForest', 'adequacy'))",12
"(-0.025302, -0.0253]",-0.025300634566338243,-0.025300307398384368,3,"(('isolationForest', 'adequacy'), ('winsorize', 'cardiac'), ('IQR', 'meduc6'))",5
"(-0.0253, -0.025299]",-0.025300152210730748,-0.025299044787452114,3,"(('isolationForest', 'adequacy'), ('bin_equal_width_2', 'cigar6'), ('IQR', 'meduc6'))",9
"(-0.025299, -0.025298]",-0.025298974264046505,-0.025297836437510095,1,"(('zscore_filter_3', 'orfath'),)",1731
"(-0.025298, -0.025296]",-0.025297663736673404,-0.02529646678784611,2,"(('isolationForest', 'adequacy'), ('IQR', 'meduc6'))",129
"(-0.025296, -0.025295]",-0.02529642303326953,-0.025295334890927716,2,"(('bin_equal_frequency_10', 'infant_id'), ('zscore_filter_3', 'orfath'))",39
"(-0.025295, -0.025294]",-0.025294956913776534,-0.02529389851589885,2,"(('zscore_filter_3', 'frace'), ('zscore_filter_3', 'orfath'))",26
"(-0.025294, -0.025293]",-0.02529379369572766,-0.025292685285840822,3,"(('isolationForest', 'adequacy'), ('bin_equal_frequency_5', 'brstate'), ('IQR', 'meduc6'))",5
"(-0.025293, -0.025291]",-0.025292589361660938,-0.025291487415831496,3,"(('bin_equal_width_2', 'adequacy'), ('winsorize', 'herpes'), ('isolationForest', 'adequacy'))",11
"(-0.025291, -0.02529]",-0.025291202996980112,-0.025290990687361094,3,"(('isolationForest', 'adequacy'), ('bin_equal_width_2', 'birattnd'), ('IQR', 'meduc6'))",2
"(-0.02529, -0.025289]",-0.025289624222192334,-0.025289222228479978,3,"(('isolationForest', 'adequacy'), ('bin_equal_width_2', 'crace'), ('zscore_filter_3', 'orfath'))",2
"(-0.025289, -0.025288]",-0.025288235859427327,-0.025287636862313924,3,"(('isolationForest', 'adequacy'), ('bin_equal_width_2', 'brstate'), ('IQR', 'meduc6'))",3
"(-0.025288, -0.025286]",-0.025287266745927572,-0.025286238848160537,3,"(('isolationForest', 'adequacy'), ('bin_equal_frequency_2', 'brstate'), ('IQR', 'meduc6'))",6
"(-0.025286, -0.025285]",-0.025285742680566284,-0.02528529956438766,3,"(('isolationForest', 'adequacy'), ('zscore_clip_3', 'birattnd'), ('zscore_filter_3', 'orfath'))",8
"(-0.025285, -0.025284]",-0.025284914033075673,-0.025283880084521624,3,"(('isolationForest', 'adequacy'), ('norm_log', 'brstate'), ('zscore_filter_3', 'orfath'))",8
"(-0.025284, -0.025282]",-0.02528343319369248,-0.02528243443737557,2,"(('bin_equal_width_5', 'orfath'), ('zscore_filter_3', 'orfath'))",18
"(-0.025282, -0.025281]",-0.025282325130873553,-0.02528111386207577,3,"(('zscore_filter_3', 'adequacy'), ('zscore_filter_3', 'drink5'), ('zscore_filter_3', 'ormoth'))",16
"(-0.025281, -0.02528]",-0.025281053616914965,-0.025280051784972526,2,"(('isolationForest', 'adequacy'), ('zscore_filter_3', 'orfath'))",117
"(-0.02528, -0.025279]",-0.025279806849195625,-0.025278629032428494,3,"(('isolationForest', 'adequacy'), ('bin_equal_frequency_2', 'birmon'), ('zscore_filter_3', 'orfath'))",24
"(-0.025279, -0.025277]",-0.025278385000883842,-0.02527757730643595,3,"(('norm_log', 'adequacy'), ('bin_equal_width_2', 'ormoth'), ('isolationForest', 'adequacy'))",11
"(-0.025277, -0.025276]",-0.025277069830493576,-0.025276086680407976,3,"(('isolationForest', 'adequacy'), ('bin_equal_width_5', 'dfageq'), ('zscore_filter_3', 'orfath'))",5
"(-0.025276, -0.025275]",-0.02527588942974508,-0.025274975053784402,3,"(('isolationForest', 'adequacy'), ('bin_equal_width_5', 'brstate'), ('zscore_filter_3', 'orfath'))",11
"(-0.025275, -0.025273]",-0.025274650108646296,-0.025273868970095238,3,"(('isolationForest', 'adequacy'), ('bin_equal_width_2', 'birattnd'), ('zscore_filter_3', 'orfath'))",4
"(-0.025273, -0.025272]",-0.025273427376193935,-0.02527284004570832,3,"(('isolationForest', 'adequacy'), ('bin_equal_width_2', 'mpre5'), ('zscore_filter_3', 'orfath'))",2
"(-0.025272, -0.025271]",-0.025272029385128812,-0.025271496524761836,3,"(('zscore_filter_3', 'adequacy'), ('zscore_filter_3', 'cigar6'), ('bin_equal_frequency_10', 'infant_id'))",5
"(-0.025271, -0.02527]",-0.02527071230023072,-0.025269887753456843,2,"(('zscore_filter_3', 'ormoth'), ('zscore_filter_3', 'orfath'))",10
"(-0.02527, -0.025268]",-0.02526925831919484,-0.02526925831919484,3,"(('isolationForest', 'adequacy'), ('bin_equal_width_2', 'brstate'), ('zscore_filter_3', 'orfath'))",1
"(-0.025267, -0.025266]",-0.025266884184124302,-0.025266226769504734,2,"(('zscore_filter_3', 'adequacy'), ('zscore_filter_3', 'cigar6'))",239
"(-0.025266, -0.025264]",-0.02526520107902803,-0.025264989826662552,3,"(('zscore_filter_3', 'adequacy'), ('IQR', 'gestat10'), ('zscore_filter_3', 'ormoth'))",2
"(-0.025264, -0.025263]",-0.02526373134196496,-0.025263226304004682,3,"(('norm_log', 'adequacy'), ('winsorize', 'chyper'), ('isolationForest', 'adequacy'))",2
"(-0.025263, -0.025262]",-0.025262840433088636,-0.025261935910239543,2,"(('zscore_filter_3', 'dtotord_min'), ('IQR', 'gestat10'))",8
"(-0.025261, -0.025259]",-0.025260041262142718,-0.025260041262142718,3,"(('isolationForest', 'adequacy'), ('zscore_filter_3', 'birattnd'), ('zscore_filter_3', 'orfath'))",1
"(-0.025259, -0.025258]",-0.02525838549695263,-0.025258383807160858,2,"(('bin_equal_width_5', 'dtotord_min'), ('zscore_filter_3', 'dtotord_min'))",14
"(-0.025258, -0.025257]",-0.025257990080486965,-0.025257990080486965,3,"(('isolationForest', 'adequacy'), ('zscore_filter_3', 'dtotord_min'), ('bin_equal_width_2', 'gestat10'))",1
"(-0.025257, -0.025256]",-0.025256285889417147,-0.025256285889417147,3,"(('isolationForest', 'adequacy'), ('IQR', 'meduc6'), ('bin_equal_width_2', 'nprevistq'))",1
"(-0.025253, -0.025252]",-0.025252634769024257,-0.02525241387660934,3,"(('isolationForest', 'adequacy'), ('zscore_filter_3', 'adequacy'), ('zscore_filter_3', 'birattnd'))",2
"(-0.025252, -0.02525]",-0.025251557873992705,-0.025251045802761284,3,"(('isolationForest', 'adequacy'), ('zscore_filter_3', 'drink5'), ('zscore_filter_3', 'mrace'))",2
"(-0.02525, -0.025249]",-0.025250131050442656,-0.02524981231876941,3,"(('norm_log', 'adequacy'), ('bin_equal_width_2', 'drink5'), ('isolationForest', 'adequacy'))",2
"(-0.025248, -0.025247]",-0.02524763250534703,-0.02524763250534703,3,"(('bin_equal_width_2', 'adequacy'), ('winsorize', 'stoccfipb'), ('isolationForest', 'adequacy'))",1
"(-0.025247, -0.025245]",-0.025246573952566548,-0.02524646346595403,3,"(('zscore_filter_3', 'adequacy'), ('zscore_filter_3', 'cigar6'), ('zscore_filter_3', 'frace'))",2
"(-0.025244, -0.025243]",-0.025242739181426055,-0.025242738954437963,2,"(('norm_log', 'stoccfipb'), ('isolationForest', 'adequacy'))",4
"(-0.025243, -0.025241]",-0.025242518893532198,-0.02524231115288851,3,"(('bin_equal_width_2', 'adequacy'), ('bin_equal_frequency_10', 'stoccfipb'), ('isolationForest', 'adequacy'))",2
"(-0.025241, -0.02524]",-0.025240920825263916,-0.025240920825263916,3,"(('isolationForest', 'adequacy'), ('zscore_filter_3', 'adequacy'), ('IQR', 'feduc6'))",1
"(-0.02524, -0.025239]",-0.025239200156042647,-0.025239200156042647,3,"(('isolationForest', 'adequacy'), ('bin_equal_width_2', 'nprevistq'), ('zscore_filter_3', 'orfath'))",1
"(-0.025239, -0.025238]",-0.025238069581039017,-0.025238069581039017,3,"(('bin_equal_width_2', 'adequacy'), ('winsorize', 'pldel'), ('isolationForest', 'adequacy'))",1
"(-0.025238, -0.025236]",-0.025236587355462498,-0.025236587355462498,3,"(('bin_equal_width_2', 'adequacy'), ('bin_equal_width_5', 'brstate_reg'), ('isolationForest', 'adequacy'))",1
"(-0.025231, -0.02523]",-0.025230493562883066,-0.025230493562883066,3,"(('isolationForest', 'adequacy'), ('zscore_filter_3', 'orfath'), ('winsorize', 'pldel'))",1
"(-0.02523, -0.025229]",-0.02522946053792717,-0.025229319904760895,3,"(('isolationForest', 'adequacy'), ('norm_log', 'gestat10'), ('IQR', 'meduc6'))",2
"(-0.025225, -0.025224]",-0.025224699469442332,-0.025224699469442332,3,"(('norm_log', 'adequacy'), ('winsorize', 'cardiac'), ('isolationForest', 'adequacy'))",1
"(-0.025224, -0.025222]",-0.025223083744260334,-0.025223083744260334,3,"(('isolationForest', 'adequacy'), ('winsorize', 'crace'), ('zscore_filter_3', 'crace'))",1
"(-0.025221, -0.02522]",-0.02522061043765758,-0.025219963706954788,2,"(('zscore_filter_3', 'adequacy'), ('zscore_filter_3', 'gestat10'))",235
"(-0.02522, -0.025218]",-0.025219463440148485,-0.025219463440148485,3,"(('zscore_filter_3', 'adequacy'), ('zscore_filter_3', 'gestat10'), ('bin_equal_frequency_2', 'infant_id'))",1
"(-0.025216, -0.025215]",-0.025214834934694588,-0.025214834701541046,2,"(('bin_equal_width_5', 'stoccfipb'), ('isolationForest', 'adequacy'))",4
"(-0.025215, -0.025213]",-0.02521398330891415,-0.025213981687977706,2,"(('zscore_filter_3', 'cigar6'), ('zscore_filter_3', 'orfath'))",8
"(-0.025213, -0.025212]",-0.0252123135402694,-0.025212312562136352,2,"(('zscore_filter_3', 'dtotord_min'), ('isolationForest', 'adequacy'))",4
"(-0.025206, -0.025204]",-0.02520551030211986,-0.02520506234292868,3,"(('bin_equal_width_2', 'adequacy'), ('bin_equal_frequency_2', 'dlivord_min'), ('isolationForest', 'adequacy'))",2
"(-0.025201, -0.025199]",-0.025199302178558956,-0.02519930098013419,2,"(('zscore_filter_3', 'birattnd'), ('zscore_filter_3', 'ormoth'))",8
"(-0.025198, -0.025197]",-0.0251975010086057,-0.0251975010086057,3,"(('zscore_filter_3', 'adequacy'), ('norm_log', 'gestat10'), ('zscore_filter_3', 'gestat10'))",1
"(-0.025194, -0.025193]",-0.02519320485835868,-0.02519320485835868,3,"(('zscore_filter_3', 'adequacy'), ('zscore_filter_3', 'frace'), ('zscore_filter_3', 'gestat10'))",1
"(-0.025192, -0.02519]",-0.025190624831513,-0.02519038916634683,2,"(('zscore_filter_3', 'mrace'), ('zscore_filter_3', 'crace'))",8
"(-0.025188, -0.025186]",-0.025186755835520495,-0.025186753075621838,2,"(('bin_equal_width_5', 'crace'), ('zscore_filter_3', 'crace'))",16
"(-0.025186, -0.025185]",-0.025185976104622268,-0.025185975368231087,2,"(('zscore_filter_3', 'dtotord_min'), ('zscore_filter_3', 'mpre5'))",7
"(-0.025185, -0.025184]",-0.025183957853997924,-0.025183957853997924,3,"(('isolationForest', 'adequacy'), ('zscore_filter_3', 'cigar6'), ('IQR', 'meduc6'))",1
"(-0.025184, -0.025183]",-0.025183316923909675,-0.025183316923909675,3,"(('isolationForest', 'adequacy'), ('zscore_filter_3', 'cigar6'), ('zscore_filter_3', 'orfath'))",1
"(-0.02518, -0.025179]",-0.025179956696246994,-0.025179434053699844,2,"(('zscore_filter_3', 'frace'), ('zscore_filter_3', 'crace'))",8
"(-0.025179, -0.025178]",-0.0251778701747453,-0.025177684805288474,2,"(('zscore_filter_3', 'birattnd'), ('zscore_filter_3', 'mrace'))",15
"(-0.025176, -0.025175]",-0.02517604945175765,-0.02517604945175765,3,"(('bin_equal_width_2', 'adequacy'), ('norm_log', 'ormoth'), ('isolationForest', 'adequacy'))",1
"(-0.025175, -0.025174]",-0.025173821326754744,-0.025173821326754744,3,"(('bin_equal_width_2', 'adequacy'), ('bin_equal_frequency_5', 'stoccfipb_reg'), ('isolationForest', 'adequacy'))",1
"(-0.025171, -0.02517]",-0.025169994355602132,-0.025169994355602132,3,"(('bin_equal_width_2', 'adequacy'), ('norm_log', 'drink5'), ('isolationForest', 'adequacy'))",1
"(-0.025166, -0.025165]",-0.025165587554652775,-0.025165046832753207,2,"(('norm_log', 'infant_id'), ('isolationForest', 'adequacy'))",5
"(-0.025165, -0.025163]",-0.025164325580886313,-0.025163476833967767,2,"(('zscore_filter_3', 'ormoth'), ('bin_equal_frequency_10', 'infant_id'))",7
"(-0.025163, -0.025162]",-0.025163403340568873,-0.025162381044971174,2,"(('zscore_filter_3', 'ormoth'), ('bin_equal_frequency_5', 'infant_id'))",8
"(-0.025162, -0.025161]",-0.025161729192621763,-0.025161729192621763,3,"(('zscore_clip_3', 'adequacy'), ('zscore_filter_3', 'orfath'), ('isolationForest', 'adequacy'))",1
"(-0.025161, -0.02516]",-0.025160236518148502,-0.025160236518148502,3,"(('isolationForest', 'adequacy'), ('zscore_filter_3', 'adequacy'), ('bin_equal_width_2', 'gestat10'))",1
"(-0.02516, -0.025158]",-0.025159413140340287,-0.025158814938212867,1,"(('zscore_filter_3', 'ormoth'),)",1732
"(-0.025158, -0.025157]",-0.025157826872014243,-0.025157826872014243,3,"(('bin_equal_width_2', 'adequacy'), ('winsorize', 'ormoth'), ('isolationForest', 'adequacy'))",1
"(-0.025157, -0.025156]",-0.02515697208336116,-0.025156719142919972,2,"(('bin_equal_frequency_10', 'infant_id'), ('zscore_filter_3', 'ormoth'))",8
"(-0.025156, -0.025154]",-0.02515571040166413,-0.0251544908792674,2,"(('bin_equal_frequency_5', 'infant_id'), ('zscore_filter_3', 'ormoth'))",9
"(-0.025153, -0.025152]",-0.025153031253610087,-0.025152787368000275,2,"(('zscore_filter_3', 'frace'), ('zscore_filter_3', 'ormoth'))",14
"(-0.025149, -0.025148]",-0.02514862586967059,-0.02514862586967059,3,"(('zscore_filter_3', 'adequacy'), ('zscore_filter_3', 'birattnd'), ('zscore_filter_3', 'drink5'))",1
"(-0.025148, -0.025147]",-0.025147247988460592,-0.025147247988460592,3,"(('isolationForest', 'adequacy'), ('norm_log', 'stoccfipb'), ('IQR', 'stoccfipb'))",1
"(-0.025146, -0.025144]",-0.025144909279520334,-0.025144909279520334,3,"(('bin_equal_width_2', 'adequacy'), ('bin_equal_width_5', 'dfageq'), ('isolationForest', 'adequacy'))",1
"(-0.025143, -0.025142]",-0.02514195488894883,-0.025141764555210788,1,"(('zscore_filter_3', 'mrace'),)",1752
"(-0.025142, -0.02514]",-0.025141513495368334,-0.02514059701962573,2,"(('zscore_filter_3', 'mrace'), ('bin_equal_frequency_2', 'infant_id'))",21
"(-0.02514, -0.025139]",-0.025139856864553615,-0.025139831156236893,2,"(('bin_equal_frequency_10', 'infant_id'), ('zscore_filter_3', 'mrace'))",7
"(-0.025139, -0.025138]",-0.025139029905919565,-0.025138157191262285,2,"(('zscore_filter_3', 'crace'), ('zscore_filter_3', 'frace'))",16
"(-0.025134, -0.025133]",-0.025133127875029172,-0.025133127875029172,3,"(('bin_equal_width_2', 'adequacy'), ('bin_equal_width_10', 'stoccfipb'), ('isolationForest', 'adequacy'))",1
"(-0.025133, -0.025131]",-0.025132477424897548,-0.025132477424897548,3,"(('bin_equal_width_2', 'adequacy'), ('bin_equal_width_5', 'cigar6'), ('isolationForest', 'adequacy'))",1
"(-0.025131, -0.02513]",-0.025131361029648844,-0.025130462871451417,3,"(('norm_log', 'adequacy'), ('bin_equal_width_5', 'birmon'), ('isolationForest', 'adequacy'))",3
"(-0.02513, -0.025129]",-0.02512903173089665,-0.02512903173089665,3,"(('bin_equal_width_2', 'adequacy'), ('bin_equal_width_2', 'orfath'), ('isolationForest', 'adequacy'))",1
"(-0.025126, -0.025125]",-0.025125410256411542,-0.025125347809195484,2,"(('zscore_filter_3', 'crace'), ('bin_equal_frequency_5', 'infant_id'))",8
"(-0.025125, -0.025124]",-0.025125005020862512,-0.02512494391742364,2,"(('zscore_filter_3', 'crace'), ('bin_equal_frequency_10', 'infant_id'))",8
"(-0.025124, -0.025123]",-0.02512359032868174,-0.025123096372230203,1,"(('zscore_filter_3', 'crace'),)",1919
"(-0.025123, -0.025121]",-0.025121870559921267,-0.025121403479250987,2,"(('bin_equal_frequency_10', 'infant_id'), ('zscore_filter_3', 'crace'))",9
"(-0.025121, -0.02512]",-0.02512120708396402,-0.025121010804728065,3,"(('bin_equal_width_2', 'adequacy'), ('bin_equal_width_2', 'mplbir_reg'), ('isolationForest', 'adequacy'))",3
"(-0.02512, -0.025119]",-0.025119506992257918,-0.02511941487865293,2,"(('bin_equal_frequency_5', 'infant_id'), ('zscore_filter_3', 'crace'))",7
"(-0.025119, -0.025117]",-0.02511808116305007,-0.02511808116305007,3,"(('bin_equal_width_2', 'adequacy'), ('norm_log', 'dlivord_min'), ('isolationForest', 'adequacy'))",1
"(-0.025117, -0.025116]",-0.025116116724361676,-0.025116116724361676,3,"(('bin_equal_width_2', 'adequacy'), ('bin_equal_width_5', 'mplbir'), ('isolationForest', 'adequacy'))",1
"(-0.025115, -0.025114]",-0.025114634110146715,-0.025114633507037912,2,"(('zscore_clip_3', 'orfath'), ('isolationForest', 'adequacy'))",4
"(-0.02511, -0.025108]",-0.025109187097718515,-0.025108907275436278,2,"(('bin_equal_width_10', 'brstate'), ('isolationForest', 'adequacy'))",9
"(-0.025107, -0.025106]",-0.02510593954996813,-0.025105938522172994,2,"(('winsorize', 'chyper'), ('isolationForest', 'adequacy'))",5
"(-0.025103, -0.025102]",-0.02510248010623047,-0.02510248010623047,3,"(('isolationForest', 'adequacy'), ('IQR', 'feduc6'), ('zscore_filter_3', 'frace'))",1
"(-0.025102, -0.025101]",-0.02510155633225667,-0.02510155454904513,2,"(('IQR', 'feduc6'), ('zscore_filter_3', 'ormoth'))",7
"(-0.025101, -0.025099]",-0.025100141731758327,-0.025100141731758327,3,"(('norm_log', 'adequacy'), ('zscore_filter_3', 'orfath'), ('isolationForest', 'adequacy'))",1
"(-0.025099, -0.025098]",-0.02509880225079143,-0.02509880225079143,3,"(('bin_equal_width_2', 'adequacy'), ('norm_log', 'birattnd'), ('isolationForest', 'adequacy'))",1
"(-0.025098, -0.025097]",-0.025097544787879653,-0.025097543764091675,2,"(('bin_equal_width_5', 'dlivord_min'), ('isolationForest', 'adequacy'))",5
"(-0.025097, -0.025096]",-0.025096321131781105,-0.025096321131781105,3,"(('zscore_filter_3', 'adequacy'), ('norm_log', 'dlivord_min'), ('zscore_filter_3', 'dlivord_min'))",1
"(-0.025096, -0.025094]",-0.025095094710143977,-0.025094982462809532,2,"(('bin_equal_width_5', 'stoccfipb_reg'), ('isolationForest', 'adequacy'))",6
"(-0.025094, -0.025093]",-0.025094045789746198,-0.025094045789746198,3,"(('zscore_filter_3', 'adequacy'), ('zscore_filter_3', 'dlivord_min'), ('IQR', 'meduc6'))",1
"(-0.025092, -0.025091]",-0.025091307137955203,-0.025090903448065482,3,"(('norm_log', 'adequacy'), ('bin_equal_width_10', 'brstate'), ('isolationForest', 'adequacy'))",3
"(-0.025088, -0.025087]",-0.025087168010151057,-0.025087134425026813,3,"(('isolationForest', 'adequacy'), ('zscore_filter_3', 'adequacy'), ('zscore_clip_3', 'frace'))",2
"(-0.025087, -0.025085]",-0.025086632397046556,-0.025086632397046556,3,"(('isolationForest', 'adequacy'), ('zscore_filter_3', 'adequacy'), ('winsorize', 'frace'))",1
"(-0.025084, -0.025083]",-0.02508391894021407,-0.0250830272050739,3,"(('bin_equal_width_2', 'adequacy'), ('bin_equal_width_5', 'mplbir_reg'), ('isolationForest', 'adequacy'))",2
"(-0.02508, -0.025079]",-0.02508017835883201,-0.02508017835883201,3,"(('isolationForest', 'adequacy'), ('zscore_filter_3', 'adequacy'), ('norm_log', 'frace'))",1
"(-0.025078, -0.025076]",-0.025077725300372302,-0.025077710179923093,3,"(('isolationForest', 'adequacy'), ('zscore_filter_3', 'adequacy'), ('zscore_clip_3', 'crace'))",2
"(-0.025076, -0.025075]",-0.025075736746464312,-0.025075734484610118,2,"(('IQR', 'dlivord_min'), ('IQR', 'dtotord_min'))",8
"(-0.025075, -0.025074]",-0.025074810404505935,-0.025074087181451918,3,"(('isolationForest', 'adequacy'), ('zscore_filter_3', 'adequacy'), ('norm_log', 'nprevistq'))",2
"(-0.025074, -0.025073]",-0.02507354072352627,-0.025073219334548473,2,"(('IQR', 'meduc6'), ('bin_equal_frequency_5', 'infant_id'))",14
"(-0.025073, -0.025071]",-0.02507241871536853,-0.0250718821921452,2,"(('zscore_filter_3', 'cigar6'), ('zscore_filter_3', 'ormoth'))",17
"(-0.025071, -0.02507]",-0.025071205783707723,-0.025070090834173168,1,"(('IQR', 'meduc6'),)",1762
"(-0.02507, -0.025069]",-0.0250696375952468,-0.02506899124860623,2,"(('bin_equal_frequency_10', 'infant_id'), ('IQR', 'meduc6'))",10
"(-0.025069, -0.025068]",-0.025068765990806856,-0.025068363044487063,2,"(('bin_equal_frequency_5', 'infant_id'), ('IQR', 'meduc6'))",9
"(-0.025068, -0.025066]",-0.025067396197432867,-0.025066760188452542,3,"(('isolationForest', 'adequacy'), ('zscore_filter_3', 'adequacy'), ('bin_equal_frequency_2', 'dfageq'))",3
"(-0.025066, -0.025065]",-0.025065635375097484,-0.025065044103182898,3,"(('isolationForest', 'adequacy'), ('zscore_filter_3', 'adequacy'), ('winsorize', 'cardiac'))",4
"(-0.025065, -0.025064]",-0.025064596855164573,-0.025063752965088174,3,"(('isolationForest', 'adequacy'), ('zscore_filter_3', 'adequacy'), ('bin_equal_frequency_2', 'birmon'))",7
"(-0.025064, -0.025062]",-0.025063532294019513,-0.02506241111146148,3,"(('isolationForest', 'adequacy'), ('zscore_filter_3', 'adequacy'), ('zscore_clip_3', 'birattnd'))",16
"(-0.025062, -0.025061]",-0.025062357030836223,-0.02506124198683432,2,"(('isolationForest', 'adequacy'), ('zscore_filter_3', 'adequacy'))",128
"(-0.025061, -0.02506]",-0.025061097917404917,-0.025059904197290903,3,"(('norm_log', 'adequacy'), ('norm_log', 'gestat10'), ('isolationForest', 'adequacy'))",31
"(-0.02506, -0.025059]",-0.02505973688044864,-0.025058574826808778,3,"(('isolationForest', 'adequacy'), ('zscore_filter_3', 'adequacy'), ('norm_log', 'cigar6'))",8
"(-0.025059, -0.025057]",-0.025058509888563927,-0.025057743798543735,3,"(('bin_equal_width_2', 'adequacy'), ('norm_log', 'frace'), ('isolationForest', 'adequacy'))",6
"(-0.025057, -0.025056]",-0.025057158270011964,-0.02505645626110039,2,"(('bin_equal_width_5', 'mplbir_reg'), ('isolationForest', 'adequacy'))",9
"(-0.025056, -0.025055]",-0.025055692436467422,-0.025054872859632517,3,"(('norm_log', 'adequacy'), ('bin_equal_width_2', 'orfath'), ('isolationForest', 'adequacy'))",8
"(-0.025055, -0.025053]",-0.025054460502829178,-0.025053921944162665,2,"(('zscore_filter_3', 'cigar6'), ('zscore_filter_3', 'mrace'))",10
"(-0.025053, -0.025052]",-0.025052449022137442,-0.02505238431250642,2,"(('zscore_filter_3', 'frace'), ('IQR', 'meduc6'))",10
"(-0.025052, -0.025051]",-0.025051938492713727,-0.025051938492713727,3,"(('isolationForest', 'adequacy'), ('zscore_filter_3', 'adequacy'), ('bin_equal_width_2', 'frace'))",1
"(-0.025051, -0.02505]",-0.02505033708106174,-0.0250496676975963,2,"(('IQR', 'dlivord_min'), ('zscore_filter_3', 'ormoth'))",9
"(-0.02505, -0.025048]",-0.02504900618120935,-0.02504900618120935,3,"(('norm_log', 'adequacy'), ('winsorize', 'pldel'), ('isolationForest', 'adequacy'))",1
"(-0.025048, -0.025047]",-0.025047895704010854,-0.025047895704010854,3,"(('isolationForest', 'adequacy'), ('zscore_filter_3', 'adequacy'), ('bin_equal_width_2', 'brstate'))",1
"(-0.025044, -0.025043]",-0.025043661299785434,-0.025043644353856413,3,"(('isolationForest', 'adequacy'), ('zscore_filter_3', 'adequacy'), ('zscore_clip_3', 'gestat10'))",2
"(-0.025042, -0.025041]",-0.02504089918967819,-0.025040896523062676,2,"(('IQR', 'dlivord_min'), ('zscore_filter_3', 'dtotord_min'))",8
"(-0.025041, -0.025039]",-0.025039705996536387,-0.025039705996536387,3,"(('isolationForest', 'adequacy'), ('zscore_clip_3', 'mrace'), ('zscore_filter_3', 'frace'))",1
"(-0.025039, -0.025038]",-0.02503885153179057,-0.02503868296318388,2,"(('bin_equal_frequency_5', 'stoccfipb_reg'), ('isolationForest', 'adequacy'))",5
"(-0.025038, -0.025037]",-0.02503801901560637,-0.025037354809077057,3,"(('isolationForest', 'adequacy'), ('zscore_clip_3', 'adequacy'), ('bin_equal_width_2', 'gestat10'))",4
"(-0.025037, -0.025036]",-0.025036252051978042,-0.02503585285016381,3,"(('bin_equal_width_2', 'adequacy'), ('norm_log', 'gestat10'), ('isolationForest', 'adequacy'))",3
"(-0.025036, -0.025034]",-0.02503536253964179,-0.025034358452486246,2,"(('zscore_filter_3', 'cigar6'), ('zscore_filter_3', 'crace'))",11
"(-0.025034, -0.025033]",-0.0250341652585648,-0.02503302200196977,2,"(('zscore_filter_3', 'mpre5'), ('zscore_filter_3', 'mrace'))",11
"(-0.025033, -0.025032]",-0.025032875297694768,-0.025031771240660437,2,"(('winsorize', 'rh'), ('isolationForest', 'adequacy'))",5
"(-0.025032, -0.02503]",-0.02503164121137289,-0.0250313319298682,3,"(('isolationForest', 'adequacy'), ('zscore_filter_3', 'adequacy'), ('norm_log', 'gestat10'))",2
"(-0.02503, -0.025029]",-0.025030178831011794,-0.0250300944222246,3,"(('bin_equal_width_2', 'adequacy'), ('winsorize', 'mager8'), ('isolationForest', 'adequacy'))",2
"(-0.025029, -0.025028]",-0.025028211628040878,-0.02502821087638625,3,"(('isolationForest', 'adequacy'), ('zscore_clip_3', 'birattnd'), ('zscore_filter_3', 'frace'))",3
"(-0.025028, -0.025027]",-0.025027817805558752,-0.02502659767228235,3,"(('isolationForest', 'adequacy'), ('zscore_filter_3', 'frace'), ('bin_equal_frequency_2', 'mplbir_reg'))",6
"(-0.025027, -0.025025]",-0.02502655917698455,-0.025025334416102545,3,"(('bin_equal_width_2', 'adequacy'), ('winsorize', 'pre4000'), ('isolationForest', 'adequacy'))",6
"(-0.025025, -0.025024]",-0.025025014054290435,-0.025024041575088193,3,"(('zscore_clip_3', 'adequacy'), ('bin_equal_width_2', 'cigar6'), ('isolationForest', 'adequacy'))",7
"(-0.025024, -0.025023]",-0.025023967717070033,-0.025022757353506304,3,"(('norm_log', 'adequacy'), ('zscore_clip_3', 'orfath'), ('isolationForest', 'adequacy'))",18
"(-0.025023, -0.025021]",-0.025022721415525598,-0.025021488848124076,2,"(('zscore_filter_3', 'crace'), ('zscore_filter_3', 'mpre5'))",37
"(-0.025021, -0.02502]",-0.025021439999518117,-0.02502021212247721,2,"(('isolationForest', 'adequacy'), ('zscore_filter_3', 'frace'))",126
"(-0.02502, -0.025019]",-0.025020177334561407,-0.025019054722503355,3,"(('bin_equal_width_2', 'adequacy'), ('winsorize', 'gestat10'), ('isolationForest', 'adequacy'))",13
"(-0.025019, -0.025018]",-0.025018618011501004,-0.02501776378893455,3,"(('isolationForest', 'adequacy'), ('bin_equal_width_5', 'crace'), ('bin_equal_width_2', 'gestat10'))",10
"(-0.025018, -0.025016]",-0.025017618655579877,-0.025016775391367232,2,"(('zscore_clip_3', 'drink5'), ('isolationForest', 'adequacy'))",12
"(-0.025016, -0.025015]",-0.025015863384769084,-0.025015235140300178,3,"(('isolationForest', 'adequacy'), ('bin_equal_width_2', 'birattnd'), ('zscore_filter_3', 'frace'))",3
"(-0.025015, -0.025014]",-0.02501490526296433,-0.02501403624748558,3,"(('isolationForest', 'adequacy'), ('bin_equal_width_2', 'brstate'), ('zscore_filter_3', 'frace'))",2
"(-0.025014, -0.025013]",-0.025013038207130505,-0.02501276030634884,3,"(('isolationForest', 'adequacy'), ('bin_equal_frequency_2', 'brstate'), ('zscore_filter_3', 'frace'))",2
"(-0.025013, -0.025011]",-0.025012365311867076,-0.02501149741990489,3,"(('norm_log', 'adequacy'), ('bin_equal_width_2', 'birattnd'), ('isolationForest', 'adequacy'))",7
"(-0.025011, -0.02501]",-0.025010713626450968,-0.025010321184509108,3,"(('isolationForest', 'adequacy'), ('winsorize', 'chyper'), ('zscore_filter_3', 'frace'))",3
"(-0.02501, -0.025009]",-0.02500903155121141,-0.02500871314695467,3,"(('isolationForest', 'adequacy'), ('zscore_filter_3', 'dtotord_min'), ('zscore_clip_3', 'frace'))",5
"(-0.025009, -0.025007]",-0.025008377901814233,-0.025007464790955388,2,"(('IQR', 'meduc6'), ('isolationForest', 'adequacy'))",5
"(-0.025007, -0.025006]",-0.025006770349819577,-0.025006133298599402,3,"(('zscore_filter_3', 'adequacy'), ('IQR', 'meduc6'), ('isolationForest', 'adequacy'))",6
"(-0.025006, -0.025005]",-0.025006080295225476,-0.025004864956939175,3,"(('isolationForest', 'adequacy'), ('zscore_filter_3', 'dtotord_min'), ('zscore_clip_3', 'gestat10'))",4
"(-0.025005, -0.025004]",-0.025004663926663118,-0.025003985502151046,3,"(('norm_log', 'adequacy'), ('bin_equal_width_5', 'cigar6'), ('isolationForest', 'adequacy'))",3
"(-0.025004, -0.025002]",-0.025003074094394232,-0.02500234363207601,2,"(('winsorize', 'stoccfipb'), ('isolationForest', 'adequacy'))",11
"(-0.025002, -0.025001]",-0.02500225699477946,-0.025001111540129507,3,"(('zscore_filter_3', 'adequacy'), ('zscore_filter_3', 'dlivord_min'), ('zscore_filter_3', 'mrace'))",4
"(-0.025001, -0.025]",-0.02500092656803606,-0.024999801765652335,3,"(('isolationForest', 'adequacy'), ('norm_log', 'dfageq'), ('bin_equal_width_2', 'gestat10'))",6
"(-0.025, -0.024998]",-0.024999640001273696,-0.024998475033011103,3,"(('zscore_filter_3', 'adequacy'), ('IQR', 'dlivord_min'), ('zscore_filter_3', 'ormoth'))",8
"(-0.024998, -0.024997]",-0.024997880510628658,-0.02499723623292386,3,"(('isolationForest', 'adequacy'), ('bin_equal_width_2', 'adequacy'), ('bin_equal_width_2', 'gestat10'))",9
"(-0.024997, -0.024996]",-0.02499710375066994,-0.024995977468644744,3,"(('bin_equal_width_2', 'adequacy'), ('norm_log', 'mager8'), ('isolationForest', 'adequacy'))",17
"(-0.024996, -0.024995]",-0.02499574799890625,-0.024994685576041512,2,"(('isolationForest', 'adequacy'), ('bin_equal_width_2', 'gestat10'))",105
"(-0.024995, -0.024993]",-0.02499455466627907,-0.02499345898295085,3,"(('bin_equal_width_2', 'adequacy'), ('isolationForest', 'adequacy'), ('bin_equal_width_2', 'gestat10'))",20
"(-0.024993, -0.024992]",-0.024993111801777823,-0.02499214557816629,2,"(('bin_equal_width_2', 'birattnd'), ('isolationForest', 'adequacy'))",12
"(-0.024992, -0.024991]",-0.024992031838839815,-0.024990800818872966,3,"(('norm_log', 'adequacy'), ('winsorize', 'lung'), ('isolationForest', 'adequacy'))",9
"(-0.024991, -0.024989]",-0.024990701497183257,-0.02498966417587338,3,"(('bin_equal_width_2', 'adequacy'), ('norm_log', 'mplbir'), ('isolationForest', 'adequacy'))",16
"(-0.024989, -0.024988]",-0.024989457541873022,-0.02498839312219714,3,"(('isolationForest', 'adequacy'), ('winsorize', 'cardiac'), ('zscore_filter_3', 'dtotord_min'))",11
"(-0.024988, -0.024987]",-0.02498807838993631,-0.024986952879713625,2,"(('bin_equal_width_2', 'brstate'), ('isolationForest', 'adequacy'))",17
"(-0.024987, -0.024986]",-0.02498675214633803,-0.02498571559634619,3,"(('isolationForest', 'adequacy'), ('norm_log', 'adequacy'), ('zscore_filter_3', 'dtotord_min'))",13
"(-0.024986, -0.024984]",-0.024985623392346192,-0.024984405946600757,3,"(('isolationForest', 'adequacy'), ('bin_equal_width_2', 'birattnd'), ('bin_equal_width_2', 'gestat10'))",28
"(-0.024984, -0.024983]",-0.024984339387903176,-0.02498312593254975,2,"(('isolationForest', 'adequacy'), ('zscore_filter_3', 'dtotord_min'))",125
"(-0.024983, -0.024982]",-0.0249830581818937,-0.02498191515378113,2,"(('IQR', 'gestat10'), ('zscore_filter_3', 'orfath'))",19
"(-0.024982, -0.024981]",-0.024981818883483702,-0.024980615450892595,3,"(('isolationForest', 'adequacy'), ('bin_equal_width_5', 'brstate'), ('zscore_filter_3', 'dtotord_min'))",9
"(-0.024981, -0.024979]",-0.02498053949324411,-0.02497974060919955,3,"(('isolationForest', 'adequacy'), ('bin_equal_frequency_5', 'brstate'), ('zscore_filter_3', 'dtotord_min'))",4
"(-0.024979, -0.024978]",-0.024979066720045875,-0.0249779969112963,2,"(('zscore_filter_3', 'adequacy'), ('zscore_filter_3', 'drink5'))",234
"(-0.024978, -0.024977]",-0.02497749193123896,-0.02497749193123896,3,"(('isolationForest', 'adequacy'), ('bin_equal_frequency_2', 'brstate'), ('zscore_filter_3', 'dtotord_min'))",1
"(-0.024977, -0.024975]",-0.024975711233115188,-0.024975711233115188,3,"(('isolationForest', 'adequacy'), ('bin_equal_width_2', 'brstate'), ('zscore_filter_3', 'dtotord_min'))",1
"(-0.024974, -0.024973]",-0.024973285642810195,-0.024973016353398263,2,"(('zscore_filter_3', 'drink5'), ('zscore_filter_3', 'dtotord_min'))",6
"(-0.024973, -0.024972]",-0.02497272680298913,-0.024971804926353085,3,"(('isolationForest', 'adequacy'), ('zscore_filter_3', 'frace'), ('norm_log', 'gestat10'))",3
"(-0.024972, -0.02497]",-0.024971257158637378,-0.02497052027556633,2,"(('zscore_filter_3', 'gestat10'), ('zscore_filter_3', 'orfath'))",9
"(-0.02497, -0.024969]",-0.024970218549501738,-0.024969727468496124,2,"(('zscore_filter_3', 'adequacy'), ('IQR', 'gestat10'))",241
"(-0.024969, -0.024968]",-0.024968717987451483,-0.024968356201663888,3,"(('bin_equal_width_2', 'adequacy'), ('isolationForest', 'adequacy'), ('bin_equal_frequency_2', 'gestat10'))",3
"(-0.024968, -0.024966]",-0.02496744878403691,-0.024967001870750665,2,"(('zscore_filter_3', 'dlivord_min'), ('zscore_filter_3', 'orfath'))",13
"(-0.024966, -0.024965]",-0.02496595660866055,-0.024965747348432862,2,"(('bin_equal_width_5', 'brstate'), ('isolationForest', 'adequacy'))",6
"(-0.024963, -0.024961]",-0.02496227644792094,-0.024961895078455868,2,"(('bin_equal_width_2', 'mplbir_reg'), ('isolationForest', 'adequacy'))",5
"(-0.024961, -0.02496]",-0.02496118679050233,-0.02496076350514293,2,"(('norm_log', 'brstate'), ('IQR', 'brstate'))",12
"(-0.02496, -0.024959]",-0.024960021073689005,-0.024959503460150027,3,"(('norm_log', 'adequacy'), ('isolationForest', 'adequacy'), ('zscore_filter_3', 'crace'))",2
"(-0.024959, -0.024958]",-0.024957898036976282,-0.024957898036976282,3,"(('zscore_clip_3', 'adequacy'), ('bin_equal_width_5', 'orfath'), ('isolationForest', 'adequacy'))",1
"(-0.024956, -0.024955]",-0.024955716702409796,-0.024955716702409796,3,"(('zscore_filter_3', 'adequacy'), ('IQR', 'dlivord_min'), ('IQR', 'meduc6'))",1
"(-0.024955, -0.024954]",-0.024954383458866018,-0.024953900849136325,2,"(('bin_equal_width_5', 'ormoth'), ('isolationForest', 'adequacy'))",8
"(-0.024954, -0.024952]",-0.02495339708913179,-0.024953170448400522,2,"(('zscore_filter_3', 'cigar6'), ('IQR', 'meduc6'))",15
"(-0.024951, -0.02495]",-0.02495081910531916,-0.024950198842495896,3,"(('zscore_clip_3', 'adequacy'), ('bin_equal_width_2', 'mrace'), ('isolationForest', 'adequacy'))",2
"(-0.02495, -0.024949]",-0.024949813148554302,-0.024949812435440318,2,"(('norm_log', 'feduc6'), ('isolationForest', 'adequacy'))",4
"(-0.024947, -0.024946]",-0.02494703531375565,-0.024947034130313624,2,"(('norm_log', 'brstate'), ('isolationForest', 'adequacy'))",5
"(-0.024946, -0.024945]",-0.02494503239716314,-0.02494503239716314,3,"(('isolationForest', 'adequacy'), ('zscore_filter_3', 'dtotord_min'), ('bin_equal_width_2', 'nprevistq'))",1
"(-0.024945, -0.024943]",-0.024943653449196804,-0.024943653449196804,3,"(('isolationForest', 'adequacy'), ('zscore_filter_3', 'adequacy'), ('zscore_filter_3', 'drink5'))",1
"(-0.024941, -0.02494]",-0.02494042189712182,-0.02494042189712182,3,"(('isolationForest', 'adequacy'), ('zscore_filter_3', 'dtotord_min'), ('bin_equal_frequency_2', 'nprevistq'))",1
"(-0.02494, -0.024938]",-0.024938548829344747,-0.024938548829344747,3,"(('bin_equal_width_2', 'adequacy'), ('bin_equal_frequency_10', 'mplbir'), ('isolationForest', 'adequacy'))",1
"(-0.024938, -0.024937]",-0.024938278510420478,-0.024937090468305487,3,"(('norm_log', 'adequacy'), ('isolationForest', 'adequacy'), ('zscore_filter_3', 'ormoth'))",5
"(-0.024937, -0.024936]",-0.024936942249429408,-0.024936942249429408,3,"(('zscore_filter_3', 'adequacy'), ('zscore_filter_3', 'dlivord_min'), ('zscore_filter_3', 'orfath'))",1
"(-0.024936, -0.024934]",-0.024935183745229086,-0.024934769574623747,3,"(('zscore_clip_3', 'adequacy'), ('zscore_clip_3', 'gestat10'), ('isolationForest', 'adequacy'))",2
"(-0.024934, -0.024933]",-0.024933887835277536,-0.024933887835277536,3,"(('isolationForest', 'adequacy'), ('zscore_filter_3', 'dtotord_min'), ('winsorize', 'pldel'))",1
"(-0.024933, -0.024932]",-0.02493286762683884,-0.024932470062657683,2,"(('norm_log', 'orfath'), ('isolationForest', 'adequacy'))",5
"(-0.024932, -0.024931]",-0.02493188817121365,-0.024931885680522924,2,"(('norm_log', 'brstate'), ('zscore_filter_3', 'brstate'))",8
"(-0.024931, -0.024929]",-0.024930591297970962,-0.024929543543526195,3,"(('bin_equal_width_2', 'adequacy'), ('isolationForest', 'adequacy'), ('zscore_clip_3', 'gestat10'))",3
"(-0.024928, -0.024927]",-0.02492794704968554,-0.024927438478661083,3,"(('norm_log', 'adequacy'), ('zscore_clip_3', 'ormoth'), ('isolationForest', 'adequacy'))",2
"(-0.024927, -0.024926]",-0.024926515416533856,-0.02492562207053231,3,"(('bin_equal_width_2', 'adequacy'), ('bin_equal_width_10', 'dtotord_min'), ('isolationForest', 'adequacy'))",3
"(-0.024926, -0.024924]",-0.02492468214488269,-0.02492468214488269,3,"(('zscore_clip_3', 'adequacy'), ('bin_equal_width_5', 'brstate_reg'), ('isolationForest', 'adequacy'))",1
"(-0.024923, -0.024922]",-0.024922478471742664,-0.024922478471742664,3,"(('zscore_filter_3', 'adequacy'), ('zscore_filter_3', 'crace'), ('IQR', 'dlivord_min'))",1
"(-0.02492, -0.024919]",-0.024919242673330597,-0.024919242673330597,3,"(('norm_log', 'adequacy'), ('zscore_filter_3', 'dtotord_min'), ('isolationForest', 'adequacy'))",1
"(-0.024919, -0.024918]",-0.024918913624358368,-0.024918913624358368,3,"(('isolationForest', 'adequacy'), ('zscore_filter_3', 'dtotord_min'), ('norm_log', 'gestat10'))",1
"(-0.024918, -0.024917]",-0.024917341775188742,-0.024917341775188742,3,"(('bin_equal_width_2', 'adequacy'), ('bin_equal_width_5', 'mrace'), ('isolationForest', 'adequacy'))",1
"(-0.024915, -0.024914]",-0.02491413648441945,-0.02491413648441945,3,"(('bin_equal_width_2', 'adequacy'), ('isolationForest', 'adequacy'), ('zscore_clip_3', 'crace'))",1
"(-0.024914, -0.024913]",-0.024913592867995788,-0.024913592867995788,3,"(('bin_equal_width_2', 'adequacy'), ('isolationForest', 'adequacy'), ('winsorize', 'crace'))",1
"(-0.024911, -0.02491]",-0.024910897727207962,-0.024910897727207962,3,"(('bin_equal_width_2', 'adequacy'), ('isolationForest', 'adequacy'), ('norm_log', 'crace'))",1
"(-0.02491, -0.024909]",-0.024909777078603496,-0.024908948872184034,3,"(('bin_equal_width_2', 'adequacy'), ('isolationForest', 'adequacy'), ('zscore_clip_3', 'mrace'))",4
"(-0.024909, -0.024908]",-0.02490835498015617,-0.02490835498015617,3,"(('isolationForest', 'adequacy'), ('zscore_filter_3', 'cigar6'), ('zscore_filter_3', 'frace'))",1
"(-0.024908, -0.024906]",-0.024906766312240942,-0.024906520633501163,2,"(('IQR', 'feduc6'), ('zscore_filter_3', 'mpre5'))",8
"(-0.024905, -0.024904]",-0.024905060251302326,-0.024904066155651734,2,"(('norm_log', 'stoccfipb'), ('zscore_filter_3', 'stoccfipb'))",8
"(-0.024904, -0.024903]",-0.024903516755022084,-0.02490279768350674,3,"(('bin_equal_width_2', 'adequacy'), ('isolationForest', 'adequacy'), ('bin_equal_width_2', 'crace'))",5
"(-0.024903, -0.024901]",-0.024902133923546767,-0.024901314220154038,3,"(('bin_equal_width_2', 'adequacy'), ('isolationForest', 'adequacy'), ('norm_log', 'gestat10'))",2
"(-0.024901, -0.0249]",-0.02490073405665006,-0.02490073405665006,3,"(('bin_equal_width_2', 'adequacy'), ('isolationForest', 'adequacy'), ('zscore_clip_3', 'dtotord_min'))",1
"(-0.0249, -0.024899]",-0.024899641518238157,-0.024899264238002764,3,"(('bin_equal_width_2', 'adequacy'), ('isolationForest', 'adequacy'), ('norm_log', 'mrace'))",3
"(-0.024899, -0.024897]",-0.02489831247615723,-0.024898025717351113,3,"(('bin_equal_width_2', 'adequacy'), ('isolationForest', 'adequacy'), ('bin_equal_frequency_2', 'dtotord_min'))",2
"(-0.024897, -0.024896]",-0.024897318647476272,-0.02489672201561694,2,"(('bin_equal_frequency_10', 'brstate'), ('isolationForest', 'adequacy'))",8
"(-0.024896, -0.024895]",-0.02489610513390092,-0.02489610513390092,3,"(('bin_equal_width_2', 'adequacy'), ('isolationForest', 'adequacy'), ('bin_equal_width_5', 'frace'))",1
"(-0.024895, -0.024894]",-0.024894821574416862,-0.024894313089960072,3,"(('bin_equal_width_2', 'adequacy'), ('isolationForest', 'adequacy'), ('zscore_clip_3', 'frace'))",4
"(-0.024894, -0.024892]",-0.02489302970347047,-0.024892528403952063,3,"(('bin_equal_width_2', 'adequacy'), ('isolationForest', 'adequacy'), ('bin_equal_width_2', 'dlivord_min'))",5
"(-0.024892, -0.024891]",-0.024892287888159094,-0.024891080634269022,3,"(('bin_equal_width_2', 'adequacy'), ('isolationForest', 'adequacy'), ('bin_equal_width_2', 'birmon'))",8
"(-0.024891, -0.02489]",-0.024890806155051966,-0.0248898988168453,2,"(('bin_equal_width_2', 'mpre5'), ('isolationForest', 'adequacy'))",15
"(-0.02489, -0.024888]",-0.02488972818547924,-0.024888531048772686,3,"(('bin_equal_width_2', 'adequacy'), ('isolationForest', 'adequacy'), ('bin_equal_width_5', 'brstate'))",16
"(-0.024888, -0.024887]",-0.02488843316423926,-0.02488729116568435,2,"(('bin_equal_width_2', 'adequacy'), ('isolationForest', 'adequacy'))",125
"(-0.024887, -0.024886]",-0.024887159236826564,-0.02488606707868449,3,"(('bin_equal_width_2', 'adequacy'), ('isolationForest', 'adequacy'), ('bin_equal_width_2', 'birattnd'))",19
"(-0.024886, -0.024885]",-0.024885851752616307,-0.024885332957352627,3,"(('bin_equal_width_2', 'adequacy'), ('isolationForest', 'adequacy'), ('zscore_clip_3', 'cigar6'))",6
"(-0.024885, -0.024883]",-0.024884260372743452,-0.024883559708910857,3,"(('bin_equal_width_2', 'adequacy'), ('isolationForest', 'adequacy'), ('norm_log', 'dlivord_min'))",6
"(-0.024883, -0.024882]",-0.02488328862436263,-0.024882414560916295,2,"(('zscore_clip_3', 'dlivord_min'), ('IQR', 'dlivord_min'))",12
"(-0.024882, -0.024881]",-0.024881868941627003,-0.024880859973601975,3,"(('bin_equal_width_2', 'adequacy'), ('isolationForest', 'adequacy'), ('bin_equal_width_5', 'infant_id'))",6
"(-0.024881, -0.02488]",-0.024880610729783224,-0.02487963161081092,2,"(('IQR', 'feduc6'), ('zscore_filter_3', 'mrace'))",9
"(-0.02488, -0.024878]",-0.024878804367748534,-0.024878355220231362,3,"(('bin_equal_width_2', 'adequacy'), ('isolationForest', 'adequacy'), ('bin_equal_frequency_2', 'feduc6'))",2
"(-0.024878, -0.024877]",-0.02487715632098146,-0.02487715632098146,3,"(('isolationForest', 'adequacy'), ('norm_log', 'frace'), ('bin_equal_frequency_2', 'gestat10'))",1
"(-0.024877, -0.024876]",-0.02487694271466823,-0.02487686089889746,3,"(('isolationForest', 'adequacy'), ('zscore_filter_3', 'birattnd'), ('bin_equal_width_2', 'gestat10'))",2
"(-0.024876, -0.024874]",-0.02487508858937006,-0.02487508858937006,3,"(('bin_equal_width_2', 'adequacy'), ('isolationForest', 'adequacy'), ('winsorize', 'chyper'))",1
"(-0.024874, -0.024873]",-0.024874306186248463,-0.024873493544361327,3,"(('bin_equal_width_2', 'adequacy'), ('isolationForest', 'adequacy'), ('bin_equal_frequency_2', 'mplbir_reg'))",6
"(-0.024873, -0.024872]",-0.024872852193168534,-0.024872193799702878,3,"(('norm_log', 'adequacy'), ('zscore_clip_3', 'drink5'), ('isolationForest', 'adequacy'))",4
"(-0.024872, -0.024871]",-0.024871741699035662,-0.02487098059513413,2,"(('bin_equal_width_5', 'mager8'), ('isolationForest', 'adequacy'))",5
"(-0.024871, -0.024869]",-0.024869927222896607,-0.024869882088838162,3,"(('bin_equal_width_2', 'adequacy'), ('bin_equal_width_2', 'frace'), ('isolationForest', 'adequacy'))",3
"(-0.024869, -0.024868]",-0.02486922764684721,-0.02486817991483151,3,"(('isolationForest', 'adequacy'), ('bin_equal_frequency_2', 'gestat10'), ('bin_equal_frequency_2', 'mager8'))",6
"(-0.024868, -0.024867]",-0.024867850172001958,-0.024866839795223097,3,"(('bin_equal_width_2', 'adequacy'), ('isolationForest', 'adequacy'), ('winsorize', 'gestat10'))",4
"(-0.024867, -0.024865]",-0.024866553381891816,-0.024865471340241065,3,"(('isolationForest', 'adequacy'), ('norm_log', 'adequacy'), ('bin_equal_frequency_2', 'gestat10'))",6
"(-0.024865, -0.024864]",-0.024864631252060843,-0.024864320012695527,3,"(('norm_log', 'adequacy'), ('norm_log', 'brstate_reg'), ('isolationForest', 'adequacy'))",4
"(-0.024864, -0.024863]",-0.024863828183378497,-0.024862932331065075,3,"(('bin_equal_width_2', 'adequacy'), ('isolationForest', 'adequacy'), ('zscore_filter_3', 'birattnd'))",9
"(-0.024863, -0.024862]",-0.02486275243718387,-0.02486159647818551,3,"(('bin_equal_width_2', 'adequacy'), ('bin_equal_frequency_2', 'mager8'), ('isolationForest', 'adequacy'))",18
"(-0.024862, -0.02486]",-0.024861594488870802,-0.024860334453010474,2,"(('isolationForest', 'adequacy'), ('bin_equal_frequency_2', 'gestat10'))",110
"(-0.02486, -0.024859]",-0.024860235451486773,-0.02485904634806453,3,"(('norm_log', 'adequacy'), ('isolationForest', 'adequacy'), ('zscore_filter_3', 'orfath'))",16
"(-0.024859, -0.024858]",-0.02485894527688015,-0.024857780573886618,2,"(('IQR', 'gestat10'), ('zscore_filter_3', 'ormoth'))",20
"(-0.024858, -0.024856]",-0.02485760575662931,-0.024856613856014474,2,"(('norm_log', 'dlivord_min'), ('zscore_filter_3', 'dlivord_min'))",16
"(-0.024856, -0.024855]",-0.024856028431697538,-0.024855471051456503,3,"(('isolationForest', 'adequacy'), ('winsorize', 'cardiac'), ('bin_equal_frequency_2', 'gestat10'))",4
"(-0.024855, -0.024854]",-0.02485481801755163,-0.024854153274770165,3,"(('norm_log', 'adequacy'), ('bin_equal_frequency_2', 'nprevistq'), ('isolationForest', 'adequacy'))",4
"(-0.024854, -0.024853]",-0.02485298115115078,-0.02485298115115078,3,"(('isolationForest', 'adequacy'), ('bin_equal_frequency_2', 'gestat10'), ('bin_equal_width_2', 'stoccfipb'))",1
"(-0.024851, -0.02485]",-0.024851243875581377,-0.024850320507609193,2,"(('winsorize', 'cigar6'), ('isolationForest', 'adequacy'))",14
"(-0.02485, -0.024849]",-0.02484988164915365,-0.024849338925022592,2,"(('norm_log', 'mplbir_reg'), ('IQR', 'mplbir_reg'))",10
"(-0.024848, -0.024846]",-0.024846741015841084,-0.024846741015841084,3,"(('isolationForest', 'adequacy'), ('winsorize', 'chyper'), ('bin_equal_frequency_2', 'gestat10'))",1
"(-0.024842, -0.024841]",-0.024842299887315074,-0.024841945240179835,3,"(('bin_equal_width_2', 'adequacy'), ('isolationForest', 'adequacy'), ('winsorize', 'pldel'))",2
"(-0.024841, -0.02484]",-0.02484074749728218,-0.024840745958757283,2,"(('zscore_filter_3', 'gestat10'), ('zscore_filter_3', 'ormoth'))",7
"(-0.02484, -0.024839]",-0.024838968993181314,-0.024838968993181314,3,"(('isolationForest', 'adequacy'), ('zscore_filter_3', 'gestat10'), ('zscore_filter_3', 'orfath'))",1
"(-0.024839, -0.024837]",-0.024838119630615683,-0.02483763130468013,2,"(('zscore_filter_3', 'birattnd'), ('IQR', 'meduc6'))",16
"(-0.024836, -0.024835]",-0.024834985231249725,-0.024834985231249725,3,"(('bin_equal_width_2', 'adequacy'), ('winsorize', 'orfath'), ('isolationForest', 'adequacy'))",1
"(-0.024833, -0.024832]",-0.024832769596312067,-0.024832734139152806,3,"(('zscore_filter_3', 'adequacy'), ('IQR', 'dlivord_min'), ('IQR', 'gestat10'))",2
"(-0.024832, -0.024831]",-0.0248317690022244,-0.0248317690022244,3,"(('bin_equal_width_2', 'adequacy'), ('zscore_clip_3', 'orfath'), ('isolationForest', 'adequacy'))",1
"(-0.02483, -0.024828]",-0.024828588962978033,-0.02482858767492016,2,"(('zscore_filter_3', 'dlivord_min'), ('zscore_filter_3', 'ormoth'))",8
"(-0.024828, -0.024827]",-0.02482815489566107,-0.02482808988571868,3,"(('bin_equal_width_2', 'adequacy'), ('winsorize', 'chyper'), ('isolationForest', 'adequacy'))",2
"(-0.024827, -0.024826]",-0.02482635928581067,-0.02482635928581067,3,"(('zscore_filter_3', 'adequacy'), ('zscore_filter_3', 'dlivord_min'), ('IQR', 'feduc6'))",1
"(-0.024825, -0.024823]",-0.024823254718622022,-0.024823254718622022,3,"(('zscore_filter_3', 'adequacy'), ('zscore_filter_3', 'cigar6'), ('IQR', 'gestat10'))",1
"(-0.024823, -0.024822]",-0.024822566703928958,-0.02482256652577279,2,"(('bin_equal_frequency_10', 'stoccfipb'), ('isolationForest', 'adequacy'))",4
"(-0.024822, -0.024821]",-0.024821220518623666,-0.024821169787637175,2,"(('zscore_filter_3', 'gestat10'), ('zscore_filter_3', 'mrace'))",9
"(-0.024821, -0.024819]",-0.024819743380890345,-0.024819743380890345,3,"(('zscore_filter_3', 'adequacy'), ('zscore_filter_3', 'dlivord_min'), ('zscore_filter_3', 'ormoth'))",1
"(-0.024819, -0.024818]",-0.02481922584971733,-0.02481922584971733,3,"(('isolationForest', 'adequacy'), ('IQR', 'feduc6'), ('IQR', 'meduc6'))",1
"(-0.024817, -0.024816]",-0.024815889241784638,-0.02481560553751017,2,"(('zscore_filter_3', 'birattnd'), ('isolationForest', 'adequacy'))",13
"(-0.024816, -0.024814]",-0.024814858655504698,-0.024814732322915763,3,"(('bin_equal_width_2', 'adequacy'), ('isolationForest', 'adequacy'), ('zscore_filter_3', 'cigar6'))",2
"(-0.024814, -0.024813]",-0.024813947296209157,-0.02481384122520799,2,"(('bin_equal_width_10', 'dtotord_min'), ('isolationForest', 'adequacy'))",5
"(-0.02481, -0.024809]",-0.024809347039540623,-0.024809345663686904,2,"(('zscore_filter_3', 'dlivord_min'), ('zscore_filter_3', 'mrace'))",8
"(-0.024808, -0.024807]",-0.024807616064060168,-0.0248068038955864,2,"(('IQR', 'dlivord_min'), ('IQR', 'meduc6'))",9
"(-0.024807, -0.024805]",-0.02480616552617754,-0.02480616552617754,3,"(('isolationForest', 'adequacy'), ('bin_equal_frequency_2', 'gestat10'), ('winsorize', 'pldel'))",1
"(-0.024804, -0.024803]",-0.024803487205240286,-0.024802860850207175,2,"(('zscore_filter_3', 'crace'), ('zscore_filter_3', 'gestat10'))",10
"(-0.024803, -0.024801]",-0.02480205994029819,-0.02480205994029819,3,"(('isolationForest', 'adequacy'), ('bin_equal_frequency_2', 'gestat10'), ('bin_equal_frequency_2', 'nprevistq'))",1
"(-0.024801, -0.0248]",-0.024800468563219862,-0.024800468563219862,3,"(('isolationForest', 'adequacy'), ('zscore_filter_3', 'mpre5'), ('zscore_filter_3', 'ormoth'))",1
"(-0.0248, -0.024799]",-0.024799256273829614,-0.024799256273829614,3,"(('norm_log', 'adequacy'), ('bin_equal_width_2', 'mrace'), ('isolationForest', 'adequacy'))",1
"(-0.024799, -0.024798]",-0.02479881150698444,-0.024798811139699294,2,"(('norm_log', 'mpre5'), ('isolationForest', 'adequacy'))",4
"(-0.024794, -0.024793]",-0.024793010285996633,-0.024792731268944962,3,"(('bin_equal_width_2', 'adequacy'), ('bin_equal_width_10', 'birmon'), ('isolationForest', 'adequacy'))",2
"(-0.024793, -0.024791]",-0.024791280534985183,-0.02479128025888279,2,"(('norm_log', 'meduc6'), ('isolationForest', 'adequacy'))",4
"(-0.024791, -0.02479]",-0.024790837488830684,-0.02479083629457078,2,"(('zscore_filter_3', 'crace'), ('zscore_filter_3', 'dlivord_min'))",8
"(-0.024784, -0.024782]",-0.02478270524295631,-0.02478270524295631,3,"(('zscore_filter_3', 'adequacy'), ('zscore_filter_3', 'crace'), ('isolationForest', 'adequacy'))",1
"(-0.024782, -0.024781]",-0.024781116458962242,-0.02478111617996005,2,"(('zscore_filter_3', 'mrace'), ('isolationForest', 'adequacy'))",4
"(-0.02478, -0.024778]",-0.024778703751407713,-0.024778703684010753,2,"(('norm_log', 'infant_id'), ('zscore_filter_3', 'infant_id'))",7
"(-0.024778, -0.024777]",-0.024778311834525196,-0.024777442581648067,2,"(('zscore_filter_3', 'birattnd'), ('zscore_filter_3', 'mpre5'))",20
"(-0.024777, -0.024776]",-0.024777044930900077,-0.024776797027165277,2,"(('IQR', 'dlivord_min'), ('zscore_filter_3', 'mrace'))",9
"(-0.024776, -0.024775]",-0.024775677572181687,-0.024775677572181687,3,"(('isolationForest', 'adequacy'), ('zscore_clip_3', 'frace'), ('zscore_clip_3', 'gestat10'))",1
"(-0.024775, -0.024773]",-0.024774574250847052,-0.024774574250847052,3,"(('isolationForest', 'adequacy'), ('winsorize', 'frace'), ('bin_equal_width_5', 'gestat10'))",1
"(-0.024773, -0.024772]",-0.024772077421677658,-0.024772076649535926,2,"(('norm_log', 'dfageq'), ('isolationForest', 'adequacy'))",5
"(-0.024772, -0.024771]",-0.024771696674412202,-0.02477088280113712,3,"(('isolationForest', 'adequacy'), ('zscore_clip_3', 'adequacy'), ('zscore_clip_3', 'frace'))",3
"(-0.02477, -0.024768]",-0.02476883279600582,-0.024768345601560892,3,"(('bin_equal_width_2', 'adequacy'), ('norm_log', 'mpre5'), ('isolationForest', 'adequacy'))",3
"(-0.024768, -0.024767]",-0.024768186803939645,-0.02476716573412754,3,"(('isolationForest', 'adequacy'), ('bin_equal_width_5', 'crace'), ('zscore_clip_3', 'gestat10'))",3
"(-0.024767, -0.024766]",-0.024766617573752408,-0.024765891435849056,3,"(('zscore_filter_3', 'adequacy'), ('zscore_filter_3', 'dtotord_min'), ('isolationForest', 'adequacy'))",4
"(-0.024766, -0.024764]",-0.024765641202170504,-0.02476465833279147,3,"(('norm_log', 'adequacy'), ('bin_equal_frequency_2', 'dtotord_min'), ('isolationForest', 'adequacy'))",8
"(-0.024764, -0.024763]",-0.024764273925122652,-0.02476316312819548,2,"(('norm_log', 'ormoth'), ('isolationForest', 'adequacy'))",9
"(-0.024763, -0.024762]",-0.02476251037105521,-0.02476251037105521,3,"(('isolationForest', 'adequacy'), ('bin_equal_frequency_2', 'feduc6'), ('zscore_clip_3', 'frace'))",1
"(-0.024762, -0.024761]",-0.02476173851897781,-0.024760571073532134,3,"(('norm_log', 'adequacy'), ('norm_log', 'feduc6'), ('isolationForest', 'adequacy'))",10
"(-0.024761, -0.024759]",-0.024760389583766678,-0.024759310265299588,3,"(('isolationForest', 'adequacy'), ('zscore_clip_3', 'adequacy'), ('zscore_clip_3', 'crace'))",19
"(-0.024759, -0.024758]",-0.024759240303728298,-0.024758046513257942,3,"(('bin_equal_width_2', 'adequacy'), ('winsorize', 'frace'), ('isolationForest', 'adequacy'))",24
"(-0.024758, -0.024757]",-0.02475799640842879,-0.02475673384910146,2,"(('zscore_filter_3', 'crace'), ('IQR', 'dlivord_min'))",35
"(-0.024757, -0.024755]",-0.024756677610337008,-0.024755478347878383,2,"(('norm_log', 'mager8'), ('isolationForest', 'adequacy'))",29
"(-0.024755, -0.024754]",-0.02475541166471202,-0.0247541795667724,2,"(('isolationForest', 'adequacy'), ('winsorize', 'frace'))",137
"(-0.024754, -0.024753]",-0.024754155612704724,-0.02475288193209204,2,"(('isolationForest', 'adequacy'), ('zscore_clip_3', 'frace'))",157
"(-0.024753, -0.024752]",-0.02475286562897352,-0.024751640878902068,3,"(('isolationForest', 'adequacy'), ('bin_equal_width_2', 'adequacy'), ('bin_equal_frequency_2', 'mager8'))",71
"(-0.024752, -0.02475]",-0.024751596425475895,-0.024750322844656326,3,"(('bin_equal_width_2', 'adequacy'), ('bin_equal_width_2', 'mrace'), ('isolationForest', 'adequacy'))",60
"(-0.02475, -0.024749]",-0.02475030521422324,-0.024749062437155283,2,"(('isolationForest', 'adequacy'), ('zscore_clip_3', 'gestat10'))",145
"(-0.024749, -0.024748]",-0.024749039785341313,-0.02474779813513464,3,"(('bin_equal_width_2', 'adequacy'), ('bin_equal_frequency_2', 'birmon'), ('isolationForest', 'adequacy'))",86
"(-0.024748, -0.024746]",-0.024747747247358256,-0.024746485755710174,2,"(('isolationForest', 'adequacy'), ('bin_equal_width_5', 'crace'))",269
"(-0.024746, -0.024745]",-0.024746479233806906,-0.024745207802128733,2,"(('isolationForest', 'adequacy'), ('zscore_clip_3', 'adequacy'))",197
"(-0.024745, -0.024744]",-0.02474519537269253,-0.0247439710437741,3,"(('isolationForest', 'adequacy'), ('bin_equal_width_2', 'adequacy'), ('zscore_clip_3', 'birattnd'))",114
"(-0.024744, -0.024743]",-0.0247439262479338,-0.024742651274320716,2,"(('isolationForest', 'adequacy'), ('zscore_clip_3', 'crace'))",381
"(-0.024743, -0.024741]",-0.024742647347185762,-0.024741372167833054,3,"(('isolationForest', 'adequacy'), ('bin_equal_width_2', 'adequacy'), ('norm_log', 'birattnd'))",154
"(-0.024741, -0.02474]",-0.024741349033037312,-0.024740108359189723,2,"(('isolationForest', 'adequacy'), ('bin_equal_frequency_2', 'mager8'))",305
"(-0.02474, -0.024739]",-0.024740076543887563,-0.024738818135803576,2,"(('isolationForest', 'adequacy'), ('bin_equal_width_2', 'adequacy'))",427
"(-0.024739, -0.024738]",-0.024738807929063165,-0.024737540260652193,2,"(('isolationForest', 'adequacy'), ('bin_equal_width_2', 'crace'))",258
"(-0.024738, -0.024736]",-0.024737522658336845,-0.02473626285717757,2,"(('isolationForest', 'adequacy'), ('zscore_clip_3', 'mrace'))",279
"(-0.024736, -0.024735]",-0.024736235298995227,-0.02473497874667236,2,"(('isolationForest', 'adequacy'), ('winsorize', 'mrace'))",309
"(-0.024735, -0.024734]",-0.02473497050892708,-0.0247337008515713,2,"(('isolationForest', 'adequacy'), ('zscore_clip_3', 'birattnd'))",992
"(-0.024734, -0.024732]",-0.024733694877918672,-0.024732422338227374,2,"(('isolationForest', 'adequacy'), ('winsorize', 'cardiac'))",616
"(-0.024732, -0.024731]",-0.02473241535403123,-0.024731140673188417,2,"(('isolationForest', 'adequacy'), ('bin_equal_width_2', 'cigar6'))",894
"(-0.024731, -0.02473]",-0.02473113390276249,-0.02472986416044475,2,"(('isolationForest', 'adequacy'), ('norm_log', 'adequacy'))",1566
"(-0.02473, -0.024729]",-0.024729855869097976,-0.024728584175718195,2,"(('isolationForest', 'adequacy'), ('bin_equal_frequency_5', 'birmon'))",2044
"(-0.024729, -0.024727]",-0.024728578338260844,-0.024727303533964375,1,"(('isolationForest', 'adequacy'),)",5524
"(-0.024727, -0.024726]",-0.024727297407603845,-0.024726023048765998,2,"(('isolationForest', 'adequacy'), ('norm_log', 'brstate_reg'))",1415
"(-0.024726, -0.024725]",-0.024726019729691896,-0.024724744800015058,2,"(('isolationForest', 'adequacy'), ('bin_equal_width_5', 'dfageq'))",1181
"(-0.024725, -0.024723]",-0.0247247371482219,-0.024723465182071497,2,"(('isolationForest', 'adequacy'), ('bin_equal_frequency_5', 'brstate'))",1004
"(-0.024723, -0.024722]",-0.02472345942358475,-0.02472219365067293,2,"(('isolationForest', 'adequacy'), ('zscore_clip_3', 'dlivord_min'))",413
"(-0.024722, -0.024721]",-0.02472218126653211,-0.024720940152559084,2,"(('isolationForest', 'adequacy'), ('bin_equal_width_2', 'birattnd'))",250
"(-0.024721, -0.02472]",-0.024720904162287553,-0.02471963107597496,3,"(('bin_equal_width_2', 'adequacy'), ('bin_equal_width_10', 'mplbir'), ('isolationForest', 'adequacy'))",137
"(-0.02472, -0.024718]",-0.02471962321328013,-0.024718350711522466,2,"(('isolationForest', 'adequacy'), ('bin_equal_frequency_2', 'brstate'))",345
"(-0.024718, -0.024717]",-0.024718331849778393,-0.02471707087693196,2,"(('isolationForest', 'adequacy'), ('IQR', 'feduc6'))",175
"(-0.024717, -0.024716]",-0.02471705401603764,-0.0247158937286119,2,"(('winsorize', 'herpes'), ('isolationForest', 'adequacy'))",70
"(-0.024716, -0.024715]",-0.02471577872375413,-0.02471453885837393,2,"(('bin_equal_width_10', 'dlivord_min'), ('isolationForest', 'adequacy'))",49
"(-0.024715, -0.024713]",-0.024714506614537734,-0.02471325817703715,2,"(('isolationForest', 'adequacy'), ('winsorize', 'chyper'))",124
"(-0.024713, -0.024712]",-0.024713188440415423,-0.024711962634052204,2,"(('bin_equal_width_5', 'crace'), ('isolationForest', 'adequacy'))",28
"(-0.024712, -0.024711]",-0.02471175965628201,-0.02471071908844353,3,"(('bin_equal_width_2', 'adequacy'), ('bin_equal_frequency_2', 'dfageq'), ('isolationForest', 'adequacy'))",17
"(-0.024711, -0.024709]",-0.024710666077655426,-0.024709487165977227,3,"(('zscore_clip_3', 'adequacy'), ('isolationForest', 'adequacy'), ('zscore_filter_3', 'mrace'))",21
"(-0.024709, -0.024708]",-0.024709308035913296,-0.024708259066780303,3,"(('isolationForest', 'adequacy'), ('zscore_filter_3', 'birattnd'), ('winsorize', 'cardiac'))",14
"(-0.024708, -0.024707]",-0.024707978714096617,-0.024706966445903557,3,"(('zscore_clip_3', 'adequacy'), ('norm_log', 'mager8'), ('isolationForest', 'adequacy'))",12
"(-0.024707, -0.024706]",-0.0247068297546244,-0.024705614055080382,2,"(('norm_log', 'frace'), ('isolationForest', 'adequacy'))",25
"(-0.024706, -0.024704]",-0.024705458291742005,-0.024704293225865797,2,"(('norm_log', 'dtotord_min'), ('IQR', 'dtotord_min'))",39
"(-0.024704, -0.024703]",-0.024704271398565125,-0.024703016321831327,2,"(('zscore_filter_3', 'adequacy'), ('IQR', 'dlivord_min'))",373
"(-0.024703, -0.024702]",-0.024702842314802388,-0.02470177209258761,3,"(('isolationForest', 'adequacy'), ('zscore_filter_3', 'birattnd'), ('bin_equal_frequency_10', 'brstate'))",23
"(-0.024702, -0.0247]",-0.024701684866925623,-0.024700472566586827,3,"(('zscore_filter_3', 'adequacy'), ('IQR', 'dlivord_min'), ('bin_equal_frequency_2', 'infant_id'))",21
"(-0.0247, -0.024699]",-0.024700389539680612,-0.024699234435251283,2,"(('bin_equal_frequency_5', 'brstate'), ('isolationForest', 'adequacy'))",27
"(-0.024699, -0.024698]",-0.024699143626978216,-0.024697917433809485,2,"(('isolationForest', 'adequacy'), ('winsorize', 'gestat10'))",109
"(-0.024698, -0.024697]",-0.024697857180097708,-0.024696728395601646,3,"(('norm_log', 'adequacy'), ('isolationForest', 'adequacy'), ('zscore_filter_3', 'adequacy'))",26
"(-0.024697, -0.024695]",-0.024696302626259912,-0.0246954207957972,3,"(('isolationForest', 'adequacy'), ('zscore_clip_3', 'adequacy'), ('bin_equal_frequency_2', 'nprevistq'))",14
"(-0.024695, -0.024694]",-0.024695269690116074,-0.02469407512613577,2,"(('IQR', 'dlivord_min'), ('zscore_filter_3', 'orfath'))",29
"(-0.024694, -0.024693]",-0.024694045157600212,-0.024692830648863705,3,"(('isolationForest', 'adequacy'), ('zscore_filter_3', 'birattnd'), ('zscore_clip_3', 'ormoth'))",9
"(-0.024693, -0.024691]",-0.024692711812098676,-0.02469150560453411,3,"(('isolationForest', 'adequacy'), ('bin_equal_width_2', 'adequacy'), ('winsorize', 'pldel'))",20
"(-0.024691, -0.02469]",-0.024691374221818156,-0.024690241747561324,2,"(('zscore_filter_3', 'birattnd'), ('bin_equal_frequency_2', 'infant_id'))",32
"(-0.02469, -0.024689]",-0.02469014951108235,-0.024688944196354205,1,"(('zscore_filter_3', 'birattnd'),)",1969
"(-0.024689, -0.024688]",-0.02468889529349828,-0.024687720798051316,2,"(('zscore_filter_3', 'birattnd'), ('bin_equal_frequency_10', 'infant_id'))",50
"(-0.024688, -0.024686]",-0.024687633248765425,-0.024686432865191153,3,"(('isolationForest', 'adequacy'), ('norm_log', 'birattnd'), ('bin_equal_frequency_2', 'nprevistq'))",23
"(-0.024686, -0.024685]",-0.024686348948061185,-0.02468511770196505,3,"(('isolationForest', 'adequacy'), ('norm_log', 'adequacy'), ('bin_equal_frequency_2', 'nprevistq'))",22
"(-0.024685, -0.024684]",-0.024685091130716576,-0.024683819424614412,2,"(('isolationForest', 'adequacy'), ('bin_equal_frequency_2', 'nprevistq'))",129
"(-0.024684, -0.024683]",-0.0246837979277141,-0.0246825603081318,2,"(('bin_equal_width_5', 'brstate_reg'), ('isolationForest', 'adequacy'))",31
"(-0.024683, -0.024681]",-0.024682500311744782,-0.024681276529470244,2,"(('bin_equal_width_2', 'birmon'), ('isolationForest', 'adequacy'))",24
"(-0.024681, -0.02468]",-0.024681204237118178,-0.024680102544643652,3,"(('bin_equal_width_2', 'adequacy'), ('norm_log', 'crace'), ('isolationForest', 'adequacy'))",23
"(-0.02468, -0.024679]",-0.024679795211286625,-0.02467871630924963,3,"(('isolationForest', 'adequacy'), ('norm_log', 'birattnd'), ('winsorize', 'pldel'))",22
"(-0.024679, -0.024677]",-0.0246786742127244,-0.02467742482023919,2,"(('isolationForest', 'adequacy'), ('winsorize', 'pldel'))",104
"(-0.024677, -0.024676]",-0.024677247852740905,-0.02467615246099585,3,"(('isolationForest', 'adequacy'), ('bin_equal_width_2', 'adequacy'), ('norm_log', 'gestat10'))",16
"(-0.024676, -0.024675]",-0.024676086513219498,-0.024675076955797834,3,"(('isolationForest', 'adequacy'), ('zscore_clip_3', 'adequacy'), ('norm_log', 'gestat10'))",13
"(-0.024675, -0.024674]",-0.024674856529354527,-0.024674095191282986,2,"(('zscore_filter_3', 'birattnd'), ('zscore_filter_3', 'frace'))",21
"(-0.024674, -0.024672]",-0.024673522405766313,-0.02467269059725081,3,"(('isolationForest', 'adequacy'), ('bin_equal_width_2', 'crace'), ('norm_log', 'gestat10'))",5
"(-0.024672, -0.024671]",-0.0246723029301869,-0.024671122434341837,3,"(('bin_equal_width_2', 'adequacy'), ('bin_equal_frequency_5', 'stoccfipb'), ('isolationForest', 'adequacy'))",6
"(-0.024671, -0.02467]",-0.024670336672220485,-0.024669990278368647,3,"(('isolationForest', 'adequacy'), ('bin_equal_width_2', 'brstate'), ('winsorize', 'pldel'))",5
"(-0.02467, -0.024668]",-0.024669741562942587,-0.024668480083419753,3,"(('isolationForest', 'adequacy'), ('zscore_clip_3', 'birattnd'), ('norm_log', 'gestat10'))",11
"(-0.024668, -0.024667]",-0.024668283997696674,-0.024667253958288175,2,"(('norm_log', 'cigar6'), ('zscore_filter_3', 'cigar6'))",15
"(-0.024667, -0.024666]",-0.024667066010483435,-0.024665994076812,2,"(('bin_equal_frequency_2', 'data_year'), ('bin_equal_frequency_5', 'infant_id'))",19
"(-0.024666, -0.024665]",-0.02466581168103545,-0.02466466156985819,2,"(('bin_equal_width_2', 'brstate'), ('bin_equal_frequency_2', 'infant_id'))",39
"(-0.024665, -0.024663]",-0.024664615659350537,-0.024663350774540373,0,(),153359
"(-0.024663, -0.024662]",-0.024663349770437926,-0.024662072936793577,2,"(('bin_equal_width_2', 'birmon'), ('bin_equal_frequency_10', 'infant_id'))",116
"(-0.024662, -0.024661]",-0.024662071040207168,-0.02466079569166362,1,"(('bin_equal_frequency_10', 'infant_id'),)",1434
"(-0.024661, -0.02466]",-0.02466079201261942,-0.02465957674411783,1,"(('bin_equal_frequency_5', 'infant_id'),)",1320
"(-0.02466, -0.024658]",-0.024659512768144393,-0.024658577163103768,2,"(('bin_equal_frequency_2', 'gestat10'), ('bin_equal_frequency_5', 'infant_id'))",16
"(-0.024658, -0.024657]",-0.024657965881114408,-0.024657965881114408,3,"(('isolationForest', 'adequacy'), ('winsorize', 'gestat10'), ('bin_equal_frequency_2', 'nprevistq'))",1
"(-0.024657, -0.024656]",-0.02465651222931405,-0.0246558254634821,1,"(('zscore_filter_3', 'frace'),)",1761
"(-0.024656, -0.024654]",-0.024655374171058134,-0.024655332210917258,2,"(('bin_equal_frequency_2', 'infant_id'), ('zscore_filter_3', 'frace'))",7
"(-0.024654, -0.024653]",-0.024654005306216434,-0.024653135505740165,2,"(('norm_log', 'crace'), ('isolationForest', 'adequacy'))",16
"(-0.024653, -0.024652]",-0.02465299529836359,-0.024651867662009417,2,"(('zscore_filter_3', 'frace'), ('bin_equal_frequency_5', 'infant_id'))",15
"(-0.024652, -0.024651]",-0.02465134385918358,-0.024650644798733842,3,"(('isolationForest', 'adequacy'), ('zscore_filter_3', 'birattnd'), ('norm_log', 'gestat10'))",8
"(-0.024651, -0.024649]",-0.024650358215462687,-0.02464994778233048,2,"(('winsorize', 'dtotord_min'), ('isolationForest', 'adequacy'))",7
"(-0.024649, -0.024648]",-0.02464917248496341,-0.024648618908710822,3,"(('isolationForest', 'adequacy'), ('zscore_clip_3', 'adequacy'), ('zscore_filter_3', 'cigar6'))",6
"(-0.024648, -0.024647]",-0.024647684249369313,-0.024647684249369313,3,"(('isolationForest', 'adequacy'), ('IQR', 'meduc6'), ('zscore_filter_3', 'mpre5'))",1
"(-0.024647, -0.024645]",-0.024646640678922926,-0.024646640678922926,3,"(('zscore_clip_3', 'adequacy'), ('bin_equal_frequency_2', 'gestat10'), ('isolationForest', 'adequacy'))",1
"(-0.024645, -0.024644]",-0.024645360970891757,-0.02464439893629513,2,"(('IQR', 'feduc6'), ('bin_equal_frequency_10', 'infant_id'))",9
"(-0.024644, -0.024643]",-0.024643860388605224,-0.02464381688010766,3,"(('isolationForest', 'adequacy'), ('zscore_filter_3', 'cigar6'), ('bin_equal_width_5', 'crace'))",2
"(-0.024643, -0.024642]",-0.024641905096813514,-0.024641778394252283,3,"(('isolationForest', 'adequacy'), ('bin_equal_width_2', 'adequacy'), ('zscore_filter_3', 'cigar6'))",2
"(-0.024642, -0.02464]",-0.024641332197855442,-0.024640348954261627,3,"(('bin_equal_width_2', 'adequacy'), ('norm_log', 'brstate_reg'), ('isolationForest', 'adequacy'))",5
"(-0.02464, -0.024639]",-0.024640257111025146,-0.024639970474510473,3,"(('zscore_filter_3', 'adequacy'), ('isolationForest', 'adequacy'), ('zscore_filter_3', 'crace'))",2
"(-0.024639, -0.024638]",-0.024639019159075255,-0.024637828106193034,3,"(('zscore_clip_3', 'adequacy'), ('norm_log', 'birmon'), ('isolationForest', 'adequacy'))",6
"(-0.024638, -0.024636]",-0.024637465909142287,-0.02463659651198884,2,"(('norm_log', 'gestat10'), ('isolationForest', 'adequacy'))",7
"(-0.024636, -0.024635]",-0.02463618591095952,-0.0246355077171765,3,"(('isolationForest', 'adequacy'), ('zscore_filter_3', 'cigar6'), ('bin_equal_width_2', 'crace'))",7
"(-0.024635, -0.024634]",-0.024635069833987843,-0.024634129687165773,3,"(('isolationForest', 'adequacy'), ('zscore_clip_3', 'birattnd'), ('zscore_filter_3', 'cigar6'))",10
"(-0.024634, -0.024633]",-0.02463381861426255,-0.024632664246923033,2,"(('IQR', 'feduc6'), ('bin_equal_frequency_5', 'infant_id'))",22
"(-0.024633, -0.024631]",-0.024632568543344335,-0.024631378883359405,3,"(('isolationForest', 'adequacy'), ('norm_log', 'adequacy'), ('zscore_filter_3', 'cigar6'))",11
"(-0.024631, -0.02463]",-0.024631353102641834,-0.024630111772235917,3,"(('bin_equal_width_2', 'adequacy'), ('bin_equal_frequency_2', 'nprevistq'), ('isolationForest', 'adequacy'))",16
"(-0.02463, -0.024629]",-0.024630091041315028,-0.02462882268201468,2,"(('isolationForest', 'adequacy'), ('zscore_filter_3', 'cigar6'))",126
"(-0.024629, -0.024628]",-0.02462873511541098,-0.02462757875079995,3,"(('isolationForest', 'adequacy'), ('bin_equal_frequency_5', 'birmon'), ('zscore_filter_3', 'cigar6'))",18
"(-0.024628, -0.024626]",-0.024627330837838027,-0.02462628662277231,2,"(('bin_equal_frequency_2', 'data_year'), ('isolationForest', 'adequacy'))",16
"(-0.024626, -0.024625]",-0.02462621929236521,-0.024625061686535346,3,"(('isolationForest', 'adequacy'), ('bin_equal_width_5', 'brstate'), ('zscore_filter_3', 'cigar6'))",9
"(-0.024625, -0.024624]",-0.024624865696110044,-0.02462373609162272,1,"(('IQR', 'feduc6'),)",1743
"(-0.024624, -0.024622]",-0.02462340788387984,-0.02462250493393914,3,"(('zscore_clip_3', 'adequacy'), ('bin_equal_frequency_2', 'feduc6'), ('isolationForest', 'adequacy'))",5
"(-0.024622, -0.024621]",-0.024621752590043153,-0.024621417612334297,2,"(('bin_equal_frequency_10', 'infant_id'), ('IQR', 'feduc6'))",8
"(-0.024621, -0.02462]",-0.024620495981931584,-0.024619865420851376,3,"(('bin_equal_width_2', 'adequacy'), ('bin_equal_width_2', 'stoccfipb'), ('isolationForest', 'adequacy'))",4
"(-0.02462, -0.024619]",-0.024619780642838773,-0.024618883659557906,2,"(('bin_equal_frequency_5', 'infant_id'), ('IQR', 'feduc6'))",15
"(-0.024619, -0.024617]",-0.02461847750471033,-0.02461847750471033,3,"(('isolationForest', 'adequacy'), ('norm_log', 'gestat10'), ('winsorize', 'pldel'))",1
"(-0.024617, -0.024616]",-0.024617274942534878,-0.024616124674708,3,"(('norm_log', 'adequacy'), ('norm_log', 'stoccfipb_reg'), ('isolationForest', 'adequacy'))",5
"(-0.024616, -0.024615]",-0.024615819337134078,-0.02461492487253314,3,"(('isolationForest', 'adequacy'), ('zscore_clip_3', 'birattnd'), ('zscore_filter_3', 'drink5'))",9
"(-0.024615, -0.024613]",-0.02461454410021246,-0.024613536329146684,2,"(('IQR', 'dlivord_min'), ('zscore_filter_3', 'gestat10'))",18
"(-0.024613, -0.024612]",-0.024613350158559286,-0.024612273281170296,3,"(('isolationForest', 'adequacy'), ('bin_equal_width_2', 'cigar6'), ('zscore_filter_3', 'drink5'))",4
"(-0.024612, -0.024611]",-0.024612099145281032,-0.02461109797895633,3,"(('isolationForest', 'adequacy'), ('norm_log', 'adequacy'), ('zscore_filter_3', 'drink5'))",14
"(-0.024611, -0.02461]",-0.02461088314390736,-0.024609644156171947,3,"(('isolationForest', 'adequacy'), ('norm_log', 'birattnd'), ('zscore_filter_3', 'drink5'))",14
"(-0.02461, -0.024608]",-0.02460955666261816,-0.024608393393380282,2,"(('isolationForest', 'adequacy'), ('zscore_filter_3', 'drink5'))",121
"(-0.024608, -0.024607]",-0.024608348587725815,-0.02460714411654794,3,"(('zscore_filter_3', 'adequacy'), ('isolationForest', 'adequacy'), ('zscore_filter_3', 'dtotord_min'))",11
"(-0.024607, -0.024606]",-0.02460706600928212,-0.024605796082447638,2,"(('zscore_filter_3', 'orfath'), ('isolationForest', 'adequacy'))",21
"(-0.024606, -0.024605]",-0.02460575227296114,-0.024604795304121983,2,"(('IQR', 'feduc6'), ('zscore_filter_3', 'frace'))",11
"(-0.024605, -0.024603]",-0.024604075071302925,-0.024603452553571128,3,"(('zscore_filter_3', 'adequacy'), ('zscore_filter_3', 'birattnd'), ('IQR', 'dlivord_min'))",5
"(-0.024603, -0.024602]",-0.024603193348841524,-0.0246024499399862,3,"(('isolationForest', 'adequacy'), ('zscore_filter_3', 'birattnd'), ('zscore_filter_3', 'cigar6'))",2
"(-0.024601, -0.024599]",-0.024600628521833867,-0.024599601536958195,3,"(('norm_log', 'adequacy'), ('bin_equal_width_2', 'mplbir'), ('isolationForest', 'adequacy'))",3
"(-0.024599, -0.024598]",-0.024598734589671368,-0.024598168200373586,2,"(('zscore_filter_3', 'birattnd'), ('zscore_filter_3', 'cigar6'))",12
"(-0.024598, -0.024597]",-0.02459709985987462,-0.02459709985987462,3,"(('isolationForest', 'adequacy'), ('zscore_filter_3', 'cigar6'), ('bin_equal_width_2', 'nprevistq'))",1
"(-0.024597, -0.024596]",-0.02459633515855566,-0.02459633515855566,3,"(('zscore_clip_3', 'adequacy'), ('bin_equal_width_2', 'crace'), ('isolationForest', 'adequacy'))",1
"(-0.024596, -0.024594]",-0.024595399198715603,-0.02459472727507417,3,"(('norm_log', 'adequacy'), ('bin_equal_frequency_10', 'mplbir'), ('isolationForest', 'adequacy'))",3
"(-0.024594, -0.024593]",-0.024593591344521586,-0.02459316539622006,3,"(('norm_log', 'adequacy'), ('bin_equal_width_10', 'mplbir'), ('isolationForest', 'adequacy'))",2
"(-0.024593, -0.024592]",-0.02459253898833684,-0.024591727592903914,3,"(('bin_equal_width_2', 'adequacy'), ('IQR', 'meduc6'), ('isolationForest', 'adequacy'))",2
"(-0.024592, -0.02459]",-0.02459155008534766,-0.02459118622913151,3,"(('bin_equal_width_2', 'adequacy'), ('bin_equal_frequency_2', 'stoccfipb_reg'), ('isolationForest', 'adequacy'))",2
"(-0.02459, -0.024589]",-0.024590029180758335,-0.024590029180758335,3,"(('zscore_clip_3', 'adequacy'), ('bin_equal_width_5', 'mplbir'), ('isolationForest', 'adequacy'))",1
"(-0.024589, -0.024588]",-0.02458902122146516,-0.024588517031450405,3,"(('zscore_clip_3', 'adequacy'), ('isolationForest', 'adequacy'), ('zscore_filter_3', 'orfath'))",2
"(-0.024587, -0.024585]",-0.02458537753513163,-0.02458537684064479,2,"(('bin_equal_frequency_2', 'dfageq'), ('isolationForest', 'adequacy'))",5
"(-0.024583, -0.024581]",-0.024582649823920933,-0.024581914846345823,2,"(('norm_log', 'drink5'), ('isolationForest', 'adequacy'))",10
"(-0.024581, -0.02458]",-0.024580724680517037,-0.0245802849223801,2,"(('bin_equal_frequency_10', 'mplbir'), ('isolationForest', 'adequacy'))",5
"(-0.024579, -0.024578]",-0.024578061474465816,-0.024578061474465816,3,"(('isolationForest', 'adequacy'), ('zscore_filter_3', 'cigar6'), ('winsorize', 'pldel'))",1
"(-0.024576, -0.024575]",-0.02457604017167427,-0.02457604017167427,3,"(('zscore_clip_3', 'adequacy'), ('bin_equal_frequency_5', 'birmon'), ('isolationForest', 'adequacy'))",1
"(-0.024575, -0.024574]",-0.024575068063891592,-0.024574147792641932,1,"(('zscore_filter_3', 'cigar6'),)",1867
"(-0.024574, -0.024573]",-0.0245733231725404,-0.02457261547191669,2,"(('bin_equal_frequency_10', 'infant_id'), ('zscore_filter_3', 'cigar6'))",14
"(-0.024571, -0.02457]",-0.02457093421123433,-0.024570118228796144,2,"(('zscore_filter_3', 'cigar6'), ('bin_equal_frequency_10', 'infant_id'))",15
"(-0.024569, -0.024567]",-0.024568374847334883,-0.0245683740744495,2,"(('zscore_filter_3', 'cigar6'), ('IQR', 'dlivord_min'))",8
"(-0.024566, -0.024565]",-0.02456587838930467,-0.02456491145178731,1,"(('zscore_filter_3', 'mpre5'),)",1733
"(-0.024565, -0.024564]",-0.024563874263424258,-0.024563627885311703,2,"(('zscore_filter_3', 'cigar6'), ('zscore_filter_3', 'frace'))",9
"(-0.024564, -0.024562]",-0.02456337585527526,-0.024563375438839314,2,"(('bin_equal_width_2', 'dlivord_min'), ('isolationForest', 'adequacy'))",5
"(-0.024562, -0.024561]",-0.024562088789733042,-0.02456119963805951,2,"(('bin_equal_frequency_2', 'nprevistq'), ('isolationForest', 'adequacy'))",5
"(-0.024561, -0.02456]",-0.02456033691530124,-0.02455984265923682,3,"(('isolationForest', 'adequacy'), ('zscore_filter_3', 'drink5'), ('winsorize', 'pldel'))",3
"(-0.02456, -0.024558]",-0.02455973303523634,-0.024558579564219633,3,"(('zscore_filter_3', 'adequacy'), ('bin_equal_width_5', 'stoccfipb'), ('isolationForest', 'adequacy'))",3
"(-0.024558, -0.024557]",-0.02455819684118651,-0.02455819684118651,3,"(('isolationForest', 'adequacy'), ('zscore_filter_3', 'drink5'), ('norm_log', 'gestat10'))",1
"(-0.024557, -0.024556]",-0.024557191316209183,-0.024556857361017658,3,"(('isolationForest', 'adequacy'), ('zscore_filter_3', 'cigar6'), ('norm_log', 'gestat10'))",2
"(-0.024556, -0.024555]",-0.02455534098736659,-0.02455534098736659,3,"(('norm_log', 'adequacy'), ('norm_log', 'ormoth'), ('isolationForest', 'adequacy'))",1
"(-0.024555, -0.024553]",-0.024554278732876408,-0.02455408692351187,3,"(('isolationForest', 'adequacy'), ('IQR', 'gestat10'), ('zscore_filter_3', 'mrace'))",2
"(-0.024552, -0.024551]",-0.024551470676264748,-0.024551467454109514,2,"(('IQR', 'dlivord_min'), ('IQR', 'feduc6'))",8
"(-0.024551, -0.02455]",-0.024549709727391626,-0.024549677692419596,2,"(('bin_equal_width_2', 'crace'), ('isolationForest', 'adequacy'))",6
"(-0.02455, -0.024548]",-0.024548392757875025,-0.024548391905338095,2,"(('norm_log', 'cigar6'), ('isolationForest', 'adequacy'))",5
"(-0.024548, -0.024547]",-0.024547773648950843,-0.024547773648950843,3,"(('norm_log', 'adequacy'), ('bin_equal_width_5', 'stoccfipb'), ('isolationForest', 'adequacy'))",1
"(-0.024544, -0.024543]",-0.024544328754507547,-0.024543582002481086,2,"(('bin_equal_width_2', 'stoccfipb'), ('isolationForest', 'adequacy'))",6
"(-0.024542, -0.024541]",-0.024541505761356986,-0.024541008888406792,2,"(('bin_equal_frequency_2', 'feduc6'), ('isolationForest', 'adequacy'))",5
"(-0.024541, -0.024539]",-0.024540454554855456,-0.024540454554855456,3,"(('norm_log', 'adequacy'), ('bin_equal_width_5', 'stoccfipb_reg'), ('isolationForest', 'adequacy'))",1
"(-0.024539, -0.024538]",-0.024538980251590504,-0.024538979752761463,2,"(('zscore_filter_3', 'frace'), ('zscore_filter_3', 'mpre5'))",7
"(-0.024538, -0.024537]",-0.024537600157470116,-0.024537354202339132,3,"(('bin_equal_width_2', 'adequacy'), ('isolationForest', 'adequacy'), ('zscore_filter_3', 'drink5'))",2
"(-0.024537, -0.024535]",-0.024536575491857265,-0.024536185475716878,2,"(('IQR', 'dlivord_min'), ('bin_equal_frequency_10', 'infant_id'))",9
"(-0.024534, -0.024533]",-0.024533000286632987,-0.02453295124739032,1,"(('IQR', 'dlivord_min'),)",1874
"(-0.024533, -0.024532]",-0.024532259835800083,-0.0245319159615689,2,"(('bin_equal_frequency_2', 'infant_id'), ('IQR', 'dlivord_min'))",11
"(-0.024532, -0.02453]",-0.02453115179883555,-0.024530615037224663,2,"(('IQR', 'dlivord_min'), ('bin_equal_frequency_2', 'infant_id'))",10
"(-0.02453, -0.024529]",-0.02453008775469849,-0.024530029031945677,2,"(('zscore_filter_3', 'adequacy'), ('zscore_filter_3', 'dlivord_min'))",235
"(-0.024529, -0.024528]",-0.02452837819818191,-0.024527825548866088,2,"(('bin_equal_frequency_10', 'infant_id'), ('IQR', 'dlivord_min'))",10
"(-0.024526, -0.024525]",-0.024525299290326583,-0.024525234442699585,3,"(('norm_log', 'adequacy'), ('bin_equal_frequency_5', 'infant_id'), ('IQR', 'dlivord_min'))",2
"(-0.024525, -0.024524]",-0.024525197294204958,-0.024524257649041373,2,"(('bin_equal_frequency_5', 'infant_id'), ('IQR', 'dlivord_min'))",6
"(-0.024523, -0.024521]",-0.024522104317644195,-0.02452153930531421,3,"(('zscore_clip_3', 'adequacy'), ('bin_equal_frequency_2', 'brstate_reg'), ('isolationForest', 'adequacy'))",2
"(-0.024521, -0.02452]",-0.024520781500073002,-0.024520781500073002,3,"(('norm_log', 'adequacy'), ('winsorize', 'renal'), ('isolationForest', 'adequacy'))",1
"(-0.02452, -0.024519]",-0.024519434780076878,-0.024519434780076878,3,"(('norm_log', 'adequacy'), ('bin_equal_width_2', 'dlivord_min'), ('isolationForest', 'adequacy'))",1
"(-0.024519, -0.024518]",-0.024517829560719222,-0.024517829560719222,3,"(('norm_log', 'adequacy'), ('norm_log', 'mrace'), ('isolationForest', 'adequacy'))",1
"(-0.02451, -0.024509]",-0.02450946431822952,-0.02450946431822952,3,"(('norm_log', 'adequacy'), ('zscore_filter_3', 'birattnd'), ('isolationForest', 'adequacy'))",1
"(-0.024509, -0.024507]",-0.024508165345231266,-0.024507875054255897,2,"(('IQR', 'feduc6'), ('zscore_filter_3', 'gestat10'))",8
"(-0.024507, -0.024506]",-0.02450705916956101,-0.02450705916956101,3,"(('bin_equal_width_2', 'adequacy'), ('isolationForest', 'adequacy'), ('zscore_filter_3', 'gestat10'))",1
"(-0.024506, -0.024505]",-0.024505816837516743,-0.024505816837516743,3,"(('bin_equal_width_2', 'adequacy'), ('norm_log', 'brstate'), ('isolationForest', 'adequacy'))",1
"(-0.0245, -0.024498]",-0.02449958271511745,-0.024499309122283652,2,"(('zscore_filter_3', 'cigar6'), ('IQR', 'feduc6'))",16
"(-0.024498, -0.024497]",-0.02449834096088803,-0.024498339808429567,2,"(('norm_log', 'birattnd'), ('isolationForest', 'adequacy'))",5
"(-0.024497, -0.024496]",-0.02449660232191626,-0.0244966019072042,2,"(('winsorize', 'gestat10'), ('isolationForest', 'adequacy'))",4
"(-0.024496, -0.024495]",-0.024494575805428548,-0.024494575805428548,3,"(('norm_log', 'adequacy'), ('norm_log', 'brstate'), ('isolationForest', 'adequacy'))",1
"(-0.024493, -0.024492]",-0.024493066641537605,-0.02449200460789177,3,"(('norm_log', 'adequacy'), ('norm_log', 'dtotord_min'), ('isolationForest', 'adequacy'))",3
"(-0.024492, -0.024491]",-0.024491283804966967,-0.024491283804966967,3,"(('zscore_filter_3', 'adequacy'), ('isolationForest', 'adequacy'), ('IQR', 'meduc6'))",1
"(-0.024488, -0.024487]",-0.02448685668042991,-0.02448685668042991,3,"(('norm_log', 'adequacy'), ('bin_equal_width_10', 'birmon'), ('isolationForest', 'adequacy'))",1
"(-0.024487, -0.024486]",-0.024486310480049445,-0.02448591165653115,3,"(('norm_log', 'adequacy'), ('isolationForest', 'adequacy'), ('zscore_clip_3', 'gestat10'))",4
"(-0.024486, -0.024484]",-0.024485249973078403,-0.024485249973078403,3,"(('norm_log', 'adequacy'), ('bin_equal_width_5', 'brstate'), ('isolationForest', 'adequacy'))",1
"(-0.024484, -0.024483]",-0.024484214389224247,-0.024483741852457996,2,"(('IQR', 'feduc6'), ('IQR', 'gestat10'))",8
"(-0.024483, -0.024482]",-0.024482962097653726,-0.02448296162743042,2,"(('bin_equal_frequency_10', 'birmon'), ('isolationForest', 'adequacy'))",5
"(-0.02448, -0.024479]",-0.024480430521915633,-0.024480430521915633,3,"(('isolationForest', 'adequacy'), ('norm_log', 'gestat10'), ('zscore_filter_3', 'gestat10'))",1
"(-0.024479, -0.024478]",-0.02447839746963737,-0.024478263123855194,2,"(('bin_equal_frequency_2', 'brstate'), ('isolationForest', 'adequacy'))",9
"(-0.024478, -0.024477]",-0.02447760586236047,-0.02447743697878545,2,"(('bin_equal_frequency_2', 'stoccfipb_reg'), ('isolationForest', 'adequacy'))",5
"(-0.024477, -0.024475]",-0.024476551115372683,-0.024476551115372683,3,"(('isolationForest', 'adequacy'), ('zscore_filter_3', 'dlivord_min'), ('IQR', 'dtotord_min'))",1
"(-0.024475, -0.024474]",-0.024474708180366265,-0.024474292910188707,2,"(('winsorize', 'infant_id'), ('isolationForest', 'adequacy'))",5
"(-0.024473, -0.024472]",-0.024471887729374673,-0.024471887729374673,3,"(('isolationForest', 'adequacy'), ('zscore_filter_3', 'adequacy'), ('IQR', 'gestat10'))",1
"(-0.024468, -0.024466]",-0.024466600954759252,-0.02446660053488789,2,"(('zscore_filter_3', 'cigar6'), ('zscore_filter_3', 'mpre5'))",8
"(-0.024464, -0.024463]",-0.024462978893921725,-0.024462978893921725,3,"(('zscore_clip_3', 'adequacy'), ('bin_equal_width_2', 'birattnd'), ('isolationForest', 'adequacy'))",1
"(-0.024459, -0.024457]",-0.02445776697204523,-0.024457658062658243,3,"(('norm_log', 'adequacy'), ('zscore_filter_3', 'mrace'), ('isolationForest', 'adequacy'))",2
"(-0.024454, -0.024452]",-0.024453057548434857,-0.024453057548434857,3,"(('bin_equal_width_2', 'adequacy'), ('zscore_filter_3', 'dlivord_min'), ('isolationForest', 'adequacy'))",1
"(-0.024451, -0.02445]",-0.024450810840304107,-0.024450809845757294,2,"(('zscore_clip_3', 'frace'), ('isolationForest', 'adequacy'))",4
"(-0.02445, -0.024448]",-0.02444855599010558,-0.02444855599010558,3,"(('zscore_filter_3', 'adequacy'), ('norm_log', 'feduc6'), ('isolationForest', 'adequacy'))",1
"(-0.024447, -0.024446]",-0.02444665069078774,-0.02444665069078774,3,"(('bin_equal_width_2', 'adequacy'), ('bin_equal_width_2', 'gestat10'), ('isolationForest', 'adequacy'))",1
"(-0.024446, -0.024445]",-0.024445292849547978,-0.024444939161500083,2,"(('winsorize', 'renal'), ('isolationForest', 'adequacy'))",5
"(-0.024445, -0.024443]",-0.024444472982896488,-0.024443804936647478,3,"(('zscore_clip_3', 'adequacy'), ('bin_equal_width_10', 'brstate'), ('isolationForest', 'adequacy'))",2
"(-0.024443, -0.024442]",-0.0244429668568093,-0.024442568605582894,2,"(('zscore_filter_3', 'cigar6'), ('zscore_filter_3', 'dlivord_min'))",15
"(-0.024441, -0.02444]",-0.024440396701645904,-0.02444039627001496,2,"(('bin_equal_frequency_2', 'dlivord_min'), ('isolationForest', 'adequacy'))",5
"(-0.02444, -0.024438]",-0.024439336945257024,-0.024439335325487078,2,"(('norm_log', 'brstate_reg'), ('IQR', 'brstate_reg'))",8
"(-0.024436, -0.024434]",-0.024435654572612955,-0.02443486296011047,3,"(('bin_equal_width_2', 'adequacy'), ('bin_equal_frequency_10', 'brstate'), ('isolationForest', 'adequacy'))",4
"(-0.024434, -0.024433]",-0.024433711588665075,-0.024433710804300082,2,"(('zscore_filter_3', 'gestat10'), ('zscore_filter_3', 'mpre5'))",7
"(-0.024433, -0.024432]",-0.02443197208645919,-0.02443197208645919,3,"(('norm_log', 'adequacy'), ('norm_log', 'drink5'), ('isolationForest', 'adequacy'))",1
"(-0.024432, -0.024431]",-0.024431250713672963,-0.024431250713672963,3,"(('zscore_clip_3', 'adequacy'), ('winsorize', 'lung'), ('isolationForest', 'adequacy'))",1
"(-0.024429, -0.024428]",-0.02442845038663317,-0.02442845038663317,3,"(('zscore_filter_3', 'adequacy'), ('winsorize', 'herpes'), ('isolationForest', 'adequacy'))",1
"(-0.024427, -0.024425]",-0.024426115235143226,-0.02442550967392737,3,"(('norm_log', 'adequacy'), ('zscore_clip_3', 'birattnd'), ('isolationForest', 'adequacy'))",3
"(-0.024425, -0.024424]",-0.024425053399604865,-0.024425051448271416,2,"(('norm_log', 'stoccfipb_reg'), ('IQR', 'stoccfipb_reg'))",7
"(-0.024423, -0.024422]",-0.024422137322594878,-0.024422137322594878,3,"(('norm_log', 'adequacy'), ('norm_log', 'crace'), ('isolationForest', 'adequacy'))",1
"(-0.024415, -0.024414]",-0.024415163397118873,-0.024415117490868013,3,"(('norm_log', 'adequacy'), ('bin_equal_width_5', 'mplbir'), ('isolationForest', 'adequacy'))",2
"(-0.024414, -0.024413]",-0.024413699903027844,-0.02441369914114505,2,"(('zscore_clip_3', 'crace'), ('isolationForest', 'adequacy'))",5
"(-0.024408, -0.024406]",-0.024407403801345203,-0.024407227504588704,3,"(('bin_equal_width_2', 'adequacy'), ('bin_equal_width_2', 'mplbir'), ('isolationForest', 'adequacy'))",2
"(-0.024406, -0.024405]",-0.024405760550169475,-0.024405161703397835,3,"(('norm_log', 'adequacy'), ('winsorize', 'herpes'), ('isolationForest', 'adequacy'))",2
"(-0.024405, -0.024404]",-0.024404221257644427,-0.024404221257644427,3,"(('isolationForest', 'adequacy'), ('zscore_filter_3', 'birattnd'), ('IQR', 'feduc6'))",1
"(-0.024401, -0.0244]",-0.02440087042158453,-0.02440087042158453,3,"(('norm_log', 'adequacy'), ('bin_equal_frequency_5', 'mplbir'), ('isolationForest', 'adequacy'))",1
"(-0.0244, -0.024399]",-0.024399317729192183,-0.024399317729192183,3,"(('zscore_clip_3', 'adequacy'), ('isolationForest', 'adequacy'), ('zscore_filter_3', 'dtotord_min'))",1
"(-0.024399, -0.024397]",-0.024397388424094314,-0.024397388424094314,3,"(('isolationForest', 'adequacy'), ('zscore_filter_3', 'frace'), ('zscore_filter_3', 'mpre5'))",1
"(-0.024391, -0.02439]",-0.024390664835114803,-0.024389799767763554,2,"(('bin_equal_width_2', 'mplbir'), ('isolationForest', 'adequacy'))",5
"(-0.024388, -0.024387]",-0.02438759690402398,-0.02438759690402398,3,"(('zscore_clip_3', 'adequacy'), ('bin_equal_frequency_2', 'data_year'), ('isolationForest', 'adequacy'))",1
"(-0.024387, -0.024386]",-0.0243863779647281,-0.0243863779647281,3,"(('zscore_clip_3', 'adequacy'), ('norm_log', 'mpre5'), ('isolationForest', 'adequacy'))",1
"(-0.024386, -0.024385]",-0.024385414575461013,-0.0243848369124201,2,"(('bin_equal_width_2', 'mrace'), ('isolationForest', 'adequacy'))",5
"(-0.024381, -0.024379]",-0.02438053844324389,-0.02438053844324389,3,"(('bin_equal_width_2', 'adequacy'), ('bin_equal_frequency_2', 'data_year'), ('isolationForest', 'adequacy'))",1
"(-0.024377, -0.024376]",-0.02437683474859649,-0.024376515556770305,3,"(('norm_log', 'adequacy'), ('bin_equal_frequency_2', 'meduc6'), ('isolationForest', 'adequacy'))",2
"(-0.024376, -0.024374]",-0.024374760472478184,-0.024374760472478184,3,"(('norm_log', 'adequacy'), ('bin_equal_width_2', 'crace'), ('isolationForest', 'adequacy'))",1
"(-0.024373, -0.024372]",-0.024372654812847856,-0.024371745862123217,2,"(('zscore_filter_3', 'birattnd'), ('IQR', 'feduc6'))",11
"(-0.02437, -0.024369]",-0.024370354747987877,-0.02436978282673345,2,"(('winsorize', 'orfath'), ('isolationForest', 'adequacy'))",5
"(-0.024368, -0.024367]",-0.024367728157101937,-0.024367727107490043,2,"(('zscore_filter_3', 'drink5'), ('zscore_filter_3', 'ormoth'))",5
"(-0.024365, -0.024364]",-0.02436410926028035,-0.024364106584720227,3,"(('bin_equal_width_2', 'adequacy'), ('norm_log', 'meduc6'), ('isolationForest', 'adequacy'))",2
"(-0.024364, -0.024363]",-0.024363672971356082,-0.02436306965837998,2,"(('IQR', 'gestat10'), ('bin_equal_frequency_2', 'infant_id'))",15
"(-0.024363, -0.024362]",-0.02436250264940572,-0.024361535830529687,1,"(('IQR', 'gestat10'),)",1689
"(-0.024362, -0.02436]",-0.0243611431079734,-0.02436110474795624,2,"(('bin_equal_frequency_10', 'infant_id'), ('IQR', 'gestat10'))",7
"(-0.02436, -0.024359]",-0.02435991515032242,-0.024359031929831597,3,"(('norm_log', 'adequacy'), ('bin_equal_frequency_2', 'brstate'), ('isolationForest', 'adequacy'))",2
"(-0.024359, -0.024358]",-0.024358610727654495,-0.024358610727654495,3,"(('norm_log', 'adequacy'), ('isolationForest', 'adequacy'), ('zscore_filter_3', 'drink5'))",1
"(-0.024358, -0.024356]",-0.02435666247534443,-0.024356569325854355,2,"(('bin_equal_frequency_5', 'infant_id'), ('IQR', 'gestat10'))",7
"(-0.024356, -0.024355]",-0.024356108880655338,-0.024355116339916882,3,"(('bin_equal_width_2', 'adequacy'), ('IQR', 'feduc6'), ('isolationForest', 'adequacy'))",3
"(-0.024354, -0.024353]",-0.024353007955385517,-0.02435265238133013,2,"(('zscore_filter_3', 'drink5'), ('zscore_filter_3', 'mrace'))",9
"(-0.024351, -0.02435]",-0.024350927005791743,-0.024350480036726872,1,"(('zscore_filter_3', 'gestat10'),)",1718
"(-0.02435, -0.024349]",-0.024349488476290277,-0.024349466556943002,2,"(('bin_equal_frequency_10', 'infant_id'), ('zscore_filter_3', 'gestat10'))",7
"(-0.024349, -0.024347]",-0.02434819444916588,-0.02434779265625854,2,"(('zscore_filter_3', 'birattnd'), ('zscore_filter_3', 'dlivord_min'))",23
"(-0.024344, -0.024342]",-0.02434334383846595,-0.02434334383846595,3,"(('norm_log', 'adequacy'), ('isolationForest', 'adequacy'), ('bin_equal_width_5', 'gestat10'))",1
"(-0.024342, -0.024341]",-0.024342112616876344,-0.024342112616876344,3,"(('zscore_filter_3', 'adequacy'), ('IQR', 'gestat10'), ('isolationForest', 'adequacy'))",1
"(-0.024341, -0.02434]",-0.024340150322540773,-0.024339976953156213,2,"(('zscore_filter_3', 'dlivord_min'), ('bin_equal_frequency_10', 'infant_id'))",10
"(-0.024338, -0.024337]",-0.024338394250386128,-0.02433762274796523,1,"(('zscore_filter_3', 'dlivord_min'),)",1850
"(-0.024337, -0.024336]",-0.024337198599957418,-0.024336630931062943,2,"(('bin_equal_frequency_2', 'infant_id'), ('zscore_filter_3', 'dlivord_min'))",8
"(-0.024336, -0.024335]",-0.02433591262702039,-0.024335038982236833,2,"(('zscore_filter_3', 'crace'), ('zscore_filter_3', 'drink5'))",10
"(-0.024335, -0.024333]",-0.024334220165999135,-0.024333579151229384,2,"(('bin_equal_frequency_5', 'infant_id'), ('zscore_filter_3', 'dlivord_min'))",14
"(-0.024333, -0.024332]",-0.024333035052323725,-0.024333035052323725,3,"(('norm_log', 'adequacy'), ('isolationForest', 'adequacy'), ('bin_equal_frequency_2', 'gestat10'))",1
"(-0.024331, -0.02433]",-0.024330451038261414,-0.024330450318896295,2,"(('zscore_filter_3', 'frace'), ('zscore_filter_3', 'gestat10'))",7
"(-0.02433, -0.024328]",-0.024328672237398784,-0.024328672237398784,3,"(('norm_log', 'adequacy'), ('bin_equal_frequency_2', 'brstate_reg'), ('isolationForest', 'adequacy'))",1
"(-0.024328, -0.024327]",-0.024327172181078206,-0.024327001284322757,3,"(('isolationForest', 'adequacy'), ('zscore_clip_3', 'crace'), ('zscore_filter_3', 'gestat10'))",3
"(-0.024327, -0.024326]",-0.024326969445791144,-0.02432667396064514,2,"(('zscore_filter_3', 'frace'), ('IQR', 'gestat10'))",9
"(-0.024326, -0.024324]",-0.02432506153041205,-0.0243249060245904,2,"(('bin_equal_width_2', 'dtotord_min'), ('isolationForest', 'adequacy'))",5
"(-0.024324, -0.024323]",-0.024323849313506583,-0.024323411216326907,3,"(('zscore_clip_3', 'adequacy'), ('zscore_clip_3', 'orfath'), ('isolationForest', 'adequacy'))",2
"(-0.024323, -0.024322]",-0.02432263157448926,-0.02432186065996852,2,"(('zscore_clip_3', 'cigar6'), ('isolationForest', 'adequacy'))",6
"(-0.024321, -0.024319]",-0.024320469731320307,-0.024319340035980835,3,"(('isolationForest', 'adequacy'), ('bin_equal_width_2', 'adequacy'), ('zscore_filter_3', 'gestat10'))",4
"(-0.024319, -0.024318]",-0.02431903641561537,-0.024318291803974323,3,"(('isolationForest', 'adequacy'), ('zscore_clip_3', 'adequacy'), ('zscore_filter_3', 'gestat10'))",5
"(-0.024318, -0.024317]",-0.02431774805928456,-0.024317183595573545,2,"(('zscore_filter_3', 'dlivord_min'), ('zscore_filter_3', 'frace'))",12
"(-0.024317, -0.024315]",-0.02431622452984685,-0.02431549112718394,2,"(('bin_equal_width_5', 'orfath'), ('isolationForest', 'adequacy'))",8
"(-0.024315, -0.024314]",-0.024315421194221566,-0.024314497463803254,3,"(('isolationForest', 'adequacy'), ('norm_log', 'dfageq'), ('zscore_filter_3', 'gestat10'))",4
"(-0.024314, -0.024313]",-0.02431402839395155,-0.024313313862961553,3,"(('isolationForest', 'adequacy'), ('zscore_filter_3', 'gestat10'), ('bin_equal_width_5', 'infant_id'))",6
"(-0.024313, -0.024312]",-0.024312724566289322,-0.024311830987287432,3,"(('isolationForest', 'adequacy'), ('bin_equal_width_2', 'cigar6'), ('zscore_filter_3', 'gestat10'))",11
"(-0.024312, -0.02431]",-0.02431158903696038,-0.024310369300586422,3,"(('isolationForest', 'adequacy'), ('norm_log', 'crace'), ('zscore_filter_3', 'gestat10'))",12
"(-0.02431, -0.024309]",-0.024310256910268127,-0.024309107383006203,3,"(('zscore_clip_3', 'adequacy'), ('bin_equal_width_2', 'adequacy'), ('isolationForest', 'adequacy'))",23
"(-0.024309, -0.024308]",-0.024308973356828155,-0.02430783556707601,2,"(('isolationForest', 'adequacy'), ('zscore_filter_3', 'gestat10'))",124
"(-0.024308, -0.024307]",-0.024307774324176416,-0.024306852760026077,3,"(('zscore_filter_3', 'adequacy'), ('isolationForest', 'adequacy'), ('zscore_filter_3', 'birattnd'))",13
"(-0.024307, -0.024305]",-0.024306502277568774,-0.024305473413293914,2,"(('zscore_filter_3', 'birattnd'), ('IQR', 'gestat10'))",20
"(-0.024305, -0.024304]",-0.0243050560526867,-0.024303956377098503,3,"(('zscore_clip_3', 'adequacy'), ('bin_equal_frequency_2', 'mager8'), ('isolationForest', 'adequacy'))",6
"(-0.024304, -0.024303]",-0.024303840158774348,-0.024302834714149124,3,"(('isolationForest', 'adequacy'), ('zscore_clip_3', 'dlivord_min'), ('zscore_filter_3', 'gestat10'))",3
"(-0.024303, -0.024301]",-0.02430207106478705,-0.02430207106478705,3,"(('isolationForest', 'adequacy'), ('zscore_filter_3', 'gestat10'), ('bin_equal_frequency_2', 'meduc6'))",1
"(-0.024301, -0.0243]",-0.02430065814291502,-0.02430065814291502,3,"(('zscore_clip_3', 'adequacy'), ('bin_equal_frequency_2', 'dlivord_min'), ('isolationForest', 'adequacy'))",1
"(-0.0243, -0.024299]",-0.024299586001594556,-0.024298922948416925,3,"(('bin_equal_width_2', 'adequacy'), ('zscore_filter_3', 'gestat10'), ('isolationForest', 'adequacy'))",4
"(-0.024299, -0.024298]",-0.024297772682632515,-0.024297772682632515,3,"(('isolationForest', 'adequacy'), ('bin_equal_width_2', 'brstate'), ('zscore_filter_3', 'gestat10'))",1
"(-0.024298, -0.024296]",-0.02429724452806812,-0.02429724452806812,3,"(('norm_log', 'adequacy'), ('isolationForest', 'adequacy'), ('bin_equal_width_2', 'drink5'))",1
"(-0.024296, -0.024295]",-0.024295558130671593,-0.024295551633364103,3,"(('isolationForest', 'adequacy'), ('zscore_filter_3', 'gestat10'), ('zscore_clip_3', 'ormoth'))",2
"(-0.024295, -0.024294]",-0.024294579727399186,-0.024294579727399186,3,"(('isolationForest', 'adequacy'), ('zscore_filter_3', 'gestat10'), ('bin_equal_width_2', 'mpre5'))",1
"(-0.024294, -0.024292]",-0.024293070357329506,-0.024292504545360815,3,"(('isolationForest', 'adequacy'), ('zscore_filter_3', 'birattnd'), ('zscore_filter_3', 'mpre5'))",2
"(-0.024291, -0.02429]",-0.024290309325126415,-0.024290309325126415,3,"(('norm_log', 'adequacy'), ('isolationForest', 'adequacy'), ('bin_equal_width_2', 'brstate'))",1
"(-0.024289, -0.024287]",-0.024288594933627197,-0.024288594933627197,3,"(('isolationForest', 'adequacy'), ('IQR', 'gestat10'), ('zscore_filter_3', 'frace'))",1
"(-0.024286, -0.024285]",-0.024285678541723463,-0.024284899299421292,3,"(('norm_log', 'adequacy'), ('isolationForest', 'adequacy'), ('bin_equal_width_2', 'cigar6'))",4
"(-0.024283, -0.024282]",-0.024283398309672556,-0.024282270686198894,3,"(('norm_log', 'adequacy'), ('isolationForest', 'adequacy'), ('bin_equal_frequency_2', 'infant_id'))",6
"(-0.024282, -0.024281]",-0.024282030929158285,-0.024281000366431764,3,"(('norm_log', 'adequacy'), ('isolationForest', 'adequacy'), ('norm_log', 'brstate'))",9
"(-0.024281, -0.02428]",-0.024280724887396958,-0.02427970356196128,3,"(('norm_log', 'adequacy'), ('isolationForest', 'adequacy'), ('bin_equal_width_2', 'birattnd'))",9
"(-0.02428, -0.024278]",-0.0242796269252984,-0.0242784264573641,3,"(('norm_log', 'adequacy'), ('isolationForest', 'adequacy'), ('norm_log', 'birmon'))",15
"(-0.024278, -0.024277]",-0.024278329934990364,-0.024277097644525555,3,"(('norm_log', 'adequacy'), ('isolationForest', 'adequacy'), ('bin_equal_width_2', 'adequacy'))",20
"(-0.024277, -0.024276]",-0.02427709226725428,-0.02427583103327903,2,"(('norm_log', 'adequacy'), ('isolationForest', 'adequacy'))",119
"(-0.024276, -0.024275]",-0.02427567285475791,-0.024274614178619935,3,"(('norm_log', 'adequacy'), ('isolationForest', 'adequacy'), ('bin_equal_width_2', 'birmon'))",15
"(-0.024275, -0.024273]",-0.024274345267058742,-0.024273512035247587,3,"(('norm_log', 'adequacy'), ('isolationForest', 'adequacy'), ('norm_log', 'cigar6'))",8
"(-0.024273, -0.024272]",-0.024272658786976622,-0.024272658786976622,3,"(('norm_log', 'adequacy'), ('isolationForest', 'adequacy'), ('norm_log', 'mrace'))",1
"(-0.024272, -0.024271]",-0.0242716893258252,-0.02427075720624498,3,"(('norm_log', 'adequacy'), ('isolationForest', 'adequacy'), ('bin_equal_width_5', 'crace'))",3
"(-0.024271, -0.024269]",-0.02427057911510139,-0.024269552703110542,3,"(('norm_log', 'adequacy'), ('isolationForest', 'adequacy'), ('norm_log', 'crace'))",4
"(-0.024269, -0.024268]",-0.02426918058191156,-0.024268746477277604,3,"(('norm_log', 'adequacy'), ('isolationForest', 'adequacy'), ('bin_equal_frequency_2', 'mplbir'))",3
"(-0.024268, -0.024267]",-0.024267651242559404,-0.024266920566898643,2,"(('zscore_filter_3', 'dlivord_min'), ('IQR', 'feduc6'))",10
"(-0.024267, -0.024266]",-0.024266811592876084,-0.024266811592876084,3,"(('isolationForest', 'adequacy'), ('zscore_filter_3', 'birattnd'), ('zscore_filter_3', 'gestat10'))",1
"(-0.024266, -0.024264]",-0.024265223176794675,-0.024264305731484827,2,"(('zscore_filter_3', 'drink5'), ('IQR', 'meduc6'))",7
"(-0.024264, -0.024263]",-0.024263486754172548,-0.024263486754172548,3,"(('norm_log', 'adequacy'), ('winsorize', 'cigar6'), ('isolationForest', 'adequacy'))",1
"(-0.024263, -0.024262]",-0.02426268654344183,-0.024262425751167577,2,"(('bin_equal_width_2', 'infant_id'), ('isolationForest', 'adequacy'))",5
"(-0.024262, -0.02426]",-0.024261460406912856,-0.024261460406912856,3,"(('norm_log', 'adequacy'), ('norm_log', 'stoccfipb'), ('isolationForest', 'adequacy'))",1
"(-0.024258, -0.024257]",-0.02425772293506252,-0.02425668426091002,2,"(('zscore_filter_3', 'cigar6'), ('zscore_filter_3', 'gestat10'))",11
"(-0.024257, -0.024255]",-0.024256319371146026,-0.024255872560236487,3,"(('norm_log', 'adequacy'), ('isolationForest', 'adequacy'), ('zscore_clip_3', 'frace'))",2
"(-0.024255, -0.024254]",-0.02425475216336888,-0.024254183856994967,3,"(('norm_log', 'adequacy'), ('isolationForest', 'adequacy'), ('bin_equal_width_2', 'dtotord_min'))",4
"(-0.024254, -0.024253]",-0.024254002162656576,-0.024253315373284384,3,"(('norm_log', 'adequacy'), ('isolationForest', 'adequacy'), ('bin_equal_width_5', 'frace'))",3
"(-0.024252, -0.02425]",-0.024250274139684433,-0.024250274139684433,3,"(('zscore_filter_3', 'adequacy'), ('bin_equal_frequency_2', 'meduc6'), ('isolationForest', 'adequacy'))",1
"(-0.024248, -0.024246]",-0.024246474656328114,-0.024246474656328114,3,"(('norm_log', 'adequacy'), ('isolationForest', 'adequacy'), ('bin_equal_width_2', 'mpre5'))",1
"(-0.024246, -0.024245]",-0.02424615692727914,-0.02424615569507406,2,"(('IQR', 'dlivord_min'), ('zscore_filter_3', 'frace'))",8
"(-0.024244, -0.024243]",-0.02424342023845762,-0.02424342023845762,3,"(('norm_log', 'adequacy'), ('bin_equal_width_10', 'dtotord_min'), ('isolationForest', 'adequacy'))",1
"(-0.024243, -0.024241]",-0.024242493556233095,-0.024242493556233095,3,"(('zscore_clip_3', 'adequacy'), ('zscore_clip_3', 'frace'), ('isolationForest', 'adequacy'))",1
"(-0.02424, -0.024239]",-0.024239687625007236,-0.024239128665936596,3,"(('bin_equal_width_2', 'adequacy'), ('bin_equal_width_5', 'stoccfipb'), ('isolationForest', 'adequacy'))",2
"(-0.024239, -0.024237]",-0.02423852368763529,-0.024238468754395736,2,"(('zscore_filter_3', 'birattnd'), ('IQR', 'dlivord_min'))",9
"(-0.024237, -0.024236]",-0.024236919253776426,-0.024236919253776426,3,"(('bin_equal_width_2', 'adequacy'), ('bin_equal_frequency_2', 'dtotord_min'), ('isolationForest', 'adequacy'))",1
"(-0.024236, -0.024235]",-0.024236040197233955,-0.024235199924263925,3,"(('zscore_clip_3', 'adequacy'), ('isolationForest', 'adequacy'), ('IQR', 'feduc6'))",3
"(-0.02423, -0.024228]",-0.024229322344219092,-0.024229322344219092,3,"(('zscore_clip_3', 'adequacy'), ('bin_equal_width_5', 'birmon'), ('isolationForest', 'adequacy'))",1
"(-0.024228, -0.024227]",-0.024227343597369815,-0.024227342474128517,2,"(('zscore_filter_3', 'cigar6'), ('IQR', 'gestat10'))",8
"(-0.024227, -0.024226]",-0.024226848896357955,-0.024226848896357955,3,"(('zscore_clip_3', 'adequacy'), ('norm_log', 'birattnd'), ('isolationForest', 'adequacy'))",1
"(-0.024226, -0.024225]",-0.024225443614286257,-0.024225443614286257,3,"(('zscore_clip_3', 'adequacy'), ('zscore_filter_3', 'mrace'), ('isolationForest', 'adequacy'))",1
"(-0.024225, -0.024223]",-0.024223552889873278,-0.024223552889873278,3,"(('norm_log', 'adequacy'), ('isolationForest', 'adequacy'), ('IQR', 'feduc6'))",1
"(-0.024223, -0.024222]",-0.024222680667274354,-0.024222110486557792,2,"(('bin_equal_frequency_2', 'meduc6'), ('isolationForest', 'adequacy'))",5
"(-0.024221, -0.02422]",-0.024220349029144366,-0.024220349029144366,3,"(('zscore_clip_3', 'adequacy'), ('norm_log', 'brstate_reg'), ('isolationForest', 'adequacy'))",1
"(-0.024218, -0.024217]",-0.02421795319938859,-0.02421795319938859,3,"(('zscore_clip_3', 'adequacy'), ('bin_equal_width_2', 'frace'), ('isolationForest', 'adequacy'))",1
"(-0.024217, -0.024216]",-0.024216535688856098,-0.024216535688856098,3,"(('zscore_clip_3', 'adequacy'), ('norm_log', 'stoccfipb_reg'), ('isolationForest', 'adequacy'))",1
"(-0.024216, -0.024214]",-0.024215329313294856,-0.024214987220533484,3,"(('zscore_clip_3', 'adequacy'), ('winsorize', 'ormoth'), ('isolationForest', 'adequacy'))",2
"(-0.024214, -0.024213]",-0.024213507410252744,-0.024213507410252744,3,"(('bin_equal_width_2', 'adequacy'), ('bin_equal_frequency_2', 'gestat10'), ('isolationForest', 'adequacy'))",1
"(-0.024213, -0.024212]",-0.024212457133357505,-0.024212241843598655,3,"(('norm_log', 'adequacy'), ('winsorize', 'mager8'), ('isolationForest', 'adequacy'))",2
"(-0.024212, -0.024211]",-0.024211377885998406,-0.024211377885998406,3,"(('norm_log', 'adequacy'), ('winsorize', 'orfath'), ('isolationForest', 'adequacy'))",1
"(-0.024211, -0.024209]",-0.024210228239459695,-0.02420998737691384,3,"(('norm_log', 'adequacy'), ('bin_equal_frequency_10', 'stoccfipb'), ('isolationForest', 'adequacy'))",2
"(-0.024209, -0.024208]",-0.024209247038531348,-0.024209247038531348,3,"(('zscore_clip_3', 'adequacy'), ('winsorize', 'gestat10'), ('isolationForest', 'adequacy'))",1
"(-0.024208, -0.024207]",-0.024207842601380297,-0.024207842601380297,3,"(('bin_equal_width_2', 'adequacy'), ('bin_equal_width_5', 'crace'), ('isolationForest', 'adequacy'))",1
"(-0.024207, -0.024205]",-0.02420611815405223,-0.02420611815405223,3,"(('isolationForest', 'adequacy'), ('zscore_filter_3', 'cigar6'), ('zscore_filter_3', 'gestat10'))",1
"(-0.024202, -0.0242]",-0.024201004741719538,-0.024201004741719538,3,"(('zscore_filter_3', 'adequacy'), ('bin_equal_width_2', 'mplbir'), ('isolationForest', 'adequacy'))",1
"(-0.024199, -0.024198]",-0.024198933905438355,-0.024198933905438355,3,"(('zscore_filter_3', 'adequacy'), ('bin_equal_frequency_2', 'dfageq'), ('isolationForest', 'adequacy'))",1
"(-0.024197, -0.024195]",-0.024195694007363266,-0.024195694007363266,3,"(('isolationForest', 'adequacy'), ('zscore_filter_3', 'drink5'), ('zscore_filter_3', 'gestat10'))",1
"(-0.024195, -0.024194]",-0.024194758699591735,-0.024194758699591735,3,"(('norm_log', 'adequacy'), ('zscore_clip_3', 'dlivord_min'), ('isolationForest', 'adequacy'))",1
"(-0.024194, -0.024193]",-0.02419381981355979,-0.02419381981355979,3,"(('zscore_clip_3', 'adequacy'), ('bin_equal_frequency_2', 'mplbir'), ('isolationForest', 'adequacy'))",1
"(-0.024193, -0.024191]",-0.02419221027777627,-0.024191632847284778,3,"(('bin_equal_width_2', 'adequacy'), ('isolationForest', 'adequacy'), ('IQR', 'gestat10'))",2
"(-0.02419, -0.024189]",-0.02419006054629817,-0.024189629366341364,2,"(('norm_log', 'dlivord_min'), ('isolationForest', 'adequacy'))",9
"(-0.024182, -0.024181]",-0.024181477414776397,-0.02418147551765687,2,"(('bin_equal_width_10', 'dlivord_min'), ('zscore_filter_3', 'dlivord_min'))",16
"(-0.02418, -0.024179]",-0.024179228340910526,-0.02417922776169821,2,"(('norm_log', 'dtotord_min'), ('isolationForest', 'adequacy'))",4
"(-0.024177, -0.024176]",-0.024176898156129563,-0.02417657228966826,2,"(('IQR', 'gestat10'), ('zscore_filter_3', 'mpre5'))",8
"(-0.024173, -0.024172]",-0.02417338685431499,-0.02417330588313125,2,"(('zscore_filter_3', 'drink5'), ('zscore_filter_3', 'mpre5'))",6
"(-0.024167, -0.024166]",-0.02416587505499836,-0.024165874397317225,2,"(('zscore_filter_3', 'frace'), ('isolationForest', 'adequacy'))",4
"(-0.024166, -0.024165]",-0.024164856006967664,-0.024164856006967664,3,"(('norm_log', 'adequacy'), ('IQR', 'feduc6'), ('isolationForest', 'adequacy'))",1
"(-0.024165, -0.024163]",-0.024164466130103594,-0.024164466130103594,3,"(('norm_log', 'adequacy'), ('bin_equal_frequency_5', 'mplbir_reg'), ('isolationForest', 'adequacy'))",1
"(-0.024163, -0.024162]",-0.024162971937215262,-0.024162908586493434,3,"(('norm_log', 'adequacy'), ('bin_equal_frequency_2', 'data_year'), ('isolationForest', 'adequacy'))",2
"(-0.024161, -0.024159]",-0.024160408270673315,-0.024160408270673315,3,"(('zscore_clip_3', 'adequacy'), ('bin_equal_width_2', 'birmon'), ('isolationForest', 'adequacy'))",1
"(-0.024159, -0.024158]",-0.024158485237269756,-0.024158485237269756,3,"(('bin_equal_width_2', 'adequacy'), ('isolationForest', 'adequacy'), ('zscore_filter_3', 'mpre5'))",1
"(-0.024158, -0.024157]",-0.02415749967829419,-0.02415749967829419,3,"(('isolationForest', 'adequacy'), ('bin_equal_frequency_2', 'gestat10'), ('zscore_filter_3', 'mpre5'))",1
"(-0.024156, -0.024154]",-0.02415510366352512,-0.02415510366352512,3,"(('zscore_clip_3', 'adequacy'), ('zscore_clip_3', 'mrace'), ('isolationForest', 'adequacy'))",1
"(-0.024153, -0.024152]",-0.02415255897001863,-0.02415255897001863,3,"(('zscore_filter_3', 'adequacy'), ('winsorize', 'pre4000'), ('isolationForest', 'adequacy'))",1
"(-0.02415, -0.024149]",-0.02414924291710625,-0.02414924291710625,3,"(('zscore_filter_3', 'adequacy'), ('bin_equal_frequency_2', 'gestat10'), ('isolationForest', 'adequacy'))",1
"(-0.024148, -0.024147]",-0.024147613520720836,-0.024147613520720836,3,"(('bin_equal_width_2', 'adequacy'), ('bin_equal_frequency_2', 'meduc6'), ('isolationForest', 'adequacy'))",1
"(-0.024145, -0.024144]",-0.024144486701655924,-0.024144486701655924,3,"(('zscore_filter_3', 'adequacy'), ('bin_equal_width_2', 'crace'), ('isolationForest', 'adequacy'))",1
"(-0.024144, -0.024143]",-0.024142860261813833,-0.024142860261813833,3,"(('zscore_clip_3', 'adequacy'), ('bin_equal_width_5', 'mplbir_reg'), ('isolationForest', 'adequacy'))",1
"(-0.024143, -0.024142]",-0.024142648474715943,-0.024141897644780703,2,"(('bin_equal_width_5', 'dfageq'), ('isolationForest', 'adequacy'))",9
"(-0.024139, -0.024138]",-0.02413866595177055,-0.024137845023593556,3,"(('norm_log', 'adequacy'), ('bin_equal_frequency_10', 'infant_id'), ('isolationForest', 'adequacy'))",2
"(-0.024138, -0.024136]",-0.024137461447269942,-0.024137461447269942,3,"(('zscore_filter_3', 'adequacy'), ('bin_equal_frequency_2', 'feduc6'), ('isolationForest', 'adequacy'))",1
"(-0.024135, -0.024134]",-0.024134426714342756,-0.02413388305424128,2,"(('winsorize', 'pre4000'), ('isolationForest', 'adequacy'))",5
"(-0.024134, -0.024133]",-0.024132579049409797,-0.024132578738396228,2,"(('bin_equal_frequency_2', 'birmon'), ('isolationForest', 'adequacy'))",5
"(-0.02413, -0.024129]",-0.024129959385230066,-0.024129959385230066,3,"(('isolationForest', 'adequacy'), ('zscore_filter_3', 'crace'), ('zscore_filter_3', 'dlivord_min'))",1
"(-0.024127, -0.024126]",-0.02412718553666244,-0.02412718553666244,3,"(('isolationForest', 'adequacy'), ('zscore_filter_3', 'dtotord_min'), ('IQR', 'gestat10'))",1
"(-0.024126, -0.024125]",-0.02412518798343061,-0.02412518798343061,3,"(('isolationForest', 'adequacy'), ('winsorize', 'frace'), ('zscore_filter_3', 'mpre5'))",1
"(-0.024125, -0.024124]",-0.024124883405399054,-0.02412412524962082,3,"(('norm_log', 'adequacy'), ('bin_equal_width_10', 'dlivord_min'), ('isolationForest', 'adequacy'))",4
"(-0.024124, -0.024122]",-0.024122792349387356,-0.02412279182669251,2,"(('bin_equal_frequency_2', 'mplbir_reg'), ('isolationForest', 'adequacy'))",4
"(-0.024122, -0.024121]",-0.024121376185301958,-0.024121204408475098,3,"(('isolationForest', 'adequacy'), ('bin_equal_width_5', 'crace'), ('zscore_filter_3', 'mpre5'))",2
"(-0.024121, -0.02412]",-0.024120770523185446,-0.024120770523185446,3,"(('norm_log', 'adequacy'), ('norm_log', 'birmon'), ('isolationForest', 'adequacy'))",1
"(-0.02412, -0.024118]",-0.024119006862831444,-0.02411878395542227,3,"(('zscore_clip_3', 'adequacy'), ('norm_log', 'meduc6'), ('isolationForest', 'adequacy'))",3
"(-0.024118, -0.024117]",-0.024117873344237435,-0.024117873344237435,3,"(('zscore_clip_3', 'adequacy'), ('winsorize', 'rh'), ('isolationForest', 'adequacy'))",1
"(-0.024117, -0.024116]",-0.024116898929603576,-0.024116655462519995,3,"(('zscore_filter_3', 'adequacy'), ('zscore_filter_3', 'dlivord_min'), ('zscore_filter_3', 'drink5'))",3
"(-0.024116, -0.024115]",-0.024115776895158897,-0.024115776895158897,3,"(('zscore_filter_3', 'adequacy'), ('bin_equal_width_5', 'stoccfipb_reg'), ('isolationForest', 'adequacy'))",1
"(-0.024115, -0.024113]",-0.024114354753173556,-0.024114354753173556,3,"(('isolationForest', 'adequacy'), ('bin_equal_frequency_10', 'infant_id'), ('zscore_filter_3', 'mpre5'))",1
"(-0.024113, -0.024112]",-0.024112925407693674,-0.02411213288070297,3,"(('norm_log', 'adequacy'), ('bin_equal_width_2', 'infant_id'), ('isolationForest', 'adequacy'))",2
"(-0.024112, -0.024111]",-0.024111275782369903,-0.024111275782369903,3,"(('isolationForest', 'adequacy'), ('bin_equal_width_2', 'crace'), ('zscore_filter_3', 'mpre5'))",1
"(-0.024111, -0.02411]",-0.024110202370731464,-0.02410966823023162,3,"(('isolationForest', 'adequacy'), ('bin_equal_frequency_2', 'feduc6'), ('zscore_filter_3', 'mpre5'))",2
"(-0.02411, -0.024108]",-0.024109365259612468,-0.02410891203411639,3,"(('isolationForest', 'adequacy'), ('zscore_clip_3', 'cigar6'), ('zscore_filter_3', 'mpre5'))",5
"(-0.024108, -0.024107]",-0.024107920600098337,-0.02410732071772781,3,"(('isolationForest', 'adequacy'), ('bin_equal_width_5', 'infant_id'), ('zscore_filter_3', 'mpre5'))",3
"(-0.024107, -0.024106]",-0.024106503738250767,-0.024106499243563718,3,"(('zscore_filter_3', 'adequacy'), ('norm_log', 'birmon'), ('isolationForest', 'adequacy'))",2
"(-0.024106, -0.024104]",-0.024105619065288072,-0.024104644156693653,3,"(('isolationForest', 'adequacy'), ('bin_equal_width_2', 'cigar6'), ('zscore_filter_3', 'mpre5'))",5
"(-0.024104, -0.024103]",-0.024104381598081853,-0.02410321892625987,3,"(('isolationForest', 'adequacy'), ('winsorize', 'cardiac'), ('zscore_filter_3', 'mpre5'))",6
"(-0.024103, -0.024102]",-0.02410303793546371,-0.024101976035499646,3,"(('isolationForest', 'adequacy'), ('winsorize', 'hemo'), ('zscore_filter_3', 'mpre5'))",10
"(-0.024102, -0.024101]",-0.02410176724532987,-0.02410061504589948,3,"(('isolationForest', 'adequacy'), ('norm_log', 'birattnd'), ('zscore_filter_3', 'mpre5'))",26
"(-0.024101, -0.024099]",-0.024100584443062737,-0.024099363708925747,2,"(('isolationForest', 'adequacy'), ('zscore_filter_3', 'mpre5'))",134
"(-0.024099, -0.024098]",-0.02409921937734238,-0.02409816185440012,3,"(('isolationForest', 'adequacy'), ('bin_equal_width_2', 'adequacy'), ('zscore_filter_3', 'mpre5'))",11
"(-0.024098, -0.024097]",-0.02409796978627419,-0.02409689372106241,3,"(('isolationForest', 'adequacy'), ('bin_equal_frequency_5', 'brstate'), ('zscore_filter_3', 'mpre5'))",12
"(-0.024097, -0.024095]",-0.024096656765536226,-0.024096094406807208,3,"(('isolationForest', 'adequacy'), ('bin_equal_width_2', 'birattnd'), ('zscore_filter_3', 'mpre5'))",7
"(-0.024095, -0.024094]",-0.024094601449027003,-0.024094598612376072,3,"(('isolationForest', 'adequacy'), ('zscore_clip_3', 'dlivord_min'), ('zscore_filter_3', 'mpre5'))",2
"(-0.024094, -0.024093]",-0.02409323609705025,-0.024093075373452514,3,"(('norm_log', 'adequacy'), ('bin_equal_frequency_10', 'birmon'), ('isolationForest', 'adequacy'))",2
"(-0.024093, -0.024092]",-0.024092627994107614,-0.024092627994107614,3,"(('isolationForest', 'adequacy'), ('bin_equal_frequency_2', 'brstate'), ('zscore_filter_3', 'mpre5'))",1
"(-0.024092, -0.02409]",-0.024090596180651392,-0.024090596180651392,3,"(('isolationForest', 'adequacy'), ('bin_equal_width_2', 'frace'), ('zscore_filter_3', 'mpre5'))",1
"(-0.02409, -0.024089]",-0.024090207198682788,-0.02408919585486068,3,"(('zscore_filter_3', 'adequacy'), ('bin_equal_width_5', 'frace'), ('isolationForest', 'adequacy'))",4
"(-0.024088, -0.024087]",-0.024086749718126126,-0.024086749718126126,3,"(('isolationForest', 'adequacy'), ('zscore_filter_3', 'dlivord_min'), ('zscore_filter_3', 'mrace'))",1
"(-0.024087, -0.024085]",-0.024085928471609147,-0.024085928471609147,3,"(('isolationForest', 'adequacy'), ('winsorize', 'gestat10'), ('zscore_filter_3', 'mpre5'))",1
"(-0.024085, -0.024084]",-0.02408404372366513,-0.02408404372366513,3,"(('zscore_filter_3', 'adequacy'), ('bin_equal_width_2', 'orfath'), ('isolationForest', 'adequacy'))",1
"(-0.024084, -0.024083]",-0.024082930082015643,-0.024082930082015643,3,"(('norm_log', 'adequacy'), ('isolationForest', 'adequacy'), ('zscore_filter_3', 'gestat10'))",1
"(-0.02408, -0.024079]",-0.02407986447345984,-0.02407986447345984,3,"(('zscore_clip_3', 'adequacy'), ('zscore_clip_3', 'dtotord_min'), ('isolationForest', 'adequacy'))",1
"(-0.024075, -0.024074]",-0.024074523240372812,-0.024074523240372812,3,"(('norm_log', 'adequacy'), ('zscore_filter_3', 'frace'), ('isolationForest', 'adequacy'))",1
"(-0.024072, -0.024071]",-0.02407192449306804,-0.02407192449306804,3,"(('isolationForest', 'adequacy'), ('IQR', 'dlivord_min'), ('zscore_filter_3', 'dtotord_min'))",1
"(-0.024071, -0.02407]",-0.024070834791552358,-0.024069973758796392,3,"(('zscore_clip_3', 'adequacy'), ('bin_equal_frequency_5', 'stoccfipb'), ('isolationForest', 'adequacy'))",3
"(-0.02407, -0.024069]",-0.024069657630939403,-0.024069345551819617,3,"(('norm_log', 'adequacy'), ('norm_log', 'meduc6'), ('isolationForest', 'adequacy'))",2
"(-0.024064, -0.024062]",-0.024062519955760812,-0.024062375678345637,2,"(('bin_equal_frequency_5', 'birmon'), ('isolationForest', 'adequacy'))",6
"(-0.024062, -0.024061]",-0.024061533110509313,-0.024061082471677514,3,"(('norm_log', 'adequacy'), ('norm_log', 'mplbir_reg'), ('isolationForest', 'adequacy'))",2
"(-0.024061, -0.02406]",-0.024060875592634184,-0.024060796522649995,3,"(('isolationForest', 'adequacy'), ('IQR', 'dlivord_min'), ('zscore_filter_3', 'ormoth'))",2
"(-0.02406, -0.024058]",-0.02405896967118624,-0.02405896967118624,3,"(('zscore_clip_3', 'adequacy'), ('isolationForest', 'adequacy'), ('zscore_filter_3', 'birattnd'))",1
"(-0.024056, -0.024055]",-0.024054933612578124,-0.024054705636042513,3,"(('zscore_clip_3', 'adequacy'), ('norm_log', 'crace'), ('isolationForest', 'adequacy'))",4
"(-0.024055, -0.024053]",-0.024054256581895965,-0.024054256581895965,3,"(('isolationForest', 'adequacy'), ('norm_log', 'gestat10'), ('zscore_filter_3', 'mpre5'))",1
"(-0.024052, -0.024051]",-0.02405098027920456,-0.02405098027920456,3,"(('zscore_clip_3', 'adequacy'), ('isolationForest', 'adequacy'), ('zscore_clip_3', 'gestat10'))",1
"(-0.024047, -0.024046]",-0.02404603269593137,-0.02404603269593137,3,"(('zscore_clip_3', 'adequacy'), ('isolationForest', 'adequacy'), ('bin_equal_frequency_2', 'gestat10'))",1
"(-0.024044, -0.024043]",-0.024043093496479068,-0.024043093496479068,3,"(('zscore_clip_3', 'adequacy'), ('isolationForest', 'adequacy'), ('winsorize', 'pldel'))",1
"(-0.024039, -0.024038]",-0.024039152091576768,-0.02403867607226045,3,"(('norm_log', 'adequacy'), ('bin_equal_width_2', 'brstate'), ('isolationForest', 'adequacy'))",2
"(-0.024037, -0.024035]",-0.024035396957269507,-0.024035395780100777,2,"(('winsorize', 'gestat10'), ('IQR', 'gestat10'))",7
"(-0.024035, -0.024034]",-0.024034693016677027,-0.024034238213389278,3,"(('norm_log', 'adequacy'), ('zscore_clip_3', 'cigar6'), ('isolationForest', 'adequacy'))",2
"(-0.024033, -0.024032]",-0.02403271158896883,-0.02403235217167973,3,"(('zscore_clip_3', 'adequacy'), ('isolationForest', 'adequacy'), ('norm_log', 'gestat10'))",2
"(-0.02403, -0.024029]",-0.024029740798044034,-0.024029740798044034,3,"(('zscore_filter_3', 'adequacy'), ('zscore_clip_3', 'mrace'), ('isolationForest', 'adequacy'))",1
"(-0.024029, -0.024028]",-0.024028418866303757,-0.024028418866303757,3,"(('zscore_clip_3', 'adequacy'), ('norm_log', 'drink5'), ('isolationForest', 'adequacy'))",1
"(-0.024028, -0.024026]",-0.024027575068809648,-0.024027575068809648,3,"(('norm_log', 'adequacy'), ('bin_equal_width_2', 'cigar6'), ('isolationForest', 'adequacy'))",1
"(-0.024025, -0.024024]",-0.024024004060542337,-0.024024004060542337,3,"(('zscore_clip_3', 'adequacy'), ('bin_equal_width_5', 'stoccfipb_reg'), ('isolationForest', 'adequacy'))",1
"(-0.024023, -0.024021]",-0.024022569316205642,-0.024022568921761762,2,"(('norm_log', 'mplbir_reg'), ('isolationForest', 'adequacy'))",4
"(-0.024021, -0.02402]",-0.024020020677745814,-0.024020020677745814,3,"(('isolationForest', 'adequacy'), ('IQR', 'feduc6'), ('IQR', 'gestat10'))",1
"(-0.024015, -0.024014]",-0.024014495743416842,-0.024014081797024536,2,"(('bin_equal_width_5', 'infant_id'), ('isolationForest', 'adequacy'))",5
"(-0.024014, -0.024012]",-0.024012490635565365,-0.024012489027563963,2,"(('zscore_filter_3', 'dlivord_min'), ('zscore_filter_3', 'gestat10'))",8
"(-0.024011, -0.02401]",-0.024010324254840176,-0.024010055436883736,2,"(('bin_equal_frequency_2', 'brstate_reg'), ('isolationForest', 'adequacy'))",6
"(-0.024009, -0.024007]",-0.024007904996425352,-0.0240075382043102,3,"(('zscore_clip_3', 'adequacy'), ('isolationForest', 'adequacy'), ('winsorize', 'chyper'))",2
"(-0.024007, -0.024006]",-0.02400658285960235,-0.024006063588653113,3,"(('zscore_clip_3', 'adequacy'), ('isolationForest', 'adequacy'), ('zscore_clip_3', 'drink5'))",4
"(-0.024003, -0.024002]",-0.02400337617639157,-0.024002282447497275,2,"(('bin_equal_width_2', 'nprevistq'), ('isolationForest', 'adequacy'))",7
"(-0.024002, -0.024001]",-0.024001551822049716,-0.024001148843098407,3,"(('zscore_clip_3', 'adequacy'), ('isolationForest', 'adequacy'), ('winsorize', 'renal'))",3
"(-0.024001, -0.024]",-0.02400044733535837,-0.023999637860012937,2,"(('bin_equal_frequency_5', 'mplbir_reg'), ('isolationForest', 'adequacy'))",7
"(-0.024, -0.023998]",-0.023999351943574897,-0.023998681790050633,3,"(('zscore_clip_3', 'adequacy'), ('isolationForest', 'adequacy'), ('norm_log', 'feduc6'))",2
"(-0.023997, -0.023996]",-0.02399686857820639,-0.023995969671953755,3,"(('zscore_clip_3', 'adequacy'), ('isolationForest', 'adequacy'), ('zscore_clip_3', 'birattnd'))",7
"(-0.023996, -0.023994]",-0.023995572389349056,-0.023994490145034072,3,"(('zscore_clip_3', 'adequacy'), ('isolationForest', 'adequacy'), ('bin_equal_frequency_10', 'birmon'))",9
"(-0.023994, -0.023993]",-0.023994227575741118,-0.0239931980685244,3,"(('zscore_clip_3', 'adequacy'), ('isolationForest', 'adequacy'), ('norm_log', 'birattnd'))",11
"(-0.023993, -0.023992]",-0.02399314557434885,-0.023991880216910892,2,"(('zscore_clip_3', 'adequacy'), ('isolationForest', 'adequacy'))",118
"(-0.023992, -0.023991]",-0.023991766171802948,-0.02399061155320032,2,"(('bin_equal_frequency_2', 'mager8'), ('isolationForest', 'adequacy'))",13
"(-0.023991, -0.023989]",-0.023990591206308642,-0.023989442758467948,3,"(('zscore_clip_3', 'adequacy'), ('isolationForest', 'adequacy'), ('bin_equal_width_2', 'birattnd'))",11
"(-0.023989, -0.023988]",-0.023989222153019046,-0.023988042198116885,3,"(('zscore_clip_3', 'adequacy'), ('isolationForest', 'adequacy'), ('norm_log', 'birmon'))",9
"(-0.023988, -0.023987]",-0.023987969753389005,-0.023986936976384484,3,"(('zscore_clip_3', 'adequacy'), ('isolationForest', 'adequacy'), ('bin_equal_width_5', 'dfageq'))",3
"(-0.023987, -0.023985]",-0.023986750646179503,-0.02398554832211588,3,"(('zscore_clip_3', 'adequacy'), ('isolationForest', 'adequacy'), ('norm_log', 'crace'))",8
"(-0.023985, -0.023984]",-0.02398517052585886,-0.023984359769494527,2,"(('norm_log', 'stoccfipb_reg'), ('isolationForest', 'adequacy'))",11
"(-0.023984, -0.023983]",-0.023983435801803007,-0.023983435801803007,3,"(('zscore_clip_3', 'adequacy'), ('isolationForest', 'adequacy'), ('bin_equal_width_2', 'dlivord_min'))",1
"(-0.023983, -0.023982]",-0.023982254712968398,-0.023981914976074596,3,"(('zscore_clip_3', 'adequacy'), ('isolationForest', 'adequacy'), ('norm_log', 'brstate_reg'))",3
"(-0.02398, -0.023979]",-0.023980348661220337,-0.023980348661220337,3,"(('zscore_clip_3', 'adequacy'), ('isolationForest', 'adequacy'), ('zscore_clip_3', 'dtotord_min'))",1
"(-0.023979, -0.023978]",-0.023978838792718334,-0.02397823728086709,3,"(('zscore_clip_3', 'adequacy'), ('isolationForest', 'adequacy'), ('bin_equal_frequency_2', 'nprevistq'))",2
"(-0.023978, -0.023977]",-0.023977404585685202,-0.023977404585685202,3,"(('zscore_clip_3', 'adequacy'), ('isolationForest', 'adequacy'), ('bin_equal_width_2', 'crace'))",1
"(-0.023977, -0.023975]",-0.02397639732119603,-0.023975739207514276,3,"(('zscore_clip_3', 'adequacy'), ('isolationForest', 'adequacy'), ('bin_equal_width_2', 'mpre5'))",2
"(-0.023975, -0.023974]",-0.02397476165906978,-0.02397476165906978,3,"(('isolationForest', 'adequacy'), ('zscore_filter_3', 'drink5'), ('zscore_filter_3', 'mpre5'))",1
"(-0.023974, -0.023973]",-0.02397333453116971,-0.02397333453116971,3,"(('zscore_clip_3', 'adequacy'), ('bin_equal_frequency_5', 'mplbir_reg'), ('isolationForest', 'adequacy'))",1
"(-0.023973, -0.023971]",-0.023972130663909415,-0.023972106751132895,3,"(('bin_equal_width_2', 'adequacy'), ('zscore_filter_3', 'cigar6'), ('isolationForest', 'adequacy'))",2
"(-0.023971, -0.02397]",-0.023970160195127283,-0.023970160195127283,3,"(('zscore_clip_3', 'adequacy'), ('isolationForest', 'adequacy'), ('norm_log', 'frace'))",1
"(-0.02397, -0.023969]",-0.023969101915955263,-0.02396885728938708,3,"(('bin_equal_width_2', 'adequacy'), ('bin_equal_width_2', 'cigar6'), ('isolationForest', 'adequacy'))",3
"(-0.023969, -0.023968]",-0.02396816068670878,-0.023967600310967903,3,"(('zscore_clip_3', 'adequacy'), ('isolationForest', 'adequacy'), ('zscore_clip_3', 'crace'))",2
"(-0.023966, -0.023965]",-0.02396501806872696,-0.02396501806872696,3,"(('bin_equal_width_2', 'adequacy'), ('zscore_filter_3', 'frace'), ('isolationForest', 'adequacy'))",1
"(-0.023965, -0.023964]",-0.02396381222181923,-0.02396381222181923,3,"(('zscore_clip_3', 'adequacy'), ('winsorize', 'renal'), ('isolationForest', 'adequacy'))",1
"(-0.023962, -0.023961]",-0.02396224537376827,-0.02396212796379369,3,"(('zscore_clip_3', 'adequacy'), ('isolationForest', 'adequacy'), ('bin_equal_frequency_2', 'feduc6'))",2
"(-0.023961, -0.02396]",-0.023960910762020483,-0.023960910762020483,3,"(('norm_log', 'adequacy'), ('bin_equal_width_2', 'stoccfipb'), ('isolationForest', 'adequacy'))",1
"(-0.02396, -0.023959]",-0.023959030576307692,-0.023959030576307692,3,"(('zscore_clip_3', 'adequacy'), ('isolationForest', 'adequacy'), ('bin_equal_width_2', 'nprevistq'))",1
"(-0.023959, -0.023957]",-0.023958599662712663,-0.023958599662712663,3,"(('norm_log', 'adequacy'), ('winsorize', 'infant_id'), ('isolationForest', 'adequacy'))",1
"(-0.023957, -0.023956]",-0.023956716621524182,-0.02395614135314732,2,"(('IQR', 'dlivord_min'), ('zscore_filter_3', 'mpre5'))",9
"(-0.023956, -0.023955]",-0.023955086550751865,-0.023955086550751865,3,"(('zscore_filter_3', 'adequacy'), ('bin_equal_width_2', 'dtotord_min'), ('isolationForest', 'adequacy'))",1
"(-0.02395, -0.023948]",-0.023949558135034455,-0.023949558135034455,3,"(('zscore_clip_3', 'adequacy'), ('bin_equal_frequency_5', 'brstate'), ('isolationForest', 'adequacy'))",1
"(-0.023948, -0.023947]",-0.02394735042781135,-0.02394735042781135,3,"(('zscore_clip_3', 'adequacy'), ('isolationForest', 'adequacy'), ('winsorize', 'frace'))",1
"(-0.023947, -0.023946]",-0.023945934085461515,-0.023945933595697078,2,"(('bin_equal_frequency_2', 'mplbir'), ('isolationForest', 'adequacy'))",4
"(-0.023943, -0.023942]",-0.023942909885976853,-0.023942909885976853,3,"(('zscore_clip_3', 'adequacy'), ('isolationForest', 'adequacy'), ('bin_equal_width_2', 'frace'))",1
"(-0.023942, -0.023941]",-0.023941733791798456,-0.023941733791798456,3,"(('zscore_clip_3', 'adequacy'), ('isolationForest', 'adequacy'), ('bin_equal_width_5', 'frace'))",1
"(-0.023939, -0.023938]",-0.02393850587898232,-0.02393850587898232,3,"(('isolationForest', 'adequacy'), ('zscore_filter_3', 'dlivord_min'), ('IQR', 'meduc6'))",1
"(-0.023938, -0.023937]",-0.02393751398871096,-0.02393751344839204,2,"(('bin_equal_width_10', 'birmon'), ('isolationForest', 'adequacy'))",5
"(-0.023936, -0.023934]",-0.02393506640748011,-0.02393506640748011,3,"(('bin_equal_width_2', 'adequacy'), ('bin_equal_frequency_2', 'brstate'), ('isolationForest', 'adequacy'))",1
"(-0.023933, -0.023932]",-0.02393230865536739,-0.02393230865536739,3,"(('bin_equal_width_2', 'adequacy'), ('isolationForest', 'adequacy'), ('zscore_filter_3', 'dlivord_min'))",1
"(-0.023932, -0.02393]",-0.02393062444150256,-0.02393062444150256,3,"(('zscore_filter_3', 'adequacy'), ('isolationForest', 'adequacy'), ('bin_equal_width_2', 'gestat10'))",1
"(-0.02393, -0.023929]",-0.023929923032547675,-0.02392990802355851,3,"(('bin_equal_width_2', 'adequacy'), ('IQR', 'dlivord_min'), ('isolationForest', 'adequacy'))",2
"(-0.023929, -0.023928]",-0.023928586568715243,-0.02392858608093653,2,"(('bin_equal_width_2', 'cigar6'), ('isolationForest', 'adequacy'))",5
"(-0.023927, -0.023925]",-0.023926563933760314,-0.023926093458387983,3,"(('zscore_clip_3', 'adequacy'), ('winsorize', 'frace'), ('isolationForest', 'adequacy'))",2
"(-0.023924, -0.023923]",-0.023923809128903326,-0.023923808163837584,2,"(('zscore_clip_3', 'dtotord_min'), ('isolationForest', 'adequacy'))",4
"(-0.023923, -0.023922]",-0.023921650851376514,-0.023921650851376514,3,"(('isolationForest', 'adequacy'), ('zscore_filter_3', 'adequacy'), ('zscore_filter_3', 'dlivord_min'))",1
"(-0.02392, -0.023919]",-0.02391915609641463,-0.02391915609641463,3,"(('bin_equal_width_2', 'adequacy'), ('norm_log', 'mplbir_reg'), ('isolationForest', 'adequacy'))",1
"(-0.023918, -0.023916]",-0.02391745915912153,-0.023917458728129382,2,"(('zscore_clip_3', 'mpre5'), ('isolationForest', 'adequacy'))",4
"(-0.023913, -0.023911]",-0.023912547993278594,-0.02391179811852197,3,"(('bin_equal_width_2', 'adequacy'), ('bin_equal_width_10', 'infant_id'), ('isolationForest', 'adequacy'))",3
"(-0.023911, -0.02391]",-0.023910651343107894,-0.023910650444123317,2,"(('norm_log', 'mplbir'), ('isolationForest', 'adequacy'))",4
"(-0.02391, -0.023909]",-0.02390929741195691,-0.02390929741195691,3,"(('isolationForest', 'adequacy'), ('zscore_clip_3', 'frace'), ('IQR', 'gestat10'))",1
"(-0.023907, -0.023906]",-0.023907152503030875,-0.023906637810881884,3,"(('norm_log', 'adequacy'), ('bin_equal_width_5', 'dfageq'), ('isolationForest', 'adequacy'))",2
"(-0.023906, -0.023905]",-0.02390564533013103,-0.02390497129959251,3,"(('zscore_filter_3', 'adequacy'), ('norm_log', 'dfageq'), ('isolationForest', 'adequacy'))",2
"(-0.023905, -0.023904]",-0.023904241705896247,-0.023904241705896247,3,"(('zscore_filter_3', 'adequacy'), ('isolationForest', 'adequacy'), ('bin_equal_width_5', 'gestat10'))",1
"(-0.023904, -0.023902]",-0.0239032888728691,-0.0239032888728691,3,"(('zscore_clip_3', 'adequacy'), ('isolationForest', 'adequacy'), ('bin_equal_width_5', 'gestat10'))",1
"(-0.023902, -0.023901]",-0.023901103826735447,-0.023901103826735447,3,"(('zscore_filter_3', 'adequacy'), ('isolationForest', 'adequacy'), ('zscore_filter_3', 'gestat10'))",1
"(-0.0239, -0.023899]",-0.023898904240903355,-0.023898903598395894,3,"(('isolationForest', 'adequacy'), ('zscore_clip_3', 'crace'), ('IQR', 'gestat10'))",2
"(-0.023899, -0.023897]",-0.02389838564943886,-0.02389744763695193,3,"(('norm_log', 'adequacy'), ('norm_log', 'mpre5'), ('isolationForest', 'adequacy'))",2
"(-0.023897, -0.023896]",-0.0238966167769098,-0.023896081778460997,3,"(('isolationForest', 'adequacy'), ('bin_equal_width_2', 'adequacy'), ('IQR', 'gestat10'))",3
"(-0.023896, -0.023895]",-0.023895572368952154,-0.023895498744455717,3,"(('zscore_filter_3', 'adequacy'), ('norm_log', 'nprevistq'), ('isolationForest', 'adequacy'))",2
"(-0.023895, -0.023893]",-0.023893675311303524,-0.023893675311303524,3,"(('norm_log', 'adequacy'), ('bin_equal_width_2', 'gestat10'), ('isolationForest', 'adequacy'))",1
"(-0.023892, -0.023891]",-0.023891753529373862,-0.02389137520788804,3,"(('bin_equal_width_2', 'adequacy'), ('norm_log', 'stoccfipb'), ('isolationForest', 'adequacy'))",2
"(-0.023891, -0.02389]",-0.02389048026685343,-0.023889827424131264,3,"(('norm_log', 'adequacy'), ('bin_equal_width_10', 'infant_id'), ('isolationForest', 'adequacy'))",3
"(-0.02389, -0.023888]",-0.02388952306564595,-0.023888463911217284,3,"(('zscore_filter_3', 'adequacy'), ('zscore_clip_3', 'birattnd'), ('isolationForest', 'adequacy'))",7
"(-0.023888, -0.023887]",-0.023887916321446063,-0.023887062745662886,3,"(('isolationForest', 'adequacy'), ('bin_equal_frequency_2', 'feduc6'), ('IQR', 'gestat10'))",2
"(-0.023887, -0.023886]",-0.02388643244780026,-0.02388583786316122,3,"(('zscore_clip_3', 'adequacy'), ('bin_equal_width_2', 'dlivord_min'), ('isolationForest', 'adequacy'))",4
"(-0.023886, -0.023884]",-0.023885569787099138,-0.023884960468808156,3,"(('bin_equal_width_2', 'adequacy'), ('bin_equal_width_5', 'dlivord_min'), ('isolationForest', 'adequacy'))",8
"(-0.023884, -0.023883]",-0.0238844018376681,-0.023883505681148835,3,"(('zscore_filter_3', 'adequacy'), ('isolationForest', 'adequacy'), ('zscore_clip_3', 'dtotord_min'))",6
"(-0.023883, -0.023882]",-0.023882905087647687,-0.02388199437742051,3,"(('zscore_filter_3', 'adequacy'), ('isolationForest', 'adequacy'), ('norm_log', 'brstate_reg'))",14
"(-0.023882, -0.023881]",-0.023881185215827164,-0.023880645671217924,2,"(('zscore_filter_3', 'drink5'), ('bin_equal_frequency_10', 'infant_id'))",15
"(-0.023881, -0.023879]",-0.02388058970306943,-0.023879341866206986,1,"(('zscore_filter_3', 'drink5'),)",1253
"(-0.023879, -0.023878]",-0.023879299593691637,-0.023878054315164435,2,"(('isolationForest', 'adequacy'), ('IQR', 'gestat10'))",119
"(-0.023878, -0.023877]",-0.023878034155659734,-0.0238767791999372,2,"(('bin_equal_frequency_5', 'infant_id'), ('zscore_filter_3', 'drink5'))",26
"(-0.023877, -0.023875]",-0.02387675064833447,-0.023875608666993665,3,"(('zscore_filter_3', 'adequacy'), ('isolationForest', 'adequacy'), ('bin_equal_width_5', 'dfageq'))",10
"(-0.023875, -0.023874]",-0.023875302812768926,-0.023874272071039596,3,"(('zscore_filter_3', 'adequacy'), ('isolationForest', 'adequacy'), ('bin_equal_frequency_5', 'stoccfipb_reg'))",13
"(-0.023874, -0.023873]",-0.023874205378881578,-0.02387298532505616,3,"(('zscore_filter_3', 'adequacy'), ('isolationForest', 'adequacy'), ('bin_equal_width_2', 'cigar6'))",12
"(-0.023873, -0.023872]",-0.02387288320555261,-0.023871662102320914,3,"(('zscore_filter_3', 'adequacy'), ('isolationForest', 'adequacy'), ('bin_equal_frequency_2', 'data_year'))",21
"(-0.023872, -0.02387]",-0.023871612519667126,-0.02387043015124528,2,"(('zscore_filter_3', 'adequacy'), ('isolationForest', 'adequacy'))",132
"(-0.02387, -0.023869]",-0.02387022081398091,-0.0238691733564536,3,"(('norm_log', 'adequacy'), ('bin_equal_frequency_2', 'stoccfipb_reg'), ('isolationForest', 'adequacy'))",18
"(-0.023869, -0.023868]",-0.023869067166692917,-0.02386785490469658,3,"(('zscore_clip_3', 'adequacy'), ('zscore_clip_3', 'drink5'), ('isolationForest', 'adequacy'))",14
"(-0.023868, -0.023867]",-0.0238674406844079,-0.02386672748688618,3,"(('zscore_filter_3', 'adequacy'), ('isolationForest', 'adequacy'), ('bin_equal_width_2', 'frace'))",3
"(-0.023867, -0.023865]",-0.02386651479363381,-0.023865317561380533,3,"(('norm_log', 'adequacy'), ('bin_equal_frequency_2', 'mager8'), ('isolationForest', 'adequacy'))",11
"(-0.023865, -0.023864]",-0.023865210532771325,-0.023863992784603143,3,"(('zscore_clip_3', 'adequacy'), ('zscore_filter_3', 'birattnd'), ('isolationForest', 'adequacy'))",9
"(-0.023864, -0.023863]",-0.023863769029048368,-0.023862790197811234,3,"(('zscore_filter_3', 'adequacy'), ('isolationForest', 'adequacy'), ('bin_equal_width_5', 'crace'))",5
"(-0.023863, -0.023861]",-0.023862678756732484,-0.023861825052334223,3,"(('norm_log', 'adequacy'), ('bin_equal_width_2', 'birmon'), ('isolationForest', 'adequacy'))",2
"(-0.023861, -0.02386]",-0.023860868142847182,-0.023860868142847182,3,"(('isolationForest', 'adequacy'), ('IQR', 'gestat10'), ('bin_equal_width_2', 'mpre5'))",1
"(-0.02386, -0.023859]",-0.023859726226975433,-0.023859116937726077,2,"(('zscore_filter_3', 'drink5'), ('zscore_filter_3', 'frace'))",7
"(-0.023859, -0.023858]",-0.023858634353065886,-0.023857635202188917,3,"(('bin_equal_width_2', 'adequacy'), ('zscore_filter_3', 'drink5'), ('isolationForest', 'adequacy'))",3
"(-0.023858, -0.023856]",-0.023857391955967422,-0.023856376471128315,3,"(('zscore_filter_3', 'adequacy'), ('isolationForest', 'adequacy'), ('bin_equal_frequency_2', 'dfageq'))",3
"(-0.023855, -0.023854]",-0.023854948373297855,-0.0238543469702693,2,"(('zscore_filter_3', 'birattnd'), ('zscore_filter_3', 'drink5'))",9
"(-0.023854, -0.023852]",-0.023853580815852406,-0.023853580815852406,3,"(('zscore_clip_3', 'adequacy'), ('isolationForest', 'adequacy'), ('bin_equal_width_2', 'gestat10'))",1
"(-0.023852, -0.023851]",-0.023851471644424457,-0.023851214540597285,3,"(('zscore_clip_3', 'adequacy'), ('bin_equal_frequency_2', 'meduc6'), ('isolationForest', 'adequacy'))",3
"(-0.023851, -0.02385]",-0.023849925745834957,-0.023849924822855997,2,"(('bin_equal_width_5', 'birmon'), ('isolationForest', 'adequacy'))",5
"(-0.02385, -0.023849]",-0.02384964477668367,-0.02384964477668367,3,"(('zscore_clip_3', 'adequacy'), ('bin_equal_width_2', 'mplbir_reg'), ('isolationForest', 'adequacy'))",1
"(-0.023847, -0.023846]",-0.02384730786094258,-0.02384730786094258,3,"(('norm_log', 'adequacy'), ('zscore_filter_3', 'dlivord_min'), ('isolationForest', 'adequacy'))",1
"(-0.023845, -0.023844]",-0.02384456568092103,-0.02384456568092103,3,"(('zscore_filter_3', 'adequacy'), ('isolationForest', 'adequacy'), ('norm_log', 'gestat10'))",1
"(-0.023841, -0.02384]",-0.023839747350906725,-0.023839747350906725,3,"(('zscore_filter_3', 'adequacy'), ('winsorize', 'hemo'), ('isolationForest', 'adequacy'))",1
"(-0.02384, -0.023838]",-0.02383921738833939,-0.023838867651530506,3,"(('norm_log', 'adequacy'), ('bin_equal_width_5', 'infant_id'), ('isolationForest', 'adequacy'))",2
"(-0.023837, -0.023836]",-0.023835889116382097,-0.023835889116382097,3,"(('bin_equal_width_2', 'adequacy'), ('isolationForest', 'adequacy'), ('IQR', 'dlivord_min'))",1
"(-0.023836, -0.023835]",-0.023835386706356196,-0.023835386706356196,3,"(('norm_log', 'adequacy'), ('bin_equal_frequency_2', 'mplbir'), ('isolationForest', 'adequacy'))",1
"(-0.023829, -0.023828]",-0.023828585962079027,-0.023828585962079027,3,"(('zscore_filter_3', 'adequacy'), ('norm_log', 'stoccfipb'), ('isolationForest', 'adequacy'))",1
"(-0.023828, -0.023827]",-0.023827103913340777,-0.02382710354933497,2,"(('zscore_filter_3', 'ormoth'), ('isolationForest', 'adequacy'))",4
"(-0.023827, -0.023826]",-0.02382686170278218,-0.023825959536741555,3,"(('zscore_filter_3', 'adequacy'), ('zscore_clip_3', 'drink5'), ('isolationForest', 'adequacy'))",3
"(-0.02382, -0.023819]",-0.023820137161517336,-0.023820136770375692,2,"(('bin_equal_width_5', 'mplbir'), ('isolationForest', 'adequacy'))",4
"(-0.023819, -0.023818]",-0.023818705004146182,-0.023818705004146182,3,"(('zscore_filter_3', 'adequacy'), ('norm_log', 'ormoth'), ('isolationForest', 'adequacy'))",1
"(-0.023817, -0.023815]",-0.023816119565808074,-0.023816119565808074,3,"(('bin_equal_width_2', 'adequacy'), ('zscore_filter_3', 'crace'), ('isolationForest', 'adequacy'))",1
"(-0.023815, -0.023814]",-0.023815346924914715,-0.023814185899459668,3,"(('norm_log', 'adequacy'), ('bin_equal_width_5', 'dtotord_min'), ('isolationForest', 'adequacy'))",3
"(-0.023814, -0.023813]",-0.02381394937028463,-0.02381394937028463,3,"(('zscore_clip_3', 'adequacy'), ('norm_log', 'mrace'), ('isolationForest', 'adequacy'))",1
"(-0.023812, -0.02381]",-0.02381057185133454,-0.02381057185133454,3,"(('isolationForest', 'adequacy'), ('IQR', 'dlivord_min'), ('IQR', 'meduc6'))",1
"(-0.023809, -0.023808]",-0.023808825562940054,-0.023808825562940054,3,"(('norm_log', 'adequacy'), ('bin_equal_frequency_5', 'birmon'), ('isolationForest', 'adequacy'))",1
"(-0.023808, -0.023806]",-0.0238074133728796,-0.023807185334633493,3,"(('zscore_clip_3', 'adequacy'), ('zscore_filter_3', 'crace'), ('isolationForest', 'adequacy'))",2
"(-0.023806, -0.023805]",-0.02380582577207387,-0.02380582386899505,2,"(('zscore_filter_3', 'drink5'), ('IQR', 'feduc6'))",5
"(-0.023803, -0.023801]",-0.02380149953690215,-0.02380149953690215,3,"(('isolationForest', 'adequacy'), ('zscore_filter_3', 'birattnd'), ('IQR', 'gestat10'))",1
"(-0.0238, -0.023799]",-0.023799707160373107,-0.023799707160373107,3,"(('zscore_clip_3', 'adequacy'), ('bin_equal_width_2', 'brstate'), ('isolationForest', 'adequacy'))",1
"(-0.023799, -0.023797]",-0.023797961880498677,-0.02379796095013265,2,"(('winsorize', 'mager8'), ('isolationForest', 'adequacy'))",4
"(-0.023797, -0.023796]",-0.023796484570942043,-0.02379648391976609,2,"(('zscore_filter_3', 'dlivord_min'), ('isolationForest', 'adequacy'))",5
"(-0.023796, -0.023795]",-0.023796027013623162,-0.023796026686452334,2,"(('norm_log', 'birmon'), ('isolationForest', 'adequacy'))",5
"(-0.023794, -0.023792]",-0.023793628515898464,-0.023793628515898464,3,"(('zscore_clip_3', 'adequacy'), ('bin_equal_frequency_10', 'birmon'), ('isolationForest', 'adequacy'))",1
"(-0.023791, -0.02379]",-0.023790540059800427,-0.023789838380187202,3,"(('zscore_clip_3', 'adequacy'), ('bin_equal_width_5', 'infant_id'), ('isolationForest', 'adequacy'))",2
"(-0.02379, -0.023789]",-0.023789640003252333,-0.02378852259716626,3,"(('zscore_filter_3', 'adequacy'), ('bin_equal_width_2', 'birmon'), ('isolationForest', 'adequacy'))",2
"(-0.023787, -0.023786]",-0.0237863552863253,-0.0237863552863253,3,"(('bin_equal_width_2', 'adequacy'), ('bin_equal_width_2', 'nprevistq'), ('isolationForest', 'adequacy'))",1
"(-0.023786, -0.023785]",-0.02378488584379613,-0.02378488584379613,3,"(('isolationForest', 'adequacy'), ('zscore_filter_3', 'adequacy'), ('IQR', 'dlivord_min'))",1
"(-0.023783, -0.023782]",-0.02378246158683232,-0.023782201311296804,3,"(('norm_log', 'adequacy'), ('bin_equal_width_2', 'nprevistq'), ('isolationForest', 'adequacy'))",2
"(-0.023782, -0.023781]",-0.023781795164028886,-0.023781794401119185,3,"(('zscore_clip_3', 'adequacy'), ('bin_equal_width_10', 'birmon'), ('isolationForest', 'adequacy'))",2
"(-0.023778, -0.023777]",-0.023777590322046443,-0.023777590322046443,3,"(('zscore_clip_3', 'adequacy'), ('winsorize', 'stoccfipb'), ('isolationForest', 'adequacy'))",1
"(-0.023772, -0.023771]",-0.02377155895312687,-0.02377081580743196,3,"(('zscore_filter_3', 'adequacy'), ('zscore_clip_3', 'crace'), ('isolationForest', 'adequacy'))",2
"(-0.023767, -0.023765]",-0.0237661981477133,-0.02376612986964288,2,"(('zscore_filter_3', 'cigar6'), ('zscore_filter_3', 'drink5'))",14
"(-0.023763, -0.023762]",-0.02376220588927631,-0.02376220588927631,3,"(('zscore_filter_3', 'adequacy'), ('winsorize', 'stoccfipb'), ('isolationForest', 'adequacy'))",1
"(-0.02376, -0.023759]",-0.023759670726629954,-0.023759670726629954,3,"(('zscore_filter_3', 'adequacy'), ('norm_log', 'mplbir_reg'), ('isolationForest', 'adequacy'))",1
"(-0.023757, -0.023755]",-0.02375653804847476,-0.02375653804847476,3,"(('zscore_filter_3', 'adequacy'), ('winsorize', 'orfath'), ('isolationForest', 'adequacy'))",1
"(-0.023753, -0.023751]",-0.023752308957334805,-0.023752308957334805,3,"(('zscore_filter_3', 'adequacy'), ('zscore_clip_3', 'gestat10'), ('isolationForest', 'adequacy'))",1
"(-0.023751, -0.02375]",-0.02375074113810099,-0.023750398627299135,3,"(('norm_log', 'adequacy'), ('bin_equal_frequency_5', 'infant_id'), ('isolationForest', 'adequacy'))",2
"(-0.02375, -0.023749]",-0.023749089984491878,-0.023749089984491878,3,"(('isolationForest', 'adequacy'), ('zscore_filter_3', 'drink5'), ('IQR', 'gestat10'))",1
"(-0.023749, -0.023748]",-0.023748223716898807,-0.023748223716898807,3,"(('isolationForest', 'adequacy'), ('bin_equal_width_5', 'gestat10'), ('zscore_filter_3', 'gestat10'))",1
"(-0.023744, -0.023742]",-0.02374334227256881,-0.023742523980813904,3,"(('zscore_clip_3', 'adequacy'), ('bin_equal_frequency_5', 'stoccfipb_reg'), ('isolationForest', 'adequacy'))",2
"(-0.023742, -0.023741]",-0.023741374866034587,-0.02374137441073318,2,"(('zscore_filter_3', 'dlivord_min'), ('zscore_filter_3', 'mpre5'))",8
"(-0.023737, -0.023736]",-0.02373685900258856,-0.02373685900258856,3,"(('zscore_filter_3', 'adequacy'), ('norm_log', 'orfath'), ('isolationForest', 'adequacy'))",1
"(-0.023735, -0.023734]",-0.023734102964016294,-0.023734102964016294,3,"(('zscore_filter_3', 'adequacy'), ('bin_equal_frequency_2', 'mager8'), ('isolationForest', 'adequacy'))",1
"(-0.023731, -0.02373]",-0.023730850695346337,-0.023730850695346337,3,"(('zscore_filter_3', 'adequacy'), ('bin_equal_width_5', 'brstate'), ('isolationForest', 'adequacy'))",1
"(-0.02373, -0.023728]",-0.023729510972665742,-0.023729510972665742,3,"(('zscore_clip_3', 'adequacy'), ('bin_equal_width_10', 'stoccfipb'), ('isolationForest', 'adequacy'))",1
"(-0.023728, -0.023727]",-0.023727396991941454,-0.023727396991941454,3,"(('zscore_clip_3', 'adequacy'), ('bin_equal_frequency_2', 'stoccfipb'), ('isolationForest', 'adequacy'))",1
"(-0.023726, -0.023725]",-0.023725320954338068,-0.023724865104450734,3,"(('zscore_clip_3', 'adequacy'), ('bin_equal_width_2', 'mpre5'), ('isolationForest', 'adequacy'))",2
"(-0.023725, -0.023723]",-0.023724186993872166,-0.023724186993872166,3,"(('isolationForest', 'adequacy'), ('zscore_filter_3', 'dlivord_min'), ('zscore_filter_3', 'frace'))",1
"(-0.023723, -0.023722]",-0.02372211259748328,-0.02372211259748328,3,"(('isolationForest', 'adequacy'), ('zscore_filter_3', 'cigar6'), ('IQR', 'gestat10'))",1
"(-0.023722, -0.023721]",-0.02372163153909949,-0.02372163153909949,3,"(('zscore_clip_3', 'adequacy'), ('winsorize', 'dlivord_min'), ('isolationForest', 'adequacy'))",1
"(-0.023718, -0.023717]",-0.023716911216185632,-0.023716911216185632,3,"(('zscore_filter_3', 'adequacy'), ('bin_equal_frequency_2', 'stoccfipb'), ('isolationForest', 'adequacy'))",1
"(-0.023713, -0.023712]",-0.02371226915160271,-0.02371226915160271,3,"(('zscore_filter_3', 'adequacy'), ('bin_equal_frequency_10', 'birmon'), ('isolationForest', 'adequacy'))",1
"(-0.023705, -0.023704]",-0.023704401614435603,-0.023704401614435603,3,"(('norm_log', 'adequacy'), ('isolationForest', 'adequacy'), ('zscore_filter_3', 'mpre5'))",1
"(-0.023704, -0.023703]",-0.023703961164974943,-0.023703961164974943,3,"(('zscore_filter_3', 'adequacy'), ('zscore_clip_3', 'cigar6'), ('isolationForest', 'adequacy'))",1
"(-0.023703, -0.023702]",-0.02370207641417983,-0.02370207641417983,3,"(('zscore_filter_3', 'adequacy'), ('zscore_clip_3', 'dlivord_min'), ('isolationForest', 'adequacy'))",1
"(-0.023698, -0.023696]",-0.02369685005066623,-0.02369685005066623,3,"(('zscore_clip_3', 'adequacy'), ('winsorize', 'infant_id'), ('isolationForest', 'adequacy'))",1
"(-0.023693, -0.023691]",-0.023692137375494485,-0.023692137375494485,3,"(('norm_log', 'adequacy'), ('isolationForest', 'adequacy'), ('IQR', 'gestat10'))",1
"(-0.02369, -0.023689]",-0.023689975846951917,-0.023689975846951917,3,"(('zscore_clip_3', 'adequacy'), ('winsorize', 'pre4000'), ('isolationForest', 'adequacy'))",1
"(-0.023689, -0.023687]",-0.023688007947042986,-0.023688007947042986,3,"(('bin_equal_width_2', 'adequacy'), ('zscore_filter_3', 'birattnd'), ('isolationForest', 'adequacy'))",1
"(-0.023685, -0.023684]",-0.023683786562033307,-0.023683786562033307,3,"(('bin_equal_width_2', 'adequacy'), ('bin_equal_width_2', 'infant_id'), ('isolationForest', 'adequacy'))",1
"(-0.023681, -0.02368]",-0.023680516272598328,-0.023680516272598328,3,"(('zscore_filter_3', 'adequacy'), ('bin_equal_width_10', 'mplbir'), ('isolationForest', 'adequacy'))",1
"(-0.02368, -0.023679]",-0.0236790958004877,-0.0236790958004877,3,"(('zscore_clip_3', 'adequacy'), ('zscore_filter_3', 'cigar6'), ('isolationForest', 'adequacy'))",1
"(-0.023668, -0.023667]",-0.023667599263207346,-0.023667390251253424,3,"(('zscore_clip_3', 'adequacy'), ('isolationForest', 'adequacy'), ('zscore_filter_3', 'gestat10'))",2
"(-0.023667, -0.023666]",-0.023666992437702296,-0.023666992437702296,3,"(('zscore_filter_3', 'adequacy'), ('bin_equal_width_2', 'frace'), ('isolationForest', 'adequacy'))",1
"(-0.023658, -0.023657]",-0.023658037414495837,-0.023657164104258326,3,"(('zscore_filter_3', 'adequacy'), ('winsorize', 'dtotord_min'), ('isolationForest', 'adequacy'))",2
"(-0.023657, -0.023655]",-0.023655987002234615,-0.023655987002234615,3,"(('zscore_clip_3', 'adequacy'), ('zscore_clip_3', 'dlivord_min'), ('isolationForest', 'adequacy'))",1
"(-0.023654, -0.023653]",-0.023652982261725103,-0.023652982261725103,3,"(('zscore_clip_3', 'adequacy'), ('winsorize', 'dtotord_min'), ('isolationForest', 'adequacy'))",1
"(-0.023648, -0.023647]",-0.023647311316159717,-0.023647311316159717,3,"(('bin_equal_width_2', 'adequacy'), ('bin_equal_frequency_2', 'infant_id'), ('isolationForest', 'adequacy'))",1
"(-0.023645, -0.023644]",-0.02364478760220783,-0.02364478760220783,3,"(('zscore_filter_3', 'adequacy'), ('bin_equal_width_5', 'birmon'), ('isolationForest', 'adequacy'))",1
"(-0.023643, -0.023641]",-0.02364265958891242,-0.023642527861955885,2,"(('IQR', 'dlivord_min'), ('zscore_filter_3', 'drink5'))",10
"(-0.02363, -0.023629]",-0.023629818938947646,-0.02362981776673711,2,"(('bin_equal_width_5', 'dtotord_min'), ('isolationForest', 'adequacy'))",4
"(-0.023629, -0.023627]",-0.023628558187002182,-0.023627594318900356,3,"(('zscore_clip_3', 'adequacy'), ('isolationForest', 'adequacy'), ('zscore_filter_3', 'mpre5'))",3
"(-0.023622, -0.023621]",-0.023621115227061788,-0.023621070162341308,3,"(('isolationForest', 'adequacy'), ('IQR', 'dlivord_min'), ('zscore_clip_3', 'frace'))",2
"(-0.023621, -0.02362]",-0.02362001933917771,-0.02362001933917771,3,"(('isolationForest', 'adequacy'), ('IQR', 'dlivord_min'), ('winsorize', 'frace'))",1
"(-0.023618, -0.023617]",-0.023617888905080816,-0.023617516770288543,3,"(('zscore_clip_3', 'adequacy'), ('zscore_filter_3', 'dlivord_min'), ('isolationForest', 'adequacy'))",3
"(-0.023617, -0.023616]",-0.023616396604378278,-0.023616396604378278,3,"(('zscore_clip_3', 'adequacy'), ('isolationForest', 'adequacy'), ('IQR', 'gestat10'))",1
"(-0.023616, -0.023615]",-0.023615682929253704,-0.023615043116713013,3,"(('isolationForest', 'adequacy'), ('bin_equal_width_5', 'crace'), ('IQR', 'dlivord_min'))",3
"(-0.023615, -0.023613]",-0.023614249300933792,-0.023614249300933792,3,"(('zscore_clip_3', 'adequacy'), ('winsorize', 'herpes'), ('isolationForest', 'adequacy'))",1
"(-0.023613, -0.023612]",-0.023612537781088815,-0.023612044701361436,3,"(('isolationForest', 'adequacy'), ('bin_equal_width_2', 'adequacy'), ('IQR', 'dlivord_min'))",2
"(-0.023612, -0.023611]",-0.023611726198202287,-0.02361092272362293,3,"(('isolationForest', 'adequacy'), ('zscore_clip_3', 'cigar6'), ('IQR', 'dlivord_min'))",5
"(-0.023609, -0.023608]",-0.023609304507926008,-0.023609304507926008,3,"(('zscore_clip_3', 'adequacy'), ('bin_equal_width_5', 'stoccfipb'), ('isolationForest', 'adequacy'))",1
"(-0.023607, -0.023606]",-0.023606051536033342,-0.02360573193678771,3,"(('zscore_clip_3', 'adequacy'), ('bin_equal_width_5', 'dlivord_min'), ('isolationForest', 'adequacy'))",2
"(-0.023606, -0.023604]",-0.0236053669967955,-0.0236053669967955,3,"(('zscore_clip_3', 'adequacy'), ('bin_equal_frequency_2', 'infant_id'), ('isolationForest', 'adequacy'))",1
"(-0.023604, -0.023603]",-0.02360397423582196,-0.02360379874773714,3,"(('isolationForest', 'adequacy'), ('bin_equal_width_2', 'crace'), ('IQR', 'dlivord_min'))",2
"(-0.023603, -0.023602]",-0.023602699865952224,-0.023602118690050824,3,"(('isolationForest', 'adequacy'), ('IQR', 'dlivord_min'), ('bin_equal_frequency_2', 'feduc6'))",4
"(-0.023602, -0.023601]",-0.023601126757546803,-0.023600781133610724,3,"(('isolationForest', 'adequacy'), ('zscore_clip_3', 'birattnd'), ('IQR', 'dlivord_min'))",4
"(-0.023599, -0.023598]",-0.02359890413425237,-0.023598031141623118,3,"(('zscore_clip_3', 'adequacy'), ('norm_log', 'dtotord_min'), ('isolationForest', 'adequacy'))",6
"(-0.023598, -0.023597]",-0.023597781266330727,-0.02359667677120443,3,"(('isolationForest', 'adequacy'), ('norm_log', 'brstate'), ('IQR', 'dlivord_min'))",7
"(-0.023597, -0.023595]",-0.023596591417972327,-0.023595777939340902,3,"(('isolationForest', 'adequacy'), ('norm_log', 'adequacy'), ('IQR', 'dlivord_min'))",7
"(-0.023595, -0.023594]",-0.02359532201785822,-0.023594565753440468,3,"(('isolationForest', 'adequacy'), ('bin_equal_frequency_5', 'birmon'), ('IQR', 'dlivord_min'))",12
"(-0.023594, -0.023593]",-0.02359399245179622,-0.02359285601393502,2,"(('isolationForest', 'adequacy'), ('IQR', 'dlivord_min'))",124
"(-0.023593, -0.023592]",-0.023592787260855917,-0.023591773443152563,3,"(('isolationForest', 'adequacy'), ('bin_equal_width_10', 'birmon'), ('IQR', 'dlivord_min'))",29
"(-0.023592, -0.02359]",-0.023591489424011167,-0.023590316268255897,3,"(('zscore_clip_3', 'adequacy'), ('bin_equal_width_5', 'gestat10'), ('isolationForest', 'adequacy'))",12
"(-0.02359, -0.023589]",-0.023590231547416452,-0.02358907792251264,3,"(('zscore_filter_3', 'adequacy'), ('norm_log', 'crace'), ('isolationForest', 'adequacy'))",6
"(-0.023589, -0.023588]",-0.023588829027387206,-0.023588723017246273,3,"(('isolationForest', 'adequacy'), ('norm_log', 'brstate_reg'), ('IQR', 'dlivord_min'))",2
"(-0.023588, -0.023586]",-0.023587529786256268,-0.023586479376446194,3,"(('isolationForest', 'adequacy'), ('bin_equal_width_2', 'birattnd'), ('IQR', 'dlivord_min'))",3
"(-0.023586, -0.023585]",-0.023585531036604632,-0.023585361288873553,3,"(('isolationForest', 'adequacy'), ('IQR', 'dlivord_min'), ('bin_equal_frequency_2', 'meduc6'))",2
"(-0.023585, -0.023584]",-0.023584924542990632,-0.023583922233279764,3,"(('isolationForest', 'adequacy'), ('bin_equal_width_2', 'brstate'), ('IQR', 'dlivord_min'))",4
"(-0.023584, -0.023583]",-0.023583585063218362,-0.023583292654006546,3,"(('zscore_filter_3', 'adequacy'), ('norm_log', 'stoccfipb_reg'), ('isolationForest', 'adequacy'))",4
"(-0.023583, -0.023581]",-0.023582363372702985,-0.023582363372702985,3,"(('isolationForest', 'adequacy'), ('bin_equal_frequency_2', 'brstate'), ('IQR', 'dlivord_min'))",1
"(-0.023581, -0.02358]",-0.023581204878873063,-0.023581204878873063,3,"(('isolationForest', 'adequacy'), ('IQR', 'dlivord_min'), ('bin_equal_width_2', 'mpre5'))",1
"(-0.02358, -0.023579]",-0.02357951459667238,-0.02357951459667238,3,"(('zscore_filter_3', 'adequacy'), ('zscore_clip_3', 'ormoth'), ('isolationForest', 'adequacy'))",1
"(-0.023576, -0.023575]",-0.02357518229792717,-0.02357518229792717,3,"(('isolationForest', 'adequacy'), ('winsorize', 'chyper'), ('IQR', 'dlivord_min'))",1
"(-0.023572, -0.023571]",-0.02357221360559858,-0.02357221360559858,3,"(('norm_log', 'adequacy'), ('bin_equal_frequency_2', 'birmon'), ('isolationForest', 'adequacy'))",1
"(-0.023566, -0.023565]",-0.023564749633575306,-0.023564749633575306,3,"(('zscore_filter_3', 'adequacy'), ('norm_log', 'drink5'), ('isolationForest', 'adequacy'))",1
"(-0.023563, -0.023562]",-0.0235632746941523,-0.023562142312686628,3,"(('zscore_filter_3', 'adequacy'), ('norm_log', 'birattnd'), ('isolationForest', 'adequacy'))",5
"(-0.02356, -0.023558]",-0.023559186239128293,-0.023558585243733703,3,"(('norm_log', 'adequacy'), ('bin_equal_frequency_2', 'stoccfipb'), ('isolationForest', 'adequacy'))",2
"(-0.023557, -0.023556]",-0.023556903730622747,-0.023556729139548576,3,"(('zscore_filter_3', 'adequacy'), ('norm_log', 'mrace'), ('isolationForest', 'adequacy'))",2
"(-0.023552, -0.023551]",-0.023551228862374936,-0.0235512282810174,2,"(('zscore_filter_3', 'drink5'), ('zscore_filter_3', 'gestat10'))",5
"(-0.023551, -0.023549]",-0.023550146660744946,-0.023550146660744946,3,"(('isolationForest', 'adequacy'), ('IQR', 'dlivord_min'), ('bin_equal_frequency_2', 'nprevistq'))",1
"(-0.023547, -0.023546]",-0.023546573131386615,-0.023546573131386615,3,"(('zscore_clip_3', 'adequacy'), ('bin_equal_frequency_5', 'infant_id'), ('isolationForest', 'adequacy'))",1
"(-0.02354, -0.023539]",-0.023539172801464277,-0.023539172801464277,3,"(('isolationForest', 'adequacy'), ('zscore_filter_3', 'cigar6'), ('zscore_filter_3', 'dlivord_min'))",1
"(-0.023538, -0.023537]",-0.023537113695240877,-0.023537113695240877,3,"(('zscore_filter_3', 'adequacy'), ('winsorize', 'mrace'), ('isolationForest', 'adequacy'))",1
"(-0.02353, -0.023529]",-0.023529216027079514,-0.02352920935917604,3,"(('zscore_filter_3', 'adequacy'), ('bin_equal_frequency_2', 'brstate'), ('isolationForest', 'adequacy'))",2
"(-0.023528, -0.023526]",-0.023527124089761826,-0.023527122697803115,2,"(('zscore_filter_3', 'dlivord_min'), ('zscore_filter_3', 'drink5'))",6
"(-0.023522, -0.023521]",-0.023521880770987522,-0.023521279790214216,3,"(('isolationForest', 'adequacy'), ('IQR', 'dlivord_min'), ('norm_log', 'gestat10'))",2
"(-0.023508, -0.023507]",-0.023507201717261762,-0.023507201717261762,3,"(('zscore_filter_3', 'adequacy'), ('winsorize', 'dlivord_min'), ('isolationForest', 'adequacy'))",1
"(-0.023507, -0.023506]",-0.02350616049665285,-0.02350616049665285,3,"(('zscore_filter_3', 'adequacy'), ('winsorize', 'infant_id'), ('isolationForest', 'adequacy'))",1
"(-0.023503, -0.023502]",-0.02350224928993661,-0.02350224928993661,3,"(('zscore_filter_3', 'adequacy'), ('winsorize', 'pldel'), ('isolationForest', 'adequacy'))",1
"(-0.023494, -0.023493]",-0.023494038317767217,-0.023494038317767217,3,"(('zscore_filter_3', 'adequacy'), ('bin_equal_width_10', 'stoccfipb'), ('isolationForest', 'adequacy'))",1
"(-0.023488, -0.023487]",-0.023487257956689364,-0.023487257956689364,3,"(('zscore_filter_3', 'adequacy'), ('bin_equal_width_2', 'cigar6'), ('isolationForest', 'adequacy'))",1
"(-0.023484, -0.023483]",-0.023483250848708205,-0.023483250848708205,3,"(('zscore_filter_3', 'adequacy'), ('norm_log', 'frace'), ('isolationForest', 'adequacy'))",1
"(-0.02348, -0.023479]",-0.02347924629886826,-0.02347924629886826,3,"(('norm_log', 'adequacy'), ('zscore_filter_3', 'gestat10'), ('isolationForest', 'adequacy'))",1
"(-0.023479, -0.023478]",-0.0234779554644605,-0.0234779554644605,3,"(('zscore_clip_3', 'adequacy'), ('bin_equal_width_2', 'stoccfipb'), ('isolationForest', 'adequacy'))",1
"(-0.023474, -0.023473]",-0.023472941531201556,-0.023472666531140315,3,"(('isolationForest', 'adequacy'), ('zscore_filter_3', 'dlivord_min'), ('zscore_clip_3', 'frace'))",3
"(-0.023469, -0.023467]",-0.02346801832416277,-0.02346801832416277,3,"(('zscore_clip_3', 'adequacy'), ('bin_equal_width_5', 'dfageq'), ('isolationForest', 'adequacy'))",1
"(-0.023466, -0.023465]",-0.02346569483704455,-0.023465040482891757,3,"(('zscore_clip_3', 'adequacy'), ('zscore_clip_3', 'crace'), ('isolationForest', 'adequacy'))",4
"(-0.023465, -0.023464]",-0.023464700644656267,-0.023464547413337658,3,"(('isolationForest', 'adequacy'), ('zscore_filter_3', 'dlivord_min'), ('norm_log', 'frace'))",3
"(-0.023464, -0.023462]",-0.023462434432039242,-0.023462434432039242,3,"(('isolationForest', 'adequacy'), ('bin_equal_frequency_10', 'infant_id'), ('zscore_filter_3', 'dlivord_min'))",1
"(-0.023462, -0.023461]",-0.023461213654673723,-0.023461206099061233,3,"(('isolationForest', 'adequacy'), ('zscore_clip_3', 'crace'), ('zscore_filter_3', 'dlivord_min'))",2
"(-0.023461, -0.02346]",-0.023460897937448728,-0.023460803781477614,3,"(('isolationForest', 'adequacy'), ('bin_equal_width_2', 'adequacy'), ('zscore_filter_3', 'dlivord_min'))",2
"(-0.023459, -0.023457]",-0.023458371374829333,-0.023458017157330504,3,"(('isolationForest', 'adequacy'), ('zscore_filter_3', 'dlivord_min'), ('bin_equal_frequency_2', 'mager8'))",2
"(-0.023457, -0.023456]",-0.02345621045824058,-0.02345621045824058,3,"(('isolationForest', 'adequacy'), ('zscore_filter_3', 'dlivord_min'), ('bin_equal_frequency_2', 'feduc6'))",1
"(-0.023456, -0.023455]",-0.023455953849668542,-0.02345560822616207,3,"(('isolationForest', 'adequacy'), ('bin_equal_width_2', 'crace'), ('zscore_filter_3', 'dlivord_min'))",2
"(-0.023453, -0.023452]",-0.0234533921729729,-0.023452178640905322,3,"(('isolationForest', 'adequacy'), ('zscore_clip_3', 'birattnd'), ('zscore_filter_3', 'dlivord_min'))",8
"(-0.023452, -0.023451]",-0.02345209950475463,-0.023450860531265823,3,"(('zscore_clip_3', 'adequacy'), ('bin_equal_width_2', 'gestat10'), ('isolationForest', 'adequacy'))",5
"(-0.023451, -0.02345]",-0.023450628562408874,-0.02344976620505666,3,"(('isolationForest', 'adequacy'), ('winsorize', 'cardiac'), ('zscore_filter_3', 'dlivord_min'))",7
"(-0.02345, -0.023448]",-0.023448832602161504,-0.023448457473596935,3,"(('isolationForest', 'adequacy'), ('bin_equal_frequency_2', 'data_year'), ('zscore_filter_3', 'dlivord_min'))",5
"(-0.023448, -0.023447]",-0.023448198867647648,-0.02344715803925387,3,"(('isolationForest', 'adequacy'), ('norm_log', 'adequacy'), ('zscore_filter_3', 'dlivord_min'))",13
"(-0.023447, -0.023446]",-0.023446973983913877,-0.023445830982451614,3,"(('isolationForest', 'adequacy'), ('norm_log', 'birmon'), ('zscore_filter_3', 'dlivord_min'))",15
"(-0.023446, -0.023444]",-0.023445591030928036,-0.023444531487153506,2,"(('isolationForest', 'adequacy'), ('zscore_filter_3', 'dlivord_min'))",125
"(-0.023444, -0.023443]",-0.023444460021860365,-0.02344324443289143,3,"(('isolationForest', 'adequacy'), ('norm_log', 'brstate_reg'), ('zscore_filter_3', 'dlivord_min'))",17
"(-0.023443, -0.023442]",-0.023443184551875173,-0.023441964797426447,2,"(('bin_equal_frequency_5', 'infant_id'), ('isolationForest', 'adequacy'))",15
"(-0.023442, -0.023441]",-0.023440879133353593,-0.023440879133353593,3,"(('isolationForest', 'adequacy'), ('bin_equal_width_10', 'brstate'), ('zscore_filter_3', 'dlivord_min'))",1
"(-0.023441, -0.023439]",-0.023440541313029514,-0.023439504683817683,3,"(('isolationForest', 'adequacy'), ('bin_equal_width_2', 'birattnd'), ('zscore_filter_3', 'dlivord_min'))",9
"(-0.023439, -0.023438]",-0.023438881447161015,-0.023438881447161015,3,"(('isolationForest', 'adequacy'), ('zscore_filter_3', 'dlivord_min'), ('bin_equal_width_2', 'stoccfipb'))",1
"(-0.023438, -0.023437]",-0.023438056943978634,-0.02343805393979864,3,"(('isolationForest', 'adequacy'), ('zscore_filter_3', 'dlivord_min'), ('zscore_clip_3', 'ormoth'))",2
"(-0.023437, -0.023436]",-0.023435587811882742,-0.023435587811882742,3,"(('isolationForest', 'adequacy'), ('bin_equal_width_2', 'brstate'), ('zscore_filter_3', 'dlivord_min'))",1
"(-0.023436, -0.023434]",-0.023434783620641112,-0.023434748418220644,3,"(('norm_log', 'adequacy'), ('bin_equal_frequency_2', 'infant_id'), ('isolationForest', 'adequacy'))",2
"(-0.023432, -0.02343]",-0.023430636225571056,-0.023430636225571056,3,"(('isolationForest', 'adequacy'), ('winsorize', 'chyper'), ('zscore_filter_3', 'dlivord_min'))",1
"(-0.02343, -0.023429]",-0.02342976468076678,-0.02342976468076678,3,"(('zscore_clip_3', 'adequacy'), ('norm_log', 'mplbir_reg'), ('isolationForest', 'adequacy'))",1
"(-0.023429, -0.023428]",-0.023427960413766383,-0.023427960413766383,3,"(('norm_log', 'adequacy'), ('zscore_filter_3', 'cigar6'), ('isolationForest', 'adequacy'))",1
"(-0.023425, -0.023424]",-0.023424173834544426,-0.023424173834544426,3,"(('zscore_filter_3', 'adequacy'), ('bin_equal_width_5', 'mplbir'), ('isolationForest', 'adequacy'))",1
"(-0.023419, -0.023418]",-0.023418286662337393,-0.023418286662337393,3,"(('zscore_clip_3', 'adequacy'), ('winsorize', 'mager8'), ('isolationForest', 'adequacy'))",1
"(-0.023418, -0.023416]",-0.023416428015782902,-0.023416428015782902,3,"(('zscore_filter_3', 'adequacy'), ('zscore_filter_3', 'gestat10'), ('isolationForest', 'adequacy'))",1
"(-0.023414, -0.023412]",-0.023413416225953547,-0.023413416225953547,3,"(('isolationForest', 'adequacy'), ('zscore_filter_3', 'dlivord_min'), ('winsorize', 'gestat10'))",1
"(-0.02341, -0.023409]",-0.023409171881209546,-0.023409171881209546,3,"(('zscore_clip_3', 'adequacy'), ('winsorize', 'cardiac'), ('isolationForest', 'adequacy'))",1
"(-0.023406, -0.023405]",-0.023405562189208487,-0.023405562189208487,3,"(('isolationForest', 'adequacy'), ('zscore_filter_3', 'dlivord_min'), ('bin_equal_width_2', 'nprevistq'))",1
"(-0.023405, -0.023404]",-0.02340410621129971,-0.02340410621129971,3,"(('zscore_filter_3', 'adequacy'), ('zscore_filter_3', 'drink5'), ('isolationForest', 'adequacy'))",1
"(-0.023402, -0.023401]",-0.023401458075253304,-0.02340120468148965,2,"(('zscore_filter_3', 'gestat10'), ('isolationForest', 'adequacy'))",5
"(-0.023396, -0.023395]",-0.02339537563443615,-0.02339537563443615,3,"(('zscore_filter_3', 'adequacy'), ('winsorize', 'renal'), ('isolationForest', 'adequacy'))",1
"(-0.023391, -0.023389]",-0.023390211023892927,-0.023390211023892927,3,"(('zscore_filter_3', 'adequacy'), ('bin_equal_width_2', 'gestat10'), ('isolationForest', 'adequacy'))",1
"(-0.023381, -0.023379]",-0.023379820069921797,-0.023379820069921797,3,"(('zscore_filter_3', 'adequacy'), ('bin_equal_width_5', 'dlivord_min'), ('isolationForest', 'adequacy'))",1
"(-0.023378, -0.023377]",-0.02337730845026658,-0.0233768972461422,3,"(('zscore_clip_3', 'adequacy'), ('zscore_clip_3', 'cigar6'), ('isolationForest', 'adequacy'))",3
"(-0.023373, -0.023372]",-0.02337254136585693,-0.02337254136585693,3,"(('zscore_filter_3', 'adequacy'), ('norm_log', 'gestat10'), ('isolationForest', 'adequacy'))",1
"(-0.02337, -0.023369]",-0.023369711388272693,-0.023369711388272693,3,"(('zscore_filter_3', 'adequacy'), ('bin_equal_width_10', 'brstate'), ('isolationForest', 'adequacy'))",1
"(-0.023356, -0.023355]",-0.023355956027850077,-0.023355156311759998,3,"(('norm_log', 'adequacy'), ('norm_log', 'mplbir'), ('isolationForest', 'adequacy'))",2
"(-0.023355, -0.023354]",-0.023354246960999404,-0.023354246960999404,3,"(('bin_equal_width_2', 'adequacy'), ('IQR', 'gestat10'), ('isolationForest', 'adequacy'))",1
"(-0.023354, -0.023352]",-0.02335350021161286,-0.02335350021161286,3,"(('zscore_filter_3', 'adequacy'), ('bin_equal_width_5', 'brstate_reg'), ('isolationForest', 'adequacy'))",1
"(-0.023349, -0.023347]",-0.02334824272524414,-0.02334824272524414,3,"(('zscore_filter_3', 'adequacy'), ('norm_log', 'dtotord_min'), ('isolationForest', 'adequacy'))",1
"(-0.023346, -0.023345]",-0.023345526098154403,-0.023345526098154403,3,"(('zscore_filter_3', 'adequacy'), ('bin_equal_frequency_2', 'data_year'), ('isolationForest', 'adequacy'))",1
"(-0.023342, -0.023341]",-0.023341814098096877,-0.023341814098096877,3,"(('bin_equal_width_2', 'adequacy'), ('zscore_filter_3', 'mpre5'), ('isolationForest', 'adequacy'))",1
"(-0.023338, -0.023337]",-0.02333780421245516,-0.02333780421245516,3,"(('zscore_clip_3', 'adequacy'), ('norm_log', 'dfageq'), ('isolationForest', 'adequacy'))",1
"(-0.023327, -0.023326]",-0.023325929704429406,-0.023325897979033332,3,"(('norm_log', 'adequacy'), ('zscore_filter_3', 'ormoth'), ('isolationForest', 'adequacy'))",3
"(-0.023324, -0.023323]",-0.02332366804238408,-0.02332366804238408,3,"(('zscore_clip_3', 'adequacy'), ('bin_equal_frequency_2', 'dtotord_min'), ('isolationForest', 'adequacy'))",1
"(-0.02331, -0.023309]",-0.02330923015572307,-0.02330923015572307,3,"(('zscore_filter_3', 'adequacy'), ('bin_equal_width_5', 'mrace'), ('isolationForest', 'adequacy'))",1
"(-0.023309, -0.023308]",-0.023308404711270086,-0.023307940481016132,3,"(('bin_equal_width_2', 'adequacy'), ('bin_equal_width_2', 'dtotord_min'), ('isolationForest', 'adequacy'))",2
"(-0.023296, -0.023295]",-0.023295327310153675,-0.023295327310153675,3,"(('zscore_filter_3', 'adequacy'), ('norm_log', 'mager8'), ('isolationForest', 'adequacy'))",1
"(-0.023269, -0.023268]",-0.023268644143961906,-0.023268644143961906,3,"(('zscore_clip_3', 'adequacy'), ('norm_log', 'ormoth'), ('isolationForest', 'adequacy'))",1
"(-0.023268, -0.023267]",-0.023267915608387226,-0.023267915608387226,3,"(('zscore_filter_3', 'adequacy'), ('bin_equal_frequency_5', 'mplbir_reg'), ('isolationForest', 'adequacy'))",1
"(-0.023262, -0.02326]",-0.02326071593195547,-0.023260715119541264,2,"(('zscore_filter_3', 'drink5'), ('IQR', 'gestat10'))",5
"(-0.023245, -0.023244]",-0.02324406311128476,-0.02324406311128476,3,"(('zscore_filter_3', 'adequacy'), ('norm_log', 'infant_id'), ('isolationForest', 'adequacy'))",1
"(-0.023236, -0.023235]",-0.023235317053431997,-0.023235317053431997,3,"(('zscore_filter_3', 'adequacy'), ('bin_equal_width_5', 'infant_id'), ('isolationForest', 'adequacy'))",1
"(-0.023235, -0.023233]",-0.02323398778893126,-0.02323398778893126,3,"(('isolationForest', 'adequacy'), ('zscore_filter_3', 'birattnd'), ('IQR', 'dlivord_min'))",1
"(-0.023228, -0.023227]",-0.023228099592799374,-0.023228099592799374,3,"(('norm_log', 'adequacy'), ('isolationForest', 'adequacy'), ('IQR', 'dlivord_min'))",1
"(-0.023226, -0.023224]",-0.02322474559218541,-0.02322474559218541,3,"(('zscore_filter_3', 'adequacy'), ('bin_equal_width_2', 'nprevistq'), ('isolationForest', 'adequacy'))",1
"(-0.023217, -0.023216]",-0.02321678894704126,-0.023215889620178745,3,"(('zscore_filter_3', 'adequacy'), ('norm_log', 'brstate_reg'), ('isolationForest', 'adequacy'))",2
"(-0.023164, -0.023163]",-0.023163274013638106,-0.023163274013638106,3,"(('norm_log', 'adequacy'), ('IQR', 'dlivord_min'), ('isolationForest', 'adequacy'))",1
"(-0.023155, -0.023154]",-0.023155050175070798,-0.023155050175070798,3,"(('norm_log', 'adequacy'), ('zscore_filter_3', 'drink5'), ('isolationForest', 'adequacy'))",1
"(-0.02314, -0.023139]",-0.023138853926456926,-0.023138853926456926,3,"(('isolationForest', 'adequacy'), ('IQR', 'feduc6'), ('IQR', 'brstate_reg'))",1
"(-0.023135, -0.023134]",-0.023134893829330674,-0.023134563997192204,3,"(('zscore_filter_3', 'adequacy'), ('isolationForest', 'adequacy'), ('zscore_filter_3', 'cigar6'))",2
"(-0.023121, -0.02312]",-0.023120754453765765,-0.023120754453765765,3,"(('norm_log', 'adequacy'), ('IQR', 'gestat10'), ('isolationForest', 'adequacy'))",1
"(-0.023106, -0.023104]",-0.023104568818998906,-0.0231045680986305,2,"(('zscore_filter_3', 'cigar6'), ('isolationForest', 'adequacy'))",5
"(-0.023099, -0.023098]",-0.023097877359775188,-0.023097877359775188,3,"(('zscore_clip_3', 'adequacy'), ('zscore_filter_3', 'gestat10'), ('isolationForest', 'adequacy'))",1
"(-0.023088, -0.023086]",-0.023087235652404954,-0.023087235652404954,3,"(('zscore_filter_3', 'adequacy'), ('bin_equal_frequency_2', 'brstate_reg'), ('isolationForest', 'adequacy'))",1
"(-0.023062, -0.023061]",-0.02306166879112196,-0.02306166879112196,3,"(('zscore_filter_3', 'adequacy'), ('norm_log', 'meduc6'), ('isolationForest', 'adequacy'))",1
"(-0.023058, -0.023057]",-0.023058182143641557,-0.023058182143641557,3,"(('zscore_filter_3', 'adequacy'), ('bin_equal_frequency_10', 'mplbir'), ('isolationForest', 'adequacy'))",1
"(-0.023031, -0.02303]",-0.02303007110539833,-0.02303007110539833,3,"(('zscore_clip_3', 'adequacy'), ('isolationForest', 'adequacy'), ('IQR', 'dlivord_min'))",1
"(-0.023013, -0.023012]",-0.023012702808529958,-0.023012702808529958,3,"(('norm_log', 'adequacy'), ('isolationForest', 'adequacy'), ('zscore_filter_3', 'dlivord_min'))",1
"(-0.022981, -0.02298]",-0.022980303909397655,-0.022980303909397655,3,"(('zscore_clip_3', 'adequacy'), ('bin_equal_width_2', 'dtotord_min'), ('isolationForest', 'adequacy'))",1
"(-0.022973, -0.022971]",-0.022972274225748848,-0.022972274225748848,3,"(('isolationForest', 'adequacy'), ('zscore_filter_3', 'dlivord_min'), ('zscore_filter_3', 'gestat10'))",1
"(-0.022957, -0.022956]",-0.02295640691633695,-0.022956406259007682,2,"(('bin_equal_width_2', 'gestat10'), ('isolationForest', 'adequacy'))",4
"(-0.022928, -0.022926]",-0.022926810251154006,-0.022926810251154006,3,"(('zscore_filter_3', 'adequacy'), ('bin_equal_width_10', 'dlivord_min'), ('isolationForest', 'adequacy'))",1
"(-0.022923, -0.022921]",-0.022922285601848353,-0.022922285601848353,3,"(('zscore_filter_3', 'adequacy'), ('bin_equal_frequency_5', 'mplbir'), ('isolationForest', 'adequacy'))",1
"(-0.02292, -0.022919]",-0.022919360652068278,-0.022919360652068278,3,"(('zscore_clip_3', 'adequacy'), ('IQR', 'dlivord_min'), ('isolationForest', 'adequacy'))",1
"(-0.022907, -0.022906]",-0.022906997343001834,-0.022906997343001834,3,"(('bin_equal_width_2', 'adequacy'), ('zscore_filter_3', 'ormoth'), ('isolationForest', 'adequacy'))",1
"(-0.022894, -0.022893]",-0.02289382625111629,-0.02289382625111629,3,"(('zscore_clip_3', 'adequacy'), ('zscore_clip_3', 'mpre5'), ('isolationForest', 'adequacy'))",1
"(-0.022889, -0.022888]",-0.022888408426013373,-0.022888408426013373,3,"(('zscore_filter_3', 'adequacy'), ('bin_equal_width_5', 'mplbir_reg'), ('isolationForest', 'adequacy'))",1
"(-0.022884, -0.022883]",-0.022883022077099194,-0.022883022077099194,3,"(('zscore_filter_3', 'adequacy'), ('isolationForest', 'adequacy'), ('zscore_filter_3', 'dlivord_min'))",1
"(-0.022879, -0.022878]",-0.022878591174757726,-0.022878591174757726,3,"(('zscore_clip_3', 'adequacy'), ('IQR', 'gestat10'), ('isolationForest', 'adequacy'))",1
"(-0.022877, -0.022875]",-0.022876540580929552,-0.022876540580929552,3,"(('zscore_filter_3', 'adequacy'), ('bin_equal_width_2', 'brstate'), ('isolationForest', 'adequacy'))",1
"(-0.022868, -0.022866]",-0.022867333419653465,-0.022867333419653465,3,"(('zscore_filter_3', 'adequacy'), ('winsorize', 'cardiac'), ('isolationForest', 'adequacy'))",1
"(-0.022864, -0.022863]",-0.022863449844245758,-0.022863449844245758,3,"(('zscore_filter_3', 'adequacy'), ('bin_equal_width_2', 'dlivord_min'), ('isolationForest', 'adequacy'))",1
"(-0.022846, -0.022845]",-0.02284569779586145,-0.02284547558229102,3,"(('zscore_clip_3', 'adequacy'), ('zscore_filter_3', 'mpre5'), ('isolationForest', 'adequacy'))",2
"(-0.022829, -0.022828]",-0.02282851813871436,-0.02282851813871436,3,"(('isolationForest', 'adequacy'), ('IQR', 'dlivord_min'), ('zscore_filter_3', 'mpre5'))",1
"(-0.022827, -0.022825]",-0.022825924249563683,-0.022825924249563683,3,"(('norm_log', 'adequacy'), ('zscore_clip_3', 'mpre5'), ('isolationForest', 'adequacy'))",1
"(-0.022824, -0.022823]",-0.022823985764148878,-0.022823985764148878,3,"(('zscore_filter_3', 'adequacy'), ('bin_equal_frequency_5', 'infant_id'), ('isolationForest', 'adequacy'))",1
"(-0.022809, -0.022808]",-0.0228085710675372,-0.0228085710675372,3,"(('zscore_filter_3', 'adequacy'), ('bin_equal_frequency_10', 'brstate'), ('isolationForest', 'adequacy'))",1
"(-0.022801, -0.0228]",-0.02280052629478797,-0.02280052629478797,3,"(('zscore_filter_3', 'adequacy'), ('zscore_filter_3', 'cigar6'), ('isolationForest', 'adequacy'))",1
"(-0.022786, -0.022785]",-0.022785611194222434,-0.022785611194222434,3,"(('zscore_filter_3', 'adequacy'), ('isolationForest', 'adequacy'), ('IQR', 'brstate_reg'))",1
"(-0.022763, -0.022761]",-0.02276249698860649,-0.02276249698860649,3,"(('zscore_clip_3', 'adequacy'), ('isolationForest', 'adequacy'), ('zscore_filter_3', 'dlivord_min'))",1
"(-0.02275, -0.022749]",-0.02274909663488101,-0.02274909663488101,3,"(('zscore_clip_3', 'adequacy'), ('bin_equal_width_10', 'dtotord_min'), ('isolationForest', 'adequacy'))",1
"(-0.022746, -0.022745]",-0.022745917037475066,-0.022745917037475066,3,"(('isolationForest', 'adequacy'), ('zscore_filter_3', 'dlivord_min'), ('zscore_filter_3', 'mpre5'))",1
"(-0.022705, -0.022704]",-0.02270418863924315,-0.02270418863924315,3,"(('isolationForest', 'adequacy'), ('zscore_filter_3', 'dlivord_min'), ('IQR', 'gestat10'))",1
"(-0.022704, -0.022703]",-0.022702922444346234,-0.02270292213992739,2,"(('zscore_filter_3', 'drink5'), ('isolationForest', 'adequacy'))",2
"(-0.022676, -0.022675]",-0.02267534854158612,-0.02267534854158612,3,"(('zscore_filter_3', 'adequacy'), ('norm_log', 'mplbir'), ('isolationForest', 'adequacy'))",1
"(-0.022622, -0.022621]",-0.022621953555640516,-0.022621953555640516,3,"(('zscore_filter_3', 'adequacy'), ('bin_equal_width_10', 'infant_id'), ('isolationForest', 'adequacy'))",1
"(-0.022591, -0.02259]",-0.02259085086766063,-0.022590850320796295,2,"(('IQR', 'dlivord_min'), ('isolationForest', 'adequacy'))",5
"(-0.022543, -0.022541]",-0.022541842741073893,-0.022541842499045485,2,"(('IQR', 'gestat10'), ('isolationForest', 'adequacy'))",4
"(-0.022535, -0.022534]",-0.022534248241471776,-0.022534247366522382,2,"(('zscore_filter_3', 'mpre5'), ('isolationForest', 'adequacy'))",4
"(-0.022431, -0.02243]",-0.022431470219270333,-0.022431470219270333,3,"(('zscore_filter_3', 'adequacy'), ('isolationForest', 'adequacy'), ('IQR', 'dlivord_min'))",1
"(-0.022233, -0.022232]",-0.022232496767446687,-0.022232496767446687,3,"(('norm_log', 'adequacy'), ('zscore_filter_3', 'mpre5'), ('isolationForest', 'adequacy'))",1
"(-0.022108, -0.022107]",-0.0221067663446883,-0.0221067663446883,3,"(('zscore_filter_3', 'adequacy'), ('bin_equal_frequency_5', 'brstate_reg'), ('isolationForest', 'adequacy'))",1
"(-0.021774, -0.021773]",-0.021773302056533647,-0.021773302056533647,3,"(('zscore_filter_3', 'adequacy'), ('zscore_filter_3', 'dlivord_min'), ('isolationForest', 'adequacy'))",1
"(-0.021012, -0.021011]",-0.02101133124004985,-0.02101133124004985,3,"(('zscore_filter_3', 'adequacy'), ('IQR', 'dlivord_min'), ('isolationForest', 'adequacy'))",1
