treatment,outcome,bathrooms,bedrooms,condition,floors,grade,sqft_above,sqft_basement,sqft_living,sqft_living15,sqft_lot,sqft_lot15,view,waterfront,yr_built,yr_renovated
0,221900,1.0,3,3,1.0,7,1180,0,1180,1340,5650,5650,0,0,1955,0
0,510000,2.0,3,3,1.0,8,1680,0,1680,1800,8080,7503,0,0,1987,0
0,257500,2.25,3,3,2.0,7,1715,0,1715,2238,6819,6819,0,0,1995,0
0,323000,2.5,3,3,2.0,7,1890,0,1890,2390,6560,7570,0,0,2003,0
0,662500,2.5,3,3,1.0,8,1860,1700,3560,2210,9796,8925,0,0,1965,0
0,400000,1.75,3,4,1.0,7,1370,0,1370,1370,9680,10208,0,0,1977,0
0,189000,1.0,2,4,1.0,7,1200,0,1200,1060,9850,5095,0,0,1921,0
0,230000,1.0,3,4,1.0,7,1250,0,1250,1280,9774,8850,0,0,1969,0
0,2000000,2.75,3,3,1.0,9,2330,720,3050,4110,44867,20336,4,0,1968,0
0,285000,2.5,5,3,2.0,8,2270,0,2270,2240,6300,7005,0,0,1995,0
0,252700,1.5,2,3,1.0,7,1070,0,1070,1220,9643,8386,0,0,1985,0
0,329000,2.25,3,4,2.0,8,2450,0,2450,2200,6500,6865,0,0,1985,0
0,233000,2.0,3,5,1.5,6,1710,0,1710,1030,4697,4705,0,0,1941,0
0,322500,2.75,4,3,1.0,7,1280,780,2060,2020,6659,8720,0,0,1981,0
0,550000,1.0,4,1,1.0,5,930,730,1660,2160,34848,11467,0,0,1933,0
0,240000,1.0,4,2,1.0,7,890,330,1220,1290,8075,7800,0,0,1969,0
0,605000,2.5,4,3,2.0,8,2620,0,2620,2620,7553,11884,0,0,1996,0
0,309000,1.0,3,4,1.0,6,920,360,1280,1340,9656,8808,0,0,1959,0
0,210490,1.0,3,3,1.0,6,990,0,990,1228,8528,8840,0,0,1966,0
0,785000,2.5,4,4,2.0,9,2290,0,2290,2680,13416,13685,0,0,1981,0
0,345000,2.5,5,4,1.0,8,1640,1510,3150,1990,9134,9133,0,0,1966,0
1,292500,2.5,4,3,2.0,7,2250,0,2250,2250,4495,4500,0,0,2008,0
0,301000,2.5,3,3,2.0,8,2420,0,2420,2690,4750,4750,0,0,2003,0
0,951000,3.25,5,4,2.0,8,3250,0,3250,2960,14342,11044,4,0,1968,0
0,430000,3.0,4,3,2.0,8,1850,0,1850,2270,9976,8542,0,0,1991,0
0,975000,2.5,4,3,2.0,10,2720,0,2720,2750,11049,11049,0,0,1989,0
0,287000,2.5,4,3,2.0,7,2240,0,2240,2221,4648,4557,0,0,2005,0
1,204000,1.0,3,4,1.0,7,1000,0,1000,1010,12070,12635,0,0,1968,0
0,1325000,2.25,5,3,1.0,8,1600,1600,3200,3390,20158,20158,0,0,1965,0
0,1040000,3.25,5,4,1.0,11,3070,1700,4770,3530,50094,38917,0,0,1973,0
0,360000,2.5,4,3,2.0,8,2380,0,2380,2420,5000,5000,0,0,2005,0
0,349000,1.75,3,5,1.0,7,1090,700,1790,1940,50529,50529,0,0,1965,0
0,380000,1.75,4,3,1.0,7,880,880,1760,1680,7300,7500,0,0,1956,0
0,720000,2.5,4,3,2.0,10,3450,0,3450,3350,39683,39750,0,0,2002,0
0,390000,2.5,3,3,2.0,8,2350,0,2350,2350,5100,5363,0,0,2003,0
0,360000,2.5,4,3,2.0,7,1900,0,1900,1870,5889,6405,0,0,1992,0
0,356000,1.5,3,3,1.0,8,1680,0,1680,1850,8712,8797,0,0,1964,0
0,305000,2.25,5,5,1.5,7,2660,0,2660,1590,8400,8165,0,0,1961,0
0,461000,3.25,3,3,2.0,9,1980,790,2770,1900,6278,7349,0,0,2006,0
0,215000,2.25,2,4,2.0,7,1610,0,1610,1950,2040,2025,0,0,1979,0
0,243500,2.5,4,3,2.0,7,1980,0,1980,1980,7403,7510,0,0,1988,0
0,153000,1.0,3,3,1.0,7,1200,0,1200,1350,10500,10500,0,0,1962,0
0,905000,2.5,4,3,1.0,7,2390,910,3300,1950,10250,6045,0,0,1946,1991
0,247500,1.75,3,3,1.0,7,1960,0,1960,1750,15681,15616,0,0,1967,0
0,199000,1.5,4,4,1.0,7,1160,0,1160,1160,6400,6400,0,0,1975,0
0,1088000,2.5,3,3,2.0,8,2920,0,2920,2370,8113,8113,0,0,1950,2010
0,290000,1.0,3,3,1.0,7,1210,0,1210,1640,33919,14910,0,0,1954,0
0,375000,2.5,3,4,1.0,8,1460,880,2340,2250,10005,8162,0,0,1978,0
0,188500,1.75,2,4,1.0,8,1240,0,1240,1270,2493,4966,0,0,1985,0
0,470000,1.75,5,4,2.0,7,2030,0,2030,2500,12342,9433,0,0,1942,0
0,272500,1.75,3,4,1.0,7,1160,380,1540,1540,12600,11656,0,0,1980,0
0,480000,2.5,4,3,2.0,9,2520,710,3230,2640,16171,8517,3,0,2001,0
0,205425,1.0,2,4,1.0,6,880,0,880,1190,6780,6780,0,0,1945,0
0,171800,2.0,4,3,1.0,6,1570,0,1570,1880,9600,9000,0,0,1950,0
0,445000,1.75,4,5,1.5,7,1720,380,2100,1850,4400,4400,0,0,1924,0
0,1450000,2.75,4,3,1.5,8,1980,770,2750,3060,17789,11275,0,0,1914,1992
0,445000,2.25,3,3,1.0,8,1620,480,2100,2660,8201,8712,2,0,1967,0
0,260000,2.25,4,3,1.0,8,1360,800,2160,2090,8811,8400,0,0,1978,0
0,212000,1.75,3,4,1.0,7,1060,0,1060,1420,7875,7680,0,0,1986,0
0,199000,1.75,3,4,1.0,7,1320,0,1320,1550,17390,19265,0,0,1956,0
0,220000,1.75,4,3,1.0,7,1010,1010,2020,1750,7840,8140,0,0,1968,0
0,527700,2.5,5,4,1.0,8,1550,1270,2820,2820,9375,9375,0,0,1968,0
0,205000,1.0,3,4,1.0,7,1010,600,1610,1610,8579,8579,0,0,1962,0
0,500000,2.25,4,4,1.0,8,1380,650,2030,2230,8517,8824,0,0,1961,0
0,258000,2.0,5,4,1.0,8,1130,1130,2260,1360,12500,18000,0,0,1960,0
1,282950,1.0,3,4,1.0,7,1250,0,1250,1680,8200,8633,0,0,1954,0
0,2250000,3.25,4,3,2.0,12,3540,1640,5180,3160,19850,9750,3,0,2006,0
0,215000,1.0,3,4,1.0,7,1180,0,1180,1190,7669,7669,0,0,1967,0
0,650000,3.5,5,3,2.0,9,2500,1460,3960,2640,25245,13675,0,0,1996,0
0,320000,2.75,4,3,1.0,8,1620,1020,2640,1980,7500,7875,0,0,1967,0
0,320000,1.75,4,4,1.0,8,1760,0,1760,1730,11180,11180,0,0,1968,0
0,807100,2.5,4,3,2.0,9,2680,0,2680,2920,4499,4500,0,0,1999,0
0,272000,1.75,3,4,1.0,7,1670,490,2160,1930,7140,7350,0,0,1978,0
0,917500,2.5,4,3,2.0,10,2570,1310,3880,3740,35003,35230,0,0,1984,0
0,673000,2.25,4,4,2.0,8,2590,0,2590,2260,8190,8335,0,0,1980,0
0,260000,2.5,3,3,2.0,7,1670,0,1670,1670,5797,6183,0,0,1988,0
0,163500,1.5,2,3,2.0,7,1050,0,1050,1050,3419,3417,0,0,1996,0
0,1095000,3.0,5,4,1.0,10,2090,2000,4090,2540,12850,10270,2,0,1986,0
0,269000,1.75,4,4,1.0,8,1100,390,1490,2190,10000,8910,0,0,1969,0
0,560000,2.5,3,3,2.0,8,1900,0,1900,2030,8744,8744,0,0,1987,0
0,585188,2.25,3,3,1.0,8,1430,800,2230,2230,10026,9340,0,0,1975,0
0,166950,1.0,3,3,1.0,6,1190,0,1190,1230,8820,7980,0,0,1959,0
0,799000,2.5,3,4,1.0,8,2140,0,2140,2680,9897,10083,0,0,1959,0
0,256883,2.5,3,3,2.0,8,1690,0,1690,2550,5025,5001,0,0,2003,0
0,210000,1.0,3,4,1.0,6,860,0,860,1300,11725,9514,0,0,1943,0
0,297000,2.5,3,3,2.0,8,1940,0,1940,2030,14952,10450,0,0,1994,0
0,226500,1.5,3,4,1.0,7,900,400,1300,1430,7370,7500,0,0,1976,0
0,274250,1.0,3,4,1.0,6,910,0,910,1400,8450,8040,0,0,1962,0
0,840000,1.75,4,4,1.0,9,1630,850,2480,2770,11010,10744,0,0,1966,0
0,320000,2.25,4,3,2.0,8,1550,0,1550,1630,7579,6397,0,0,1993,0
0,465000,2.5,3,3,2.0,9,2714,0,2714,2590,17936,18386,0,0,2005,0
0,477000,2.75,4,3,2.0,8,1720,0,1720,2130,6270,8700,0,0,1978,0
0,280000,1.0,2,3,1.0,6,850,0,850,1100,16400,14459,0,0,1923,0
0,1505000,3.0,5,3,1.0,9,1870,1430,3300,3836,33474,20953,3,0,1957,1991
0,328000,2.25,3,3,2.0,7,2020,0,2020,2020,8379,8031,0,0,1994,0
0,264950,2.25,4,4,1.0,7,1120,600,1720,1510,9753,9753,0,0,1978,0
0,235000,1.0,3,4,1.0,7,980,450,1430,1960,15246,13068,0,0,1961,0
0,500000,2.75,4,5,1.0,7,2280,0,2280,2280,15347,15347,0,0,1960,0
0,315000,2.75,6,3,1.0,8,1780,1160,2940,2120,7350,8236,0,0,1978,0
0,1025000,4.0,5,3,2.0,10,3760,0,3760,3430,28040,35096,0,0,1983,0
0,472000,2.5,6,4,1.0,9,2350,2060,4410,2600,14034,13988,2,0,1965,0
0,225000,1.75,3,4,1.0,7,1430,0,1430,1190,8505,8640,0,0,1968,0
0,225000,1.0,3,4,1.0,6,1300,0,1300,1260,8316,8316,0,0,1954,0
0,363000,2.5,3,3,2.0,9,2740,0,2740,2570,11872,10377,0,0,1990,0
0,2400000,2.5,4,3,1.0,9,1830,1820,3650,3120,8354,18841,4,1,2000,0
0,250000,2.0,4,4,1.0,7,2010,0,2010,2010,7312,7650,0,0,1976,0
0,260000,2.0,3,4,1.0,7,1240,570,1810,1750,7209,7209,0,0,1978,0
0,245000,2.5,3,3,2.0,7,1730,0,1730,1630,7442,6458,0,0,1987,0
0,315000,1.75,3,4,1.0,7,1200,380,1580,1550,11455,10650,0,0,1974,0
0,237000,1.75,3,4,1.0,7,1270,0,1270,1600,8470,8470,0,0,1960,0
0,525000,2.25,3,3,2.0,10,1320,780,2100,2380,40510,33450,0,0,1979,0
0,290000,2.5,4,4,2.0,7,1700,0,1700,1950,7280,7475,0,0,1988,0
0,272500,2.5,3,3,1.0,8,1420,650,2070,2070,9900,8250,0,0,1979,0
0,2900000,3.25,4,3,1.5,11,4750,300,5050,3890,20100,20060,2,0,1982,2008
0,210000,1.0,3,4,1.0,7,1700,0,1700,1350,11390,8164,0,0,1967,0
0,236000,1.0,3,3,1.0,7,1300,0,1300,1320,5898,7619,0,0,1961,0
0,365000,2.5,3,3,2.0,8,2653,0,2653,2653,4510,4927,0,0,2006,0
0,450000,2.0,3,5,1.0,8,2290,0,2290,1660,16258,10530,0,0,1960,0
0,455000,2.5,4,3,1.0,8,2210,0,2210,2670,49375,49385,0,0,1997,0
0,405000,1.75,3,3,1.0,6,1240,1150,2390,2020,6000,6000,0,0,1908,0
0,170000,1.0,2,3,1.0,6,860,0,860,1650,5265,8775,0,0,1931,0
0,370000,2.5,4,3,2.0,9,2720,0,2720,2410,8666,8100,0,0,1992,0
0,675000,2.25,5,3,1.0,8,1450,1450,2900,2310,10300,10300,0,0,1985,0
0,500000,1.0,2,4,1.0,7,1140,500,1640,1520,14100,13527,0,0,1954,0
0,360000,2.5,4,3,2.0,9,2160,0,2160,2280,9528,9937,0,0,1992,0
0,580000,3.0,4,3,2.0,8,2270,1010,3280,2320,11060,11004,0,0,1986,0
0,265000,2.0,3,3,1.0,7,1320,0,1320,1740,8959,7316,0,0,1993,0
0,446500,2.5,3,3,2.0,8,2650,0,2650,2400,7286,7220,0,0,1990,0
0,267500,1.75,3,3,1.0,7,1090,500,1590,1630,11914,9052,2,0,1957,0
0,3075000,5.0,4,3,1.0,10,2600,1950,4550,4550,18641,19508,4,1,2002,0
0,335000,2.5,3,3,2.0,8,2440,0,2440,2510,7632,7903,0,0,1998,0
0,610750,2.25,4,3,2.0,8,2180,0,2180,2250,7297,9781,0,0,1984,0
0,665000,2.75,4,5,2.0,8,2220,1100,3320,2720,10574,8330,0,0,1960,0
0,1384000,3.25,4,3,1.0,11,2690,1600,4290,3860,12103,11244,3,0,1997,0
0,1400000,3.25,4,3,1.0,11,2690,1600,4290,3860,12103,11244,3,0,1997,0
0,305000,2.25,4,3,1.0,8,1350,600,1950,2150,7700,7350,0,0,1979,0
0,390000,2.5,3,4,1.0,8,1930,0,1930,2350,64904,57500,0,0,1988,0
0,819900,2.75,5,3,2.0,9,3150,0,3150,1560,7119,8384,0,0,2013,0
0,230000,2.0,3,3,1.0,7,1450,0,1450,1520,11204,9518,0,0,2003,0
0,240000,1.75,3,3,1.0,7,1510,0,1510,1510,10248,9753,0,0,1969,0
0,790000,2.25,3,4,1.0,9,1590,780,2370,2500,10289,10004,0,0,1977,0
0,940000,2.0,4,5,2.0,9,2490,0,2490,2770,9525,9525,0,0,1968,0
0,260000,2.5,4,3,2.0,7,1960,0,1960,1800,5238,5894,0,0,2003,0
0,245000,1.75,3,3,1.0,7,1740,0,1740,880,11547,78408,0,0,1954,0
0,684000,3.5,4,3,2.0,9,2420,620,3040,3470,8414,8066,0,0,2010,0
0,165000,1.0,4,3,1.0,6,1000,0,1000,1020,7134,7138,0,0,1943,0
0,239900,1.0,4,3,1.0,6,1000,0,1000,1020,7134,7138,0,0,1943,0
0,206600,2.0,3,4,1.0,7,1390,0,1390,1720,13464,12080,0,0,1987,0
0,387000,1.75,4,3,1.0,7,1250,1250,2500,2040,7690,8646,0,0,1973,0
0,855000,2.75,4,3,2.0,9,2270,0,2270,2610,10460,10180,0,0,1965,0
0,252000,1.5,4,4,1.0,7,1050,500,1550,1640,19800,22654,0,0,1969,0
0,300000,2.5,4,3,2.0,7,1910,0,1910,2010,4862,5091,0,0,2005,0
0,420000,1.0,4,4,1.5,7,1750,0,1750,1750,9600,10530,0,0,1954,0
0,380000,2.5,5,4,2.0,9,2760,0,2760,2470,11340,11340,0,0,1978,0
0,329500,2.5,4,3,2.0,7,1820,0,1820,1820,7912,8168,0,0,1994,0
0,604950,2.5,3,3,1.0,8,1340,770,2110,2040,5608,9363,0,0,2013,0
0,795000,2.5,5,4,1.0,8,1640,1400,3040,2920,9570,8800,2,0,1966,0
0,785000,2.75,4,4,1.0,8,1910,530,2440,2770,69415,24361,0,0,1989,0
0,338000,3.0,4,3,1.0,7,1370,720,2090,1810,7500,7650,0,0,1986,0
0,280000,2.25,3,3,2.0,7,1430,0,1430,1430,7222,7220,0,0,1993,0
0,380000,3.0,5,3,2.0,9,3450,0,3450,2860,9914,9721,0,0,2004,0
0,297000,2.25,3,3,2.0,7,1450,0,1450,1650,7562,7625,0,0,1994,0
0,275000,3.0,3,3,1.0,7,1060,530,1590,1680,7750,7500,0,0,1997,0
0,560000,2.25,4,3,1.0,8,1580,970,2550,2420,7800,8050,0,0,1968,0
0,1350000,3.5,5,3,2.0,11,3480,1320,4800,4050,14984,19009,2,0,1998,0
0,799000,2.25,4,4,2.0,8,2510,0,2510,2450,11585,9691,0,0,1969,0
0,252350,2.0,3,3,1.0,7,1160,490,1650,1710,7352,7350,0,0,1979,0
0,490000,2.75,3,4,2.0,9,1980,0,1980,1950,3128,2856,0,0,1979,0
0,927000,2.75,4,3,2.0,8,3300,0,3300,3180,12090,12239,0,0,1953,0
0,1118000,2.5,4,4,2.0,10,3840,0,3840,3600,16619,16553,1,0,1983,0
0,530000,2.25,5,4,1.0,7,1500,1220,2720,2110,8800,8800,0,0,1958,0
0,365000,2.0,4,1,1.0,8,1940,0,1940,2000,25600,10071,0,0,1962,0
0,269900,1.75,4,4,1.5,7,1530,0,1530,1390,8750,8750,0,0,1968,0
0,322500,2.5,4,3,2.0,7,1820,0,1820,1820,6753,7107,0,0,1994,0
0,278500,2.0,3,3,1.0,7,1570,0,1570,1570,5250,5250,0,0,1998,0
0,364950,2.5,4,3,2.0,8,1930,0,1930,2090,6957,6996,0,0,1995,0
0,840000,3.5,4,4,1.0,10,2840,0,2840,3180,40139,36852,4,0,1986,0
0,268000,2.5,3,3,2.0,7,1550,0,1550,1550,8134,8134,0,0,1991,0
0,339000,1.5,4,3,1.5,7,2390,0,2390,2850,7480,6867,2,0,1920,0
1,625000,1.75,3,5,1.0,7,1600,0,1600,1580,9135,9800,0,0,1955,0
0,538000,2.5,3,3,2.0,8,2250,0,2250,2360,11632,11632,0,0,1988,0
0,380000,2.5,3,4,2.0,8,2280,0,2280,2310,10255,10094,0,0,1985,0
0,245000,2.5,3,5,1.0,7,1030,500,1530,1850,8500,8140,0,0,1996,0
0,1300000,2.0,3,4,1.0,8,1770,580,2350,3530,15021,15715,0,0,1976,0
0,365000,2.5,3,3,2.0,8,2200,0,2200,2310,4052,5082,0,0,2005,0
0,328500,3.0,4,3,2.0,9,2290,0,2290,2290,8250,8250,0,0,1990,0
0,237000,2.5,3,3,2.0,7,1490,0,1490,1490,2138,2094,0,0,2005,0
0,749000,2.5,4,3,1.0,9,1440,270,1710,2140,9627,9131,0,0,1976,2014
0,722500,2.5,5,3,2.0,10,3470,1400,4870,3180,11800,11398,0,0,1983,0
0,227950,1.5,3,5,1.0,7,1670,0,1670,2077,8230,4910,0,0,1954,0
0,196000,2.25,3,3,2.0,7,2070,0,2070,1890,11576,7519,0,0,1974,0
0,205000,1.0,3,4,1.0,7,940,0,940,1150,7980,8050,0,0,1960,0
0,1030000,2.5,3,3,1.0,10,2610,935,3545,3630,9816,7704,0,0,2005,0
0,232000,1.0,3,4,1.0,6,1400,0,1400,1230,10403,10209,0,0,1976,0
0,691100,2.75,3,4,1.0,8,1710,650,2360,2120,16117,16117,0,0,1983,0
0,811000,1.75,3,4,1.0,8,1870,0,1870,1900,9897,10005,0,0,1960,0
0,578000,2.5,4,5,1.0,9,1770,1370,3140,2460,9225,9600,2,0,1966,0
0,255000,1.75,3,5,1.0,7,1240,0,1240,1490,8659,8223,0,0,1986,0
0,1050000,3.5,4,3,2.0,10,3450,0,3450,3220,7832,8567,0,0,2007,0
0,348000,2.25,3,4,2.0,8,2570,0,2570,2400,8491,8049,0,0,1989,0
0,230000,2.0,3,3,2.0,7,1510,0,1510,1570,3413,3777,0,0,1985,0
0,359500,2.25,4,3,2.0,9,2390,0,2390,2480,11250,11250,0,0,1988,0
0,325000,2.5,4,3,2.0,8,1850,0,1850,2100,7324,7329,0,0,1997,0
0,340500,2.0,3,4,1.0,7,1920,350,2270,1770,28025,14833,0,0,1947,0
0,342500,2.5,3,3,2.0,8,1810,0,1810,1810,5192,6200,0,0,1993,0
0,290900,2.0,2,3,2.0,6,1610,0,1610,1310,17600,12950,0,0,1930,1983
0,868700,4.25,3,3,2.0,10,3840,0,3840,3230,6161,7709,0,0,2000,0
0,1150000,3.25,4,3,2.0,11,3150,1040,4190,4300,10259,11919,0,0,2000,0
0,859900,2.75,4,3,2.0,9,3390,0,3390,3390,6298,7111,0,0,2011,0
0,590000,2.75,4,3,1.0,8,1780,1130,2910,2920,10650,10988,2,0,1975,0
0,378500,1.75,4,3,1.0,7,850,850,1700,1620,8640,9000,0,0,1955,0
0,328500,2.5,3,4,2.0,9,1950,0,1950,2350,8130,7691,0,0,1990,0
0,849950,3.0,3,4,2.0,8,2990,0,2990,2230,9773,11553,0,0,1973,0
0,295000,2.5,4,4,1.0,8,1460,700,2160,2060,7725,8250,0,0,1978,0
0,1067000,3.5,6,3,2.0,11,3860,1000,4860,3600,11793,11793,0,0,1998,0
0,207950,2.0,2,3,1.0,6,890,0,890,1860,5000,5000,0,0,1917,0
0,1280000,2.5,5,4,2.0,8,3400,0,3400,3080,9500,11081,1,0,1977,0
0,452000,1.5,4,4,1.0,7,960,620,1580,1560,7350,7350,0,0,1963,0
0,370000,2.0,3,4,1.0,7,1680,0,1680,1680,5036,4921,1,0,1987,0
0,232000,1.75,3,5,1.0,7,1300,0,1300,1300,11230,10794,0,0,1968,0
0,299000,2.75,3,4,1.0,7,1610,1470,3080,2424,19635,12410,2,0,1958,0
0,342000,2.0,3,4,1.0,8,1930,0,1930,2200,11947,12825,0,0,1966,0
0,280000,1.5,3,4,1.0,7,1670,0,1670,1930,11610,10200,0,0,1963,0
0,240000,1.75,2,3,1.0,7,1330,0,1330,1450,7200,11682,0,0,1993,0
0,480000,2.5,4,3,2.0,8,2600,0,2600,2830,7787,7787,0,0,2005,0
0,750000,2.5,3,3,2.0,9,2400,0,2400,2080,7745,8615,0,0,2001,0
0,288000,1.0,3,5,1.0,6,1190,0,1190,1190,7560,7560,0,0,1958,0
0,190000,1.0,2,3,1.0,6,630,0,630,1470,6000,6840,0,0,1943,2005
1,235000,1.5,4,4,1.0,5,1690,0,1690,1690,11054,9040,0,0,1930,0
0,727500,2.0,2,4,1.0,7,1240,0,1240,1380,9119,9121,0,0,1952,0
0,270500,2.5,3,3,1.0,7,1320,460,1780,1680,7848,7848,0,0,1978,0
0,200000,1.5,2,3,2.0,7,1360,0,1360,1360,1898,1898,0,0,1978,0
0,970000,3.25,4,3,2.0,10,4740,0,4740,3340,76230,49206,0,0,1987,0
0,358000,2.25,3,4,2.0,7,1610,0,1610,1780,6655,7529,0,0,1985,0
0,249000,2.0,3,3,1.0,7,1360,0,1360,1360,6082,6987,0,0,1994,0
0,346900,2.5,4,3,2.0,8,1970,0,1970,2230,5106,5109,0,0,1999,0
0,280000,2.5,4,3,2.0,7,1560,0,1560,1560,4350,4350,0,0,2003,0
0,318888,1.75,4,4,1.0,8,2270,50,2320,2120,12000,9880,0,0,1973,0
0,375000,2.25,3,4,2.0,8,2120,0,2120,2120,18500,14479,0,0,1983,0
0,782000,2.5,4,4,2.0,10,2380,0,2380,2560,9614,9770,0,0,1991,0
0,315000,2.75,4,4,1.0,7,1560,740,2300,1870,18360,9588,0,0,1979,0
0,215000,1.0,2,4,1.0,6,1320,0,1320,1190,8865,6490,0,0,1943,0
0,705000,1.75,3,4,1.0,7,1140,1040,2180,2180,10221,8535,2,0,1946,0
0,261000,1.0,2,4,1.0,6,750,0,750,1340,8125,8750,0,0,1943,0
0,725000,2.5,4,3,2.0,9,2990,0,2990,3715,29170,29170,3,0,1999,0
0,1950000,3.5,7,3,2.0,11,2860,1780,4640,3230,15235,20697,1,0,1965,2003
0,238000,1.0,4,3,1.5,7,1400,0,1400,1310,7242,7314,0,0,1959,0
0,750000,1.75,6,4,2.0,8,2750,0,2750,2040,9563,9563,0,0,1973,0
0,331500,2.5,4,3,2.0,7,2050,0,2050,2050,10271,8103,0,0,1998,0
0,404950,2.25,4,4,1.0,8,2340,0,2340,2340,217014,107898,0,0,1982,0
0,638700,1.75,3,3,1.0,7,1370,710,2080,1870,9162,8944,0,0,1960,0
0,260000,1.0,3,4,1.5,6,1180,0,1180,1490,5350,5350,0,0,1959,0
0,338900,2.5,4,3,2.0,7,1830,0,1830,1830,5612,5998,0,0,2003,0
0,263500,1.75,3,3,1.0,7,1040,290,1330,1330,9917,9081,0,0,1981,0
0,266000,2.5,3,3,2.0,7,1805,0,1805,2095,3402,3402,0,0,2009,0
0,180000,1.0,3,4,1.0,6,1384,0,1384,1000,8960,8470,0,0,1965,0
0,264000,1.5,3,4,1.0,7,1820,0,1820,1380,10608,8976,0,0,1962,0
0,268500,1.75,4,4,1.0,7,1080,340,1420,1500,7500,7260,0,0,1981,0
0,900000,2.5,3,4,2.0,11,3180,0,3180,3030,12600,12835,0,0,1978,0
0,370000,2.25,3,4,2.0,8,2110,0,2110,2470,13300,14000,0,0,1985,0
0,290000,2.5,3,3,2.0,8,1610,0,1610,1610,2937,3049,0,0,2006,0
0,296000,2.5,4,3,2.0,7,1780,0,1780,2020,3600,3802,0,0,2006,0
0,360000,2.5,4,3,2.0,7,1840,0,1840,1830,9611,8505,0,0,1996,0
0,240500,1.75,3,3,1.0,7,990,470,1460,1220,10584,12012,0,0,1997,0
0,515000,3.0,4,3,2.0,9,3590,0,3590,2860,8249,7995,0,0,1997,0
0,1220000,2.25,4,4,2.0,9,3200,0,3200,3070,15367,15263,0,0,1962,0
0,399950,2.0,4,3,1.0,9,2420,0,2420,2560,31465,32186,0,0,1984,0
0,469000,2.75,4,5,1.0,8,2100,1450,3550,2050,13938,9000,0,0,1966,0
0,223000,2.0,3,3,1.0,7,1300,370,1670,1660,6824,7586,0,0,1990,0
0,242000,1.75,3,4,1.5,7,1280,0,1280,1500,7524,7777,0,0,1988,0
0,210000,2.0,3,3,1.0,8,1440,0,1440,1700,7210,7245,0,0,1983,0
0,260000,2.5,3,3,2.0,7,1920,0,1920,1930,7415,7536,0,0,1989,0
0,200000,1.5,3,4,1.0,7,1210,0,1210,1408,10588,10588,0,0,1958,0
0,289500,1.0,3,4,1.0,6,820,140,960,1200,6400,6600,0,0,1944,0
0,480000,2.25,4,4,2.0,9,3250,0,3250,3110,34293,35982,0,0,1983,0
0,426700,1.75,3,5,1.0,7,1600,480,2080,1680,7700,7700,0,0,1968,0
0,214000,1.0,3,4,1.0,6,1200,0,1200,1200,8316,8316,0,0,1953,0
0,245000,1.5,3,5,2.0,7,1360,0,1360,1220,8910,8912,0,0,1949,0
0,314500,2.0,3,3,1.0,8,2050,0,2050,2180,13303,11590,0,0,1993,0
0,305000,2.5,4,3,1.0,7,1340,910,2250,1540,9091,7802,0,0,1982,0
0,240000,1.75,3,3,1.0,7,1150,610,1760,1760,6500,8125,0,0,1987,0
0,325000,1.0,3,3,1.0,7,1120,800,1920,2000,6862,6900,2,0,1952,0
0,1000000,2.5,3,3,2.0,10,3180,0,3180,3000,10492,9812,2,0,1991,0
0,748000,3.5,4,3,2.0,8,1970,800,2770,2180,3330,3380,0,0,2001,0
0,888000,1.5,3,4,1.0,7,1250,0,1250,1750,8710,9185,0,0,1953,0
0,331000,1.75,3,3,1.0,7,1300,0,1300,1890,9079,7369,0,0,1986,0
0,290000,1.5,3,4,1.0,8,1950,0,1950,1940,15954,12667,0,0,1959,0
0,664000,2.75,4,5,1.0,8,1630,880,2510,2390,11880,11211,0,0,1978,0
0,385000,1.75,3,3,1.0,8,1200,600,1800,1800,18000,18000,0,0,1968,0
0,188000,1.5,2,3,1.0,6,1120,0,1120,1690,17487,8056,0,0,1924,0
0,222000,2.0,3,4,1.0,7,970,470,1440,1440,7187,7187,0,0,1981,0
0,609900,2.5,4,3,2.0,10,3190,0,3190,3250,7399,7323,0,0,2006,0
0,802541,2.75,5,3,2.0,9,2990,0,2990,2870,6768,6768,0,0,2014,0
0,320000,2.5,3,3,2.0,8,2680,0,2680,2430,7757,8231,0,0,1990,0
0,373000,1.75,3,3,1.0,8,1430,400,1830,2140,11788,11964,1,0,1958,0
0,1484900,2.5,5,5,2.0,10,4570,0,4570,3180,19252,13314,0,0,1965,0
0,359900,2.25,4,3,2.0,8,2470,0,2470,2330,7698,7986,0,0,1983,0
0,245000,2.0,3,3,1.0,7,1410,0,1410,1670,5760,6222,0,0,1985,0
0,700000,2.5,5,5,1.0,8,1610,1220,2830,2670,25958,21567,1,0,1979,0
0,268000,1.75,4,3,1.0,7,1100,580,1680,2400,9966,10369,0,0,1977,0
0,225000,1.75,3,3,1.0,7,920,840,1760,1350,26055,13475,0,0,1979,0
0,980000,2.25,4,3,2.0,8,2240,0,2240,2300,11034,11550,0,0,1976,0
0,195000,1.0,2,3,1.0,6,820,0,820,1170,5100,5304,0,0,1953,0
0,480000,2.0,4,2,1.0,6,1730,450,2180,2180,10575,12010,0,0,1950,0
0,130000,1.0,2,3,1.0,5,880,0,880,1410,9000,10000,0,0,1928,0
0,325000,1.0,2,4,1.0,6,1060,0,1060,2240,5703,4416,2,0,1946,0
0,310000,1.75,3,5,1.0,6,1490,0,1490,1350,7150,9100,0,0,1967,0
0,390000,2.5,4,3,2.0,8,2340,0,2340,1970,8548,6818,0,0,1993,0
0,243000,1.75,3,4,1.0,7,1450,0,1450,1210,12125,12125,0,0,1981,0
0,215000,1.0,4,4,1.0,7,1130,0,1130,1540,7400,7379,0,0,1969,0
0,250000,1.75,4,5,1.0,7,1010,700,1710,1770,7140,8960,0,0,1968,0
0,289950,2.5,3,3,2.0,7,1670,0,1670,2390,6186,6924,0,0,2002,0
0,1578000,3.25,4,4,2.0,12,4670,0,4670,4230,51836,41075,0,0,1988,0
0,636000,2.5,3,3,2.0,8,1770,370,2140,2510,2770,2708,0,0,2007,0
0,350000,3.0,5,3,1.0,8,1550,970,2520,1700,5500,8000,0,0,2004,0
0,320000,1.5,3,5,1.0,7,1130,520,1650,1720,9380,8856,0,0,1978,0
0,210000,1.75,2,4,1.0,8,1440,0,1440,1320,5680,3547,0,0,1978,0
0,328000,1.75,3,3,1.0,7,1130,340,1470,1590,7650,7500,0,0,1983,0
0,501000,1.75,3,5,1.0,8,1370,600,1970,2460,7972,9796,3,0,1976,0
0,347500,2.5,4,3,2.0,9,2156,0,2156,1708,3562,3539,0,0,2012,0
0,365000,2.25,4,4,2.0,8,2070,0,2070,2390,8893,7700,0,0,1986,0
0,605000,1.75,3,4,1.0,8,1260,660,1920,2360,7400,8048,0,0,1977,0
0,233000,2.0,3,3,1.0,7,1400,0,1400,2020,9177,8547,0,0,1974,0
0,360000,2.5,4,3,2.0,8,2210,0,2210,2210,17715,16907,0,0,1997,0
0,316500,1.75,3,3,1.0,7,1070,530,1600,2140,14250,14960,0,0,1979,0
0,942500,3.5,5,4,1.0,9,2030,1720,3750,3270,9612,9688,2,0,1981,0
0,856600,2.25,4,4,1.0,9,2400,0,2400,2580,13430,10077,0,0,1964,0
0,405600,1.5,5,4,2.5,8,2830,0,2830,1480,4000,4000,0,0,1918,0
0,374950,2.75,4,3,2.0,7,2730,0,2730,2230,4683,4924,0,0,2005,0
0,405300,2.75,3,5,1.0,7,1610,780,2390,1920,7939,7939,0,0,1983,0
0,560000,2.25,3,3,2.0,8,2060,0,2060,2160,31400,34500,0,0,1984,0
0,824000,2.25,4,4,1.0,8,1290,1200,2490,2360,9864,9864,0,0,1961,0
0,260000,1.75,3,5,1.0,7,1100,0,1100,1400,10968,7799,0,0,1984,0
0,405000,2.5,3,3,2.0,10,2360,810,3170,2970,12750,13125,0,0,1995,0
0,429900,2.5,4,3,2.0,8,2640,0,2640,2240,8625,8700,0,0,1987,0
0,341500,1.5,3,4,1.0,7,1130,0,1130,1320,7223,7356,0,0,1961,0
0,390000,1.0,3,4,1.0,7,1200,0,1200,1370,10800,9950,0,0,1955,0
0,420000,2.25,3,4,1.0,8,1000,1000,2000,2070,8030,8250,0,0,1963,0
0,269950,2.5,3,3,2.0,8,1730,160,1890,1910,4838,7409,0,0,2002,0
0,370000,2.5,4,3,2.0,9,2710,0,2710,2520,5880,6000,0,0,1998,0
0,650000,2.75,6,4,1.5,8,3610,0,3610,2560,10003,10004,0,0,1966,0
0,218000,1.75,5,4,1.0,8,1930,0,1930,2370,8040,8000,0,0,1966,0
0,232500,1.5,3,4,1.0,7,1140,800,1940,1410,9887,9936,0,0,1969,0
0,675000,2.5,4,3,2.0,9,2810,0,2810,3100,11120,12672,0,0,1982,0
0,1355000,3.5,4,3,1.0,11,2260,1290,3550,4100,11000,10012,2,0,1999,0
0,210000,1.0,2,3,1.0,6,750,0,750,1460,34133,25792,0,0,1950,0
0,1216000,2.5,4,5,1.0,9,1680,1510,3190,3160,8684,8684,3,0,1967,0
0,308000,2.25,4,3,2.0,8,1960,0,1960,1910,12243,12230,0,0,1989,0
0,565000,2.75,3,5,1.0,8,1360,1030,2390,2140,9966,10713,0,0,1977,0
0,361000,2.0,3,3,1.0,8,1950,0,1950,2330,8698,7212,0,0,1999,0
0,345000,1.0,3,4,1.0,7,1250,0,1250,1530,7210,8800,0,0,1964,0
0,347000,2.5,3,3,2.0,7,1680,0,1680,2160,4308,4182,0,0,2004,0
0,2400000,4.25,4,3,2.0,11,3090,1800,4890,3470,15188,16201,2,0,1999,0
0,682000,2.75,5,3,2.0,9,2760,0,2760,2870,5000,5030,0,0,2005,0
0,325000,1.0,3,4,1.5,5,1490,0,1490,1580,57381,101529,0,0,1932,0
0,310950,2.5,4,3,2.0,8,2030,0,2030,2095,4997,5500,0,0,2004,0
0,226000,1.0,3,3,1.0,6,970,0,970,1290,5000,5875,0,0,1968,0
0,175000,1.0,4,3,1.5,6,1300,0,1300,1240,6030,6900,0,0,1947,0
0,465750,1.5,3,3,1.0,7,1260,0,1260,1800,10350,10350,0,0,1959,0
0,659000,2.25,4,3,2.0,8,2610,0,2610,2550,24931,18306,0,0,1983,0
0,350000,2.25,3,4,2.0,8,1780,0,1780,1780,16290,8810,0,0,1987,0
0,270000,2.25,4,4,1.0,8,1900,0,1900,2120,8600,8000,0,0,1975,0
0,662500,2.25,6,3,1.0,7,1340,1110,2450,1850,25600,10230,2,0,1957,0
0,249900,1.75,3,4,1.0,5,1380,0,1380,1490,14000,18503,0,0,1939,1957
0,324500,1.75,3,4,1.0,7,1230,690,1920,1980,11340,9638,0,0,1977,0
0,285000,1.75,4,4,1.0,8,1290,1220,2510,1790,7440,8000,2,0,1962,0
0,332000,2.5,4,3,2.0,8,2470,0,2470,2100,7780,5972,0,0,2002,0
0,282000,1.75,4,3,1.0,7,960,700,1660,1340,10725,9023,0,0,1956,0
0,428750,1.0,3,4,1.5,7,1620,0,1620,2440,30736,28826,0,0,1911,1977
0,352000,2.25,3,4,1.0,8,1640,0,1640,1870,11050,11050,0,0,1972,0
0,512000,1.75,3,3,1.0,7,1080,530,1610,1780,12555,10374,0,0,1977,0
0,254000,2.0,3,4,1.0,7,1450,620,2070,1630,9000,7885,0,0,1969,0
0,327000,2.75,5,3,2.0,8,2400,0,2400,2400,8050,8050,0,0,1998,0
0,370500,2.5,4,3,2.0,7,1790,0,1790,1950,6120,5660,0,0,2005,0
0,265000,2.5,3,3,2.0,7,1720,0,1720,1570,6271,6587,0,0,1993,0
0,450000,2.75,4,4,1.0,8,1800,1180,2980,1920,13260,10731,0,0,1979,0
0,166600,1.75,3,4,1.0,7,1150,0,1150,1330,8690,7040,0,0,1977,0
0,245000,0.75,1,3,1.0,5,380,0,380,1170,15000,15000,0,0,1963,0
0,280000,2.5,4,3,2.0,8,2050,0,2050,2050,7416,7920,0,0,1990,0
0,275000,2.25,3,4,2.0,7,1420,0,1420,1560,8549,7471,0,0,1989,0
0,467000,2.5,3,3,2.0,7,3460,0,3460,2490,6590,6312,0,0,2001,0
0,289999,2.5,5,4,1.0,8,1220,960,2180,2050,8240,7590,0,0,1977,0
1,469950,2.25,3,3,1.0,7,1220,400,1620,1600,8701,7910,0,0,1962,0
0,795000,2.0,3,5,1.0,8,1460,1460,2920,2920,13650,10988,2,0,1975,0
0,860000,2.25,3,3,2.0,10,3060,0,3060,3060,12095,11455,0,0,1983,0
0,147500,1.0,3,3,1.0,7,1530,0,1530,1380,8498,8498,0,0,1959,0
0,229000,1.0,3,3,1.0,7,1020,0,1020,1020,8100,8100,0,0,1954,0
0,185000,1.0,3,3,1.0,6,1150,0,1150,1120,8100,8100,0,0,1932,0
0,225000,2.25,4,3,1.0,8,1800,0,1800,2060,9350,8800,0,0,1969,0
0,1270000,2.5,5,3,1.0,7,2160,1040,3200,4090,17204,15732,0,0,1952,0
0,395000,2.5,4,3,2.0,8,2910,0,2910,2740,5000,5045,0,0,2002,0
0,431650,2.5,5,3,1.5,7,1710,0,1710,1530,7700,7700,0,0,1962,0
0,980000,2.5,5,4,1.0,9,1780,1380,3160,3260,11470,11470,0,0,1971,0
0,291500,1.75,3,4,1.0,7,1260,0,1260,1640,9600,9946,0,0,1988,0
0,905000,3.5,4,3,2.0,9,2340,630,2970,3680,14486,14486,0,0,1997,0
0,839900,3.5,4,3,1.0,9,2560,1250,3810,3230,13592,9311,1,0,2013,0
0,300000,2.0,3,4,1.0,7,1080,400,1480,1850,6698,7348,0,0,1979,0
0,314950,2.25,3,3,2.0,7,1654,0,1654,1654,8479,8479,0,0,1995,0
0,255000,1.75,3,5,1.0,7,1410,0,1410,1630,9315,8250,0,0,1960,0
0,234000,1.75,3,4,1.0,7,1420,0,1420,1660,8738,8738,0,0,1966,0
0,615000,2.25,4,3,1.0,8,1600,900,2500,2500,10062,9750,0,0,1975,0
0,205000,2.0,3,3,1.0,7,1410,0,1410,1410,8384,9205,0,0,1985,0
0,324000,2.5,3,3,2.0,8,1750,0,1750,2050,7208,7524,0,0,1994,0
0,324000,2.5,3,3,2.0,8,1920,0,1920,1920,5322,5000,0,0,1999,0
0,290000,1.5,5,5,1.5,7,2120,0,2120,1730,7700,7700,0,0,1962,0
0,250000,2.0,3,3,1.0,7,1440,0,1440,1390,9220,7830,0,0,1965,0
0,255000,1.5,3,4,1.0,7,1340,0,1340,1340,8450,8920,0,0,1958,0
0,800000,2.25,3,4,1.0,9,1450,930,2380,2750,11824,11491,0,0,1972,0
0,990000,2.5,4,3,1.0,7,1390,1390,2780,2860,10480,10506,3,0,1967,0
0,288400,2.5,4,4,1.0,7,1220,640,1860,1860,6687,6117,0,0,1983,0
0,288349,1.0,3,4,1.0,6,1250,0,1250,1920,18616,15654,0,0,1972,0
0,299900,2.25,3,3,1.0,7,1290,270,1560,1660,35026,35160,0,0,1985,0
0,378000,2.5,4,3,2.0,8,2790,0,2790,2820,4650,4650,0,0,2004,0
0,253000,2.5,3,3,1.0,7,1310,710,2020,1710,6564,5151,0,0,1994,0
0,315000,1.0,2,4,1.0,6,970,0,970,1490,5665,4429,0,0,1908,0
0,260000,1.75,4,3,1.0,7,1230,580,1810,1870,7480,9594,0,0,1977,0
0,1321500,3.0,3,3,2.0,9,2230,0,2230,2260,12968,10160,0,0,1990,0
0,1029900,2.5,3,3,2.0,10,3680,0,3680,3600,13384,11306,0,0,1994,0
0,460500,1.0,3,3,1.0,7,1150,340,1490,1730,10650,9800,0,0,1963,0
0,323000,1.75,3,4,1.0,7,2100,0,2100,1930,14850,17238,0,0,1963,0
0,378000,1.5,4,3,1.0,7,1190,950,2140,2140,7920,7238,0,0,1959,0
0,385000,2.0,3,3,1.0,7,1010,0,1010,1650,7380,9030,0,0,1982,0
0,196500,1.0,3,3,1.0,7,1320,0,1320,1320,9000,9800,0,0,1966,0
0,582800,2.75,4,3,1.0,8,1440,1110,2550,2290,7636,8223,0,0,1986,0
0,752500,2.25,4,4,2.0,8,2360,0,2360,2360,8616,9337,0,0,1974,0
0,765000,2.75,4,3,2.0,10,2790,0,2790,3080,10819,12603,0,0,1996,0
0,469500,2.5,5,4,1.0,8,1670,1300,2970,2100,24759,21803,0,0,1969,0
0,237500,1.75,3,4,1.0,7,1050,0,1050,1360,7854,7668,0,0,1975,0
0,216000,1.0,3,4,1.0,7,1280,0,1280,1420,8712,8800,0,0,1956,0
0,427200,1.0,3,4,1.0,7,1030,0,1030,1270,8400,8400,0,0,1963,0
0,280000,2.25,3,4,1.0,8,1390,510,1900,1730,7800,7800,0,0,1977,0
0,718000,3.0,5,4,1.0,9,1740,1330,3070,2550,9804,9689,0,0,1968,0
0,260000,1.0,3,3,1.5,6,1120,360,1480,1460,7469,7379,0,0,1940,0
0,640000,1.75,4,4,1.0,8,2060,0,2060,2260,9828,9996,0,0,1960,0
0,253000,2.0,3,3,1.0,7,1490,0,1490,1590,7651,7795,0,0,1988,0
0,291000,2.5,4,4,2.0,7,1860,0,1860,1860,6325,6449,0,0,1991,0
0,199950,2.75,2,3,1.5,5,1590,0,1590,1310,20917,6000,0,0,1920,0
0,189950,1.0,2,3,1.0,8,1030,0,1030,1450,4188,3376,0,0,1981,0
0,289000,2.0,3,3,1.0,8,1850,0,1850,2250,9550,9550,0,0,1988,0
0,270000,2.0,3,3,1.0,7,1560,0,1560,1610,8853,8750,0,0,1967,0
0,258000,1.75,4,3,1.0,7,1230,500,1730,1840,8320,9800,0,0,1977,0
0,245000,2.25,3,3,2.0,7,1422,0,1422,1677,3677,3677,0,0,2012,0
0,325000,2.5,4,3,2.0,9,2610,0,2610,2610,7091,7773,0,0,1987,0
1,900000,2.25,4,4,1.0,9,2460,0,2460,2830,44431,44431,0,0,1957,0
0,538200,3.0,4,4,1.0,8,1780,0,1780,1810,7260,7920,0,0,1964,0
0,164808,1.0,3,3,1.0,7,1250,0,1250,1490,5411,6320,0,0,1980,0
0,283000,1.5,4,5,1.0,6,1480,0,1480,1530,47045,11000,0,0,1942,0
0,321500,2.5,4,3,2.0,8,1930,0,1930,1930,6228,6168,0,0,2000,0
0,287000,2.25,3,4,2.0,7,1370,0,1370,1370,6000,6200,0,0,1992,0
0,375000,1.75,3,3,1.0,7,960,0,960,1650,8106,8035,0,0,1962,0
0,315000,2.5,4,4,2.0,7,1930,0,1930,1930,9643,7525,0,0,1992,0
0,245000,1.75,3,4,1.0,7,1490,0,1490,1880,6930,6861,0,0,1990,0
0,249900,1.75,3,5,1.0,6,2080,0,2080,1690,12522,11200,0,0,1950,0
0,768000,2.5,3,4,2.0,9,2690,530,3220,3460,54160,44374,2,0,1981,0
0,380000,2.5,4,3,2.0,8,2000,0,2000,2430,6921,6339,0,0,2003,0
0,218500,1.0,2,4,1.0,7,1390,210,1600,1502,8961,6798,0,0,1949,0
0,197500,1.0,2,3,1.0,6,820,0,820,1660,8860,15375,0,0,1950,0
0,515000,2.25,3,3,1.0,8,1920,0,1920,2260,11500,8866,0,0,1972,2000
0,1050000,3.25,4,3,2.0,10,3440,0,3440,3440,35021,35021,0,0,1983,0
0,935000,4.5,4,3,2.0,11,5670,0,5670,4100,84267,83729,2,0,2008,0
0,425000,1.75,3,4,1.0,8,1560,0,1560,2200,9452,9985,0,0,1974,0
1,249500,1.75,2,4,1.0,7,1500,0,1500,1220,8645,8645,0,0,1963,0
1,140000,1.0,1,4,1.0,4,730,0,730,1790,6890,7969,0,0,1926,0
0,505000,1.0,2,3,1.0,7,1240,0,1240,3050,57000,25545,0,0,1962,0
0,470500,2.5,5,3,1.0,8,1300,1200,2500,2090,9248,8568,0,0,1966,0
0,1242500,2.75,4,4,1.0,9,1480,1200,2680,2940,8500,8650,4,0,1962,0
0,320000,1.75,3,4,1.0,8,1310,990,2300,1160,41900,8547,0,0,1939,0
0,310000,3.0,4,5,1.0,7,1090,920,2010,1470,7426,7426,0,0,1951,0
0,208000,2.75,4,3,1.5,7,1810,0,1810,1740,8677,8677,0,0,1962,0
0,825000,1.0,2,4,1.0,6,1150,0,1150,2440,12775,11852,4,1,1908,0
0,515000,2.5,3,3,1.0,9,2360,0,2360,2390,11254,11254,2,0,1990,0
0,500000,2.75,3,4,1.5,8,3410,0,3410,2260,9360,10128,0,0,1967,0
0,385000,2.0,4,4,1.0,8,1850,0,1850,2110,11700,11700,0,0,1969,0
0,730000,1.75,5,4,1.0,7,1420,1270,2690,2600,21357,17539,0,0,1952,0
0,241000,1.0,3,4,1.0,6,1010,0,1010,1200,9611,9611,0,0,1973,0
0,151000,1.0,2,4,1.0,5,720,0,720,860,4222,4785,0,0,1942,0
0,1570000,4.5,5,3,2.0,11,6070,0,6070,4750,14731,13404,0,0,2004,0
0,195000,1.0,3,4,1.0,6,840,420,1260,1140,8378,8496,0,0,1959,1977
0,550000,2.0,3,4,1.0,7,1810,0,1810,1490,12825,10800,0,0,1960,0
0,1127000,2.5,4,4,2.0,9,3160,0,3160,3000,8281,8281,0,0,1995,0
0,367000,2.5,4,3,2.0,9,2960,0,2960,2960,6219,5361,0,0,2006,0
0,285167,2.25,3,3,2.0,8,2200,0,2200,2200,8375,10002,0,0,1988,0
0,275000,1.5,2,4,1.0,7,1270,0,1270,1270,32175,10200,0,0,1947,0
0,350900,2.5,4,3,2.0,9,2540,0,2540,2410,12843,9383,0,0,1992,0
0,525000,1.75,3,4,1.0,7,1520,0,1520,1760,8835,8580,0,0,1957,0
0,552500,3.5,4,3,2.0,8,2290,1420,3710,1720,10400,4276,0,0,2002,0
0,224500,1.0,4,4,1.5,7,1430,0,1430,1550,8355,7938,0,0,1983,0
0,1200000,1.75,4,3,2.0,11,3990,0,3990,5790,13470,13709,0,0,2006,0
0,302000,1.75,4,4,1.0,7,1010,1010,2020,1650,7865,7865,0,0,1963,0
0,272000,1.5,5,4,1.0,7,1560,990,2550,1380,6300,6300,0,0,1959,0
0,369000,1.5,5,4,1.0,7,1560,990,2550,1380,6300,6300,0,0,1959,0
0,515000,2.5,3,4,1.0,8,1760,1240,3000,2040,8250,8250,0,0,1963,0
0,269000,1.0,3,3,1.0,7,1020,670,1690,1820,4250,8865,0,0,1967,0
0,1278000,4.0,4,4,1.0,11,2430,1960,4390,3090,17832,12369,0,0,1994,0
0,303000,2.5,3,3,2.0,7,1560,0,1560,1660,4100,4400,0,0,1985,0
0,219000,2.0,2,3,2.0,6,1310,0,1310,1310,2550,2550,0,0,2004,0
0,620000,2.0,4,4,1.5,7,1770,0,1770,1710,7700,7700,0,0,1962,0
0,252500,2.0,3,5,1.0,7,1150,0,1150,1980,6000,6360,0,0,1956,0
0,298900,2.5,3,3,2.0,8,1830,0,1830,1860,6162,7017,0,0,1994,0
0,350000,1.75,3,3,1.0,7,1010,0,1010,1500,8580,8580,0,0,1961,0
0,790000,1.75,4,3,1.0,7,1410,1050,2460,2300,10061,10061,4,1,1961,0
0,305000,2.5,4,3,2.0,8,2230,0,2230,2230,5000,6137,0,0,2003,0
0,267500,3.5,5,5,2.0,7,2390,0,2390,1140,6600,6600,0,0,1977,0
0,194000,1.0,3,4,1.0,7,1070,0,1070,1190,6440,6532,0,0,1971,0
0,274700,2.0,4,5,1.0,7,1220,1220,2440,1370,9600,9600,0,0,1963,0
0,850000,1.75,3,3,1.0,7,1400,0,1400,1810,9900,10796,0,0,1951,0
0,585000,1.75,2,4,1.0,7,1000,280,1280,1550,7110,6835,0,0,1955,0
0,902000,2.25,4,5,1.0,9,1570,960,2530,3030,9200,9400,0,0,1976,0
0,235000,1.0,3,4,1.0,6,1170,0,1170,2080,11100,8481,0,0,1968,0
0,334950,2.5,3,3,2.0,8,1620,0,1620,1900,2930,2943,0,0,2002,0
0,405000,1.75,3,3,1.0,7,1160,600,1760,1790,5355,6225,0,0,1956,0
0,220000,1.0,4,3,1.0,7,1440,0,1440,1440,8250,8466,0,0,1959,0
0,173000,1.0,2,3,1.0,6,1050,690,1740,960,8100,8100,0,0,1947,0
0,254000,2.5,3,3,2.0,8,1850,0,1850,2210,4597,5000,0,0,2003,0
0,472800,2.25,3,3,1.0,8,1290,550,1840,2110,8400,8400,0,0,1961,0
0,263000,1.75,3,3,1.0,6,700,790,1490,2180,3800,4000,0,0,1913,0
0,510000,1.75,3,3,1.0,6,700,790,1490,2180,3800,4000,0,0,1913,0
0,179950,1.0,3,4,1.0,7,960,0,960,1250,10125,9769,0,0,1952,0
0,525000,2.25,4,3,1.0,8,1160,420,1580,2020,7307,7458,0,0,1973,0
0,392400,2.5,5,3,1.5,7,1890,630,2520,1830,27951,14373,0,0,1942,1970
0,245000,2.5,3,3,2.0,7,1600,0,1600,1520,4271,3225,0,0,2003,0
0,100000,1.0,2,3,1.0,7,770,0,770,1480,17334,17334,0,0,1978,0
0,475000,3.5,4,3,2.0,10,2660,1000,3660,2780,14401,10653,0,0,1994,0
0,320000,2.5,3,3,2.0,8,2280,0,2280,2370,7417,6443,0,0,1998,0
0,365000,2.5,4,3,1.0,7,800,770,1570,1340,9600,9110,0,0,1972,0
0,234000,1.5,3,4,1.0,7,1200,0,1200,1350,11935,11935,0,0,1968,0
0,211000,2.0,4,3,1.5,7,1710,0,1710,1710,8288,7200,0,0,1970,0
0,457000,3.0,4,3,2.0,8,2800,0,2800,2800,7845,6977,0,0,2002,0
0,350000,2.5,4,3,2.0,8,2530,0,2530,2330,10155,7205,0,0,1998,0
0,208000,1.0,3,5,1.0,6,990,0,990,1010,7420,7420,0,0,1960,0
0,270000,1.75,3,3,1.0,6,1470,330,1800,1440,7763,7483,0,0,1984,0
0,350000,3.0,7,3,1.0,7,1400,1400,2800,2150,9569,7333,2,0,1963,0
0,170000,1.5,3,2,1.0,7,1350,0,1350,2220,81549,93825,0,0,1966,0
0,317000,2.0,3,5,1.0,7,1060,700,1760,1680,11410,9165,0,0,1977,0
0,276900,1.0,3,4,1.0,7,1270,0,1270,1780,7566,7520,0,0,1958,0
0,258000,1.75,3,4,1.0,8,1330,940,2270,2090,9000,8400,0,0,1978,0
0,321000,2.75,5,4,1.0,7,1540,1490,3030,1790,7000,7330,0,0,1978,0
0,295700,2.5,4,3,2.0,8,1720,0,1720,2360,5805,7700,0,0,2000,0
0,614000,2.5,5,5,2.0,8,1870,1280,3150,1550,5150,5150,0,0,1907,2004
0,390000,2.5,3,3,1.0,8,1770,730,2500,2670,21780,23400,0,0,1986,0
0,484000,2.5,6,3,1.0,8,2060,1240,3300,2060,13501,8745,0,0,1980,0
0,302495,2.5,3,3,2.0,8,2200,0,2200,2250,7201,7240,0,0,1994,0
0,441500,2.5,3,3,2.0,8,1780,640,2420,2420,9592,9145,0,0,1993,0
0,2300000,3.25,4,3,2.0,9,4250,0,4250,2830,8570,12821,0,0,2004,0
0,590000,2.5,3,3,1.0,9,2400,0,2400,2800,99752,98010,0,0,1996,0
0,445000,2.5,3,3,2.0,7,2470,0,2470,2470,4565,5064,0,0,2005,0
0,2260000,3.5,3,3,1.0,10,3110,0,3110,3110,14872,12433,0,0,2003,0
0,364808,1.75,3,3,1.0,8,1620,700,2320,1990,7875,9720,0,0,1967,0
0,320000,2.25,3,3,1.0,8,1200,380,1580,1710,6561,7241,0,0,1981,0
0,325000,2.5,4,3,2.0,9,2963,0,2963,2665,5797,6119,0,0,2006,0
0,350000,2.25,3,3,2.0,8,2230,240,2470,1970,10290,10150,0,0,1984,0
0,170000,1.5,3,3,1.0,6,1370,0,1370,1650,10176,10176,0,0,1947,0
0,835000,4.25,4,3,2.0,12,4930,0,4930,3620,25714,23035,0,0,2005,0
0,925000,2.5,4,5,2.5,8,2190,0,2190,1880,7350,7350,0,0,1958,0
0,284000,1.75,3,3,1.0,7,1200,330,1530,1680,9600,9680,0,0,1988,0
0,285000,3.0,4,4,2.0,7,1900,0,1900,1690,7194,7194,0,0,1988,0
0,375000,2.5,3,3,2.0,8,2050,0,2050,2050,7205,7264,0,0,2000,0
0,556000,2.5,5,3,2.0,11,3840,0,3840,3270,16905,12133,0,0,1991,0
1,225000,2.0,4,3,1.0,7,1200,1020,2220,1300,14120,9709,0,0,1966,0
0,537250,2.5,4,4,1.0,8,1640,950,2590,2710,9530,10970,0,0,1978,0
0,255000,1.0,3,4,1.0,7,1180,0,1180,1460,13650,11730,0,0,1967,0
0,530000,2.5,4,3,2.0,7,2950,0,2950,2120,4836,4750,0,0,2006,0
0,5300000,6.0,6,4,2.0,12,5000,2390,7390,4320,24829,24619,4,1,1991,0
0,548000,2.0,4,4,1.0,7,2100,0,2100,1280,8880,9102,0,0,1958,0
0,234975,1.75,3,3,1.0,7,1100,550,1650,1280,8073,8073,0,0,1980,0
0,567000,2.25,5,3,1.0,8,1600,500,2100,2100,6936,8661,0,0,1974,0
0,515000,2.25,2,3,1.0,8,1870,820,2690,2690,15000,15000,2,0,1987,0
0,605000,2.5,4,5,1.0,8,1590,840,2430,2430,11870,9600,0,0,1968,0
1,430000,3.75,4,3,2.0,7,2452,0,2452,1180,4800,4800,0,0,1936,1994
0,435000,2.25,4,4,2.0,8,2730,0,2730,2390,7506,8015,0,0,1987,0
0,960000,2.75,5,3,2.0,10,3040,0,3040,2860,10257,9327,0,0,1993,0
0,274500,2.25,3,4,1.0,8,1320,400,1720,1930,9000,8000,0,0,1969,0
0,620000,1.75,4,3,1.0,8,2350,0,2350,3050,18800,14640,2,0,1959,0
0,450000,1.0,4,3,1.5,7,1250,750,2000,1140,4676,4676,0,0,1916,1986
0,2200000,4.25,5,5,2.0,8,2860,1780,4640,3140,22703,14200,4,1,1952,0
0,700000,2.25,3,4,2.0,8,2330,0,2330,2050,11424,11448,0,0,1984,0
0,933399,2.5,3,3,2.0,9,3110,830,3940,2720,10360,11941,0,0,1992,0
0,290000,1.0,3,3,1.0,7,1440,0,1440,2200,11250,11250,0,0,1967,0
0,303700,2.5,3,3,2.0,8,1981,0,1981,1981,5700,5894,0,0,2010,0
0,260000,1.0,2,3,1.0,6,1120,0,1120,1270,5650,6875,0,0,1944,0
0,260000,1.0,2,5,1.5,7,1550,0,1550,1520,15250,34929,0,0,1920,0
0,234000,1.75,3,4,1.0,7,1010,480,1490,1490,8366,7469,0,0,1975,0
0,503000,2.5,4,3,2.0,9,2470,0,2470,2790,5044,5583,0,0,2005,0
0,250000,1.5,3,3,1.0,8,1510,1330,2840,2210,10182,9669,0,0,1951,0
0,719000,2.5,3,4,2.0,9,2120,0,2120,2290,9307,11524,0,0,1984,0
0,267000,2.5,3,3,2.0,8,2495,0,2495,2434,4400,4400,0,0,2007,0
0,545000,2.75,4,3,2.0,9,3410,0,3410,2580,35040,37263,0,0,1984,0
0,542000,1.75,4,4,1.0,7,950,950,1900,1480,8250,8360,0,0,1955,0
0,292000,2.5,4,3,2.0,8,2060,0,2060,2242,5950,6406,0,0,2000,0
0,635000,2.25,4,4,1.0,8,1200,720,1920,2250,8910,8800,0,0,1969,0
0,300000,2.5,3,3,2.0,8,1260,0,1260,1310,3855,3344,0,0,1999,0
0,283500,2.25,4,3,2.0,8,2100,0,2100,2190,8050,7700,0,0,1978,0
0,685000,1.75,3,3,1.0,8,1560,650,2210,2210,8955,8976,1,0,1974,0
0,750000,2.5,3,3,2.0,8,2360,0,2360,2480,12987,11665,0,0,1983,0
0,245000,1.5,4,3,1.0,6,1280,0,1280,1420,8000,8211,0,0,1960,0
0,241000,2.0,3,3,1.0,7,1650,0,1650,1870,6000,6000,0,0,1990,0
0,1700000,3.75,4,3,2.0,10,3190,0,3190,2290,17186,13496,4,1,1999,0
0,350000,1.5,2,3,1.0,7,1320,0,1320,1320,73600,33600,0,0,1993,0
0,354000,2.5,4,3,2.0,8,2900,0,2900,2900,4762,5173,0,0,2005,0
0,907000,1.75,3,5,1.0,8,2170,0,2170,1980,12220,9000,0,0,1965,0
0,1355000,2.5,3,3,1.0,9,2310,1290,3600,2830,21399,17559,3,0,1950,2007
0,264950,1.5,3,3,1.0,7,1070,400,1470,1580,11599,9760,0,0,1967,0
0,491500,2.25,3,4,1.0,8,1510,720,2230,2010,13100,10650,0,0,1974,0
0,1229000,3.5,4,3,2.0,10,2830,940,3770,3200,37034,36342,0,0,1989,0
0,290000,2.25,3,4,1.0,7,1210,290,1500,1480,7308,7400,0,0,1968,0
0,5350000,5.0,5,3,2.0,12,6720,1280,8000,4600,23985,21750,4,0,2009,0
0,180000,1.0,3,3,1.0,6,870,0,870,840,5330,5200,0,0,1969,2014
0,352500,1.75,3,3,1.0,7,1160,700,1860,1490,7881,7527,0,0,1986,0
0,235867,2.0,4,4,1.0,5,1330,0,1330,1150,5926,5485,0,0,1942,0
0,500000,2.25,3,3,2.0,8,1760,0,1760,2080,11946,12068,0,0,1978,0
0,140000,1.0,3,3,1.5,7,1090,0,1090,1380,10620,10620,0,0,1959,0
0,1328000,3.0,5,3,1.0,9,2120,1220,3340,3290,10796,12955,2,0,1964,1990
0,280000,2.25,4,3,2.0,8,2100,0,2100,2100,8075,7464,0,0,1978,0
0,515000,1.75,4,4,1.0,8,1730,0,1730,2080,7980,8400,0,0,1965,0
0,235000,3.0,6,3,2.0,7,2180,0,2180,2214,7956,7684,0,0,1980,0
0,483000,3.0,3,3,2.0,9,2440,0,2440,2440,15540,15283,0,0,1992,0
0,229950,2.75,5,3,1.0,7,1260,740,2000,1960,5885,6514,0,0,1994,0
0,514000,1.5,3,3,1.0,7,1080,530,1610,1610,9964,9964,0,0,1977,0
0,423000,2.5,4,3,2.0,8,2660,0,2660,2380,5539,5539,0,0,2004,0
0,425000,1.0,3,3,1.0,7,970,0,970,1250,8040,7000,0,0,1956,0
0,340000,2.5,3,3,2.0,9,2690,0,2690,2570,8577,8066,0,0,1987,0
0,720000,2.75,4,5,1.0,8,2110,1260,3370,2460,7634,7634,2,0,1977,0
0,249000,1.5,3,3,1.0,7,1010,690,1700,1440,8247,8400,0,0,1970,0
0,206135,1.0,3,4,1.0,7,1340,0,1340,1650,11070,7630,0,0,1978,0
0,300000,2.75,5,4,2.0,7,2000,0,2000,1240,9276,8270,0,0,1968,0
0,612000,3.0,6,3,1.5,8,2460,1380,3840,2170,14040,6765,3,0,1949,0
0,230000,2.0,4,4,1.5,7,1220,0,1220,1160,9100,7700,0,0,1970,0
0,355000,2.5,4,4,1.0,7,1940,830,2770,2140,7000,7684,0,0,1979,0
0,442000,2.5,4,3,2.0,9,2520,0,2520,2570,7253,8359,0,0,1990,0
0,399000,3.0,4,3,2.0,8,3060,0,3060,3060,5000,5668,0,0,2001,0
0,360000,2.5,4,3,2.0,9,2390,0,2390,2600,7115,7916,0,0,1999,0
0,390000,1.75,3,3,1.0,8,1320,0,1320,2020,7725,7210,0,0,1978,0
0,190000,1.0,2,3,1.0,6,700,0,700,1020,9500,5617,0,0,1951,0
0,621138,2.25,3,3,2.0,9,2180,0,2180,2300,7741,8581,0,0,1986,0
0,270000,2.25,3,3,1.5,7,1550,530,2080,2080,4252,2275,0,0,2003,0
0,264000,1.5,3,4,1.0,7,1470,0,1470,1760,14821,15370,0,0,1958,0
0,337000,2.0,3,3,1.0,8,1690,0,1690,2090,9087,8100,0,0,1997,0
0,713000,2.75,5,4,2.0,8,1720,860,2580,2240,9242,9316,2,0,1967,0
0,555000,2.5,5,3,1.0,8,1420,670,2090,2490,8712,8712,0,0,1966,0
0,935000,2.5,2,5,2.0,9,1780,0,1780,2320,2067,2067,0,0,1974,0
0,900000,3.75,6,3,2.0,9,3280,930,4210,3820,6105,6368,0,0,2008,0
0,391000,2.0,3,4,1.0,8,1490,0,1490,2190,9000,9000,0,0,1977,0
0,420000,2.5,4,3,2.0,8,2110,0,2110,1650,9825,9900,0,0,2000,0
0,1300000,3.5,6,3,2.0,10,5153,1410,6563,2610,32670,22651,0,0,2002,0
0,860000,1.75,3,5,1.0,8,1300,880,2180,3540,14135,10318,2,0,1947,0
0,495000,2.25,4,4,1.0,8,1110,1110,2220,2220,8872,9106,0,0,1961,0
0,250000,2.25,4,3,1.0,7,1730,0,1730,1550,8400,7920,0,0,1962,0
0,365000,2.25,4,4,1.0,8,1990,0,1990,2400,21312,19210,0,0,1968,0
0,150000,1.0,2,4,1.0,6,1100,0,1100,1390,7200,7200,0,0,1944,0
0,355000,3.0,4,3,2.0,8,2590,0,2590,2550,7213,6800,0,0,2001,0
0,245000,2.0,3,4,2.0,7,1450,0,1450,1910,9333,7701,0,0,1972,0
0,265900,2.0,3,4,1.0,7,1180,0,1180,1720,7793,7793,0,0,1992,0
0,299000,2.5,4,3,1.0,7,1220,600,1820,1840,7575,7650,0,0,1975,0
0,957500,2.25,4,4,2.0,10,2360,0,2360,2850,11523,11362,0,0,1968,0
0,307500,2.25,3,3,2.0,7,1646,0,1646,1975,7364,9161,0,0,1994,0
0,602500,2.5,2,4,1.0,10,2250,840,3090,1860,47044,62829,0,0,1979,0
0,607010,2.5,4,3,2.0,8,1700,480,2180,2180,4000,4000,0,0,2002,0
0,199990,1.0,3,3,1.0,6,1100,0,1100,1120,8560,8470,0,0,1961,0
0,294000,1.75,3,3,1.0,7,1530,0,1530,1480,9362,8125,0,0,1987,0
0,789500,2.5,4,3,2.0,9,3010,0,3010,2890,6100,5176,0,0,2005,0
0,284950,1.5,4,4,1.0,7,1170,830,2000,1940,6778,7531,0,0,1962,0
0,303000,2.5,3,3,2.0,8,1850,0,1850,2400,4957,6367,0,0,1999,0
0,140000,1.0,3,3,1.0,7,1060,0,1060,1320,7473,7912,0,0,1959,0
0,235000,1.0,3,3,1.0,7,1060,0,1060,1320,7473,7912,0,0,1959,0
0,1375000,1.5,3,4,1.0,8,1850,0,1850,3030,10572,12752,0,0,1953,0
0,300000,1.5,3,4,1.5,6,1500,0,1500,1270,14750,15100,0,0,1933,0
0,1150000,3.25,4,3,2.0,11,4740,0,4740,4800,49091,42387,0,0,1990,0
0,900000,2.75,6,4,1.5,9,2300,0,2300,2720,24773,11740,0,0,1950,1985
0,451101,1.5,2,4,2.0,8,1510,0,1510,1510,1962,2182,0,0,1985,0
0,650000,2.5,4,3,2.0,10,3350,0,3350,3350,46748,39683,0,0,2004,0
0,800000,2.25,4,2,1.0,7,1510,840,2350,2350,10664,10140,1,0,1952,0
0,703770,2.25,4,3,2.0,9,2550,0,2550,2550,12918,11036,0,0,1987,0
0,249950,1.75,3,4,1.0,7,1320,0,1320,1680,10454,10183,0,0,1968,0
0,336000,2.25,3,3,2.0,8,2820,0,2820,2290,11625,8488,0,0,1986,0
0,285000,2.0,3,5,1.5,6,1220,890,2110,1350,6900,7683,0,0,1955,0
0,229900,1.75,3,3,1.0,7,1100,0,1100,1700,7224,8447,0,0,1981,0
0,425000,1.0,3,4,1.5,6,1550,0,1550,1590,4160,5000,0,0,1926,0
0,290000,2.0,3,3,1.0,7,1760,0,1760,2590,6600,6600,0,0,1998,0
0,248000,2.25,4,4,1.0,8,1160,1160,2320,1970,8760,8690,0,0,1966,0
0,610000,3.25,4,5,1.5,9,5450,0,5450,2800,37058,35716,0,0,1984,0
0,192000,1.75,2,3,1.0,6,1340,0,1340,1980,7380,9600,0,0,1940,0
0,180500,1.5,3,3,1.0,7,1010,530,1540,1600,9800,8250,0,0,1973,0
0,540000,2.0,4,3,2.0,9,1990,0,1990,2310,29078,28353,0,0,1984,0
0,177500,1.5,3,3,1.0,7,1220,0,1220,1660,6000,6000,0,0,1968,0
0,415000,1.75,3,4,1.0,8,1190,1190,2380,2350,5650,6554,2,0,1956,0
0,325000,2.25,3,3,1.0,8,1890,0,1890,1580,9646,9488,0,0,1966,0
0,810000,3.5,5,3,2.0,9,2550,1000,3550,2030,9600,9600,0,0,1998,0
0,561750,1.75,5,4,1.0,7,1020,1020,2040,1950,8996,8270,2,0,1962,0
0,835100,2.5,4,4,1.0,9,2380,0,2380,2900,12573,10700,0,0,1963,0
0,238000,2.5,3,3,2.0,7,1650,0,1650,1460,2807,1875,0,0,2004,0
0,299000,1.0,3,3,1.0,7,1510,0,1510,1330,142803,46609,0,0,1974,0
0,340000,1.75,3,4,2.0,8,2190,0,2190,3110,12626,14592,0,0,1978,0
0,284950,1.0,3,5,1.0,7,990,0,990,1460,10723,10723,0,0,1960,0
0,255000,1.5,2,3,1.0,7,1480,0,1480,1990,9660,9660,0,0,1949,0
0,231500,1.0,2,5,1.0,7,1200,0,1200,1200,9488,9488,0,0,1941,0
0,330000,2.5,4,3,2.0,7,3504,0,3504,2790,6000,5231,0,0,2006,0
0,335000,2.5,4,3,2.0,9,2240,0,2240,2240,9701,9410,0,0,1989,0
0,331500,1.75,4,4,1.0,7,1820,0,1820,1440,14319,10018,0,0,1969,0
0,960000,2.5,3,3,3.0,8,1730,0,1730,2340,4102,16994,4,1,1996,0
0,220000,2.0,4,4,1.5,6,2340,0,2340,990,10507,10507,0,0,1959,0
0,339000,2.25,3,4,1.0,7,1290,800,2090,1820,10120,7983,0,0,1979,0
0,285000,2.25,4,4,2.0,7,1830,0,1830,1870,8734,7212,0,0,1991,0
0,224000,1.5,4,4,1.0,7,1600,0,1600,1540,9289,9918,0,0,1959,0
0,275000,1.25,3,4,1.5,7,1230,0,1230,1310,4500,5000,0,0,1913,0
0,1230000,2.5,4,3,2.0,9,3040,0,3040,2320,7000,17511,0,0,2001,0
0,700000,1.75,3,4,1.0,8,2000,0,2000,2620,14733,14733,0,0,1958,0
0,196440,2.0,3,3,1.0,6,1560,0,1560,1120,7352,7950,0,0,1992,0
0,440000,1.75,5,3,1.0,9,1890,1800,3690,2680,36036,44131,0,0,1985,0
0,749000,2.5,4,3,2.0,9,2930,0,2930,2930,18199,33976,0,0,1998,0
0,270000,2.25,3,3,1.0,7,1160,360,1520,1530,7930,7930,0,0,1988,0
0,219900,1.5,4,3,1.0,6,1120,0,1120,1150,5427,5304,0,0,1969,2014
0,229000,1.0,3,3,1.0,7,1370,0,1370,1768,56628,8702,0,0,1942,0
0,429000,2.5,4,3,2.0,9,2650,0,2650,2730,9301,8688,0,0,2001,0
0,187500,1.5,3,4,1.0,7,1180,0,1180,1180,7000,7370,0,0,1977,0
0,300000,1.75,3,4,1.0,7,1280,0,1280,1680,12776,11704,0,0,1977,0
0,338000,2.5,3,3,2.0,8,2470,0,2470,2500,4948,4993,0,0,2003,0
0,830000,3.0,5,5,1.0,9,1970,1070,3040,3180,9601,12390,0,0,1968,0
0,345000,1.0,3,5,1.0,7,1340,0,1340,1310,9339,9350,0,0,1960,0
0,350000,1.0,3,5,1.0,7,1240,0,1240,1810,10800,10800,0,0,1959,0
0,368000,2.0,4,3,1.0,7,1540,960,2500,1960,36900,36900,0,0,1972,0
0,264000,1.75,3,4,1.0,8,1760,0,1760,2000,7482,7500,0,0,1966,0
0,435000,2.0,3,3,1.0,9,2210,450,2660,2660,16677,11355,0,0,1990,0
0,200000,1.5,3,3,1.5,6,2060,0,2060,2190,15837,8549,0,0,1903,0
0,1679000,4.25,5,3,2.0,10,3720,1110,4830,2180,11466,11017,0,0,2014,0
0,1928000,3.25,4,4,2.0,11,4280,0,4280,3420,20296,16351,0,0,1984,0
0,189950,2.0,4,4,1.0,6,910,1000,1910,1060,4225,4800,0,0,1919,0
0,785000,2.5,3,3,2.0,9,2930,0,2930,3720,33981,35230,2,0,2000,0
0,372000,2.75,4,4,2.0,8,2610,0,2610,2390,8967,7852,0,0,1990,0
0,445000,3.0,5,3,2.0,7,3880,0,3880,2160,7180,4793,0,0,2004,0
0,416000,2.5,3,5,1.0,7,1190,600,1790,1790,11542,9131,0,0,1969,0
0,1038000,2.5,3,3,2.0,12,4570,0,4570,3860,10615,11576,0,0,1991,0
0,550000,3.5,4,3,2.0,10,3540,0,3540,3310,4750,5655,0,0,2003,0
0,599950,2.5,3,3,2.0,8,2660,0,2660,1840,4975,6653,0,0,2014,0
0,530000,2.25,4,4,2.0,8,2210,0,2210,1960,7665,7903,0,0,1968,0
0,597326,4.0,4,3,2.0,10,2860,710,3570,2230,8250,10000,0,0,2015,0
0,390000,1.75,4,4,1.0,8,2330,0,2330,2180,8364,9630,0,0,1968,0
0,299000,2.5,4,3,2.0,7,1950,0,1950,1170,3000,6000,0,0,2002,0
0,305000,2.5,4,3,2.0,8,2430,0,2430,2260,9103,8090,0,0,1990,0
0,327500,2.25,3,3,1.0,8,1330,440,1770,1910,8755,8710,0,0,1981,0
0,975000,3.25,4,3,1.0,9,1750,1580,3330,3340,17533,12798,2,0,1969,0
0,920000,3.0,4,3,2.0,10,3750,0,3750,2930,11025,12835,0,0,1976,0
0,285000,2.25,4,4,1.0,7,1240,910,2150,2050,8250,7875,0,0,1978,0
0,279000,2.25,4,3,2.0,7,2090,0,2090,1890,8941,7946,0,0,1975,0
0,686000,2.25,4,4,2.0,8,2130,0,2130,3380,10650,10050,0,0,1977,0
0,215500,1.75,2,3,1.0,6,1220,0,1220,1510,15600,17818,0,0,1972,0
0,780000,2.5,3,3,2.0,9,2610,0,2610,2610,7567,8458,0,0,1997,0
0,212000,2.0,4,5,1.0,6,980,900,1880,1670,7500,14350,0,0,1946,0
0,206000,2.0,4,3,1.0,7,1720,0,1720,1750,7560,7988,0,0,1959,0
0,615000,2.5,3,3,2.0,9,2250,0,2250,2440,10171,13390,0,0,1987,0
0,1135000,3.25,4,3,2.0,11,4130,0,4130,3720,11444,11431,0,0,2001,0
0,330000,2.5,5,3,2.0,7,2600,0,2600,2180,3839,4800,0,0,2005,0
0,240000,1.5,4,3,1.0,8,1920,0,1920,2020,7973,8840,0,0,1955,0
0,930000,4.25,4,3,2.0,11,5710,0,5710,4060,24663,23847,0,0,2007,0
0,300000,1.0,5,3,1.0,7,1940,0,1940,1380,8875,8875,0,0,1957,0
0,1430000,2.5,4,3,2.0,10,3380,0,3380,3390,27589,20075,0,0,1966,0
0,700000,2.25,4,3,2.0,9,1890,800,2690,2670,15000,15030,0,0,1978,0
0,255000,2.0,4,3,1.0,7,1430,1000,2430,2430,8960,8960,0,0,1960,0
0,360000,2.25,3,3,2.0,8,2200,0,2200,2170,8000,8000,0,0,1981,0
0,260000,1.75,3,3,1.0,7,1340,0,1340,1690,8000,8000,0,0,1980,0
0,1100000,2.5,4,4,1.0,9,2030,1800,3830,3460,13800,9875,4,0,1969,0
0,249000,1.5,3,4,1.0,7,1080,500,1580,1580,7200,7470,0,0,1976,0
0,905000,2.5,4,3,2.0,10,3330,0,3330,3360,9557,9755,0,0,1995,0
0,762500,2.75,4,4,1.0,8,1760,850,2610,2550,8760,10376,0,0,1978,0
0,380000,2.0,3,3,1.0,8,1840,0,1840,2190,8580,8580,0,0,1990,0
0,353500,2.25,4,3,2.0,7,1760,0,1760,1860,9602,9656,0,0,1987,0
0,210000,1.0,2,3,1.0,7,850,600,1450,1190,4750,5000,0,0,1950,0
0,315000,2.5,5,3,2.0,8,3220,0,3220,2740,5751,5500,0,0,2002,0
0,339000,2.5,4,3,2.0,7,1830,0,1830,1830,8601,5184,0,0,2003,0
0,655000,2.25,4,4,1.0,8,1430,770,2200,2420,9163,9163,0,0,1971,0
0,685000,2.5,5,5,2.0,7,1900,0,1900,1900,7843,7350,0,0,1966,0
0,550000,2.5,5,4,1.0,7,1480,1480,2960,1900,9877,9877,0,0,1960,0
0,765000,2.25,4,3,1.0,9,1430,1190,2620,2620,17366,15335,3,0,1984,0
0,207000,2.5,4,3,1.5,6,2100,0,2100,1340,19680,12300,0,0,1914,0
0,370000,2.5,4,3,1.5,6,2100,0,2100,1340,19680,12300,0,0,1914,0
0,247500,2.0,4,4,1.0,7,1230,1230,2460,1260,5921,6648,0,0,1948,0
0,820000,2.75,5,3,2.0,9,2830,0,2830,3170,6137,6285,0,0,2010,0
0,832000,2.25,4,4,2.0,10,3190,0,3190,3190,52953,51400,0,0,1980,0
0,350000,2.5,3,3,2.0,8,1630,0,1630,1420,3425,3425,0,0,1999,0
0,349000,2.5,4,3,2.0,7,2280,0,2280,2280,4096,3600,0,0,2003,0
0,320000,2.5,3,3,2.0,7,1590,0,1590,1680,3480,3480,0,0,2004,0
0,150000,1.0,3,4,1.0,7,1250,0,1250,1010,7210,7210,0,0,1968,0
0,410500,2.5,4,3,2.0,8,3362,0,3362,2770,8601,8601,0,0,2004,0
0,580000,2.5,3,3,2.0,9,2200,0,2200,2200,11000,12851,2,0,1978,0
0,449500,3.0,4,3,2.0,8,2580,0,2580,2250,7299,6165,0,0,1998,0
0,1575000,3.75,4,3,2.0,11,3810,0,3810,3040,9916,11250,0,0,1989,0
0,755000,2.5,4,4,1.0,7,1620,500,2120,1570,10202,10762,0,0,1960,0
0,133000,1.0,3,3,1.0,7,980,0,980,1470,9115,8716,0,0,1968,0
0,330000,1.0,4,5,1.5,6,1100,0,1100,1560,5000,4838,0,0,1904,0
0,470000,2.5,4,3,1.5,7,1210,640,1850,1650,11250,7623,0,0,1981,0
0,439950,2.5,4,3,2.0,7,2380,0,2380,2330,12067,8621,0,0,2002,0
0,325000,1.75,3,3,1.0,8,2250,0,2250,1830,26337,26337,0,0,1980,0
0,685000,2.5,4,3,2.0,10,2770,0,2770,2730,10051,10675,0,0,1987,0
0,500000,1.75,3,5,1.0,8,1530,0,1530,2060,8829,9226,0,0,1972,0
0,210000,2.0,3,3,1.0,7,1440,0,1440,1580,10111,10200,0,0,1963,0
0,640000,1.75,4,3,1.0,7,2020,0,2020,1940,16120,16350,0,0,1969,0
0,740000,5.0,5,3,1.0,11,4490,1284,5774,3260,31675,13200,2,0,1984,0
0,315000,1.75,3,5,1.0,7,1460,430,1890,1680,10661,9604,0,0,1978,0
0,255000,3.75,5,3,1.0,7,2800,0,2800,1700,9900,13200,0,0,1964,0
0,378000,1.75,4,4,1.0,7,1990,0,1990,1950,23200,17040,0,0,1976,0
0,598800,4.0,6,3,3.0,9,3230,1240,4470,1790,17877,18260,3,0,2013,0
0,333800,3.0,5,3,1.0,7,1220,760,1980,1970,3868,3868,0,0,1990,0
0,240000,1.0,3,3,1.0,7,1260,0,1260,1300,7920,7920,0,0,1966,0
0,998000,2.25,3,4,2.0,9,3370,0,3370,2690,11757,10500,2,0,1980,0
0,275000,1.75,3,3,1.0,8,1490,0,1490,1740,8000,8165,0,0,1978,0
0,284200,2.5,3,3,1.0,7,1110,460,1570,1470,9292,9222,0,0,1977,0
0,930000,3.0,4,5,1.0,8,1530,1370,2900,2820,10400,10400,3,0,1959,0
0,215000,1.5,4,3,1.0,7,1030,400,1430,1390,8775,7800,0,0,1979,0
0,347000,1.75,3,4,1.0,7,1240,0,1240,1370,8050,9856,0,0,1978,0
0,232500,2.0,3,4,1.0,7,1110,260,1370,1640,9760,9040,0,0,1979,0
0,390000,2.25,4,4,1.0,8,1190,580,1770,2490,33132,20000,0,0,1965,0
0,550000,2.25,3,3,1.0,8,1410,750,2160,2180,15360,8480,0,0,1965,2000
0,345000,2.5,4,3,1.0,7,1390,890,2280,1990,8190,9000,3,0,1983,0
0,429800,2.0,3,3,1.0,8,1970,0,1970,1970,7000,7365,0,0,1986,0
0,302000,1.75,4,3,1.5,7,1530,0,1530,1530,17664,11625,0,0,1968,0
0,250000,2.5,3,3,2.0,8,1700,0,1700,1940,6000,6626,0,0,1997,0
0,412000,1.75,3,4,1.0,8,1950,0,1950,2450,52256,51836,0,0,1985,0
0,252000,2.0,3,3,2.0,6,1340,0,1340,1290,5670,4892,0,0,1994,0
0,375000,1.0,3,3,1.5,7,1130,0,1130,2280,12500,8750,0,0,1954,0
0,471750,3.5,5,3,1.0,8,2120,1670,3790,1740,8200,8676,1,0,2001,0
0,780000,2.25,4,3,1.0,10,2260,0,2260,2840,16188,10158,0,0,1984,0
0,830000,1.5,2,4,1.0,7,2130,0,2130,2670,35679,35679,0,0,1963,0
0,210000,1.75,3,3,1.0,7,820,440,1260,1260,6223,6553,0,0,1983,0
0,562500,2.5,4,3,2.0,9,2440,0,2440,2590,7322,9927,0,0,1991,0
0,402500,2.5,4,3,2.0,10,2600,0,2600,2820,11951,12093,0,0,1988,0
0,335000,2.5,4,3,2.0,8,2330,0,2330,1810,7050,5424,0,0,1998,0
0,962000,2.25,4,4,1.0,8,1810,1510,3320,2450,20100,9821,0,0,1981,0
0,399950,2.5,4,3,2.0,8,3110,0,3110,2950,5868,5924,0,0,2001,0
0,307000,1.75,3,5,1.0,7,1890,0,1890,1500,13860,14536,0,0,1966,0
0,194000,1.5,3,3,1.0,6,1010,0,1010,980,5000,5000,0,0,1943,0
0,180000,1.0,3,4,1.0,6,1010,0,1010,1060,8581,10354,0,0,1920,0
0,465000,2.25,4,3,1.0,8,1170,1170,2340,1810,13383,12532,0,0,1983,0
0,722500,2.5,4,3,2.0,9,2460,0,2460,2730,9296,9900,0,0,1978,0
0,280000,2.5,3,3,2.0,7,1650,0,1650,1750,6000,6000,0,0,1990,0
0,176250,2.0,4,4,1.0,7,1440,0,1440,1030,6702,6702,0,0,1966,0
0,485000,2.5,3,3,2.0,9,3110,0,3110,2650,9015,8960,0,0,1990,0
0,272000,2.0,3,3,1.0,7,1380,0,1380,1600,7476,7227,0,0,1989,0
0,760000,2.5,3,5,1.0,7,1980,0,1980,2040,13964,13964,0,0,1959,0
0,352000,2.5,4,3,2.0,8,2470,0,2470,2470,5015,5100,0,0,2004,0
0,507000,1.75,3,5,1.0,8,1490,650,2140,2220,40098,35371,0,0,1950,0
0,156000,1.0,3,3,1.0,6,770,0,770,1560,9750,10707,0,0,1941,0
0,340000,2.5,4,3,2.0,8,2380,0,2380,1940,7850,7334,0,0,1995,0
0,1480000,3.5,3,3,2.0,11,4070,0,4070,3770,26000,26000,0,0,1991,0
0,380000,1.75,4,3,1.0,7,1740,0,1740,1540,9150,9147,0,0,1974,0
0,505000,2.5,3,4,2.0,8,2100,0,2100,2080,17882,16686,0,0,1985,0
0,340000,2.25,4,3,2.0,7,2530,0,2530,2650,24700,24700,0,0,1974,0
0,940000,3.0,4,5,1.0,9,2720,0,2720,2640,11740,11740,0,0,1957,0
0,235000,2.75,4,3,1.0,8,1250,520,1770,2070,10184,8320,0,0,1979,0
0,272000,2.5,3,3,2.0,8,1790,0,1790,1850,6371,6371,0,0,1998,0
0,380000,1.75,4,4,1.0,8,1720,0,1720,1660,9600,10720,0,0,1969,0
0,297000,2.5,3,3,2.0,7,1690,0,1690,1830,4988,4733,0,0,2002,0
0,349000,2.5,4,3,2.0,8,2190,0,2190,2240,7294,7379,0,0,2003,0
0,272500,2.0,3,3,1.0,7,1540,0,1540,2070,6250,6250,0,0,1998,0
1,550000,2.5,3,3,2.0,8,1900,0,1900,1880,3255,3350,0,0,1988,2000
0,150000,1.0,3,3,1.0,6,1240,0,1240,870,5200,5200,0,0,1969,0
0,632500,2.5,4,3,2.0,10,2090,0,2090,2660,10306,11481,0,0,1986,0
0,370000,2.75,6,4,1.0,6,2160,1080,3240,1230,5750,5750,0,0,1950,0
0,225000,1.0,3,4,1.0,6,1200,0,1200,1200,9936,10189,0,0,1969,0
0,1200000,1.75,3,4,1.5,6,1560,0,1560,2890,8078,16710,4,1,1928,0
0,199000,1.0,3,4,1.0,7,1390,0,1390,1030,12145,10800,0,0,1964,0
0,192500,1.0,2,3,1.0,6,950,0,950,1820,7692,8221,0,0,1926,0
0,800000,2.5,4,3,1.0,9,1590,800,2390,1900,10000,9752,0,0,1975,0
0,3850000,4.25,4,4,2.0,11,5770,0,5770,4620,21300,22748,4,1,1980,0
0,295000,2.5,3,3,2.0,7,1460,0,1460,1830,7936,7936,0,0,1995,0
0,1195000,3.25,5,3,1.0,11,2610,2570,5180,4050,19606,15296,0,0,1993,0
0,1025000,1.75,3,4,1.0,9,1320,1320,2640,2740,8000,6000,3,0,1960,0
0,248000,1.5,5,4,1.0,7,1510,0,1510,1480,9078,9078,0,0,1959,0
0,383000,2.5,4,3,2.0,9,2640,0,2640,1650,8055,8055,0,0,2004,0
0,643000,2.75,3,5,1.0,8,1400,630,2030,1780,7700,8160,0,0,1965,0
0,279000,2.5,3,2,1.0,7,1060,440,1500,1390,7350,7770,0,0,1979,0
0,310000,2.5,3,3,2.0,7,1990,0,1990,1790,3600,3600,0,0,2004,0
0,310000,1.75,3,4,1.0,7,1100,320,1420,1810,7650,7650,0,0,1984,0
0,272000,2.5,4,3,2.0,7,1870,0,1870,2390,5692,5293,0,0,2004,0
0,870000,3.0,4,3,1.5,9,2680,360,3040,3520,36246,13178,0,0,1923,2014
0,307000,2.0,3,3,1.0,7,1390,400,1790,1790,7259,7700,0,0,1980,0
0,1635000,3.5,5,3,1.0,10,2110,2110,4220,3450,26784,33945,0,0,1958,2006
0,264950,1.75,4,5,1.0,7,1050,720,1770,1410,9011,8530,0,0,1983,0
0,345000,2.25,3,3,2.0,7,2120,0,2120,2070,15003,15203,0,0,1984,0
0,339900,1.75,4,4,1.0,8,2020,580,2600,2200,18042,9408,0,0,1969,0
0,585000,3.5,5,3,1.0,7,1690,1490,3180,2430,40946,29620,3,0,1968,0
0,723000,2.0,4,4,1.0,8,1640,1150,2790,2400,8793,9286,0,0,1977,0
0,180500,2.5,3,3,2.0,7,1800,0,1800,1770,8518,7570,0,0,1996,0
0,325000,2.5,3,3,2.0,7,1800,0,1800,1770,8518,7570,0,0,1996,0
0,235000,1.75,3,4,1.0,7,1190,0,1190,1250,7280,7800,0,0,1968,0
0,655000,2.0,3,4,1.5,8,1410,0,1410,1820,4800,7200,0,0,1927,0
0,239900,2.25,4,3,1.0,8,1120,740,1860,1990,7000,8937,0,0,1979,0
0,185000,1.0,3,3,1.0,7,980,0,980,1780,9135,9135,0,0,1955,0
0,251700,2.25,3,3,1.0,7,1240,570,1810,1810,11800,5641,0,0,1977,0
0,735000,1.75,4,3,1.0,8,1340,760,2100,2060,7960,7960,0,0,1955,0
0,1700000,2.0,5,5,2.0,8,2500,0,2500,1880,15250,18782,4,1,1942,0
0,82500,1.0,2,2,1.0,5,520,0,520,1572,22334,10570,0,0,1951,0
0,292500,1.75,4,3,1.0,7,1420,720,2140,2040,8162,7632,0,0,1968,0
0,270000,2.25,3,4,1.0,7,1990,400,2390,1610,7000,7000,0,0,1970,0
0,950000,1.75,4,4,1.0,7,1460,750,2210,2640,19025,14999,0,0,1952,0
0,353000,2.75,3,3,2.0,7,2170,0,2170,2170,8396,8378,0,0,1995,0
0,280950,1.75,3,4,1.0,7,840,550,1390,1390,8700,10875,3,0,1912,0
0,585000,1.75,3,4,1.0,8,1850,0,1850,2220,7735,7639,0,0,1983,0
0,605000,1.75,3,4,1.0,8,1370,480,1850,1880,8823,7580,0,0,1973,0
0,245990,1.0,3,3,1.0,7,1040,0,1040,1350,8410,8410,0,0,1942,2014
0,535000,2.25,4,3,2.0,10,2810,0,2810,2810,12607,17400,0,0,1985,0
0,665000,1.75,3,3,1.0,8,1800,0,1800,1950,8000,8500,0,0,1972,0
0,332000,2.25,3,3,1.0,9,1720,400,2120,2320,14915,13100,0,0,1979,0
0,280000,2.5,3,3,2.0,7,1860,0,1860,1760,6607,6766,0,0,1989,0
0,250000,1.0,3,4,1.0,7,1230,0,1230,1510,10350,10427,0,0,1957,0
0,238000,1.0,2,3,1.0,6,1088,0,1088,1088,8453,8016,0,0,1952,2009
0,345000,2.75,5,3,1.0,7,1240,700,1940,1950,4182,4182,0,0,2002,0
0,346300,2.5,4,3,2.0,8,2590,0,2590,2400,11018,8042,0,0,1998,0
0,270000,2.5,3,4,1.0,7,1300,370,1670,1490,8364,8143,0,0,1990,0
0,760000,1.75,4,4,1.0,7,1470,1300,2770,1910,8521,9380,0,0,1953,0
0,1085000,2.5,3,4,1.0,9,2150,1480,3630,3150,11019,13555,0,0,1972,0
0,1650000,2.75,3,4,2.0,10,2690,0,2690,2940,8890,8890,4,1,1975,1991
0,1550000,2.5,5,4,2.0,9,2450,0,2450,3020,20805,20324,0,0,1963,0
0,150000,1.0,3,3,1.0,7,1450,0,1450,1680,6776,7200,0,0,1952,0
0,333000,2.5,4,3,2.0,8,2400,0,2400,2150,7270,6584,0,0,1993,0
0,275000,1.0,4,3,1.5,7,1340,0,1340,1620,22500,10800,0,0,1926,0
0,568000,2.5,3,4,1.0,9,1790,530,2320,3290,57063,7314,0,0,1979,0
0,605000,2.25,5,3,2.0,8,3220,0,3220,2260,9603,10093,0,0,1972,0
0,265000,1.75,3,3,1.0,7,1240,810,2050,1770,10519,9605,0,0,1979,0
1,490000,1.75,3,4,1.0,7,1720,0,1720,1440,12540,11850,0,0,1956,0
0,360000,2.5,4,3,2.0,8,2850,0,2850,2850,4650,4650,0,0,2004,0
0,311750,2.25,4,4,1.0,7,1290,980,2270,2030,12000,23980,0,0,1976,0
0,347000,2.5,4,3,2.0,8,2770,0,2770,2370,9751,6950,0,0,1989,0
0,1680000,3.75,4,3,2.0,12,4490,0,4490,4470,34982,37525,0,0,1998,0
0,340000,2.5,4,3,2.0,8,2360,0,2360,2280,7475,7570,0,0,1992,0
0,230000,1.75,2,3,2.0,8,1910,0,1910,1470,3376,3623,0,0,1980,0
0,250000,1.75,3,4,1.0,7,1770,0,1770,1630,8868,9706,0,0,1959,0
0,258500,2.0,3,3,1.0,7,1460,0,1460,1630,7930,7930,0,0,1989,0
0,550000,2.0,4,3,1.0,8,1660,0,1660,1820,12377,8968,0,0,1966,0
0,1027500,3.0,4,3,2.0,8,2720,820,3540,2780,10202,10714,0,0,1988,0
0,327000,1.0,4,5,1.5,7,1620,0,1620,1310,6000,6000,0,0,1905,0
0,398000,2.5,4,3,2.0,9,2820,0,2820,2820,5510,5510,0,0,2005,0
0,235000,2.0,4,4,2.0,7,1570,0,1570,1550,9415,8978,0,0,1984,0
0,275000,2.5,3,4,2.0,8,1600,0,1600,1700,7000,7000,0,0,1993,0
0,665000,2.5,3,3,2.0,9,2630,0,2630,2640,10047,10620,0,0,1996,0
0,670000,2.75,4,4,1.0,8,1540,1480,3020,2230,13530,11896,0,0,1977,0
0,210000,1.5,3,5,1.0,7,1160,0,1160,1170,5200,5200,0,0,1970,0
0,265000,2.5,4,3,2.0,8,2040,0,2040,2040,4443,4637,0,0,2001,0
0,529219,2.25,4,4,1.0,8,1290,700,1990,1820,7610,8198,0,0,1966,0
0,875000,3.5,5,3,2.0,9,3840,0,3840,3570,8279,8279,0,0,2001,0
0,1760000,5.0,4,4,1.0,12,3555,2500,6055,4890,21630,19223,3,0,1996,0
0,295450,2.0,3,4,1.0,8,1890,140,2030,1870,17120,13662,2,0,1966,0
0,205000,2.0,4,4,1.0,7,1450,0,1450,1570,8175,9024,0,0,1967,0
0,510000,1.75,3,3,1.0,8,1450,720,2170,2090,26460,29075,0,0,1986,0
0,280005,1.5,3,3,1.0,7,1130,0,1130,1130,7200,7200,0,0,1954,0
0,700000,1.75,3,4,1.0,8,1300,1300,2600,1980,7668,13664,0,0,1968,0
0,468000,2.5,2,3,2.0,8,1390,90,1480,2130,2167,2556,0,0,2007,0
0,1339000,2.5,4,4,2.0,9,3260,990,4250,3690,19387,17024,2,0,1972,0
0,515000,1.75,3,3,1.0,8,1600,0,1600,2640,20873,18364,0,0,1955,0
0,265000,2.5,3,4,1.0,7,1000,440,1440,1680,7741,7316,0,0,1983,0
0,372400,2.5,3,3,2.0,9,2720,0,2720,2590,11937,9683,0,0,1990,0
0,208000,1.0,3,4,1.0,7,1020,0,1020,1370,6120,8000,0,0,1967,0
0,270000,2.5,4,3,2.0,7,1750,0,1750,1940,6397,6502,0,0,1988,0
0,618000,2.25,4,4,1.0,7,1210,1320,2530,1720,8736,8500,0,0,1958,0
0,213550,2.5,3,3,2.0,7,1580,0,1580,1640,8541,7542,0,0,1990,0
0,2750000,4.0,5,3,2.0,12,4360,1940,6300,3260,16065,17287,1,0,2004,0
0,287500,2.0,3,4,1.0,6,880,880,1760,1720,7147,7147,0,0,1936,0
0,183000,1.75,3,4,1.0,6,1070,0,1070,1260,8100,8100,0,0,1957,0
0,560000,2.0,3,3,1.0,8,2560,0,2560,2360,216777,108463,0,0,1986,0
0,610000,2.25,4,3,1.0,8,1660,0,1660,1790,7350,7455,0,0,1965,2014
0,288350,1.5,3,3,1.0,7,1200,660,1860,1800,7963,10400,0,0,1963,0
0,250000,2.0,4,5,1.0,7,1160,800,1960,1950,7560,7560,0,0,1978,0
0,225000,1.5,3,4,1.0,7,1310,0,1310,1430,10491,9664,0,0,1969,0
0,517100,1.75,3,5,1.0,7,1580,0,1580,1760,9719,8539,0,0,1962,0
0,275000,2.5,3,3,1.0,8,1000,720,1720,1720,8755,8690,0,0,1983,0
0,342000,2.5,4,3,2.0,8,2300,0,2300,1860,6448,5872,0,0,2001,0
0,900000,3.0,5,3,2.0,10,2950,1400,4350,3280,37169,41631,0,0,1972,0
0,252000,1.75,3,4,1.0,7,980,450,1430,1430,7700,8625,0,0,1981,0
0,357000,1.75,3,3,1.0,9,2400,0,2400,2800,14012,13988,0,0,1971,0
0,370000,1.0,3,4,1.0,6,940,0,940,1000,7910,7700,0,0,1959,0
0,322500,1.0,3,5,1.0,7,1020,0,1020,1110,13504,11158,0,0,1959,0
0,210000,2.0,2,4,2.0,7,1680,0,1680,1340,5756,5447,0,0,1910,0
0,860000,3.25,4,3,2.0,10,3960,0,3960,3680,7012,8522,0,0,2005,0
0,302000,2.0,6,3,1.5,8,2650,0,2650,1640,4621,4879,0,0,1911,0
0,369160,2.25,4,4,2.0,8,2120,0,2120,2360,9680,9647,2,0,1965,0
0,993000,2.0,4,5,2.0,8,2490,360,2850,2430,14810,10454,0,0,1954,0
0,243000,1.0,2,4,1.5,7,960,810,1770,1830,5522,7378,0,0,1943,0
0,1400000,2.5,4,3,2.0,9,2770,0,2770,2770,8879,8882,0,0,2001,0
0,898000,2.25,5,5,2.0,9,2700,0,2700,2630,9000,9000,0,0,1987,0
0,739500,3.25,3,3,2.0,9,4460,0,4460,2670,51177,38925,0,0,2005,0
0,450000,1.5,3,3,1.0,8,1160,610,1770,2450,17208,17118,0,0,1959,0
0,437000,1.75,4,4,1.0,7,850,850,1700,1610,10642,11200,0,0,1954,0
0,270000,2.0,4,3,1.5,7,1830,0,1830,1760,5220,5757,0,0,1951,0
0,226740,1.5,3,4,1.0,7,1410,0,1410,2180,8800,10108,0,0,1965,0
0,315000,2.75,4,3,1.0,8,1860,340,2200,2290,8580,7816,0,0,1991,0
0,264900,2.5,4,3,1.0,7,1250,790,2040,1900,7000,7378,0,0,1979,0
0,328000,2.5,4,3,2.0,7,1990,0,1990,1990,3980,4373,0,0,2002,0
0,358000,2.5,4,3,2.0,7,1830,0,1830,1830,7308,5692,0,0,2002,0
0,325000,2.5,3,3,2.0,7,2540,0,2540,2190,4260,4260,0,0,2005,0
0,1365000,3.25,2,3,3.0,9,2700,0,2700,2710,3444,3444,3,1,1990,0
0,230000,2.0,4,4,1.0,7,1440,0,1440,1190,10800,7380,0,0,1967,0
0,495000,5.0,6,3,2.0,8,3280,160,3440,1400,4500,5500,0,0,2007,0
0,255000,2.5,4,3,2.0,8,2070,0,2070,1950,7800,7815,0,0,1989,0
0,350000,1.0,3,3,1.0,6,940,0,940,1180,7811,7490,0,0,1959,0
0,625000,2.75,4,5,1.0,7,2290,0,2290,2540,21486,15936,2,0,1963,0
0,172500,2.0,2,2,1.0,6,1250,260,1510,1490,20685,29527,0,0,1958,0
0,232000,2.0,3,3,1.0,7,1280,0,1280,1590,13356,8071,0,0,1994,0
0,262000,2.5,4,3,2.0,7,2020,0,2020,1940,6236,5076,0,0,2002,0
0,234000,1.0,3,5,1.0,7,1040,0,1040,1470,8122,8676,0,0,1971,0
0,230000,1.0,5,3,1.0,7,1160,760,1920,1920,19040,11520,0,0,1961,0
0,469000,2.25,3,3,1.0,8,1440,630,2070,2070,9957,10158,0,0,1977,0
0,175000,1.0,2,5,1.0,6,1300,0,1300,1470,44431,14850,0,0,1958,0
0,172040,2.25,3,4,1.0,7,1130,580,1710,1790,7134,7455,0,0,1979,0
0,363000,2.0,3,3,1.0,8,1750,0,1750,1840,7000,6969,0,0,1993,0
0,282000,2.25,3,3,2.0,7,1552,0,1552,1677,3600,3600,0,0,2012,0
0,400000,2.0,6,3,2.0,8,2000,350,2350,1560,6554,6554,1,0,1905,0
0,365000,2.5,3,4,2.0,7,1720,0,1720,1340,99916,73180,0,0,1990,0
0,269950,2.5,4,3,2.0,8,1960,0,1960,1850,7230,7208,0,0,2002,0
0,260000,1.0,2,3,1.0,6,1270,0,1270,1270,19602,17699,0,0,1977,0
0,193000,1.5,3,4,1.0,7,1180,0,1180,1630,7000,7500,0,0,1977,0
0,340000,2.25,4,3,2.0,8,2230,0,2230,2420,6791,6297,0,0,2005,0
0,900000,3.25,4,3,2.0,10,3420,1280,4700,3640,38412,35571,0,0,1978,0
0,371000,2.5,3,3,2.0,8,2150,0,2150,2150,8361,9368,0,0,1991,0
0,449950,3.0,4,3,2.0,8,2800,0,2800,2800,6977,6600,0,0,2003,0
0,299500,2.5,3,3,2.0,8,2090,0,2090,2320,7163,8634,0,0,1989,0
0,995000,2.25,4,4,1.0,9,2340,0,2340,2340,13406,10743,0,0,1963,0
0,280000,2.25,4,4,1.0,8,1180,810,1990,2030,7350,7210,0,0,1978,0
0,1544500,2.75,4,4,1.0,10,2560,2350,4910,3980,15139,15139,0,0,1964,0
0,325000,1.0,3,4,1.0,6,950,0,950,1140,4500,4500,0,0,1943,0
0,450000,1.75,3,3,1.0,7,1610,0,1610,1610,11200,11200,0,0,1955,0
0,322500,2.5,4,3,2.0,7,1940,0,1940,1850,7107,5705,0,0,2000,0
0,453000,1.0,3,5,1.0,7,1210,0,1210,1700,9473,11465,0,0,1955,0
0,235000,1.0,4,3,1.5,6,1610,0,1610,1270,24000,9600,0,0,1947,0
0,1015000,3.5,3,3,1.0,8,1690,1190,2880,2530,11340,11340,0,0,1980,2013
0,435000,2.25,4,3,2.0,8,1990,0,1990,2320,8548,8926,0,0,1973,0
0,242000,2.0,3,3,1.0,7,1260,0,1260,1950,8092,8092,0,0,1986,0
0,165000,1.5,3,3,1.0,7,1280,0,1280,1566,7742,7696,0,0,1973,0
0,335000,1.0,3,3,1.0,7,1160,1160,2320,1230,6750,6075,0,0,1960,0
0,280000,1.75,3,3,1.0,7,1140,450,1590,1590,7280,9634,0,0,1974,0
0,992000,2.25,3,4,1.0,10,2070,880,2950,2950,15207,22000,0,0,1966,0
0,335000,2.5,3,3,2.0,7,1700,0,1700,2190,6698,7346,0,0,1997,0
0,350000,2.75,4,4,1.0,8,1880,1110,2990,2790,11210,9858,1,0,1977,0
0,445000,2.5,4,3,2.0,8,2280,0,2280,2280,42077,36236,0,0,1994,0
0,355000,2.25,3,3,1.0,7,1850,700,2550,2240,9674,9674,0,0,1959,0
0,360000,2.0,2,4,1.0,8,1770,0,1770,2090,7607,7109,0,0,1987,0
0,985000,3.5,3,5,2.0,8,2600,0,2600,2430,11920,10050,0,0,1969,0
0,485000,2.5,5,3,2.0,9,3270,0,3270,2980,6129,5928,0,0,2004,0
0,143000,1.0,3,4,1.0,6,1090,0,1090,960,3315,3120,0,0,1969,0
0,3278000,1.75,2,3,2.5,11,4350,2490,6840,3120,10000,12300,4,1,2001,0
0,1126000,3.5,5,4,2.0,9,2540,1340,3880,3690,13885,13885,3,0,1979,0
0,200000,1.75,5,4,1.0,7,1770,0,1770,1370,15525,10395,0,0,1959,0
0,1600000,2.5,3,4,1.0,9,1820,1340,3160,3390,12824,11985,2,0,1966,0
0,265000,1.0,4,3,1.0,6,1050,240,1290,1060,6034,6034,0,0,1950,0
0,740000,3.0,5,5,1.0,8,2174,1481,3655,2530,51836,8606,0,0,1955,0
0,306000,2.5,4,3,2.0,7,2490,0,2490,2760,8124,6300,0,0,2001,0
0,1700000,5.0,5,3,2.0,11,4160,770,4930,3030,14649,8479,3,0,2000,0
0,262000,1.75,3,4,1.0,7,1320,0,1320,1620,6530,6817,0,0,1989,0
0,332000,2.5,4,3,2.0,8,1980,0,1980,2590,6566,6999,0,0,2004,0
0,824000,2.5,4,4,1.0,9,1620,700,2320,2810,14240,13200,0,0,1974,0
0,1865000,2.5,4,4,1.0,9,2550,400,2950,3260,43560,41016,2,0,1951,0
0,858000,2.25,4,3,2.0,9,3070,0,3070,3010,13720,9657,0,0,1978,0
0,1215000,2.25,4,4,2.5,9,2570,0,2570,2570,9600,13200,0,0,1962,0
0,405000,1.0,3,3,1.0,7,1220,0,1220,1420,7771,7674,0,0,1963,0
0,294000,1.0,3,3,1.0,7,990,330,1320,1460,9520,10610,0,0,1953,0
0,340500,1.75,3,4,1.0,7,1810,0,1810,1620,10463,8551,0,0,1969,0
0,1012000,2.5,4,3,2.0,9,2980,0,2980,2730,16263,10018,0,0,1989,0
0,335000,2.0,2,3,1.0,8,1350,0,1350,1790,2560,2560,0,0,1976,0
0,640000,3.5,5,3,2.0,9,2540,1150,3690,2640,11928,11928,0,0,2006,0
0,660000,1.75,4,3,1.0,8,1620,250,1870,2060,10450,10450,0,0,1978,0
0,280000,3.0,6,3,2.0,7,2400,0,2400,2060,9373,7316,0,0,1991,0
0,300000,3.0,6,3,2.0,7,2400,0,2400,2060,9373,7316,0,0,1991,0
0,207500,1.0,3,4,1.0,6,1170,0,1170,1200,8816,9108,0,0,1966,0
0,155000,1.0,2,5,1.0,6,700,0,700,1030,5200,5200,0,0,1952,0
0,166000,1.0,3,3,1.0,7,1010,0,1010,1370,11675,10042,0,0,1957,0
0,462000,1.5,3,3,1.5,8,1410,300,1710,1860,4500,6000,0,0,1928,0
0,269000,2.5,3,3,2.0,7,1560,0,1560,1560,4200,4200,0,0,2003,0
0,356500,2.5,4,3,2.0,8,2570,0,2570,2430,11473,5997,0,0,2008,0
0,225000,1.0,3,4,1.0,6,1010,0,1010,1190,7633,8386,0,0,1961,0
0,175000,1.0,2,4,1.0,6,1020,0,1020,1200,5130,6497,0,0,1948,0
0,549000,2.5,5,4,2.0,8,1710,0,1710,2270,9720,9672,0,0,1974,0
0,627000,2.25,4,3,1.0,8,1210,780,1990,1720,7712,7393,0,0,1973,0
0,661000,2.5,4,3,2.0,9,2496,0,2496,2496,8058,7757,0,0,1998,0
0,210000,1.0,3,4,1.0,6,1040,0,1040,1040,8970,8450,0,0,1961,0
0,390000,2.5,3,3,2.0,9,2480,0,2480,2510,53250,36549,0,0,1990,0
0,336800,1.75,5,3,1.5,7,1610,220,1830,1790,16650,12743,0,0,1958,0
0,299900,2.5,4,3,2.0,7,1580,0,1580,1950,3632,3800,0,0,2011,0
0,235000,2.5,4,3,1.0,7,1230,580,1810,1810,39639,44866,0,0,1970,0
0,276000,2.5,3,3,2.0,8,2495,0,2495,2434,4400,4400,0,0,2007,0
0,265000,1.5,4,4,1.0,7,1180,560,1740,1830,12728,11125,0,0,1964,0
0,313000,2.5,4,3,2.0,8,2460,0,2460,2210,10320,9024,0,0,1993,0
0,265000,2.25,3,3,2.0,7,1630,0,1630,1410,10969,7920,0,0,1991,0
0,649000,2.5,3,4,1.0,10,2450,960,3410,3410,13809,14245,3,0,1973,0
0,330000,2.5,4,3,2.0,8,2980,0,2980,2610,5674,5495,0,0,2003,0
0,493000,2.25,3,3,1.0,8,1790,0,1790,2290,11393,11894,0,0,1978,0
0,1619999,3.0,4,5,1.0,10,2520,1380,3900,3410,9750,9450,4,0,1972,0
0,1650000,3.0,4,5,1.0,10,2520,1380,3900,3410,9750,9450,4,0,1972,0
0,603500,2.75,6,5,1.0,8,1550,1110,2660,2280,8400,8400,0,0,1962,0
0,895000,2.5,5,4,1.0,8,1220,1130,2350,2470,14197,11629,0,0,1962,0
0,267345,2.25,4,4,1.0,7,1610,900,2510,1940,8165,8250,0,0,1972,0
0,212000,1.75,4,4,1.0,7,1250,0,1250,1390,12705,8550,0,0,1971,0
0,231500,2.25,4,4,1.0,7,1280,800,2080,1200,7526,7500,0,0,1985,0
0,378500,2.5,3,4,2.0,9,2860,0,2860,2370,43821,65340,0,0,1990,0
0,482000,2.5,4,3,2.0,9,2710,0,2710,2780,35868,36224,0,0,1989,0
0,347500,2.75,4,3,2.0,8,2290,0,2290,2000,7000,7200,0,0,1977,0
0,337500,2.5,5,3,2.0,7,2070,0,2070,2010,4698,4698,0,0,1999,0
0,565000,2.5,3,4,1.0,7,1260,620,1880,1950,12368,11551,0,0,1967,0
0,1065000,1.75,2,3,2.0,8,1890,0,1890,2180,9466,12825,0,0,1987,0
0,352500,2.0,3,3,1.0,8,1920,0,1920,2080,33630,7505,0,0,1992,0
0,259000,2.0,3,3,1.0,7,1270,600,1870,1870,5909,7887,0,0,1986,0
0,733000,2.5,3,4,2.0,9,2160,0,2160,3060,9888,7829,0,0,1989,0
0,300000,1.75,3,5,1.0,6,750,750,1500,1500,8352,8447,2,0,1943,0
0,399950,2.5,3,4,2.0,8,2000,0,2000,1930,30605,35350,0,0,1989,0
0,355000,2.5,5,3,2.0,8,3220,0,3220,2760,5806,5813,0,0,2002,0
0,580000,2.25,4,3,1.0,8,2160,0,2160,2820,9593,9628,0,0,1969,0
0,279900,1.75,3,4,1.0,7,1100,480,1580,1650,8151,8151,1,0,1962,0
0,210000,1.0,3,3,1.0,6,1200,0,1200,1010,7500,7000,0,0,1905,1989
0,290300,1.0,2,4,1.0,6,860,0,860,1400,3874,5106,0,0,1931,0
0,1599950,4.5,5,3,2.0,11,5130,0,5130,4670,43123,43560,0,0,1996,0
0,606000,2.5,4,3,2.0,9,2110,0,2110,2520,13850,10194,0,0,1987,0
0,677100,2.0,3,3,1.0,10,2110,0,2110,3130,9199,8841,0,0,1993,0
0,465000,2.0,3,4,1.0,7,1430,0,1430,1570,7125,8075,0,0,1984,0
0,169575,1.0,3,3,1.0,7,1300,0,1300,1360,8284,7848,0,0,1968,0
0,250000,1.0,3,3,1.0,7,1300,0,1300,1360,8284,7848,0,0,1968,0
0,257500,1.75,3,3,1.0,7,1070,460,1530,1770,14087,13660,0,0,1979,0
0,246500,1.5,3,4,1.0,7,1270,0,1270,1380,11600,9945,0,0,1964,0
0,739000,2.25,3,4,1.0,8,1700,520,2220,2500,10530,10014,0,0,1974,0
0,1272000,2.75,4,3,2.0,11,3200,0,3200,4050,13729,16921,0,0,1984,0
0,190000,1.0,3,4,1.0,7,910,0,910,1470,10575,10425,0,0,1968,0
0,305000,1.5,3,3,1.0,7,1480,0,1480,1540,9086,9750,0,0,1962,0
0,895000,3.0,4,3,2.0,10,2360,1140,3500,3140,13444,12935,0,0,1977,0
0,610000,2.25,5,3,2.0,9,2520,0,2520,2530,11700,12000,0,0,1977,0
0,259000,2.5,3,3,2.0,8,2153,0,2153,2434,4400,4400,0,0,2007,0
0,980000,2.5,4,3,2.0,10,3780,0,3780,3310,10962,11651,0,0,1990,0
0,1000000,2.75,6,4,1.0,9,1940,1660,3600,2990,9675,9675,2,0,1977,0
0,350000,2.75,5,4,1.0,8,1730,1250,2980,2900,13482,14800,0,0,1975,0
0,500000,2.5,4,3,1.0,8,1420,620,2040,2540,8400,8925,0,0,1963,0
0,225000,2.5,3,3,2.0,7,1740,0,1740,1300,10050,10125,0,0,1989,0
0,1380000,4.5,6,3,2.0,11,3610,2130,5740,4350,10312,11917,2,0,2000,0
0,161500,1.0,3,5,1.0,7,1220,0,1220,1420,6000,13137,0,0,1961,0
0,278000,2.5,4,3,2.0,7,1850,0,1850,1860,6037,6037,0,0,1991,0
0,399500,1.75,3,4,1.0,7,1410,0,1410,1560,7700,7700,0,0,1967,0
0,462000,2.75,3,4,2.0,9,1890,0,1890,1800,2614,2769,0,0,1979,0
0,347500,1.0,3,3,1.0,7,1550,280,1830,1810,12036,12036,0,0,1977,0
0,230000,1.0,2,3,1.0,6,950,0,950,1160,7560,7560,0,0,1958,0
0,687000,2.5,4,5,2.0,8,2370,0,2370,2370,10083,10133,0,0,1966,0
0,725786,2.5,4,3,2.0,10,3070,0,3070,3630,5762,6500,0,0,2000,0
0,415000,2.25,4,4,1.0,8,1730,510,2240,2150,12650,12650,0,0,1981,0
0,369990,2.5,4,3,2.0,7,1960,0,1960,1960,7133,6705,0,0,2002,0
0,285750,2.25,3,3,1.0,8,1400,560,1960,2060,17126,11466,0,0,1966,0
0,542500,2.25,4,3,1.0,8,1320,430,1750,2170,10160,11165,0,0,1972,0
0,184500,1.0,2,3,1.0,6,720,0,720,1440,5880,7200,0,0,1940,0
0,250000,1.5,3,3,1.5,7,2210,0,2210,1250,11111,8422,0,0,1934,0
0,220000,1.0,2,5,1.0,6,780,0,780,1080,6000,6000,0,0,1923,0
0,675000,2.75,4,4,1.0,8,1460,780,2240,2360,8937,9038,0,0,1976,0
0,662700,1.5,2,3,2.0,7,1590,850,2440,1770,6900,6900,0,0,1910,0
0,239950,1.0,5,4,2.0,6,1460,0,1460,1060,6032,10300,0,0,1941,0
0,383000,1.0,3,4,1.0,7,1150,0,1150,1410,10196,8925,0,0,1957,0
0,610000,2.75,4,5,1.0,8,1580,1020,2600,2300,36583,27820,0,0,1976,0
0,305000,2.5,3,3,2.0,8,1714,0,1714,1714,3240,3240,0,0,2005,0
0,273000,1.75,3,4,2.0,6,2050,0,2050,1200,9045,9045,0,0,1959,0
0,365000,1.75,3,5,1.0,7,880,500,1380,1400,9134,8190,0,0,1981,0
0,1000750,2.75,3,3,2.0,10,2440,630,3070,3490,10739,11913,0,0,1987,0
0,354450,2.75,4,3,2.0,8,2140,0,2140,2130,9920,9920,0,0,1993,0
0,223000,1.0,3,3,1.0,7,1030,0,1030,1470,9120,10220,0,0,1961,0
0,298500,2.5,4,3,2.0,7,1890,0,1890,2030,5954,5880,0,0,2004,0
0,749999,2.25,5,3,2.0,10,3060,0,3060,3430,13630,10700,0,0,1989,0
0,699900,2.25,4,3,1.0,7,1540,840,2380,2230,16236,8925,0,0,1961,0
0,278500,1.0,4,3,1.0,7,770,770,1540,1520,8400,9891,0,0,1971,0
0,700000,1.75,4,3,1.0,8,1610,730,2340,2470,9100,11000,0,0,1975,0
0,234500,1.75,3,3,1.0,7,870,440,1310,1840,18400,10790,0,0,1954,0
0,613000,2.25,3,3,1.0,8,1960,0,1960,2800,10385,12632,0,0,1988,0
0,1150000,2.5,3,4,1.0,8,1730,1120,2850,2820,10474,10474,0,0,1954,0
0,340000,2.75,5,3,2.0,8,2440,0,2440,2300,6858,6858,0,0,2003,0
0,388000,2.5,4,3,2.0,9,2560,0,2560,3040,5800,5800,0,0,2005,0
0,405000,2.5,4,3,2.0,9,2620,0,2620,2580,9359,7433,0,0,1987,0
0,266000,2.5,3,4,1.0,7,1400,380,1780,1520,7214,7228,0,0,1986,0
0,352000,2.5,4,3,1.0,8,992,260,1252,1860,25002,25002,0,0,1996,0
0,265000,1.5,4,4,1.0,7,1110,130,1240,1520,8158,8147,0,0,1961,0
0,866059,3.5,5,3,2.0,9,2570,560,3130,3440,4797,5439,0,0,2014,0
0,172000,1.0,3,4,1.0,7,820,530,1350,1320,9680,9225,0,0,1959,0
0,615000,1.75,3,4,1.0,8,1250,700,1950,1740,8480,8480,0,0,1962,0
0,199000,2.0,4,3,2.0,7,2030,0,2030,1520,8120,9440,0,0,1950,0
0,604000,1.0,3,4,1.0,7,1440,0,1440,2540,13824,12092,0,0,1957,0
0,268000,1.75,5,5,1.0,7,1010,720,1730,1730,10368,7728,0,0,1963,0
0,190000,1.0,3,3,1.0,7,1090,0,1090,1190,8520,8520,0,0,1967,0
0,212000,1.5,3,4,1.0,7,1010,0,1010,2420,10000,34637,0,0,1973,0
0,325900,2.5,3,3,2.0,8,2040,0,2040,2350,9765,10150,0,0,1985,0
0,275000,2.5,3,4,2.0,7,1730,0,1730,1710,5799,6490,0,0,1987,0
0,665000,2.5,4,3,2.0,8,2480,0,2480,2940,15411,14679,2,0,1994,0
0,340000,2.75,4,3,2.0,7,3527,0,3527,2490,7200,7200,0,0,2005,0
0,1610000,3.75,5,3,2.0,10,3530,0,3530,3340,13260,13260,0,0,2013,0
0,828000,2.5,4,4,1.0,8,1500,620,2120,3130,10841,10950,0,0,1979,0
0,223000,1.75,3,4,1.0,7,1360,0,1360,1580,10573,8280,0,0,1984,0
0,1289000,3.5,4,3,2.0,9,2250,850,3100,2660,2261,2000,2,0,1981,0
0,711000,1.75,4,5,1.0,6,990,990,1980,2180,10800,10800,0,0,1948,0
0,310000,2.5,4,3,2.0,8,1930,0,1930,1990,7014,7920,0,0,1994,0
0,415000,1.75,5,3,1.0,8,1850,1850,3700,2190,9140,6720,0,0,1957,0
0,274900,2.5,4,3,2.0,7,1970,0,1970,1970,6600,7682,0,0,1987,0
0,179500,1.0,3,3,1.0,7,1180,0,1180,2300,32214,13714,0,0,1952,0
0,195000,1.75,3,3,1.0,7,990,390,1380,1660,7350,8400,0,0,1981,0
0,385000,3.0,4,3,1.0,8,1670,1070,2740,2330,10925,9940,0,0,1980,0
0,522000,2.5,4,3,2.0,8,2835,0,2835,2770,6598,6969,0,0,2002,0
0,175000,1.75,5,4,1.0,7,1680,0,1680,1800,8400,8550,0,0,1979,0
0,845000,2.0,5,4,1.0,8,1720,0,1720,2700,9972,9023,0,0,1951,0
0,248000,2.5,3,3,1.0,7,1220,900,2120,1820,6840,8200,0,0,1984,0
0,864000,2.75,3,3,2.0,10,3060,0,3060,3060,13554,11455,0,0,1984,0
0,145600,1.0,3,3,1.0,6,1170,0,1170,1170,7560,7560,0,0,1958,0
0,250250,2.25,3,4,2.0,8,2210,0,2210,1990,8000,8000,0,0,1969,0
0,162000,2.0,4,4,1.0,5,1440,0,1440,1440,7641,7750,0,0,1943,0
0,675500,2.75,4,2,1.0,8,1460,600,2060,2060,21344,16088,0,0,1978,0
0,490000,1.75,3,3,1.0,8,1600,0,1600,1510,16510,10407,0,0,1984,0
0,280000,1.75,4,3,1.0,8,1450,800,2250,1930,16000,16000,0,0,1957,0
0,282000,1.0,3,5,1.0,7,1030,640,1670,1620,5200,6696,0,0,1977,0
0,1400000,4.5,4,3,2.0,8,1940,1140,3080,2780,10550,10550,3,0,1976,2007
0,306000,1.75,3,4,1.0,8,1560,0,1560,1600,7500,7904,0,0,1966,0
0,341000,1.75,4,4,1.0,8,1500,420,1920,2100,7665,7344,0,0,1975,0
0,1835000,3.5,4,3,2.0,12,4870,0,4870,5000,39190,33880,0,0,1995,0
0,660000,1.75,4,4,2.0,10,2780,0,2780,2600,9900,12000,0,0,1978,0
0,293000,2.25,4,3,2.0,7,2360,0,2360,2144,6260,6773,0,0,1998,0
0,720000,1.75,4,4,1.5,9,2620,0,2620,2230,11041,11041,0,0,1962,0
0,195000,2.0,2,3,2.0,6,1180,0,1180,1310,2553,2687,0,0,2005,0
0,149900,1.75,2,4,1.0,8,1090,0,1090,1360,1950,3426,0,0,1982,0
0,525000,1.5,4,4,1.0,6,1170,0,1170,2380,6240,8846,0,0,1960,0
0,205000,1.75,3,5,1.0,7,820,600,1420,1470,6980,7319,0,0,1980,0
0,210500,1.0,3,5,1.0,7,1220,0,1220,1310,9600,9600,0,0,1958,0
0,350000,1.75,3,4,1.0,7,1580,0,1580,1860,19998,19998,0,0,1968,0
0,798000,3.5,3,3,2.0,10,3590,0,3590,3230,6402,7305,0,0,1999,0
0,180000,1.0,3,2,2.0,5,1960,0,1960,1850,9583,8324,0,0,1908,0
0,1250000,3.25,5,5,2.0,8,3160,0,3160,2360,13238,12042,0,0,1972,0
0,3000000,3.25,5,3,2.0,10,3850,1520,5370,2410,14091,12047,0,0,1918,2008
0,311000,1.0,3,4,1.0,7,1640,0,1640,1680,12060,9147,0,0,1960,0
0,305000,2.25,4,4,1.0,7,2130,0,2130,1710,9600,9600,0,0,1966,0
0,769000,2.75,4,4,1.0,8,1850,1780,3630,3380,15405,11184,2,0,1968,0
0,430000,1.5,3,5,1.5,7,1690,0,1690,1570,9708,9858,0,0,1954,0
0,240000,1.0,3,3,1.0,7,1470,0,1470,1720,7350,8050,0,0,1969,0
0,455000,1.75,3,4,1.0,7,1300,0,1300,2070,9600,9775,0,0,1969,0
0,372000,1.5,4,4,1.5,7,1780,0,1780,1350,7914,8069,0,0,1962,0
0,500000,2.25,4,3,1.0,8,1390,690,2080,1800,8000,7700,0,0,1964,0
0,209000,1.0,2,5,1.0,6,840,0,840,920,5265,5100,0,0,1969,0
0,276000,1.75,3,4,1.0,7,1440,800,2240,1740,9200,9600,0,0,1968,0
0,380000,2.5,4,3,2.0,8,2100,0,2100,2090,5857,7779,0,0,2002,0
0,254600,2.0,3,4,1.0,7,1470,0,1470,1390,20000,30056,0,0,1968,0
0,230000,2.0,3,4,1.0,6,720,720,1440,1120,5600,5700,0,0,1942,2007
0,550000,2.5,4,3,1.0,7,1460,710,2170,1940,9600,8400,0,0,1980,0
0,123300,1.0,3,4,1.5,7,1150,0,1150,1360,8050,8050,0,0,1956,0
0,275436,2.75,4,3,1.5,7,2170,0,2170,1490,9658,9731,0,0,1966,0
0,325000,3.5,4,3,1.5,7,1640,990,2630,1920,3435,2435,3,0,1984,0
0,655500,2.75,4,3,1.0,8,1680,700,2380,1950,15800,11751,0,0,1957,2001
0,250750,1.75,5,4,1.0,8,2140,0,2140,1640,12058,10125,0,0,1951,0
0,438000,2.5,4,3,2.0,8,1970,0,1970,2590,8545,7200,0,0,2004,0
0,1195000,2.25,3,3,2.0,10,2110,960,3070,3130,9645,9450,0,0,1987,0
0,196000,1.0,3,4,1.0,7,880,0,880,880,19600,10500,0,0,1978,0
0,855000,2.25,3,3,2.0,10,3440,0,3440,3170,10628,11434,2,0,1985,0
0,2950000,3.5,4,3,2.0,12,4860,0,4860,3580,23885,16054,0,0,1996,0
0,299950,2.5,3,3,2.0,7,1870,0,1870,1870,7942,7392,0,0,1990,0
0,802000,2.25,4,4,2.0,8,2130,0,2130,2550,8734,8800,2,0,1961,0
0,950000,2.75,4,4,1.0,8,1700,800,2500,2650,20000,20000,0,0,1969,0
0,392000,2.5,4,3,2.0,7,2300,0,2300,2300,41167,21765,0,0,1988,0
0,335000,2.0,4,4,1.0,7,1910,0,1910,1820,10200,15600,0,0,1963,0
0,259500,1.75,3,3,1.0,7,1650,0,1650,1470,12349,10763,0,0,1957,0
0,307450,2.75,4,3,1.0,8,1370,1320,2690,1990,8874,7875,0,0,1980,0
0,228800,2.5,4,3,2.0,7,980,490,1470,1460,1612,5027,0,0,2003,0
0,210000,1.0,3,3,1.0,7,1230,0,1230,1230,12201,10780,0,0,1969,0
0,200450,1.0,3,3,1.0,6,970,0,970,1000,9130,8886,0,0,1957,0
0,219950,1.5,3,3,1.0,6,1070,0,1070,1030,6601,6614,0,0,1985,0
0,659500,3.0,4,4,1.0,8,1870,750,2620,2630,18362,16792,0,0,1956,0
0,746000,2.75,4,5,1.5,8,2110,0,2110,2420,8190,8400,0,0,1966,0
0,2525000,5.5,4,4,1.0,11,4310,2620,6930,2560,45100,37766,0,0,1950,1991
0,279000,2.75,2,3,1.0,8,1210,560,1770,1600,10534,17400,0,0,2003,0
0,550000,2.5,3,3,2.0,9,2510,0,2510,1840,5400,5400,0,0,1992,0
0,273500,1.5,3,3,1.0,7,1560,0,1560,1820,8314,8925,0,0,1962,0
0,160000,1.0,4,3,1.5,7,1520,0,1520,1520,7298,7298,0,0,1960,0
0,1799000,3.5,4,3,2.0,12,3930,0,3930,4250,39098,38682,0,0,1999,0
0,285000,1.75,4,4,1.0,7,1040,1040,2080,1780,13629,14659,0,0,1955,0
0,2298000,4.25,4,3,2.0,10,4070,0,4070,3430,13860,9240,3,0,2004,0
0,763776,2.5,4,3,2.0,9,2750,0,2750,2810,16139,13093,0,0,1989,0
0,479000,1.0,3,4,1.0,7,1340,0,1340,1430,13750,11400,0,0,1955,0
0,272000,1.75,4,3,1.0,7,1260,1260,2520,2090,10890,12375,0,0,1979,0
0,439000,1.75,3,3,1.0,7,1250,0,1250,1460,7030,7210,0,0,1965,0
0,308000,1.0,2,4,1.0,7,1080,0,1080,2100,6250,6875,2,0,1942,1968
1,219950,1.5,3,4,1.0,7,1620,0,1620,1610,9310,10640,0,0,1967,0
0,770000,2.5,4,4,2.0,8,2350,0,2350,2460,8001,8001,0,0,1987,0
0,580000,1.0,2,5,1.0,8,1320,1220,2540,2160,7000,6000,0,0,1942,0
0,490000,2.25,4,3,2.0,8,2090,0,2090,1800,10869,17788,0,0,1970,0
0,365000,2.5,4,3,2.0,9,2540,0,2540,2810,6688,6776,0,0,2002,0
0,255000,1.75,3,4,1.5,7,2190,0,2190,1610,6000,6000,0,0,1920,0
0,1125000,3.25,5,4,1.0,9,2230,850,3080,2810,13394,10720,2,0,1968,0
0,203000,1.0,3,5,1.0,6,840,0,840,920,6500,4680,0,0,1969,0
0,200000,2.0,4,3,1.0,7,1070,1020,2090,1550,6630,7980,0,0,1974,0
0,275000,2.0,4,3,2.0,7,2030,0,2030,1190,8426,7007,0,0,1944,0
0,325000,2.5,4,3,2.0,8,2260,0,2260,2450,5702,6381,0,0,2002,0
0,2288000,2.5,4,4,2.0,11,4080,0,4080,4080,18362,19991,2,0,1983,0
0,329500,2.5,3,5,1.0,7,1360,760,2120,2330,22482,16016,0,0,1979,0
0,348000,2.5,3,3,2.0,9,2060,0,2060,2480,7458,7743,0,0,1989,0
0,222000,1.0,3,3,1.0,6,990,0,990,1120,8840,8625,0,0,1966,0
0,200000,2.5,4,3,1.0,7,1120,600,1720,1520,9600,9400,0,0,1961,0
0,247500,2.0,3,3,1.0,7,1530,0,1530,1750,8749,8749,0,0,1995,0
0,1500000,5.5,4,3,1.0,11,5400,1150,6550,4110,217374,50378,0,0,2006,0
0,283200,1.75,4,4,1.0,8,1130,700,1830,2020,12540,12540,0,0,1958,0
0,196000,1.5,3,3,1.0,6,1000,0,1000,1610,18568,17420,0,0,1989,0
0,775000,2.5,4,3,2.0,9,3310,0,3310,3010,5101,5176,0,0,2005,0
0,415000,1.0,2,5,1.0,6,670,0,670,1240,6000,5040,0,0,1949,0
0,1320000,5.25,4,3,2.0,11,6110,0,6110,4190,10369,10762,0,0,2005,0
0,527000,2.5,4,3,2.0,8,2900,0,2900,2900,6736,6736,0,0,2013,0
0,524000,2.75,4,5,1.5,8,1480,830,2310,1100,5000,5000,0,0,1908,0
0,390000,2.5,3,3,2.0,8,1910,0,1910,2460,4755,6099,0,0,1997,0
0,485000,2.5,3,3,1.0,8,2340,0,2340,2700,59058,37263,0,0,1985,0
0,215000,1.5,3,4,1.0,7,780,630,1410,1440,8415,7361,0,0,1982,0
0,288400,2.25,3,3,2.0,7,1870,0,1870,1620,3230,3363,0,0,1997,0
0,316000,2.5,3,3,2.0,8,2550,0,2550,1840,8170,8823,0,0,1985,0
0,700000,1.0,2,3,1.0,6,1160,0,1160,1510,17635,13122,4,1,1945,0
0,285000,2.0,4,3,1.0,7,780,980,1760,1510,5500,5500,1,0,1925,2004
0,490000,2.5,3,3,2.0,8,1890,0,1890,2080,10190,9794,0,0,1986,0
0,325000,2.5,3,3,2.0,7,2550,0,2550,2550,4240,4240,0,0,2006,0
0,285000,2.5,3,3,2.0,7,1940,0,1940,1860,9874,8875,0,0,1990,0
0,249000,1.75,3,5,1.5,6,1400,0,1400,2320,5648,9420,0,0,1917,0
0,515000,2.5,3,3,2.0,9,3430,0,3430,2460,48993,36256,0,0,2001,0
0,315000,1.75,3,4,1.0,7,1480,0,1480,1480,7500,7500,0,0,1968,0
0,805000,2.5,5,3,2.0,9,3320,0,3320,3060,7266,10269,0,0,2000,0
0,414000,2.5,4,4,1.5,8,3490,0,3490,2540,9030,8400,0,0,1969,0
0,178000,1.5,5,3,1.0,7,1990,0,1990,1860,18200,8658,0,0,1960,0
0,537000,4.25,4,3,2.0,10,3859,1024,4883,3736,26040,9870,3,0,2006,0
0,637250,2.5,4,3,2.0,9,2120,0,2120,2120,3220,3547,0,0,2005,0
0,555565,2.0,3,4,1.0,7,1670,0,1670,2210,11337,11337,1,0,1959,0
0,269000,2.5,3,3,2.0,7,1440,0,1440,1890,3800,3819,0,0,2005,0
0,234000,1.0,3,4,1.0,7,1750,0,1750,1400,8820,9600,0,0,1961,0
0,270000,2.5,4,3,2.0,8,2350,0,2350,3010,5835,5772,0,0,2003,0
0,299000,2.25,3,4,2.0,8,1920,0,1920,2170,7840,7210,0,0,1982,0
0,1901000,2.5,3,3,2.0,10,2660,0,2660,2660,13367,13367,2,0,1992,0
0,965000,3.25,4,5,2.0,9,3710,1300,5010,3140,49222,54014,0,0,1978,0
0,739000,4.0,5,4,2.0,9,2600,2060,4660,3380,9900,9900,2,0,1979,0
0,271000,1.75,4,5,1.0,7,910,800,1710,1730,7200,7200,0,0,1975,0
0,230000,1.0,2,3,1.0,6,930,0,930,1370,7550,10176,0,0,1986,0
0,210000,2.25,3,3,1.0,7,1070,360,1430,1430,9150,6364,0,0,1984,0
0,190000,2.0,3,3,1.0,7,1320,0,1320,1420,7625,7500,0,0,1987,0
0,299950,1.5,3,3,1.0,7,1300,640,1940,2000,8951,8319,0,0,1958,0
0,240000,1.75,3,4,1.0,7,1080,550,1630,1280,9450,9100,0,0,1977,0
0,530000,2.5,4,3,2.0,9,2940,0,2940,2890,35996,35089,0,0,1995,0
0,1000000,4.5,5,5,2.0,8,2120,0,2120,2870,8944,8944,4,1,1939,1963
0,1208000,3.75,4,4,2.0,9,2940,310,3250,2340,10949,15234,0,0,1930,1989
0,256000,1.0,3,4,1.0,5,880,0,880,980,5375,4838,0,0,1924,0
0,218000,2.25,3,4,1.0,8,1280,330,1610,2170,7084,8505,0,0,1968,0
1,732000,1.75,4,4,1.0,9,2360,0,2360,2290,11300,11951,0,0,1974,0
0,805500,1.0,3,4,1.0,7,1440,0,1440,2080,10330,10327,0,0,1952,0
0,600000,2.25,3,4,2.0,8,2100,0,2100,2420,8276,18135,1,0,1979,0
0,627800,1.75,4,3,1.0,9,2010,0,2010,2200,12044,11144,0,0,1982,0
0,153503,2.5,2,3,2.0,7,1240,0,1240,1400,3649,3721,0,0,1986,0
0,1306000,2.5,5,3,2.0,9,2770,0,2770,2070,8100,8100,0,0,2002,0
0,1965000,3.75,5,4,1.5,9,3940,0,3940,2370,13738,13320,3,0,1951,0
0,1003000,2.5,5,4,2.0,9,3150,0,3150,3600,50094,48787,0,0,1969,0
0,725000,3.25,4,3,2.0,9,3440,500,3940,3420,27591,29170,3,0,2000,0
0,180000,1.75,3,3,1.0,7,1330,0,1330,1330,16000,14374,0,0,1978,0
0,476500,1.0,3,4,2.0,7,1060,0,1060,2010,8625,8901,0,0,1962,1997
0,295000,2.5,4,3,2.0,7,1850,0,1850,1850,6663,6417,0,0,1990,0
0,257200,2.0,3,4,1.0,7,1150,700,1850,1580,8250,7153,0,0,1952,0
0,555000,2.0,3,3,1.0,8,2240,0,2240,2200,11250,12500,0,0,1968,0
0,282000,2.75,4,3,2.0,7,2390,0,2390,1980,7330,6735,0,0,1989,0
0,289000,1.0,3,5,1.0,6,1090,0,1090,1090,7315,5800,0,0,1981,0
0,208000,2.0,3,4,1.0,7,1250,0,1250,1540,7995,7650,0,0,1980,0
0,245000,2.25,4,3,1.0,8,1390,1210,2600,2110,6390,6700,0,0,1978,0
0,400000,2.5,3,3,2.0,7,2120,0,2120,2250,3742,4696,0,0,2006,0
0,428000,2.5,3,4,1.0,8,2230,0,2230,2400,32660,33120,0,0,1977,0
0,410000,1.75,3,4,1.0,7,1380,500,1880,1970,8424,8523,0,0,1977,0
0,590000,4.25,4,4,2.0,8,2360,0,2360,2037,57514,35733,0,0,1939,1987
0,549900,3.0,5,4,1.5,9,3800,0,3800,2580,42316,35775,0,0,1984,0
0,318500,2.0,4,5,1.0,7,900,880,1780,1480,7350,7350,0,0,1974,0
0,240000,1.0,3,4,1.0,7,950,400,1350,1470,7560,7560,0,0,1959,0
0,250000,0.75,2,4,1.0,6,700,0,700,2010,16828,29316,0,0,1958,0
0,368500,1.75,2,3,2.0,9,2510,0,2510,2400,19141,13030,0,0,1977,0
0,299000,2.5,3,3,2.0,8,2450,0,2450,1960,7062,7200,0,0,1993,0
0,265000,2.0,3,3,1.0,7,1570,0,1570,1570,5706,5706,0,0,1998,0
0,437500,2.5,4,3,2.0,8,2680,0,2680,2640,7513,7243,0,0,1998,0
0,2075000,3.5,4,3,2.0,11,4230,0,4230,3980,20377,20489,0,0,1997,0
0,905000,3.5,5,3,1.0,9,1660,1440,3100,2700,10200,10455,4,0,1970,0
0,675000,2.5,4,3,2.0,8,2370,0,2370,2290,9679,7944,0,0,1984,0
0,1100000,2.75,5,5,1.0,7,1630,1200,2830,2370,18050,14250,0,0,1958,0
0,145000,1.0,3,3,1.0,6,1010,0,1010,1740,5490,10658,0,0,1954,0
0,850000,2.25,4,4,2.0,8,2330,0,2330,1880,10451,8400,0,0,1965,0
0,304000,2.5,3,3,2.0,8,1710,0,1710,2220,6773,7551,0,0,1993,0
0,160000,2.0,2,2,1.0,6,850,190,1040,1350,4750,5000,0,0,1950,0
0,542000,1.75,3,3,1.0,7,1070,0,1070,1540,8030,7875,0,0,1966,2014
0,418000,2.5,4,3,2.0,7,2750,0,2750,2610,8471,7482,0,0,2003,0
0,242500,2.25,3,3,1.0,7,1340,430,1770,1270,10000,5055,0,0,1978,0
0,425000,2.5,4,3,2.0,9,2460,0,2460,2460,5440,5124,0,0,2003,0
0,625000,1.75,3,4,1.0,7,1350,710,2060,1850,12558,8722,0,0,1984,0
0,950000,1.5,3,3,1.0,7,1130,570,1700,2920,8050,12239,0,0,1950,0
0,895000,2.0,3,3,1.0,10,2160,0,2160,2760,105415,9620,0,0,1991,0
0,579000,2.0,2,5,1.0,7,880,880,1760,1760,7200,7200,0,0,1946,0
0,314900,1.75,4,3,1.0,7,1380,1320,2700,2460,27072,34850,0,0,1958,0
0,225000,2.0,3,4,1.0,7,1220,810,2030,1980,24829,15204,0,0,1979,0
0,160000,1.0,2,3,1.0,6,1180,0,1180,1780,9350,9306,0,0,1918,0
0,650000,1.0,3,4,1.0,7,1300,0,1300,1300,8266,8707,0,0,1953,0
0,115000,1.0,2,3,1.0,5,1000,0,1000,1350,16524,10208,0,0,1913,0
0,221700,1.5,2,4,1.0,7,1556,0,1556,2250,20000,17286,0,0,1957,0
0,756000,2.5,4,3,2.0,9,2730,0,2730,3090,10753,10740,0,0,1991,0
0,442000,2.25,4,4,1.0,8,1220,860,2080,2110,12007,12459,0,0,1979,0
0,260000,2.0,4,4,2.0,7,1620,0,1620,1710,7992,7500,0,0,1975,0
0,330000,1.5,3,5,1.0,7,1430,0,1430,1410,8000,9820,0,0,1948,0
0,189000,1.0,2,3,1.0,6,790,0,790,1110,7128,7150,0,0,1944,0
0,368000,2.0,4,5,1.0,6,2410,750,3160,1020,11193,5940,0,0,1942,0
0,390000,1.75,4,4,1.5,8,2700,0,2700,2220,7875,7875,0,0,1968,0
0,445000,2.0,3,3,1.0,7,1540,0,1540,1250,67953,9100,0,0,1997,0
0,250000,1.0,3,3,1.0,7,1130,0,1130,1170,7800,7800,0,0,1952,0
0,732350,2.5,4,3,2.0,9,2270,0,2270,2450,7665,8706,0,0,1986,0
0,297500,2.5,4,3,2.0,7,1910,0,1910,2020,5000,5000,0,0,2005,0
0,279000,1.5,3,4,1.5,5,1280,0,1280,1590,16738,16317,0,0,1932,0
0,216000,2.0,3,3,1.0,6,1260,0,1260,1300,4125,9091,0,0,1998,0
0,1100000,2.5,3,3,1.0,7,1400,800,2200,3050,20000,11775,1,0,1952,0
0,1280600,2.5,4,5,1.0,8,2060,1500,3560,3680,15450,17314,1,0,1977,0
0,699000,2.5,4,3,2.0,9,2550,0,2550,2330,7312,7480,0,0,1988,0
0,100000,1.0,2,3,1.0,6,790,0,790,1380,6426,6946,0,0,1944,0
0,199000,1.0,3,3,1.0,7,1390,0,1390,1560,21262,10800,0,0,1958,0
0,508500,2.75,4,3,2.0,8,1720,800,2520,2520,12500,13000,0,0,1979,0
0,207500,1.0,3,3,1.0,7,1640,0,1640,1200,9750,9750,0,0,1968,0
0,1075000,2.5,4,4,1.0,8,1550,1450,3000,2380,10920,10920,0,0,1969,0
0,1230000,1.75,3,3,1.5,8,2200,0,2200,2850,14630,15803,1,0,1948,2003
0,805000,3.0,5,4,2.0,7,1650,700,2350,1840,6480,7200,3,0,1924,1962
0,200000,1.5,3,3,1.0,6,1090,0,1090,1230,10454,12196,0,0,1963,0
0,749700,1.75,3,3,1.0,8,1460,820,2280,2460,77972,14430,0,0,1977,0
0,330000,2.25,3,4,1.0,7,1280,340,1620,1620,7150,6930,2,0,1950,0
0,373000,2.5,5,3,2.0,8,3001,0,3001,2340,5710,5980,0,0,2006,0
0,355000,1.5,4,4,1.0,7,1010,1010,2020,1710,6000,6000,0,0,1953,0
0,275000,2.0,3,3,1.0,7,1380,0,1380,1620,4500,4000,0,0,2008,0
0,598500,2.25,3,3,1.0,10,2520,0,2520,2510,12000,12000,0,0,1978,0
0,415000,2.25,3,5,1.0,8,1700,480,2180,2350,11100,11397,0,0,1979,0
0,209950,1.75,3,5,1.0,6,1100,0,1100,1050,5525,5200,0,0,1968,0
0,119900,1.0,2,3,1.0,6,480,220,700,1760,3180,6360,0,0,1951,0
0,207000,1.0,3,4,1.0,7,1080,0,1080,1230,10200,10400,0,0,1962,0
0,195000,1.0,3,3,1.0,7,1070,0,1070,1880,22489,20250,0,0,1967,0
0,790000,3.0,4,4,2.0,8,3120,0,3120,1580,157875,7050,0,0,1977,0
0,150000,1.0,2,3,1.0,5,720,0,720,2010,212137,109642,0,0,1982,0
0,980000,1.75,4,4,1.0,9,2260,0,2260,2880,17711,16594,1,0,1968,0
0,619420,2.75,4,4,2.0,9,2450,0,2450,2330,14803,14803,0,0,1988,0
0,500000,1.0,3,3,1.0,7,1020,780,1800,1740,7200,5475,0,0,1964,0
0,569000,1.75,4,4,1.0,7,1090,140,1230,2380,7890,13176,1,0,1950,0
0,454200,2.5,4,3,2.0,8,2630,0,2630,2630,5379,5379,0,0,2004,0
0,1250000,3.75,4,3,1.5,10,3270,1250,4520,3380,9240,9240,2,0,1992,0
0,299950,2.5,3,4,2.0,8,1600,0,1600,1890,9830,8910,0,0,1993,0
0,328950,1.75,4,5,1.0,7,1300,1250,2550,2220,8976,9477,0,0,1978,0
0,570000,2.0,4,3,2.0,8,2000,0,2000,2420,46902,38130,0,0,1978,0
0,350000,1.75,3,3,1.0,6,1040,940,1980,2180,273556,217799,0,0,1956,1999
0,1575000,2.75,5,4,1.0,10,2360,1290,3650,3220,20150,19800,0,0,1975,0
0,222000,2.0,3,3,1.0,7,1200,0,1200,1430,6074,6338,0,0,1968,0
0,865000,3.0,5,4,1.0,8,1500,1330,2830,2260,8854,8604,0,0,1979,0
0,310000,1.75,3,4,1.0,7,1220,620,1840,1590,10723,9820,0,0,1974,0
0,205000,1.5,3,4,1.0,7,1820,0,1820,1740,8585,10088,0,0,1962,0
0,470000,3.75,5,3,2.0,7,3860,0,3860,3000,6901,8584,0,0,2003,0
0,335000,2.5,4,3,2.0,8,2210,0,2210,2270,7214,7246,0,0,2003,0
0,197000,1.0,4,3,1.0,7,1360,0,1360,1340,11175,9702,0,0,1961,0
1,312500,1.75,3,3,1.0,7,930,900,1830,1790,7969,7425,0,0,1950,2008
0,805000,2.5,4,3,2.0,9,2250,910,3160,3460,35225,17223,1,0,1992,0
0,652427,2.25,4,4,2.0,8,2770,0,2770,2400,13129,13129,0,0,1979,0
0,1008000,2.5,3,4,1.0,9,2240,0,2240,2900,41339,45738,0,0,1945,1992
0,355000,2.5,4,3,2.0,9,2570,0,2570,2520,6466,6667,0,0,1999,0
0,557500,2.25,3,3,2.0,8,1820,0,1820,2160,9670,11424,0,0,1984,0
0,277500,2.25,4,3,1.0,7,1110,550,1660,1640,7184,7200,0,0,1963,0
0,300000,3.0,4,3,1.0,6,2200,0,2200,1430,10800,10800,0,0,1960,0
0,461000,1.75,3,4,1.0,7,1420,0,1420,2250,5170,7700,0,0,1963,0
0,539950,2.25,3,4,1.0,8,1240,950,2190,3500,7149,7149,1,0,1963,0
0,299000,2.25,3,4,1.0,8,1630,310,1940,2080,9100,9100,0,0,1966,0
0,299000,1.75,3,3,1.0,7,2100,0,2100,1330,15480,15657,0,0,1983,0
0,280000,1.75,3,3,1.0,7,1330,1300,2630,2520,6500,6500,0,0,1958,0
0,277950,2.5,3,3,2.0,7,2100,0,2100,2091,6021,7547,0,0,1992,0
0,770000,2.75,3,3,2.0,8,2070,0,2070,2190,54557,49658,0,0,1996,0
0,230000,2.0,2,3,1.0,7,1300,0,1300,1510,3608,3608,0,0,2004,0
0,525000,2.5,4,3,2.0,9,2520,0,2520,2000,7731,7704,0,0,1994,0
0,253779,2.0,4,3,1.5,6,1430,600,2030,1820,9600,14600,0,0,1947,0
0,405000,1.5,3,3,1.0,8,1480,400,1880,1820,7400,8660,0,0,1968,0
0,680000,2.5,4,3,2.0,9,3030,0,3030,2940,13068,11999,0,0,1978,0
0,355000,0.75,1,4,1.0,4,530,0,530,2830,33278,14311,2,0,1950,0
1,200000,1.5,3,4,1.0,7,1090,0,1090,1240,9600,9620,0,0,1968,0
0,330000,2.25,3,3,1.0,7,1330,890,2220,1930,4060,5625,0,0,1993,0
0,221000,2.25,3,3,2.0,7,1430,0,1430,1600,5999,5999,0,0,1987,0
0,200000,1.5,3,3,1.0,7,1140,0,1140,1140,8340,8340,0,0,1960,0
0,630000,2.5,4,5,1.0,7,2540,0,2540,1560,11100,11100,0,0,1957,0
0,249000,2.25,4,3,1.0,7,1400,460,1860,1860,9576,9576,0,0,1962,0
0,630000,2.5,4,4,1.0,7,1240,860,2100,2000,8800,8800,2,0,1960,0
0,350000,2.5,3,4,2.0,8,2440,0,2440,2530,18674,10603,0,0,1994,0
0,270000,1.5,5,3,2.0,7,1930,0,1930,1480,7480,7705,0,0,1966,0
0,248000,3.5,4,3,2.0,7,1130,720,1850,1280,6519,6664,0,0,1986,0
0,625000,2.25,3,3,1.0,8,1460,460,1920,2490,8412,8700,2,0,1977,0
0,502500,2.5,5,3,2.0,8,2430,0,2430,2150,6168,8400,0,0,2007,0
0,610000,2.5,3,3,2.0,8,2060,0,2060,2650,8893,8500,0,0,1987,0
0,322500,2.25,4,4,2.0,8,2140,0,2140,2030,9377,7846,0,0,1986,0
0,464000,2.5,4,3,2.0,9,3140,0,3140,2650,12591,11720,0,0,1993,0
0,850000,2.5,3,3,2.0,9,3300,0,3300,3280,11570,11446,0,0,1994,0
0,510000,1.0,4,3,1.0,6,880,180,1060,1910,7200,7200,1,0,1925,0
0,566000,1.75,4,4,1.0,8,1900,0,1900,2220,10297,9612,0,0,1966,0
0,550000,2.75,5,3,1.0,8,1500,1500,3000,2050,9473,8820,0,0,1966,0
0,830000,1.5,3,4,1.0,8,1220,620,1840,2320,10125,10160,0,0,1959,0
0,803000,2.5,4,3,2.0,9,2790,0,2790,2740,7673,7837,0,0,1989,0
0,206000,1.0,3,4,1.0,5,970,0,970,1050,9360,11348,0,0,1942,0
0,200000,1.0,4,3,1.5,7,1070,0,1070,1160,7467,7467,0,0,1944,0
0,593700,2.5,3,3,2.0,8,2000,0,2000,2180,22000,19800,0,0,1979,0
0,712500,1.5,3,4,1.0,7,1660,0,1660,2350,8797,10053,0,0,1956,0
0,267000,1.0,3,4,1.0,7,1020,720,1740,1470,10875,8532,0,0,1962,0
0,938000,2.5,4,5,1.0,8,1990,420,2410,2530,9886,10658,0,0,1975,0
0,370000,2.75,4,3,1.0,7,1410,900,2310,2060,14745,9678,0,0,1993,0
0,335000,2.5,5,3,2.0,7,2400,0,2400,2200,4548,4465,0,0,2003,0
0,245000,2.5,3,3,2.0,7,1770,0,1770,1650,6187,7200,0,0,1992,0
0,225000,1.75,3,3,1.0,7,1330,0,1330,1270,13102,11475,0,0,1968,0
0,440000,1.0,1,4,1.0,6,850,0,850,2160,6567,9794,0,0,1940,0
0,1288000,3.5,4,4,2.0,11,3700,0,3700,3880,13175,15508,0,0,1989,0
0,435000,1.0,3,4,1.0,7,950,0,950,1060,10080,10000,0,0,1954,0
1,480000,2.25,3,4,1.0,7,1130,550,1680,1960,9090,9090,0,0,1959,0
0,158000,2.5,3,4,2.0,7,1520,0,1520,1780,7200,7210,0,0,1985,0
0,281000,1.75,3,3,1.0,7,1350,0,1350,1600,8737,8928,0,0,1966,0
0,245000,2.0,2,4,1.0,6,910,160,1070,1280,4500,4500,0,0,1932,0
0,527500,2.25,4,5,1.0,8,1310,960,2270,1910,8480,9050,0,0,1973,0
0,275000,1.75,3,3,1.0,7,1890,0,1890,2960,5000,5421,0,0,2003,0
0,213500,1.0,3,4,1.0,7,1220,0,1220,1420,6000,6000,0,0,1968,0
0,641000,1.75,3,3,1.0,7,1480,0,1480,2660,9603,10766,0,0,1952,0
0,436300,2.0,3,5,1.0,7,2320,0,2320,2030,9420,9420,0,0,1952,0
0,830000,2.75,4,4,1.0,8,2090,0,2090,2130,13500,13500,0,0,1949,0
0,380000,1.0,3,3,1.0,6,920,0,920,1250,3532,4000,0,0,1910,0
0,179950,1.0,3,3,1.0,7,1130,0,1130,1320,9907,9907,0,0,1954,0
0,188200,1.0,3,4,1.0,7,1260,0,1260,940,7265,7200,0,0,1954,0
0,659000,2.0,4,4,1.0,7,2090,0,2090,2090,10800,10800,0,0,1951,0
0,350000,1.75,3,3,1.0,7,1230,590,1820,1790,9545,9530,0,0,1976,0
0,223000,2.0,3,4,1.0,7,1110,0,1110,1550,7231,7245,0,0,1991,0
0,230000,1.0,2,3,1.0,6,720,0,720,1560,5913,6600,0,0,1920,0
0,201700,1.0,3,4,1.0,7,1010,0,1010,1540,9576,9576,0,0,1967,0
0,1350000,4.75,4,3,2.5,11,5230,0,5230,4110,89298,107153,0,0,2002,0
0,525000,1.75,4,3,1.0,8,1480,940,2420,2370,7672,7699,0,0,1979,0
0,240000,1.0,3,3,1.0,7,1270,0,1270,1660,12733,11536,0,0,1955,0
0,360000,1.0,2,4,1.0,6,840,0,840,1740,7414,9784,0,0,1928,0
0,157340,1.0,2,2,1.0,7,900,0,900,1460,23000,8265,0,0,1953,0
0,884900,4.75,7,3,1.5,8,5370,0,5370,2310,10800,10910,0,0,1967,0
0,570000,3.75,6,3,2.0,10,3080,920,4000,3180,6015,5700,2,0,2004,0
0,375000,2.75,4,4,1.0,8,2080,1060,3140,2850,24800,12900,0,0,1971,0
0,705000,2.5,3,3,2.0,10,2500,0,2500,2580,10359,10142,0,0,1986,0
0,360000,1.25,3,4,1.0,7,1320,1030,2350,2140,6200,9543,0,0,1966,0
0,222000,2.0,2,3,2.0,6,1360,0,1360,1310,3300,3300,0,0,2004,0
0,778000,2.25,3,5,1.0,9,1690,570,2260,3020,33080,35291,0,0,1974,0
0,312500,1.75,3,4,1.0,8,1490,0,1490,2440,9493,9600,0,0,1976,0
0,740000,2.25,6,4,1.0,8,1570,1570,3140,2320,10250,10250,0,0,1959,0
0,2450000,4.0,5,3,2.0,10,4430,0,4430,2470,9000,9490,0,0,2013,0
0,589000,2.0,5,4,1.5,8,3070,860,3930,2200,10150,8190,0,0,1968,0
0,194820,1.5,3,3,1.0,7,1100,0,1100,1616,32700,32700,0,0,1967,0
0,205000,1.0,3,3,1.0,7,1130,0,1130,1440,7014,9350,0,0,1954,0
0,345100,3.75,3,3,1.0,8,1360,590,1950,1950,8625,6670,0,0,1959,0
0,200000,1.0,3,3,1.0,6,960,0,960,1250,7500,6000,0,0,1953,0
0,1905000,3.5,4,3,2.0,11,4210,0,4210,3520,18564,18564,0,0,2001,0
0,367777,3.0,5,3,1.0,7,1280,860,2140,1820,5937,6710,0,0,1978,0
0,84000,1.0,2,3,1.0,6,700,0,700,1490,20130,18630,0,0,1949,0
0,255000,1.0,2,4,1.0,6,740,0,740,1170,5000,4968,0,0,1926,0
0,449900,2.5,3,3,2.0,9,2780,0,2780,720,8225,9736,1,0,1990,0
0,220000,1.5,5,3,1.5,7,1830,0,1830,1440,94960,16365,0,0,1929,0
0,472500,2.5,4,3,2.0,10,2960,0,2960,2770,223462,16482,0,0,2001,0
0,680000,2.5,6,4,1.0,8,1590,1590,3180,2670,9375,9625,0,0,1967,0
0,286950,2.5,4,3,1.0,7,1240,840,2080,1890,9846,7977,0,0,1984,0
0,816000,1.5,3,3,1.0,8,1180,0,1180,1660,8545,9000,0,0,1952,0
0,160000,1.0,3,3,1.5,6,1350,0,1350,1300,8700,8700,0,0,1942,0
0,255500,1.0,3,3,1.5,6,1350,0,1350,1300,8700,8700,0,0,1942,0
0,949000,2.75,4,4,1.0,9,1860,1120,2980,2980,42253,42253,0,0,1973,0
0,169500,1.0,2,4,1.0,6,790,0,790,800,7450,7450,0,0,1944,0
0,586000,2.25,4,4,2.0,8,2130,0,2130,2110,9000,10431,0,0,1965,0
0,851500,2.0,3,5,1.0,8,2000,1200,3200,1670,18184,7416,0,0,1977,0
0,304999,2.25,4,3,1.0,7,1290,980,2270,1930,9600,15000,0,0,1976,0
0,95000,0.75,1,4,1.0,5,760,0,760,970,5746,6696,0,0,1915,0
0,240000,1.75,4,5,1.0,5,1040,380,1420,1150,5382,5382,0,0,1942,0
0,772000,2.5,4,4,1.0,7,1250,1250,2500,2140,8680,8680,0,0,1958,0
0,245000,1.5,2,4,1.0,8,1450,0,1450,1460,6258,5375,0,0,1983,0
0,525000,2.75,4,4,1.0,8,1380,1120,2500,2270,10330,10430,0,0,1978,0
0,239000,1.0,2,4,1.0,7,1210,0,1210,1680,9375,8400,1,0,1952,0
0,540000,2.25,4,3,1.5,8,1330,0,1330,2270,8400,10146,0,0,1962,0
0,1575000,3.75,5,5,2.0,11,3420,800,4220,3380,9240,9240,2,0,1991,0
0,549950,2.5,4,3,2.0,8,3780,0,3780,3640,6800,7326,0,0,2004,0
0,294950,2.0,4,4,1.5,6,1690,920,2610,1630,14321,8599,0,0,1940,0
0,214946,1.75,3,4,1.0,7,1290,0,1290,1750,8688,9090,0,0,1980,0
0,205000,1.75,3,3,1.0,7,1200,0,1200,1564,8631,8115,0,0,1959,0
0,319990,2.25,3,5,1.0,7,1370,470,1840,2050,7326,7475,0,0,1979,0
0,524000,1.5,3,4,1.0,8,1310,0,1310,2100,9471,9449,0,0,1970,0
0,173000,1.0,2,4,1.0,7,820,0,820,1240,10450,11200,0,0,1965,0
0,585000,1.75,4,3,1.0,7,1500,1500,3000,2500,42200,9821,3,0,1950,0
0,615000,2.75,4,3,1.0,8,1800,950,2750,2750,15450,10620,0,0,1978,0
0,675000,2.5,4,4,1.0,8,1620,1510,3130,2740,12463,11779,0,0,1978,0
0,359950,2.5,4,3,2.0,8,3010,0,3010,3010,5701,5772,0,0,2003,0
0,265000,1.5,3,3,1.5,7,1530,0,1530,2080,7500,11250,0,0,1986,0
0,210000,1.0,3,4,1.0,6,1240,0,1240,1540,4842,5110,0,0,1916,0
0,525000,3.25,3,4,2.0,7,1710,490,2200,1260,7440,6765,0,0,1947,0
0,347500,1.75,3,3,1.0,7,1220,400,1620,1470,7500,7938,0,0,1981,0
0,645000,2.5,4,3,2.0,8,2250,0,2250,2340,10696,13286,0,0,1996,0
0,280000,2.0,3,4,1.0,7,1790,0,1790,1330,42399,40015,0,0,1990,0
0,635000,1.75,4,5,1.0,8,2400,0,2400,1680,10050,10050,0,0,1957,0
0,250000,1.75,5,5,1.0,7,1290,1030,2320,1740,7700,7210,0,0,1962,0
0,2950000,4.75,5,3,1.0,11,4610,1630,6240,4170,47480,17668,3,0,2003,0
0,325000,2.5,4,3,2.0,7,1930,0,1930,1670,8458,9485,0,0,1993,0
0,210000,1.75,4,3,1.0,7,1200,0,1200,1490,7680,7800,0,0,1968,0
0,387000,1.75,3,5,1.0,8,1210,600,1810,1800,10800,10800,0,0,1968,0
0,215000,1.0,3,4,1.0,7,970,0,970,1750,7275,7200,0,0,1970,0
0,265000,1.0,3,3,1.5,5,1122,0,1122,1610,6554,5650,0,0,1900,0
0,425000,2.5,4,3,2.0,8,3052,0,3052,2767,12145,8604,0,0,2004,0
0,680000,2.5,3,4,2.0,8,1830,790,2620,2620,14248,12343,0,0,1977,0
0,341500,2.25,5,3,2.0,8,3120,0,3120,2160,10400,8267,0,0,1980,0
0,1225000,2.75,4,4,1.5,10,3410,0,3410,3721,95396,35352,0,0,1962,0
0,695500,2.75,5,4,1.0,8,1600,910,2510,2650,9180,9780,1,0,1975,0
0,308000,1.75,3,3,1.0,8,1200,480,1680,1990,8629,8400,0,0,1977,0
0,422500,2.0,3,4,1.0,7,1000,960,1960,1660,6450,20720,0,0,1977,0
0,876650,3.25,3,5,1.5,9,1650,520,2170,2720,12508,21070,0,0,1928,1970
0,550000,1.75,3,4,1.0,8,1290,650,1940,2400,8376,8674,0,0,1963,0
0,975000,2.5,4,3,2.0,10,2500,220,2720,3240,10455,12348,2,0,1981,0
0,490000,2.0,3,4,2.0,7,2370,0,2370,1380,12196,12196,0,0,1970,0
0,408500,2.5,4,3,2.0,9,2720,0,2720,2640,7043,6958,0,0,2003,0
0,7062500,4.5,5,3,2.0,11,7680,2360,10040,3930,37325,25449,2,1,1940,2001
0,1208000,2.75,4,3,2.0,10,4250,0,4250,4650,10925,11544,0,0,2003,0
0,475000,1.5,3,3,1.0,7,1480,0,1480,2100,13457,10517,0,0,1959,0
0,540000,3.0,6,3,2.0,7,2330,540,2870,2380,206474,59677,0,0,1960,1985
0,1300000,2.75,3,3,1.0,12,4120,0,4120,4020,16365,14110,2,0,1999,0
0,239000,2.0,4,3,1.5,7,1370,0,1370,1360,8837,9000,0,0,1955,0
0,215000,2.25,4,3,2.0,7,1500,0,1500,1500,5393,5952,0,0,1999,0
0,315000,2.0,6,4,1.0,5,1750,0,1750,1750,17685,9209,0,0,1943,0
0,311000,1.75,2,3,1.0,8,1180,0,1180,1480,55321,56192,0,0,1941,2004
0,577000,1.75,3,4,1.0,7,1230,530,1760,1950,12874,10240,0,0,1967,0
0,355000,1.75,3,3,1.0,7,1460,0,1460,1570,7203,7203,0,0,1990,0
0,998000,3.25,4,3,2.0,10,3770,0,3770,2290,982998,37141,0,0,1992,0
0,550000,1.75,4,4,2.0,8,2060,350,2410,2520,8447,14789,3,0,1936,1980
0,550000,1.75,4,4,2.0,8,2060,350,2410,2520,8447,14789,3,0,1936,1980
0,210000,1.75,3,3,2.0,6,1400,0,1400,1440,7300,10825,0,0,1948,0
0,317000,2.5,3,3,2.0,9,2100,0,2100,2330,7587,8119,0,0,1990,0
0,700000,3.5,4,3,1.0,9,3270,2090,5360,2650,25800,21781,0,0,1971,0
0,265000,1.0,3,3,1.0,7,1000,0,1000,1490,9150,10647,0,0,1969,0
0,1145000,2.25,4,3,1.0,8,2240,600,2840,2840,20242,20372,0,0,1972,0
0,600000,2.5,4,3,2.0,9,2420,0,2420,2820,7744,11129,0,0,1994,0
0,235500,2.5,5,2,1.0,8,1670,670,2340,2080,13713,11000,0,0,1967,0
0,335000,2.75,3,4,1.0,8,1540,1310,2850,2240,8039,7727,0,0,1989,0
0,375000,2.25,4,4,1.0,8,2330,0,2330,2640,11400,10200,0,0,1974,0
0,276000,2.25,4,4,1.0,8,2460,0,2460,1630,11250,10216,0,0,1959,0
0,279000,2.5,3,3,2.0,7,1450,0,1450,2000,4106,4000,0,0,2011,0
0,350000,2.5,3,3,2.0,9,2730,0,2730,2710,7372,8343,0,0,1998,0
0,218000,1.0,3,4,1.0,6,1140,0,1140,1300,7560,7560,0,0,1958,0
0,310597,1.75,4,4,1.0,7,1150,850,2000,2420,25700,27500,0,0,1958,0
0,354000,1.0,3,3,1.0,7,940,0,940,2090,10368,9620,0,0,1965,0
0,1495000,3.25,4,3,2.0,10,2180,890,3070,2500,10375,11194,0,0,1962,2005
0,810000,2.5,4,3,2.0,9,2810,0,2810,2800,10613,9933,0,0,1989,0
0,318700,2.5,4,4,1.0,8,1600,1170,2770,2730,19116,18429,0,0,1961,0
0,210000,1.75,2,4,1.0,8,1000,0,1000,1150,3554,4000,0,0,1975,0
0,282500,2.25,3,4,2.0,7,1670,0,1670,1570,7150,7040,0,0,1990,0
0,235000,1.0,2,4,1.0,6,820,0,820,2270,5100,5100,0,0,1954,0
0,314950,1.0,3,4,1.0,7,1140,450,1590,1570,8470,9375,0,0,1967,0
0,2400000,2.25,3,3,1.5,11,3000,0,3000,3000,11665,15959,4,1,2001,0
0,760750,2.5,3,3,2.0,9,3190,0,3190,3240,49137,53143,0,0,1988,0
0,759600,1.0,4,4,1.5,7,1540,0,1540,2027,115434,23522,0,0,1923,0
0,346150,2.0,3,4,1.0,8,1480,660,2140,2070,7200,7220,0,0,1966,0
0,359950,2.25,5,3,2.0,8,2450,0,2450,2310,9432,9100,0,0,1973,0
0,1010000,2.5,3,3,2.0,9,2860,0,2860,2360,5805,5832,0,0,1999,0
0,1350000,2.0,4,5,1.0,8,2240,0,2240,2500,10296,10918,0,0,1948,0
0,777000,3.25,3,3,2.0,10,2440,1170,3610,3130,59677,65775,0,0,2003,0
0,325000,1.75,3,3,1.0,7,1040,1040,2080,1230,6554,5650,0,0,1950,0
0,2150000,6.0,8,3,2.0,8,4340,0,4340,2050,9415,9100,0,0,1967,0
0,269900,1.5,3,5,1.0,7,1420,0,1420,1540,22100,21780,0,0,1957,0
0,310000,1.75,4,3,1.0,7,1280,600,1880,1980,12150,9680,0,0,1976,0
0,650000,2.75,4,3,2.0,9,2640,0,2640,2640,6240,5898,0,0,2001,0
0,465000,1.75,4,3,1.0,7,880,850,1730,1570,11700,7820,0,0,1956,0
0,725000,2.5,3,3,2.0,9,2090,0,2090,2860,9847,11483,2,0,1983,0
0,212500,1.0,3,4,1.0,7,920,0,920,1170,14400,9600,0,0,1977,0
0,526000,2.25,4,3,2.0,8,2970,0,2970,2260,54450,6465,0,0,1983,1998
0,244000,1.75,3,3,1.0,7,1460,0,1460,1600,4692,4557,0,0,1988,0
0,373000,3.0,8,3,1.0,7,2850,0,2850,1480,12714,4942,0,0,1959,0
0,979000,1.5,3,4,1.0,8,1700,0,1700,2630,14133,17376,1,0,1954,0
0,324888,1.75,4,4,2.0,8,2160,0,2160,1790,28750,53578,0,0,1978,0
0,875000,1.0,3,4,1.0,7,1220,0,1220,1910,8119,8119,0,0,1955,0
0,940000,1.0,3,4,1.0,7,1220,0,1220,1910,8119,8119,0,0,1955,0
0,280000,2.0,3,3,1.0,7,1780,0,1780,2140,11342,8449,0,0,1964,0
0,382450,2.5,3,3,2.0,8,2220,0,2220,2420,20531,19249,0,0,1998,0
0,246700,2.0,3,4,1.0,7,1610,0,1610,1610,13309,15725,0,0,1967,0
0,135000,1.0,1,3,1.0,6,790,0,790,1240,13062,7137,0,0,1942,0
0,660000,2.25,3,3,2.0,8,2675,0,2675,2300,40910,39438,0,0,1984,0
0,265000,2.0,3,4,1.0,7,1340,0,1340,1630,6783,6458,0,0,1987,0
0,280000,2.5,3,3,2.0,8,1800,0,1800,1770,8697,8390,0,0,1987,0
0,875000,3.0,4,4,1.0,9,1930,1790,3720,3160,14125,15300,0,0,1960,0
0,125000,1.0,3,4,1.0,6,920,0,920,1120,7276,7276,0,0,1961,0
0,269950,1.0,4,2,1.0,7,1440,0,1440,1740,9600,43560,0,0,1964,0
0,359950,2.25,3,4,1.0,8,1100,840,1940,2180,11612,8954,0,0,1981,0
0,417000,1.75,3,4,1.0,8,1590,0,1590,1970,11454,9960,0,0,1979,0
0,1038000,2.5,4,3,2.0,11,3770,0,3770,3710,10893,9685,2,0,1997,0
0,698000,2.5,6,5,1.0,7,1340,1340,2680,2200,11250,9875,0,0,1967,0
0,198500,1.75,3,3,1.0,5,1520,0,1520,1240,7137,8602,0,0,1932,0
0,350000,2.5,4,3,2.0,8,2560,0,2560,2620,5428,5428,0,0,2012,0
0,462600,1.75,3,4,1.0,8,1430,0,1430,2040,11761,10035,0,0,1964,0
0,365070,2.5,4,3,2.0,7,2506,0,2506,2070,6232,8260,0,0,2006,0
0,550000,2.0,4,5,1.0,7,1200,1050,2250,1440,7500,7500,0,0,1956,0
0,910000,2.75,4,4,1.0,9,2040,2150,4190,3050,38912,36884,0,0,1965,0
0,235000,1.75,4,3,2.0,7,1720,0,1720,1350,10137,10205,0,0,1956,0
0,277500,2.0,3,4,2.0,7,1260,0,1260,1430,22100,13000,0,0,1981,0
0,346500,2.5,5,4,1.0,8,1430,590,2020,1680,8250,8959,0,0,1978,0
0,245000,2.5,3,3,1.0,7,1420,400,1820,1710,6785,6055,0,0,1994,0
0,523000,1.5,3,4,1.0,7,1240,0,1240,1260,7735,7500,0,0,1957,0
0,292000,1.75,3,5,1.5,8,1090,0,1090,1640,4500,5225,0,0,1929,0
0,260000,1.75,4,4,1.0,8,1960,0,1960,2080,8400,8400,0,0,1967,0
0,701000,3.0,4,3,2.0,9,2910,0,2910,3040,8540,6091,0,0,2003,0
0,290000,2.25,3,4,1.0,7,1210,290,1500,1480,7482,7308,0,0,1968,0
0,4000000,5.5,4,3,2.0,12,5760,1320,7080,3140,16573,15996,0,0,2008,0
0,415000,2.5,3,3,2.0,8,2480,0,2480,2300,8342,8303,0,0,1986,0
0,222000,1.75,3,3,1.0,8,1070,170,1240,1650,7560,7560,0,0,1967,0
0,245000,2.0,3,3,1.0,7,1390,0,1390,1390,8250,7875,0,0,1987,0
0,215000,1.0,3,4,1.0,7,1060,0,1060,1620,9954,8760,0,0,1960,0
0,522500,1.75,4,4,1.5,7,870,770,1640,2460,9299,14326,0,0,1943,0
0,320000,2.5,4,4,2.0,8,1920,0,1920,2300,7277,7645,0,0,1990,0
0,359950,2.5,3,3,2.0,8,1980,0,1980,1700,7800,20580,0,0,1999,0
0,245000,1.5,4,4,1.5,7,1890,120,2010,1420,7561,6564,0,0,1921,0
0,273000,2.25,3,3,1.0,7,1470,460,1930,1510,8192,8192,0,0,1984,0
0,1191000,2.5,5,3,1.0,8,1720,990,2710,3180,14989,16624,0,0,1959,0
0,400000,1.75,3,4,1.0,8,2110,0,2110,880,19600,10077,0,0,1959,0
0,360000,1.5,3,3,2.0,8,1800,0,1800,1440,22000,16640,0,0,1931,0
0,341000,2.25,3,4,2.0,8,1750,0,1750,1680,8900,7910,0,0,1977,0
0,335000,2.5,4,3,2.0,8,2154,0,2154,2305,6050,5769,0,0,2012,0
0,360000,2.0,3,4,1.0,6,980,980,1960,2190,8846,6363,3,0,1940,0
0,581000,1.75,4,4,1.0,8,1070,1020,2090,1310,8164,7975,0,0,1963,0
0,423000,1.75,4,4,1.0,7,880,850,1730,1550,7245,7245,0,0,1955,0
0,360000,2.5,4,3,2.0,7,2640,0,2640,2640,7388,6383,0,0,2003,0
0,270000,2.5,5,4,1.5,8,2630,0,2630,1780,8470,8575,0,0,1968,0
0,525000,1.75,4,3,1.0,8,1220,900,2120,2160,7725,7725,0,0,1965,0
0,305000,2.0,4,4,1.0,7,1800,0,1800,1730,13551,13551,0,0,1974,0
0,285000,1.75,3,3,1.0,7,1600,0,1600,1620,7500,7461,0,0,1998,0
0,1570000,2.25,4,3,3.0,10,2890,0,2890,2870,18226,11151,4,1,1984,0
0,571900,1.75,4,4,1.0,7,1710,0,1710,1360,8947,10133,0,0,1956,0
0,550000,2.5,3,3,1.0,8,2040,680,2720,2770,62310,204296,0,0,1985,0
0,780000,2.5,4,4,1.0,9,1310,960,2270,2810,13449,13475,0,0,1975,0
0,815000,3.0,6,3,1.0,8,1430,1430,2860,1920,17853,13452,0,0,1962,2015
0,514000,2.0,3,4,1.0,7,1770,0,1770,2250,7200,11250,0,0,1967,0
0,615000,2.75,4,3,1.0,8,1860,960,2820,2580,13193,13193,0,0,1965,0
0,725000,2.5,3,3,2.0,9,2610,0,2610,2610,7510,8458,0,0,1996,0
0,170000,0.75,3,2,1.0,6,1040,0,1040,1270,42180,24090,0,0,1947,0
0,845000,3.25,4,3,1.0,11,2270,610,2880,1910,35315,167378,0,0,1982,0
0,261500,2.5,4,3,1.0,8,1500,960,2460,2210,7800,7800,0,0,1977,0
0,260000,1.5,4,3,1.0,7,1100,1030,2130,1480,8800,8120,0,0,1962,0
0,530000,2.0,4,3,1.0,8,1330,820,2150,2310,14161,14034,2,0,1966,0
0,235000,1.75,3,4,1.0,8,1370,0,1370,2100,14030,15260,0,0,1977,0
0,2400000,3.25,4,3,1.0,10,3300,840,4140,4020,20734,20008,1,0,1977,2005
0,199500,1.75,3,3,1.0,7,1690,0,1690,1690,8901,7532,0,0,1986,0
0,260000,2.5,3,4,2.0,7,1490,0,1490,1640,8102,7943,0,0,1990,0
0,858000,3.0,5,5,1.0,8,1900,1720,3620,2930,12778,10669,2,0,1964,0
0,1275000,2.5,4,5,1.0,9,1870,850,2720,3560,16454,15993,1,0,1963,0
0,242150,1.75,4,4,1.0,7,1490,0,1490,1180,8544,8372,0,0,1970,0
0,220000,1.75,3,3,1.0,7,1230,0,1230,1540,7200,7210,0,0,1986,0
0,235000,2.0,3,4,1.0,7,1340,560,1900,1690,7980,7840,0,0,1977,0
0,465000,2.5,4,4,1.0,8,1550,1500,3050,2350,32450,15390,0,0,1983,0
0,178000,1.0,3,4,1.0,7,1100,0,1100,1770,5734,6050,0,0,1955,0
0,215000,1.0,3,3,1.0,7,1080,530,1610,1800,7140,7600,0,0,1976,0
0,300000,2.75,3,3,1.0,8,1210,700,1910,2450,15508,7989,0,0,1984,0
0,183000,1.5,3,4,2.0,6,1280,0,1280,1280,4366,4366,0,0,1985,0
0,192950,1.0,3,4,2.0,6,1170,0,1170,1090,3330,3330,0,0,1969,0
0,156000,1.0,2,4,1.0,6,920,0,920,1210,5889,6180,0,0,1950,0
0,248000,1.75,5,3,1.0,8,1380,810,2190,1920,16788,8366,2,0,1978,0
0,899100,2.5,5,4,1.0,8,1400,1010,2410,2440,15300,15300,0,0,1975,0
0,315000,1.75,3,3,1.0,8,1460,0,1460,2050,7884,7210,0,0,1975,0
0,535000,1.75,2,3,1.0,7,1450,880,2330,1830,7280,12178,0,0,1982,0
0,430000,1.0,3,3,1.0,8,1740,0,1740,1600,4800,4800,0,0,1952,0
0,250000,1.0,3,3,1.0,7,1060,0,1060,1900,52272,5971,0,0,1960,0
0,560000,2.75,4,4,1.0,9,1580,1350,2930,2930,22000,9758,3,0,1978,0
0,289500,2.25,3,3,2.0,7,2120,0,2120,2420,3400,3400,0,0,2002,0
0,330000,1.75,3,3,1.0,7,1460,0,1460,1550,9261,8800,0,0,1985,0
0,480000,2.0,5,4,1.0,7,1340,1250,2590,1750,8610,8610,0,0,1958,0
0,705000,1.5,4,3,1.5,8,1780,0,1780,1710,3120,3600,3,0,1926,0
0,348500,1.5,3,4,1.0,7,1360,0,1360,1650,10726,10726,0,0,1966,0
0,370000,1.5,3,4,1.0,7,1360,0,1360,1650,10726,10726,0,0,1966,0
0,230000,1.75,3,3,1.0,7,1100,240,1340,1540,8250,7860,0,0,1985,0
0,715000,2.25,3,3,3.0,9,1990,0,1990,1280,4977,5000,0,0,2012,0
0,240415,1.75,3,3,1.0,7,1120,0,1120,1900,10187,8736,0,0,1968,0
0,366000,1.75,3,3,1.0,8,1680,0,1680,2220,6108,5664,0,0,1989,0
0,978000,2.75,4,3,2.0,9,2890,0,2890,2890,7821,10108,0,0,2014,0
0,660000,1.0,2,4,1.0,6,960,0,960,1460,6263,6054,1,0,1942,0
0,453000,2.5,3,3,2.0,8,1750,0,1750,1750,3900,5700,0,0,1977,0
0,800000,1.75,4,4,1.0,7,2150,0,2150,2370,9148,9148,0,0,1955,0
0,1150000,2.75,3,3,2.0,7,3230,0,3230,2560,75889,72229,4,1,1925,1993
0,160134,1.5,3,3,1.0,7,1190,0,1190,1190,10116,9905,0,0,1968,0
0,221000,1.0,3,3,1.0,7,1250,0,1250,1450,7280,7350,0,0,1965,0
0,359950,1.0,3,4,1.0,7,1290,0,1290,2370,189486,98881,0,0,1960,0
0,450000,2.25,3,4,2.0,8,1960,0,1960,1860,6500,6160,0,0,1977,0
0,939000,2.25,4,4,2.0,9,2240,0,2240,2440,9684,9618,0,0,1970,0
0,580000,2.25,3,3,1.0,8,1320,320,1640,1770,8625,9476,0,0,1987,0
0,399000,2.5,4,3,2.0,9,2800,0,2800,2750,4687,4750,0,0,2005,0
0,353000,2.75,4,3,1.0,7,1410,790,2200,2240,268329,58806,0,0,1989,0
0,475000,3.0,3,3,2.0,7,1860,150,2010,1370,2554,5100,0,0,2001,0
0,249950,1.75,4,3,1.0,7,1620,0,1620,1890,10530,9975,0,0,1968,0
0,1150000,3.25,4,3,2.0,11,4400,0,4400,3240,262666,9791,0,0,1988,0
0,1088889,2.75,4,4,1.0,9,1780,1680,3460,3200,11350,13874,4,0,1974,0
0,235000,1.5,3,3,1.0,7,1980,0,1980,1510,11214,9072,0,0,1959,0
0,270000,2.5,4,3,2.0,7,1810,0,1810,1760,6509,7417,0,0,1994,0
0,5570000,5.75,5,3,2.0,13,6200,3000,9200,3560,35069,24345,0,0,2001,0
0,335000,2.25,3,3,2.0,7,2150,0,2150,2010,30476,10800,0,0,1991,0
0,247000,2.25,3,4,1.0,8,1180,460,1640,1930,7630,7630,0,0,1968,0
0,475000,1.0,3,3,1.0,8,1600,0,1600,1760,7161,8280,0,0,1953,0
0,275000,2.5,3,3,2.0,7,3020,0,3020,2710,5868,5470,0,0,2003,0
0,285000,1.75,4,3,1.0,7,1070,800,1870,2100,22072,10185,0,0,1959,0
0,1670000,3.5,5,4,2.0,11,4320,0,4320,4320,40816,44584,0,0,1997,0
0,320000,2.75,4,4,1.0,8,1310,1300,2610,1900,9077,10500,0,0,1987,0
0,249950,1.5,3,5,1.0,7,1090,0,1090,1540,7698,7624,0,0,1966,0
0,675000,3.5,4,3,2.0,9,3090,0,3090,2400,100835,50543,0,0,1999,0
0,225000,2.5,4,3,2.0,8,1700,0,1700,1930,6031,6035,0,0,1994,0
0,812000,3.25,3,3,2.0,9,3240,0,3240,3420,8338,8405,0,0,2001,0
0,360000,3.0,4,3,2.0,8,2483,0,2483,1943,6870,6434,0,0,2005,0
0,725000,2.5,4,3,2.0,8,2650,0,2650,2230,18295,19856,0,0,1986,0
0,263500,1.75,3,4,1.0,6,770,770,1540,1140,6273,5512,0,0,1951,0
0,500000,2.5,3,3,2.0,9,3040,0,3040,3040,5326,5442,0,0,2008,0
0,284000,3.0,4,3,1.0,8,1490,550,2040,1940,7145,7145,0,0,1994,0
0,468000,2.0,3,3,1.0,7,820,750,1570,1510,6300,4281,0,0,1953,2005
0,720000,2.5,3,3,2.0,11,2820,0,2820,2820,14250,12600,0,0,1991,0
0,315001,1.75,3,2,1.0,7,1500,0,1500,1770,10230,8374,0,0,1968,0
0,360000,2.0,3,5,1.0,7,1630,0,1630,1450,10723,10723,0,0,1959,0
0,308000,2.5,4,3,2.0,8,2020,0,2020,2820,7277,7284,0,0,1993,0
0,2000000,4.0,5,3,3.0,10,4580,0,4580,2710,4443,4443,4,1,2004,0
0,340000,2.5,3,3,2.0,8,2270,0,2270,2160,7917,7917,0,0,1986,0
0,393000,1.75,4,4,1.0,8,1790,0,1790,2000,11801,12988,0,0,1974,0
0,150000,1.0,3,3,1.0,7,1320,0,1320,1120,24684,21214,0,0,1979,0
0,327000,2.25,4,3,1.0,8,1200,420,1620,1620,106722,38400,0,0,1980,0
0,444900,2.5,4,3,2.0,9,3120,0,3120,2980,7448,8102,0,0,1998,0
0,305000,2.5,4,3,2.0,8,2100,0,2100,2370,14773,15440,0,0,1998,0
0,525000,1.75,3,5,1.0,8,1520,0,1520,2150,7875,9428,0,0,1969,0
0,295500,2.5,4,3,1.0,8,1690,1140,2830,2350,7350,7768,0,0,1982,0
0,300000,2.5,4,3,2.0,7,2200,0,2200,2641,8065,8535,0,0,1998,0
0,413107,1.5,3,4,1.0,7,1420,0,1420,2000,7520,7520,0,0,1956,0
0,312000,2.5,3,3,2.0,8,2280,0,2280,2550,6386,4835,0,0,2008,0
0,275000,2.5,4,4,1.0,8,1620,560,2180,1950,11132,13801,0,0,1978,0
0,320000,1.5,4,4,1.0,7,1270,950,2220,1800,6811,7350,0,0,1961,0
0,810000,1.5,3,4,1.0,7,1520,0,1520,3260,9041,10020,0,0,1954,0
0,274000,1.75,3,4,1.0,7,1090,500,1590,1590,7620,7620,0,0,1984,0
0,263400,2.0,4,3,1.0,6,960,400,1360,1930,60548,28800,0,0,1960,0
0,265000,1.0,3,3,1.0,6,1360,0,1360,1360,5967,6052,0,0,1954,0
0,418000,3.0,4,3,1.0,7,1460,900,2360,2500,6250,6250,2,0,1960,0
0,1442500,2.25,3,4,2.5,8,2630,0,2630,2640,9705,14284,2,0,1987,0
0,195000,1.0,2,3,1.0,6,720,0,720,1250,18000,7925,0,0,1950,0
0,221000,1.0,3,4,1.5,6,1240,0,1240,1240,5250,5250,0,0,1904,0
0,900000,2.25,5,3,1.0,9,2510,0,2510,3160,35691,35037,0,0,1967,0
0,290000,1.75,3,3,1.0,7,1350,710,2060,1520,7251,7582,0,0,1987,0
0,160000,1.0,2,3,1.0,6,930,0,930,2240,7742,8723,0,0,1933,0
0,185000,1.0,2,4,1.0,5,670,0,670,1700,6750,11520,0,0,1947,0
0,345000,2.5,4,3,1.0,8,1370,1050,2420,2290,11481,8985,0,0,1985,0
0,203000,1.0,3,4,1.0,6,1150,0,1150,1210,7156,7156,0,0,1953,0
0,319000,1.0,2,4,1.0,7,960,0,960,1520,4400,5000,0,0,1951,0
0,362300,2.5,3,3,2.0,8,2430,0,2430,2260,15264,10416,0,0,1997,0
0,421000,2.5,3,4,1.0,7,1440,490,1930,1550,4505,4505,3,0,1973,0
0,238000,1.75,4,3,1.0,7,910,740,1650,1540,6900,7645,0,0,1978,1993
0,1050000,4.0,6,3,2.0,10,3600,1710,5310,4190,12741,12632,2,0,1967,0
1,302500,2.5,3,3,2.0,7,1690,0,1690,2250,4476,4488,0,0,2008,0
0,259950,1.75,4,3,1.0,7,1400,0,1400,1910,7920,7700,0,0,1963,0
0,268000,2.5,3,3,2.0,7,1850,0,1850,1700,6676,6663,0,0,1986,0
0,345000,1.0,3,3,1.0,6,920,200,1120,1350,10176,7500,0,0,1905,0
0,851000,3.25,5,3,2.0,9,2550,1210,3760,2960,9792,16500,0,0,1984,0
0,390000,1.75,3,4,1.0,7,1260,0,1260,1500,6500,7700,0,0,1966,0
0,263000,1.0,3,3,1.0,6,1250,0,1250,1270,7560,7615,0,0,1959,0
0,760000,2.5,4,3,2.0,9,3020,1640,4660,3300,7157,7047,0,0,2003,0
0,245000,2.0,3,3,1.0,7,1490,0,1490,1650,7929,7929,0,0,1989,0
0,240000,1.0,3,4,1.0,7,1030,0,1030,1430,15264,14840,0,0,1962,0
0,880000,2.75,4,4,1.0,8,1450,1110,2560,2500,7961,9009,2,0,1975,0
0,285000,2.0,3,3,1.0,7,1460,0,1460,1600,6377,6250,0,0,1995,0
0,325000,2.5,4,3,2.0,7,1960,0,1960,2420,3543,3646,0,0,2004,0
0,405000,1.75,3,3,1.0,7,1390,510,1900,2000,10454,12000,0,0,1978,0
0,1130000,3.5,4,3,2.0,11,3580,720,4300,2770,8406,10006,1,0,1987,0
0,399950,2.5,4,3,2.0,7,3200,0,3200,2840,7545,7137,0,0,2003,0
0,1160000,2.5,4,3,2.0,10,4240,0,4240,3720,43995,59522,0,0,1989,0
0,1405000,3.5,4,3,2.0,10,3410,0,3410,2650,10769,10058,0,0,2008,0
0,650000,1.0,3,4,1.0,6,1230,180,1410,1410,4840,5400,2,0,1942,0
0,865000,2.5,4,4,1.0,8,1770,490,2260,2630,13600,13995,0,0,1974,0
0,2485000,2.5,4,5,1.5,10,2260,1180,3440,4230,23954,18723,3,1,1931,0
0,208000,1.0,2,4,1.0,5,700,0,700,970,5100,5811,0,0,1953,0
0,280000,1.0,3,4,1.0,7,1020,0,1020,1690,8400,8030,0,0,1957,0
0,289950,2.5,3,5,1.5,7,1760,0,1760,2160,8584,8584,0,0,1937,0
0,397500,2.5,3,3,1.0,7,1860,0,1860,1900,44093,6130,0,0,1978,0
0,238000,1.0,3,3,1.0,7,1020,450,1470,2640,32670,24100,0,0,1958,0
0,296000,1.5,4,3,1.0,7,1070,300,1370,1540,9750,9789,0,0,1953,0
0,605000,2.25,3,4,1.0,8,1530,550,2080,2320,12134,12400,0,0,1973,0
0,324000,1.75,4,3,1.0,8,1170,940,2110,1820,7208,7208,0,0,1975,0
0,390000,2.5,4,3,2.0,9,2490,0,2490,2690,8290,7008,0,0,1999,0
0,414000,1.0,2,3,1.0,6,800,0,800,1220,5000,5000,0,0,1938,0
0,758000,2.75,4,4,1.0,7,1780,630,2410,2090,9549,9549,0,0,1956,0
0,949880,2.25,4,3,2.0,9,2290,0,2290,2290,10687,10300,0,0,1978,0
0,736000,2.5,4,4,2.0,9,2290,0,2290,3130,12047,15666,0,0,1988,0
0,765000,2.5,3,3,2.0,8,2300,0,2300,2640,9752,10764,2,0,1968,2003
0,828200,2.75,4,3,2.0,9,3400,0,3400,3060,7081,7081,0,0,2001,0
0,205000,1.0,2,3,1.0,6,900,0,900,1430,4397,4500,0,0,1918,0
0,423000,2.5,4,3,2.0,8,2320,0,2320,2330,4254,4602,0,0,2004,0
0,375000,1.75,3,3,1.0,8,1590,0,1590,2040,14766,10190,0,0,1963,0
0,173250,1.0,3,3,1.5,7,990,0,990,1260,12696,8937,0,0,1936,0
0,1195000,4.0,4,3,2.0,11,3360,690,4050,3330,9517,9436,0,0,1990,0
0,267500,1.0,2,4,2.5,6,1747,0,1747,1620,12250,10300,0,0,1948,0
0,299800,2.5,4,3,2.0,8,2410,0,2410,2517,4708,5290,0,0,2002,0
0,430000,1.75,4,4,1.0,7,1250,820,2070,1650,9120,8400,0,0,1958,0
0,412000,3.0,4,3,2.0,8,2430,0,2430,2430,7242,7242,0,0,2003,0
0,300000,2.5,4,3,2.0,8,2890,0,2890,2330,17349,22356,0,0,1994,0
0,415000,2.5,3,4,2.0,7,1280,0,1280,1500,5040,5040,0,0,1985,0
0,266000,1.5,3,4,1.0,7,1120,0,1120,1320,8250,8400,0,0,1957,0
0,650000,3.5,4,3,2.0,9,2110,1160,3270,3020,15704,8582,0,0,1990,0
1,248500,1.75,4,5,1.0,7,1720,0,1720,1220,10018,10018,0,0,1960,0
0,379600,1.75,3,4,1.0,7,1270,0,1270,1560,12420,9910,0,0,1962,0
0,545000,2.25,4,3,2.0,8,2050,0,2050,2310,9720,9680,0,0,1967,0
0,502000,1.75,3,4,1.0,8,1300,0,1300,1350,8800,8800,0,0,1963,0
0,233500,2.25,3,3,2.0,7,1650,0,1650,1510,2958,3788,0,0,1985,0
0,287000,2.5,3,3,2.0,7,1710,0,1710,1830,10341,9358,2,0,1986,0
0,190000,1.0,3,3,1.0,7,1180,0,1180,1300,8775,8100,0,0,1966,0
0,1490000,3.5,5,3,2.0,10,2790,830,3620,2690,7821,9757,2,0,1958,2010
0,393000,2.25,3,3,2.0,8,2140,0,2140,2040,10256,11717,0,0,1987,0
0,353000,2.75,4,3,1.0,8,1010,910,1920,1910,4627,7210,0,0,1998,0
0,680000,2.5,3,3,2.0,8,1900,160,2060,2060,2551,2936,0,0,2001,0
0,921000,2.25,3,4,1.0,8,2380,0,2380,2010,11200,11200,0,0,1963,0
0,219000,1.5,3,4,1.0,7,1060,680,1740,1540,5200,5200,0,0,1977,0
0,528000,2.75,4,3,1.0,8,1540,510,2050,1960,7171,7110,0,0,1988,0
0,800866,2.5,5,4,2.0,10,3180,0,3180,3180,13806,13798,0,0,1990,0
0,950000,3.5,7,4,2.0,9,3470,0,3470,3040,16264,13500,0,0,1980,0
0,1850000,2.25,5,3,2.0,9,2800,0,2800,3220,8442,9156,4,1,1963,2001
0,315000,1.75,3,4,1.0,7,1480,0,1480,1500,6800,7900,0,0,1968,0
0,675000,2.0,3,5,1.0,6,1010,0,1010,1920,5973,6015,0,0,1942,0
0,490000,1.75,3,4,1.0,8,1660,0,1660,2210,8208,11000,0,0,1965,0
0,205500,2.0,3,3,1.0,7,1330,0,1330,1510,8748,8584,0,0,1986,0
0,275000,2.5,4,3,2.0,7,2120,0,2120,2120,6754,6937,0,0,1998,0
0,248500,1.75,3,4,1.0,7,2090,0,2090,1700,12026,9496,0,0,1948,0
0,350000,2.5,3,3,2.0,8,2680,0,2680,2340,7836,8040,0,0,1990,2009
0,660000,2.25,5,4,1.5,9,3740,0,3740,2180,14913,7600,0,0,1979,0
0,429000,2.5,3,3,2.0,8,2530,0,2530,2340,8820,9472,0,0,1997,0
0,220000,2.0,4,3,1.0,7,1400,0,1400,1610,7140,10500,0,0,1969,0
0,937500,1.0,3,4,1.0,7,1320,0,1320,2790,8500,10800,0,0,1954,0
0,259000,2.0,3,3,1.0,7,1390,0,1390,1530,7120,7688,0,0,1988,0
0,310000,2.5,3,3,2.0,7,1670,0,1670,1670,4220,4238,0,0,2002,0
0,227500,1.0,3,4,1.0,7,1540,0,1540,1210,9450,9450,0,0,1960,0
0,274000,2.25,4,3,1.0,9,1670,420,2090,2260,7400,8000,0,0,1973,0
0,354800,2.0,3,5,1.0,7,1370,0,1370,1620,78408,9690,0,0,1964,0
0,353000,2.0,3,3,1.0,7,1678,0,1678,1550,13862,11753,0,0,1994,0
0,224975,1.0,3,4,1.0,6,960,0,960,1160,12745,10488,0,0,1977,0
0,675000,1.75,4,3,1.0,8,1140,760,1900,2280,8800,8800,0,0,1975,0
0,310000,1.75,3,4,1.0,7,1420,650,2070,2011,37904,19110,0,0,1973,0
0,410000,2.5,4,4,2.0,7,3320,0,3320,2580,5034,4950,0,0,2006,0
0,349000,2.5,4,3,2.0,7,1830,0,1830,1830,4694,5175,0,0,2003,0
0,760000,1.75,3,4,1.0,7,1410,0,1410,1880,15120,15120,0,0,1950,0
0,195000,1.75,3,4,1.0,7,1070,0,1070,1350,6110,6148,0,0,1968,0
0,404000,3.0,4,3,1.0,9,2030,2030,4060,2950,35621,35259,0,0,1989,0
0,339900,2.5,3,3,2.0,8,2420,0,2420,2260,7423,7629,0,0,1990,0
0,219000,1.0,3,3,1.0,6,970,0,970,1150,7790,8160,0,0,1967,0
0,233000,2.0,3,3,1.0,7,1350,0,1350,1470,7686,7686,0,0,1989,0
0,248000,1.75,3,4,1.0,8,1270,570,1840,1910,19501,12000,0,0,1972,0
0,359000,2.5,3,5,2.0,8,1730,700,2430,2160,7857,8740,0,0,1980,0
0,224000,1.5,3,4,1.0,7,1040,520,1560,1460,7300,7910,0,0,1964,0
0,261000,1.75,4,5,1.0,7,1820,0,1820,1410,9824,11013,0,0,1968,0
0,428000,2.5,2,3,2.0,8,1414,0,1414,1414,1960,2511,0,0,1986,0
0,199950,1.75,3,4,1.0,7,1550,0,1550,1760,6225,9496,0,0,1949,0
0,330000,2.5,5,3,2.0,7,3597,0,3597,3193,4972,6000,0,0,2006,0
0,320000,2.5,4,5,2.0,8,2190,0,2190,2190,7125,8075,0,0,1978,0
0,596000,2.25,4,5,1.0,8,1720,550,2270,2270,10000,10148,0,0,1974,0
0,220000,2.25,4,4,2.0,8,1950,0,1950,1910,7280,7280,0,0,1979,0
0,325000,2.5,3,3,2.0,8,1880,0,1880,1970,6818,7000,0,0,1993,0
0,268000,1.75,3,4,1.0,7,1370,0,1370,1720,10050,10050,1,0,1966,0
0,228000,1.0,0,2,1.0,4,390,0,390,2170,5900,6000,0,0,1953,0
0,475000,1.75,2,3,1.0,8,1490,0,1490,2350,224334,213879,2,0,1983,0
0,700000,1.5,3,4,1.0,7,1460,0,1460,3320,78408,7787,0,0,1963,0
0,215000,2.0,4,4,1.0,7,1040,500,1540,1720,7575,7575,0,0,1978,0
0,593450,2.25,4,4,2.0,8,2130,0,2130,1910,7172,7653,0,0,1964,0
0,265000,1.75,3,3,1.0,8,1340,340,1680,1730,9769,9686,0,0,1989,0
0,285000,2.25,4,4,1.0,8,1220,740,1960,1650,10400,8660,0,0,1985,0
0,240000,1.75,3,3,1.0,7,1190,400,1590,1680,7931,7931,0,0,1979,0
0,261000,1.0,4,3,1.0,7,1390,0,1390,1230,17739,7840,0,0,1958,0
0,330000,1.75,4,3,1.0,8,1610,830,2440,2180,7350,7680,0,0,1978,0
0,250000,2.0,4,4,1.0,7,1540,310,1850,1620,7560,7658,0,0,1978,0
0,350000,2.5,4,3,2.0,8,2800,0,2800,1970,9538,7750,0,0,1993,0
0,275000,2.0,3,4,1.0,7,1000,910,1910,1780,8050,7344,0,0,1980,0
0,952000,1.75,2,3,1.0,10,2320,1170,3490,3490,88909,40185,3,0,1980,0
0,365000,2.5,3,5,1.0,8,1570,630,2200,2350,7350,7557,0,0,1988,0
0,310000,2.5,3,3,2.0,7,1670,0,1670,1610,5791,6034,0,0,1995,0
0,325000,1.75,3,4,1.0,7,2920,0,2920,1560,10573,10572,0,0,1964,0
0,550000,1.75,3,3,1.0,8,1840,0,1840,2850,9401,14323,0,0,1971,0
0,599000,2.5,5,3,2.0,8,2950,0,2950,1480,72309,56192,0,0,2006,0
0,240000,2.5,4,3,2.0,7,1980,0,1980,1600,7264,6380,0,0,1996,0
0,186000,1.0,3,4,1.0,7,1200,0,1200,1230,10080,9800,0,0,1969,0
0,475000,2.5,4,3,2.0,9,3150,0,3150,3100,5757,5757,0,0,2004,0
0,572000,1.5,3,4,1.0,7,1680,0,1680,1760,13751,13500,0,0,1951,0
0,298700,2.25,3,3,1.0,8,1530,580,2110,2640,7350,7777,0,0,1980,0
0,278000,1.5,3,3,1.0,7,1120,780,1900,1900,9994,9994,0,0,1960,0
0,620000,3.0,5,3,1.0,8,1270,1270,2540,2090,11422,10741,0,0,1962,2014
0,1895000,2.25,5,4,2.0,9,3120,0,3120,3740,16672,17853,0,0,1969,0
0,1939999,2.25,5,4,2.0,9,3120,0,3120,3740,16672,17853,0,0,1969,0
0,832500,2.0,3,4,1.0,7,1870,0,1870,1970,9527,11904,0,0,1951,1997
0,245000,1.0,3,5,1.0,7,1010,0,1010,1010,9678,9375,0,0,1955,0
0,369000,2.75,4,3,2.0,8,2420,0,2420,2420,6495,6200,0,0,2005,0
0,653000,3.0,3,3,3.0,10,3040,0,3040,1820,5067,5998,2,0,1993,0
0,360000,2.5,4,3,2.0,7,1950,0,1950,2240,5451,6221,0,0,2004,0
0,268000,1.5,4,4,1.5,5,1730,0,1730,1110,7020,7020,0,0,1953,0
0,359000,2.25,4,4,1.0,7,1850,860,2710,1700,22860,22860,0,0,1962,0
0,266500,1.75,4,4,1.0,7,1180,700,1880,1840,7632,8528,0,0,1978,0
0,635000,2.5,4,3,2.0,8,2930,0,2930,2030,8679,7264,0,0,2014,0
0,559000,2.5,3,3,2.0,9,3110,0,3110,2220,217800,217800,0,0,2001,0
0,650000,2.25,4,4,1.0,7,1880,560,2440,1530,9320,9335,0,0,1957,0
0,312500,1.75,4,3,1.0,7,1280,1000,2280,2120,7840,7260,0,0,1957,0
0,225000,1.0,3,3,1.0,6,790,110,900,1240,6099,6099,0,0,1944,0
0,425000,1.75,4,3,1.0,7,1330,650,1980,1920,8400,8400,0,0,1968,0
0,572000,2.25,5,3,2.0,8,2340,0,2340,2140,9225,9348,0,0,1973,0
0,386500,2.5,4,3,2.0,8,3110,0,3110,3110,5048,5190,0,0,2002,0
0,214100,2.5,2,3,2.0,7,1150,0,1150,1880,2064,2855,0,0,2004,0
0,317000,2.5,3,3,2.0,8,1840,0,1840,2000,5011,4793,0,0,2012,0
0,525000,2.5,4,3,2.0,8,3070,0,3070,2590,7200,7200,0,0,2005,0
0,450000,1.75,3,3,1.0,8,1540,0,1540,1990,9154,10273,0,0,1983,0
0,588500,1.75,3,3,1.0,8,1970,360,2330,2570,14892,14217,0,0,1980,0
0,482000,2.5,4,3,1.5,8,1976,870,2846,1696,85377,57934,0,0,2000,0
0,749000,2.5,3,3,2.0,8,3380,0,3380,1810,7126,7308,0,0,1965,2003
0,330000,1.5,3,4,1.0,8,1440,0,1440,1800,7875,8964,0,0,1968,0
0,147200,1.0,3,4,1.0,6,1420,0,1420,1400,9600,8415,0,0,1954,0
0,790000,3.25,5,3,2.0,9,2130,900,3030,2890,20446,20908,2,0,1976,0
0,875000,1.5,3,4,1.0,7,1820,0,1820,3020,12686,11550,0,0,1952,0
0,335000,1.75,3,4,1.0,7,1410,1020,2430,1980,9133,9592,0,0,1978,0
0,550000,1.75,3,4,1.0,8,1670,0,1670,2290,10798,10798,0,0,1962,0
0,233500,1.5,3,4,1.0,6,1580,0,1580,1400,10517,10658,0,0,1957,0
0,1025000,3.5,4,4,1.0,10,2040,1280,3320,3240,19850,15470,2,0,1977,0
0,525000,1.75,3,4,1.0,8,1970,0,1970,1910,8000,8000,0,0,1968,0
0,430000,3.0,4,3,2.0,9,2450,770,3220,2810,8936,10500,0,0,1990,0
0,439950,2.25,3,4,2.0,8,2170,0,2170,2430,15000,14256,0,0,1978,0
0,219950,1.0,3,3,1.0,7,1300,0,1300,1420,9620,9620,0,0,1971,0
0,285000,1.5,3,4,1.0,8,1780,0,1780,2460,12231,12663,0,0,1956,0
0,576000,1.75,3,4,1.0,7,1500,0,1500,2020,13891,13891,0,0,1951,0
0,324950,2.5,4,3,2.0,7,2641,0,2641,2641,8615,8091,0,0,1998,0
0,464000,2.5,3,4,1.0,8,1520,940,2460,1745,5400,5400,0,0,2001,0
0,266000,2.25,4,4,2.0,8,1995,0,1995,1880,7102,7950,0,0,1981,0
0,280000,2.0,3,3,1.0,7,1470,0,1470,1530,8089,7721,0,0,1987,0
0,195000,1.0,3,4,1.0,7,1070,0,1070,1240,7615,6906,0,0,1969,0
0,235000,1.5,3,4,1.0,7,1080,580,1660,1500,8738,8466,0,0,1959,0
1,711800,2.25,4,4,1.0,8,2410,0,2410,2720,16650,11141,0,0,1965,0
0,560000,1.75,3,4,1.5,8,2340,0,2340,1970,12443,9600,0,0,1965,0
0,340000,1.75,3,3,1.0,7,1330,550,1880,1870,11249,14547,0,0,1985,0
0,1385000,2.75,6,4,1.0,10,2850,2850,5700,3690,20000,15700,4,0,1977,0
0,350000,3.0,3,3,1.0,8,2360,840,3200,3090,35782,37887,0,0,1978,0
0,269950,2.25,3,4,1.0,7,1150,360,1510,1510,6000,6000,0,0,1993,0
0,339000,2.0,3,3,1.5,9,2350,0,2350,2430,8459,8459,0,0,1989,0
0,460000,2.0,3,4,2.0,7,1760,0,1760,2010,9055,9383,0,0,1985,0
0,461550,1.5,3,3,1.0,7,1790,300,2090,2180,11895,11072,0,0,1954,0
0,859000,2.5,3,4,2.0,8,2920,0,2920,3150,434728,55216,3,0,1999,0
0,435000,2.5,4,4,2.0,8,2130,0,2130,2220,10375,8508,0,0,1986,0
0,465000,3.0,3,3,1.0,8,1420,870,2290,1890,15600,14143,0,0,1948,1990
0,740000,1.75,3,4,1.0,9,2020,0,2020,3050,9478,15594,0,0,1961,0
0,250000,2.0,3,3,1.0,7,990,440,1430,1430,7280,7280,0,0,1980,0
0,656000,2.5,2,3,3.0,7,1820,450,2270,2180,1763,1763,0,0,2009,0
0,300000,2.5,4,3,2.0,8,1910,0,1910,1910,8058,6500,0,0,1992,0
0,311000,2.5,4,3,2.0,7,2690,0,2690,2300,6124,6002,0,0,2007,0
0,232000,1.0,2,3,1.0,6,810,150,960,960,8100,12150,0,0,1936,0
0,350000,2.0,3,3,1.0,7,1680,0,1680,2480,81893,38637,0,0,1991,0
0,355000,2.25,3,3,1.0,8,1600,360,1960,1980,7000,7140,0,0,1980,0
0,823000,2.5,3,4,2.0,9,2560,0,2560,2710,9825,12034,0,0,1988,0
0,961500,2.5,3,3,2.0,10,3910,0,3910,2280,14000,14000,0,0,1999,0
0,833000,1.75,4,3,1.0,9,2260,0,2260,2430,12238,10204,0,0,1967,0
0,1150000,2.5,4,3,2.0,10,3340,0,3340,1770,10422,9490,0,0,1996,0
0,555000,1.75,4,3,1.5,7,1760,0,1760,3030,94525,34848,0,0,1988,0
0,569950,2.75,5,4,1.0,7,1600,910,2510,2910,28185,14880,0,0,1963,0
0,310000,2.5,4,3,2.0,8,2430,0,2430,2890,5499,5190,0,0,2002,0
0,499900,1.75,3,3,1.0,8,1630,800,2430,2390,8820,10050,2,0,1977,0
0,492000,2.25,3,3,2.0,8,2100,0,2100,2050,7335,8930,0,0,1983,0
0,1309500,4.5,4,3,2.0,10,3600,1150,4750,3600,13912,22124,2,0,2005,0
0,215000,1.0,3,4,1.0,6,1150,0,1150,1230,7560,7560,0,0,1958,0
0,210000,1.5,4,3,1.0,7,1370,550,1920,1550,10403,9619,0,0,1959,0
0,245000,1.75,3,4,1.0,7,1140,580,1720,1330,9342,7540,0,0,1981,0
0,299000,2.5,4,3,2.0,8,2400,0,2400,2406,6078,7642,0,0,2001,0
0,510000,2.5,3,3,2.0,10,2540,0,2540,3190,40106,71797,0,0,1991,0
0,198000,1.75,4,4,1.0,7,1050,1030,2080,1500,7200,7350,0,0,1966,0
1,950000,3.25,5,3,2.0,10,3400,0,3400,2650,7452,8749,0,0,1999,0
0,300000,1.75,4,3,2.0,8,2200,0,2200,1910,7600,7600,0,0,1978,0
0,528000,1.75,5,3,1.0,7,1200,940,2140,1600,8580,9206,0,0,1962,0
0,507000,3.25,5,3,2.0,9,3030,820,3850,2640,16249,7393,2,0,2002,0
0,255000,1.75,3,4,1.0,7,1340,0,1340,1370,7210,7210,0,0,1975,0
0,220000,1.5,1,4,1.5,8,1100,0,1100,1400,3451,4560,0,0,1978,0
0,690700,2.75,5,3,2.0,9,2870,0,2870,2800,5349,5000,0,0,2005,0
0,250000,2.75,4,4,1.0,7,1000,910,1910,1880,7700,7875,0,0,1980,0
0,320000,2.5,3,3,2.0,7,2130,0,2130,1670,6969,9545,0,0,2003,0
0,565000,2.5,4,4,2.0,9,2240,0,2240,2410,14667,11243,0,0,1989,0
0,529888,2.5,4,3,2.0,8,3140,0,3140,3140,8455,7391,0,0,2003,0
0,489000,2.5,4,3,2.0,9,2710,1200,3910,2650,8442,7576,0,0,2000,0
0,395000,2.5,3,3,2.0,7,2250,0,2250,2250,3757,4556,0,0,2006,0
0,169000,1.0,3,3,1.0,7,910,0,910,1020,7686,7686,0,0,1969,0
0,420000,2.5,3,3,2.0,9,2480,0,2480,2870,6180,6180,0,0,1999,0
0,822000,2.0,3,3,2.0,9,1840,570,2410,2930,13300,10900,0,0,1985,0
0,1500000,2.75,4,4,1.0,9,2310,620,2930,3810,25697,20681,0,0,1964,0
0,485000,2.25,3,3,1.0,8,1180,390,1570,1620,6810,6584,0,0,1988,0
0,270000,1.0,4,3,1.0,7,1200,700,1900,1440,8505,8505,0,0,1956,0
0,300000,2.5,6,4,1.0,8,1390,1200,2590,2270,11250,8360,0,0,1978,0
0,878000,2.5,4,3,2.0,9,3810,0,3810,3290,7728,7728,0,0,2007,0
0,590000,2.5,3,3,2.0,9,2290,0,2290,2290,4203,5089,0,0,2001,0
0,240000,1.75,3,4,1.0,7,1100,0,1100,1430,7373,8415,0,0,1968,0
0,395000,2.5,4,3,2.0,8,2810,0,2810,1680,10951,6625,0,0,2003,0
0,169000,1.0,3,3,1.0,6,890,0,890,1100,7110,8375,0,0,1957,0
0,200500,2.0,3,3,1.0,7,1280,0,1280,1800,14972,9698,0,0,1963,0
0,308000,2.5,3,3,2.0,8,2320,0,2320,2360,7140,7955,0,0,1990,0
0,290256,2.25,3,3,2.0,8,1720,0,1720,2340,7885,7885,0,0,1983,0
0,279950,1.75,3,4,1.0,7,1040,490,1530,1530,8800,8690,0,0,1967,0
0,630000,1.0,3,5,1.0,6,1360,0,1360,1890,13000,19650,0,0,1945,0
0,1160000,3.0,4,3,2.0,8,2680,0,2680,4480,15438,14406,2,0,1902,1956
0,220000,1.75,3,3,1.0,7,1260,640,1900,2000,7680,7740,0,0,1959,0
0,526000,2.25,3,4,1.0,8,1250,750,2000,2060,18099,12000,0,0,1978,0
0,750000,2.5,4,3,2.0,9,2890,90,2980,2980,4930,6099,0,0,2000,0
0,329000,2.0,4,5,1.0,7,1850,0,1850,1730,9126,9110,0,0,1963,0
0,190000,1.0,2,4,1.0,6,670,0,670,1660,3101,4100,0,0,1948,0
0,772650,2.5,4,3,1.0,7,2660,0,2660,2640,10800,10800,0,0,1955,2014
0,355000,2.5,3,4,2.0,8,2110,0,2110,2110,4038,3727,0,0,1989,0
0,492450,1.75,3,2,1.0,8,1200,340,1540,1620,13002,10098,0,0,1984,0
0,813000,1.75,3,3,1.0,8,2080,0,2080,2240,11866,10696,0,0,1960,0
0,710000,2.0,3,3,1.0,8,1780,0,1780,1900,9732,10200,0,0,1967,0
0,285900,1.5,5,4,1.5,7,1690,0,1690,1690,7725,7739,0,0,1961,0
0,1050000,3.25,4,3,2.0,11,4020,0,4020,3190,11588,8066,0,0,2000,0
0,768500,1.75,4,4,1.0,8,1820,1800,3620,2410,10400,10400,0,0,1965,0
0,685000,2.5,3,4,1.0,7,1460,0,1460,2200,8800,8800,0,0,1956,0
0,195000,1.0,3,3,1.0,7,960,350,1310,1310,9554,9845,0,0,1962,0
0,368000,2.5,4,3,2.0,9,2720,0,2720,2570,7350,8336,0,0,1989,0
0,997000,3.5,4,3,2.0,11,3430,0,3430,3880,13609,11614,0,0,2001,0
0,250000,2.0,3,3,1.0,7,1170,0,1170,1410,7258,7750,0,0,1984,0
0,260000,1.5,4,3,2.0,7,1540,0,1540,1580,7300,7650,0,0,1973,0
0,239000,1.0,4,3,1.0,6,1280,0,1280,1310,8316,7830,0,0,1950,0
0,600000,2.5,4,3,2.0,8,2990,0,2990,3140,5122,7875,0,0,2004,0
0,350000,2.25,4,3,2.0,7,1770,0,1770,1770,7778,7591,0,0,1998,0
0,485000,2.5,3,3,2.0,9,2870,0,2870,3040,5490,5442,0,0,2008,0
0,227450,1.0,2,4,1.0,5,660,0,660,970,6509,5713,0,0,1952,0
0,675000,1.75,3,3,1.0,7,1660,0,1660,2090,9549,9549,0,0,1956,0
0,292600,1.5,3,4,1.0,7,1520,0,1520,1450,7123,8023,0,0,1959,0
0,1038000,2.75,5,4,1.0,8,1650,1400,3050,2920,8904,8904,0,0,1956,0
0,397450,2.5,4,4,2.0,8,2650,0,2650,2510,9451,8850,0,0,1993,0
0,382000,2.25,3,3,1.0,8,1270,480,1750,2170,15528,12000,0,0,1963,0
0,205000,1.0,3,3,1.0,7,1050,0,1050,1340,8498,8498,0,0,1958,0
0,379000,2.5,5,3,1.0,8,2803,0,2803,1810,8550,8550,0,0,1963,2011
0,349000,2.5,3,3,2.0,9,2550,0,2550,2410,7709,9250,0,0,1989,0
0,199990,1.0,3,3,1.0,6,840,0,840,870,5200,5200,0,0,1969,2014
0,220000,1.75,3,3,1.0,7,1650,0,1650,1400,8850,8800,0,0,1959,0
0,215000,1.75,3,4,1.0,7,1280,0,1280,1670,10016,9764,0,0,1975,0
0,349900,2.5,3,3,2.0,8,2200,0,2200,2190,7278,8580,0,0,1990,0
0,657500,2.25,4,3,2.0,9,2520,0,2520,2848,10370,12682,0,0,1980,0
0,250000,1.75,5,3,1.0,7,1190,1000,2190,2570,8250,8250,2,0,1963,0
0,385000,1.75,5,3,1.0,7,1190,1000,2190,2570,8250,8250,2,0,1963,0
0,288000,2.5,3,3,1.0,7,1090,280,1370,1470,9253,9253,0,0,1994,0
0,515000,2.5,5,5,1.5,8,3810,0,3810,2470,15916,11662,0,0,1967,0
0,210000,1.0,4,3,1.0,5,1200,0,1200,1400,43560,54450,0,0,1968,0
0,241500,2.5,4,3,1.0,8,1830,670,2500,2500,9654,8839,0,0,1979,0
0,322200,2.25,4,4,2.0,8,2010,0,2010,1950,19000,19626,0,0,1975,0
0,279000,1.0,4,3,1.5,7,1210,0,1210,1470,6000,6000,2,0,1943,0
0,249000,1.75,3,3,1.0,7,1380,740,2120,2050,18335,18333,0,0,1961,0
0,560000,1.75,4,4,1.0,8,1740,0,1740,2180,8800,8436,0,0,1965,0
0,243400,1.5,4,4,2.0,7,1730,0,1730,1370,7464,7860,0,0,1959,0
0,350000,2.5,4,3,2.0,8,2140,0,2140,1600,7095,7182,0,0,1992,0
0,368500,2.75,5,3,1.0,7,1520,1010,2530,2400,7601,7776,0,0,1992,0
0,99000,1.0,2,2,1.0,6,960,0,960,1260,8236,8236,0,0,1948,0
0,1070000,3.75,4,3,2.0,11,4130,0,4130,3690,12320,11227,0,0,2001,0
0,430000,1.75,4,3,1.0,8,1710,0,1710,1940,7724,7724,0,0,1983,0
0,412500,1.5,3,4,1.0,7,1490,0,1490,1490,8475,8540,0,0,1963,0
0,349000,2.5,4,3,2.0,8,1800,0,1800,1800,7620,6879,0,0,1995,0
0,635000,2.25,3,4,1.0,7,1240,700,1940,2340,7482,9310,0,0,1964,0
0,321027,2.25,4,4,1.0,8,1920,900,2820,2320,16770,13850,0,0,1966,0
0,150000,1.0,2,5,1.0,5,720,0,720,940,4120,6180,0,0,1915,0
0,194990,2.5,6,3,1.0,6,1060,500,1560,1300,7144,6232,0,0,1913,0
0,319950,2.5,4,3,2.0,8,2038,0,2038,2634,7643,6824,0,0,2011,0
0,210000,2.25,3,4,1.0,7,1220,500,1720,1690,9435,7215,0,0,1978,0
0,478000,2.0,4,4,1.0,7,1210,480,1690,1620,8208,8496,0,0,1958,0
0,195000,1.5,3,5,1.0,6,1430,0,1430,1150,7560,7560,0,0,1958,0
0,303500,2.5,4,3,2.0,8,1920,0,1920,1860,7345,7364,0,0,1992,0
0,365500,2.5,4,3,2.0,8,2030,0,2030,2030,4499,4539,0,0,2003,0
0,570000,2.0,4,5,1.0,8,1790,0,1790,2150,7800,7838,0,0,1972,0
0,335000,2.5,3,3,2.0,8,2260,0,2260,2390,8040,8040,0,0,1990,0
0,399000,2.5,4,3,2.0,8,2540,330,2870,2590,9292,7533,0,0,1979,0
0,320000,1.0,3,3,1.0,6,1190,0,1190,1360,4120,4635,0,0,1929,0
0,263000,1.75,3,3,1.0,8,1180,400,1580,1620,9187,6397,0,0,1993,0
0,554000,2.0,3,4,1.0,7,1910,0,1910,2040,9001,8700,0,0,1957,0
0,307000,2.75,4,4,1.0,7,1260,1260,2520,1930,6964,6949,0,0,1987,0
0,1600000,3.5,4,3,2.0,10,4060,0,4060,2410,9486,9486,0,0,2005,0
0,231000,2.5,3,3,2.0,7,1370,0,1370,1720,7247,8085,0,0,1995,0
0,179000,1.0,3,4,1.0,6,920,0,920,920,5200,5200,0,0,1969,0
0,244000,1.5,3,3,1.0,7,1360,0,1360,1890,9625,9625,0,0,1963,0
0,185850,1.5,3,3,1.0,7,1630,0,1630,1700,11662,11662,0,0,1943,1963
0,419000,2.5,4,3,2.0,9,3010,0,3010,3010,9155,5762,0,0,2005,0
0,695000,3.0,5,3,1.0,7,1870,1420,3290,1970,14134,11470,0,0,2004,0
0,319900,2.5,3,3,2.0,8,2040,0,2040,1960,7580,7820,2,0,1998,0
0,329000,2.75,3,4,1.0,8,1320,600,1920,2040,7700,8000,0,0,1978,0
0,600000,2.75,3,4,2.0,10,2210,1370,3580,3990,14217,14674,3,0,1989,0
0,425000,2.5,3,4,1.0,10,2670,0,2670,1960,13218,13130,0,0,1988,0
0,760000,1.75,4,4,1.0,9,1630,820,2450,3150,13300,15500,2,0,1987,0
0,375000,2.5,4,4,1.0,7,1470,620,2090,1700,8325,8025,0,0,1983,0
0,250000,3.0,4,3,2.0,8,1570,680,2250,1550,7882,7508,0,0,1986,0
0,365000,3.5,4,3,2.0,8,2100,620,2720,2280,6781,5942,0,0,1999,0
0,158000,2.0,3,3,1.0,7,940,150,1090,1840,6090,6090,0,0,1940,0
0,294700,2.0,3,4,1.0,7,1300,670,1970,1710,9600,7703,0,0,1967,0
0,439950,2.25,4,3,2.0,7,2780,0,2780,1650,15075,25542,0,0,1985,0
0,899000,2.25,4,4,1.0,8,1550,740,2290,2790,40946,20076,3,0,1960,0
0,530000,4.5,4,3,2.0,10,4060,0,4060,1830,10800,9768,0,0,2007,0
0,215000,2.0,4,4,1.0,8,1470,0,1470,1640,7000,7000,0,0,1967,0
0,425000,1.0,2,3,1.0,7,1010,140,1150,1150,6835,6561,1,0,1922,0
0,215000,1.5,3,4,2.0,6,1280,0,1280,1070,5065,4491,0,0,1983,0
0,232000,1.0,3,3,1.0,6,840,0,840,1010,6540,6600,0,0,1970,2014
0,675000,1.75,3,4,1.0,8,1680,0,1680,2250,10500,10400,0,0,1959,0
0,665000,2.75,5,4,1.0,7,1550,780,2330,1750,8000,8419,0,0,1972,0
0,665000,2.75,6,5,1.0,8,1420,1420,2840,2250,8346,8346,0,0,1961,0
0,1250000,3.25,5,4,2.0,10,2540,1390,3930,3600,12719,15909,2,0,1974,0
0,325000,2.5,3,3,2.0,7,1580,0,1580,2070,4698,4698,0,0,1998,0
0,2850000,4.0,4,5,1.0,10,2870,2170,5040,4050,17208,18647,0,0,1976,0
0,259950,1.0,3,5,1.0,5,1260,200,1460,1150,5825,5926,0,0,1942,0
0,1780000,3.25,4,3,2.0,13,4890,0,4890,5790,13402,13539,0,0,2004,0
0,299950,1.0,3,5,1.0,7,1580,0,1580,1180,5250,5940,0,0,1954,0
0,890000,2.25,3,4,1.0,8,2060,0,2060,2030,8640,9000,0,0,1966,0
0,785000,3.0,4,5,1.0,8,1920,1450,3370,2440,100681,43705,0,0,1977,0
0,264000,1.75,4,4,1.0,7,1080,740,1820,1810,8118,8050,0,0,1980,0
1,575000,1.75,3,4,1.0,8,1890,0,1890,2720,11141,11144,0,0,1968,0
0,845800,3.5,4,3,2.0,10,3020,0,3020,3120,12750,14351,0,0,1990,0
0,257500,2.0,4,3,1.0,7,1170,890,2060,1890,6400,8736,0,0,1977,0
0,810000,1.75,3,4,1.0,9,1320,660,1980,2450,13503,10890,2,0,1952,0
0,372500,3.0,5,3,1.0,7,1300,1180,2480,2290,10090,9900,0,0,2004,0
0,258000,2.0,3,3,1.0,6,880,800,1680,2150,19978,11588,0,0,1948,0
0,836000,2.5,4,4,1.0,9,2030,420,2450,2730,12987,13685,0,0,1980,0
0,365000,2.5,5,3,2.0,8,2260,0,2260,2180,7040,6910,0,0,1999,0
0,111300,1.0,2,4,1.0,5,1060,0,1060,940,6000,6000,0,0,1908,0
0,725000,1.75,3,5,1.0,7,1610,0,1610,2010,8613,8670,0,0,1962,0
0,255000,1.5,3,4,1.0,7,1420,0,1420,1720,7480,7700,0,0,1963,0
0,268000,1.75,3,4,1.0,7,1250,0,1250,1640,5546,4791,0,0,1987,0
0,985000,1.75,3,4,1.0,7,1700,0,1700,2100,8534,10443,0,0,1953,0
0,751305,2.5,4,3,2.0,10,2660,0,2660,2920,8469,10697,0,0,1994,0
0,280000,1.0,3,3,1.5,6,1350,0,1350,1380,7553,7470,0,0,1914,0
0,304000,2.0,4,2,1.0,7,1110,700,1810,1810,8750,8750,0,0,1967,0
0,200000,2.75,4,3,2.0,8,1730,480,2210,1750,13235,7542,0,0,1988,0
0,736000,2.25,3,3,2.0,8,1540,930,2470,2850,11603,11250,2,0,1988,0
0,345000,1.0,4,3,1.5,7,1980,0,1980,1730,7991,7700,0,0,1962,0
0,657500,1.75,3,4,1.0,6,980,0,980,1150,6002,6054,0,0,1942,0
0,532500,2.5,4,3,2.0,8,2040,450,2490,2120,8750,10240,0,0,1976,0
0,578000,2.25,3,3,2.0,8,1790,0,1790,2060,9580,9995,0,0,1984,0
1,140000,1.0,3,3,1.0,7,1000,0,1000,1190,10560,9375,0,0,1955,0
0,485000,2.5,3,4,1.0,8,1820,720,2540,1650,51836,51836,0,0,1976,0
0,575000,1.5,2,4,1.5,8,1440,310,1750,1950,19709,21075,0,0,1978,0
0,421000,2.5,3,3,2.0,8,2890,0,2890,2120,21780,8117,0,0,2000,0
0,815000,2.25,5,3,2.0,10,2530,880,3410,3140,35536,43453,0,0,1974,0
0,289000,2.5,3,3,2.0,7,1490,0,1490,1640,8628,8514,0,0,1994,0
0,230000,1.75,3,4,1.0,8,1450,0,1450,1860,8378,8496,0,0,1978,0
0,805000,3.0,4,4,1.0,9,2020,1330,3350,2870,23781,12036,0,0,1979,0
0,260000,1.75,3,4,1.0,7,1630,540,2170,2049,10018,15263,0,0,1978,0
0,538000,1.75,3,4,1.0,7,1020,750,1770,2000,8050,7875,0,0,1963,0
0,428400,2.5,4,3,2.0,9,2650,0,2650,2630,6000,6381,0,0,2000,0
0,355000,2.5,4,3,2.0,7,2390,0,2390,2560,6775,6346,0,0,2003,0
0,650000,2.75,5,4,1.0,8,1480,1100,2580,2140,7865,8400,0,0,1964,0
0,340000,2.5,4,3,2.0,7,2160,0,2160,2160,5455,5257,0,0,2003,0
0,565000,2.5,4,4,1.0,8,1430,800,2230,1970,8624,8402,0,0,1969,0
0,600000,2.75,4,4,1.0,8,1640,1170,2810,2400,17674,11240,0,0,1978,0
0,540400,1.75,4,3,1.0,8,1680,0,1680,1910,6758,7000,0,0,1974,0
0,280500,2.75,4,3,1.5,8,1590,1070,2660,2250,7754,7754,0,0,1986,0
0,406430,2.0,3,4,1.0,7,1380,0,1380,1380,15426,15426,0,0,1968,0
0,250000,2.5,3,3,2.0,8,1790,0,1790,1790,6191,6758,0,0,1992,0
0,266000,2.5,3,3,1.0,7,1460,480,1940,1750,8547,7803,0,0,1989,0
0,258000,2.0,3,3,1.0,7,1390,0,1390,1630,7200,7340,0,0,1996,0
0,142500,1.0,1,4,1.0,5,690,0,690,1330,6825,5381,0,0,1917,0
0,241500,1.0,3,4,1.0,7,1400,0,1400,1440,10425,10425,0,0,1968,0
0,245000,1.75,3,4,1.0,7,1180,1170,2350,1680,12720,10400,0,0,1964,0
1,227500,1.0,3,3,1.0,7,1150,0,1150,1220,8848,9576,0,0,1968,0
0,158550,1.5,5,4,1.5,7,1710,0,1710,1480,8100,8025,0,0,1961,0
0,360000,2.25,1,3,1.5,7,1560,500,2060,2060,10600,11880,0,0,1927,1983
0,357500,1.5,3,4,1.0,7,1540,0,1540,1550,11858,11473,0,0,1966,0
0,1880000,2.75,3,4,1.0,9,2620,0,2620,3400,17919,14400,1,0,1949,0
0,725000,1.75,3,3,1.0,7,960,670,1630,1880,9000,9000,0,0,1955,0
0,235000,1.75,3,4,1.0,7,1500,340,1840,1430,9697,8079,0,0,1985,0
0,375000,2.5,4,3,2.0,8,2990,0,2990,2590,6145,6512,0,0,2003,0
0,350000,2.75,4,3,1.0,9,1490,1010,2500,2830,11659,9915,2,0,1979,0
0,1691000,3.5,4,3,2.0,11,4020,0,4020,3930,13515,13515,0,0,2001,0
0,269000,2.5,4,5,1.0,7,1088,506,1594,1536,7665,6000,0,0,1975,0
0,370000,3.0,4,4,1.5,7,2130,0,2130,1070,4838,4838,0,0,1930,0
0,270000,1.0,3,3,1.0,7,1130,0,1130,1390,7920,8580,0,0,1961,0
0,835000,3.25,4,3,2.0,10,3270,0,3270,3270,6027,6546,0,0,2001,0
0,242500,1.5,3,4,1.0,7,1200,0,1200,1380,9720,10284,0,0,1965,0
0,750000,2.25,5,4,1.0,7,1010,1010,2020,1890,8400,9233,0,0,1963,0
0,439900,3.5,5,3,2.0,7,3390,0,3390,2580,7950,6900,2,0,2003,0
0,110000,1.0,2,3,1.0,5,760,0,760,1360,4746,7810,0,0,1930,0
0,235000,1.0,2,5,1.0,7,880,0,880,1240,5600,7015,0,0,1955,0
0,210000,2.75,3,3,1.0,7,880,440,1320,1490,15236,8351,0,0,1995,0
0,406000,1.75,3,3,1.0,7,1390,0,1390,1910,7904,7904,0,0,1985,0
0,604700,2.75,4,3,1.0,9,1720,1030,2750,2860,14982,16344,3,0,1981,0
0,558000,2.25,3,3,1.0,8,1280,940,2220,2020,15757,14098,0,0,1982,0
0,420000,1.75,3,3,1.0,7,1290,1100,2390,2270,11242,9650,0,0,1959,0
0,450000,2.0,5,3,1.5,7,1870,0,1870,1870,7344,7650,0,0,1960,0
0,100000,1.0,4,3,1.0,5,860,260,1120,1120,2685,4838,0,0,1939,0
1,212000,1.5,3,4,1.0,7,1060,0,1060,1270,9225,9375,0,0,1955,0
0,359950,2.75,5,3,2.0,8,2844,0,2844,2273,3990,3900,0,0,2013,0
0,980000,4.0,5,3,2.0,10,2830,630,3460,1890,5400,5400,0,0,2012,0
0,672500,2.5,4,3,2.0,10,2650,0,2650,2650,11108,11585,0,0,1987,0
0,258750,2.0,4,4,1.0,6,1150,1150,2300,1230,8400,8400,0,0,1962,0
0,152000,1.0,3,3,1.0,7,902,0,902,1510,10464,7210,0,0,1965,0
0,1017000,1.75,4,4,1.5,8,2600,0,2600,2750,41041,37318,0,0,1965,0
0,419000,1.5,3,4,1.0,7,1570,0,1570,1570,6700,7300,0,0,1956,0
0,895000,3.0,5,4,1.0,9,1970,906,2876,3500,13927,14454,2,0,1973,0
0,668500,2.25,4,4,1.0,8,1780,510,2290,2360,9546,8864,0,0,1976,0
0,898000,1.5,5,4,1.0,8,1450,1230,2680,2900,28014,22180,0,0,1963,0
0,315000,2.0,4,3,1.0,8,2020,0,2020,1940,7767,8239,0,0,1995,0
0,516130,1.75,3,4,1.0,8,1510,0,1510,1770,8250,8250,0,0,1962,0
0,1600000,2.5,3,3,1.5,10,1790,1060,2850,2850,19593,18782,4,1,1978,0
0,1200000,2.5,4,3,2.0,11,3400,880,4280,3520,12796,9593,0,0,1999,0
0,430000,2.5,5,4,1.0,8,2300,1560,3860,2520,42733,19353,3,0,1955,0
0,349950,2.5,4,3,2.0,8,2090,0,2090,2080,5289,7109,0,0,1989,0
0,1419000,3.25,5,3,2.0,9,3120,900,4020,3550,4500,5775,0,0,2010,0
0,998000,2.25,4,3,2.0,9,2910,0,2910,2780,10189,10125,0,0,1988,0
0,1470000,2.5,4,3,1.0,9,2380,650,3030,1940,10189,10189,0,0,2003,0
0,725000,1.75,4,4,1.0,7,1450,740,2190,1980,9400,9000,0,0,1962,0
0,286000,2.5,3,3,2.0,8,1680,0,1680,1720,5000,5000,0,0,1987,0
0,335000,2.0,3,4,1.0,7,1210,0,1210,1690,9926,9737,0,0,1954,2015
0,395300,1.5,3,3,1.0,7,1120,0,1120,1470,7000,7950,0,0,1955,0
0,203000,1.0,3,4,1.0,7,920,0,920,1660,7500,8000,0,0,1970,0
0,265000,2.25,3,3,2.0,8,2540,0,2540,2140,7216,7531,0,0,1991,0
0,309950,1.75,4,4,1.0,7,1450,0,1450,1340,10074,8023,0,0,1966,0
0,345000,2.25,3,4,2.0,8,1920,0,1920,1950,9672,10125,0,0,1984,0
0,625000,2.25,3,4,2.0,8,1920,0,1920,1950,9672,10125,0,0,1984,0
0,660000,2.5,4,3,2.0,8,2510,0,2510,2550,4543,4675,0,0,2002,0
0,798000,3.25,4,3,2.0,10,3500,0,3500,3500,10260,10658,0,0,1987,0
0,325000,2.5,3,4,2.0,8,2220,0,2220,1980,6049,7226,0,0,1990,0
0,336000,2.5,3,4,2.0,8,2110,0,2110,2110,4549,4030,0,0,1989,0
0,286900,2.25,3,4,1.0,7,1440,280,1720,1990,17235,35048,0,0,1974,0
0,263000,1.75,3,3,2.0,7,1410,0,1410,1560,8100,8100,0,0,1985,0
0,765000,2.5,3,3,2.0,10,2700,0,2700,2840,8444,9165,0,0,1992,0
0,1517000,2.25,3,4,1.0,8,2610,0,2610,2970,9409,9156,4,1,1963,0
0,555000,3.0,3,4,1.0,10,2640,1120,3760,2820,188760,50543,0,0,1979,0
0,305000,2.5,3,3,2.0,8,1610,0,1610,1610,3516,3056,0,0,2006,0
0,289950,2.25,3,3,1.0,7,1390,350,1740,1740,9370,7555,0,0,1992,0
0,96500,1.0,3,3,1.0,6,840,0,840,840,12091,9324,0,0,1959,0
0,185000,1.0,3,3,1.0,6,840,0,840,840,12091,9324,0,0,1959,0
0,150550,1.0,4,3,1.5,7,1470,0,1470,1230,6061,6175,0,0,1945,0
0,583000,2.5,3,3,2.0,8,1790,0,1790,1800,8144,7503,0,0,1989,0
0,990400,2.5,3,3,2.0,9,2100,0,2100,1820,4097,4764,0,0,2008,0
0,600000,2.5,3,3,1.5,8,2320,0,2320,2200,52272,52272,0,0,1974,0
0,265000,2.5,3,4,2.0,7,1530,0,1530,1360,6000,6000,0,0,1991,0
0,1087500,2.0,2,3,1.5,9,2360,0,2360,3030,11340,11340,0,0,1997,0
0,397500,2.5,4,3,2.0,8,2570,0,2570,2150,7859,7284,0,0,1992,0
0,267000,2.25,3,3,1.0,8,1610,900,2510,1940,9900,8510,0,0,1978,0
0,339000,2.5,4,3,2.0,8,2900,0,2900,2720,6918,10376,0,0,2001,0
0,1500000,3.5,4,3,2.0,12,3420,990,4410,4090,12426,12127,2,0,1996,0
0,368250,2.5,3,3,2.0,8,2150,0,2150,2150,7484,6879,0,0,1988,0
0,580000,2.5,3,3,2.0,8,2150,0,2150,2150,7484,6879,0,0,1988,0
0,1100000,3.25,4,3,2.0,8,2610,580,3190,2240,11774,8725,4,1,1956,1991
0,215000,2.5,4,3,2.0,7,2130,0,2130,3220,4496,5400,0,0,2004,0
0,1460000,3.5,4,3,2.0,12,3640,560,4200,3750,14353,16316,2,0,1996,0
0,842000,1.75,4,3,1.0,8,2170,0,2170,1910,9525,9525,0,0,1960,0
0,810000,2.5,4,3,2.0,11,3280,0,3280,3280,25211,25211,3,0,1985,0
0,225000,1.0,3,4,1.5,5,1340,0,1340,1240,4800,4800,0,0,1903,0
0,550000,2.5,4,3,2.0,8,2050,0,2050,2010,8683,8744,0,0,1987,0
0,270000,1.5,3,4,1.0,7,1540,0,1540,1550,13475,13475,0,0,1972,0
0,310000,2.25,5,4,1.0,8,1810,790,2600,2070,9600,9660,2,0,1969,0
0,810000,2.0,3,3,1.0,7,1760,0,1760,3430,16928,10059,0,0,1953,0
0,327500,1.75,4,3,1.0,8,1650,0,1650,1750,7800,10400,0,0,1968,0
0,424000,2.5,3,3,2.0,9,2200,0,2200,2560,34680,35840,0,0,1985,0
0,445000,1.75,3,3,1.0,7,1210,280,1490,2090,10844,9944,0,0,1974,0
0,460000,2.5,4,3,2.0,9,2080,0,2080,2550,17532,12560,0,0,1996,0
0,385000,2.5,4,5,1.0,8,1610,1590,3200,2030,22651,5500,0,0,1970,0
0,272000,2.25,4,3,2.0,7,1880,0,1880,1580,6160,6405,0,0,1993,0
0,216500,1.0,2,3,1.0,6,1060,0,1060,910,5200,5200,0,0,1969,0
0,325000,2.5,3,3,2.0,8,2130,0,2130,1910,12245,12216,0,0,1989,0
0,258000,1.75,3,5,1.0,6,1040,0,1040,1290,5650,5650,0,0,1951,0
0,411000,1.75,4,4,1.0,7,2250,0,2250,1550,292288,23798,0,0,1963,0
0,338500,2.5,4,3,2.0,8,2390,0,2390,2520,6111,6500,0,0,1997,0
0,653000,2.0,3,4,1.0,9,1880,800,2680,1570,8429,8640,0,0,1950,1991
0,207000,1.0,2,4,1.0,6,1130,0,1130,1060,8160,6120,0,0,1952,0
0,540000,1.0,2,4,1.0,7,1120,0,1120,3040,7500,16940,2,0,1971,0
0,265000,2.25,5,4,1.5,8,2600,0,2600,2200,8075,8800,0,0,1969,0
0,455000,2.5,4,3,2.0,9,2811,0,2811,3040,7251,7250,0,0,2009,0
0,1795000,3.25,4,3,2.0,11,4060,0,4060,3220,13000,13800,3,0,2000,0
0,690000,2.25,3,4,1.0,9,1430,1000,2430,2550,8327,10427,0,0,1978,0
0,789900,2.5,3,4,1.0,10,1750,1670,3420,2900,25150,19604,0,0,1987,0
0,278000,2.0,3,3,1.0,7,1230,0,1230,1470,7789,8670,0,0,1994,0
0,245000,2.75,3,3,1.0,7,860,440,1300,1550,14197,7596,0,0,1996,0
0,585000,2.5,3,4,2.0,9,2050,0,2050,2410,11690,10172,0,0,1989,0
0,203000,1.75,3,4,1.0,7,1100,510,1610,1610,9000,8000,0,0,1978,0
0,833000,2.5,4,3,1.0,8,1170,1020,2190,2630,12690,10843,2,0,1973,0
0,572500,2.5,3,3,2.0,9,2490,0,2490,2500,7589,10386,0,0,1991,0
0,512500,1.75,3,3,1.0,7,1180,430,1610,1520,7200,7973,0,0,1976,0
0,200000,1.0,2,5,1.0,5,700,0,700,960,4700,5200,0,0,1953,0
0,641200,1.0,3,3,1.0,7,1060,0,1060,1620,9123,9121,0,0,1952,0
0,540000,1.75,3,3,1.0,8,1400,650,2050,1740,9580,11952,0,0,1984,0
0,89000,1.0,3,4,1.0,6,900,0,900,900,4750,3404,0,0,1969,0
0,490000,2.5,3,4,1.0,9,1600,810,2410,3090,11900,11902,2,0,1989,0
0,550000,2.5,4,4,1.0,8,1320,740,2060,2050,9719,9643,0,0,1960,0
0,652450,2.25,3,5,1.0,8,1630,600,2230,2190,11835,10384,0,0,1974,0
0,395000,2.5,4,5,1.0,7,1330,800,2130,1800,11733,9131,0,0,1969,0
0,241000,1.0,3,3,1.0,6,880,0,880,1130,6050,6050,0,0,1945,0
0,3418800,5.0,5,3,2.0,11,5450,0,5450,3160,20412,17825,0,0,2014,0
0,268500,1.5,2,3,1.0,8,660,630,1290,1860,1749,1749,0,0,1969,0
0,1200000,2.25,4,3,2.0,10,2860,0,2860,2890,10702,10572,0,0,1982,0
0,345950,2.5,3,3,2.0,8,2110,0,2110,2110,4118,4044,0,0,1989,0
0,295000,2.5,4,3,2.0,7,2350,0,2350,2000,8906,8165,0,0,1993,0
0,434975,2.25,3,3,1.0,7,1060,530,1590,1860,9960,9760,0,0,1976,0
0,963000,3.5,4,3,2.0,10,3280,0,3280,3280,6603,7333,0,0,2007,0
0,1029000,3.25,4,3,2.0,11,3780,0,3780,3720,11200,11813,0,0,2002,0
0,209900,1.0,3,3,1.5,5,1030,0,1030,1330,60720,10342,0,0,1912,0
0,230000,1.5,4,4,1.0,7,1520,0,1520,1370,8800,8800,0,0,1960,0
0,489000,3.0,3,3,2.0,9,3700,0,3700,2130,10375,9132,0,0,1982,0
0,785000,2.0,3,5,1.0,7,1600,0,1600,1800,9638,11400,0,0,1952,0
0,230000,1.0,3,4,1.0,7,1140,0,1140,1140,9639,9639,0,0,1967,0
0,855000,3.0,4,3,2.0,9,3090,0,3090,3120,35074,35150,0,0,1978,0
0,235000,1.0,3,2,2.0,6,1330,0,1330,1490,45738,24000,0,0,1967,0
0,1195000,3.0,5,3,2.0,9,2540,880,3420,3750,18129,16316,0,0,1952,2005
0,325000,2.5,4,3,2.0,8,2200,0,2200,2460,7719,7348,0,0,2000,0
1,1476000,2.25,3,3,2.0,9,3240,1230,4470,2930,22518,21837,2,0,1953,2004
0,261000,1.0,3,3,1.0,7,1060,720,1780,1450,7800,7800,0,0,1957,0
0,410000,2.25,3,3,2.0,8,2200,0,2200,2060,16921,16921,0,0,1987,0
0,336000,2.25,3,3,1.0,8,2760,0,2760,2760,10160,9600,0,0,1969,0
0,908950,2.75,4,3,2.0,9,3090,0,3090,2890,6200,10108,0,0,2014,0
0,554000,1.0,2,5,1.0,7,820,0,820,1750,3700,9000,0,0,1968,0
0,268643,2.25,4,3,2.0,7,1810,0,1810,1660,9240,9240,0,0,1961,0
0,199000,1.75,3,5,1.0,7,1050,0,1050,1300,9871,10794,0,0,1968,0
0,225000,1.0,3,4,1.0,7,1010,0,1010,1260,15701,9800,0,0,1949,0
0,204995,1.0,2,5,1.0,6,970,0,970,1500,8185,12541,0,0,1904,0
0,285000,2.5,4,3,1.0,7,1100,770,1870,1590,8190,9150,0,0,1977,0
0,285000,2.5,4,3,2.0,8,2200,0,2200,2310,9397,9176,0,0,1987,0
0,1564350,3.75,4,4,2.0,10,2820,910,3730,3880,17000,15550,3,0,1986,0
0,255000,1.5,3,3,1.0,5,910,0,910,1580,25500,10019,0,0,1943,0
0,315000,2.5,4,3,2.0,9,1780,0,1780,2650,6000,6000,0,0,2000,0
0,490000,2.0,3,3,1.0,8,1220,850,2070,2130,10023,9694,0,0,1981,0
0,253000,1.75,3,3,1.0,7,1020,1020,2040,1740,7281,7527,0,0,1962,0
0,325900,2.5,4,3,2.0,8,2320,0,2320,2150,6270,6270,0,0,2004,0
0,425000,2.0,2,3,1.0,7,870,570,1440,2020,6677,7642,0,0,1952,0
0,215000,2.5,4,3,2.0,7,1700,0,1700,1570,6675,7540,0,0,1997,0
0,315000,2.5,4,3,2.0,7,1700,0,1700,1570,6675,7540,0,0,1997,0
0,306000,2.0,5,3,1.5,6,1460,0,1460,2250,169448,6059,0,0,1910,0
0,205000,1.75,3,3,1.0,7,1290,0,1290,1350,7210,7509,0,0,1984,0
0,275000,1.5,3,4,1.0,7,1200,700,1900,1670,9737,9737,0,0,1968,0
0,560000,2.25,4,3,1.0,8,1330,620,1950,2170,9800,9800,0,0,1968,0
0,458500,1.75,3,3,1.0,7,1250,0,1250,1570,9605,9605,0,0,1964,0
0,354000,1.0,3,3,1.0,6,990,0,990,1100,7590,7590,0,0,1959,0
0,316500,2.5,4,4,2.0,8,2150,0,2150,1910,6807,7240,0,0,1991,0
0,925000,2.25,4,4,2.0,9,2590,0,2590,2720,13894,13894,0,0,1975,0
0,241000,2.0,2,3,2.0,6,1470,0,1470,1180,3128,2576,0,0,2005,0
0,620000,2.5,5,3,2.0,9,3070,0,3070,2150,34991,19515,0,0,1995,0
0,252000,2.5,3,3,2.0,7,1680,0,1680,1550,8284,8284,0,0,1989,0
0,464625,2.75,4,4,1.0,8,1260,780,2040,2470,8996,9180,0,0,1974,0
0,176000,1.0,2,4,1.0,8,920,0,920,1310,2332,2853,0,0,1980,0
0,294000,2.5,4,3,2.0,7,2040,0,2040,1860,7800,10954,0,0,2003,0
0,272000,2.0,4,3,1.0,7,1780,0,1780,2210,19843,13500,0,0,1963,0
0,975000,2.25,4,4,2.0,10,2240,0,2240,2600,9990,11480,0,0,1967,0
0,500000,2.0,4,3,1.0,7,850,850,1700,1620,8640,9000,0,0,1955,2010
0,419000,2.5,3,3,2.0,9,3310,0,3310,3310,21096,13835,2,0,2004,0
0,550000,1.75,3,4,1.0,8,1840,0,1840,1840,8086,8060,0,0,1964,0
0,282510,1.0,4,4,1.5,6,1450,0,1450,1530,32234,10125,0,0,1932,0
0,2385000,4.0,4,3,2.0,13,4900,1430,6330,2200,13296,9196,2,0,2000,0
0,230000,2.0,2,3,1.0,7,1020,240,1260,1560,10200,10200,0,0,1983,0
0,321000,2.5,4,3,2.0,8,2430,0,2430,2100,5366,5414,0,0,2002,0
0,2196000,3.25,4,5,2.0,10,3350,900,4250,3790,18000,14537,3,0,1980,0
0,295000,1.75,3,3,1.0,8,1930,0,1930,2270,13350,13350,0,0,1967,0
0,270000,1.0,3,3,1.0,6,760,720,1480,1480,7374,8934,0,0,1954,0
0,400000,2.0,4,4,1.0,7,1420,0,1420,1530,9301,8075,0,0,1963,0
0,650000,2.5,3,3,2.0,8,2790,0,2790,2620,6720,6720,0,0,2002,0
0,248000,1.0,3,4,1.0,7,950,0,950,1260,9400,9400,0,0,1954,0
0,199000,1.0,4,3,1.5,7,1280,0,1280,1540,10521,9384,0,0,1960,0
0,240000,1.0,2,3,1.0,7,870,0,870,1070,8400,12465,0,0,1960,0
0,1100000,2.75,5,4,1.0,10,2150,740,2890,3010,22547,17809,0,0,1963,0
0,800000,2.5,5,3,1.0,8,1500,1500,3000,2690,10560,11616,0,0,1966,0
0,329950,2.5,4,3,2.0,7,1920,0,1920,2200,4600,6600,0,0,2002,0
0,438900,2.5,4,3,2.0,9,2740,0,2740,3010,5700,5281,0,0,2006,0
0,670000,2.5,4,3,2.0,9,2095,0,2095,2095,4569,4385,0,0,2002,0
0,320000,2.25,3,3,1.0,8,1390,490,1880,1910,7350,8400,0,0,1984,0
0,1000000,2.5,3,3,2.0,9,2730,0,2730,2360,5832,5832,0,0,1998,0
0,657500,2.0,3,3,1.0,7,1510,810,2320,2160,10960,10960,0,0,1956,0
0,229900,1.0,3,4,1.0,7,1010,0,1010,1380,8848,10650,0,0,1968,0
0,533000,2.5,4,3,2.0,8,2830,0,2830,2830,6536,6872,0,0,2003,0
0,239000,1.75,4,4,1.0,7,1000,500,1500,1700,12560,9020,0,0,1977,0
0,427500,2.5,4,3,2.0,9,3160,0,3160,2500,8726,8648,0,0,1999,0
0,1150000,2.5,3,3,2.0,11,3830,0,3830,2950,48743,8299,0,0,1991,0
0,495000,1.5,3,3,1.0,7,2240,0,2240,2150,13288,9900,0,0,1953,0
0,464950,2.25,4,4,1.0,9,2350,0,2350,2580,36116,36116,0,0,1983,0
0,320000,2.5,4,3,2.0,8,1940,0,1940,2400,7040,7145,0,0,1998,0
0,555000,1.75,4,3,1.0,8,1620,640,2260,1960,11000,10000,0,0,1976,0
0,154950,1.0,4,4,1.0,6,1600,0,1600,1410,10183,10416,0,0,1966,0
0,247200,1.75,3,3,1.0,7,1370,0,1370,1370,8719,7525,0,0,1982,0
0,250000,2.25,3,3,1.0,7,1490,470,1960,1580,7414,8038,0,0,1984,0
0,541125,2.75,5,4,1.0,8,1370,1370,2740,2020,8426,8783,0,0,1960,0
0,277500,2.25,3,4,1.0,7,1820,0,1820,1520,19602,8773,0,0,1964,0
0,325000,2.75,4,5,1.0,7,980,980,1960,1480,8937,10016,0,0,1954,0
0,185000,1.0,1,4,1.0,6,720,0,720,1170,5000,5000,0,0,1908,0
0,589950,3.0,5,5,1.0,7,1500,1290,2790,1620,19439,19439,3,0,1973,0
0,780000,2.5,3,3,1.0,9,2110,0,2110,2560,9773,11787,0,0,1986,0
0,259000,1.0,2,4,1.0,5,1210,0,1210,2140,17389,14419,0,0,1948,0
0,524400,1.75,4,4,1.0,8,1850,140,1990,2090,12950,12850,0,0,1968,0
0,260000,2.0,3,3,1.0,7,1630,0,1630,1610,8018,8397,0,0,2003,0
0,639900,2.5,4,3,2.0,10,3380,0,3380,3710,75794,17913,0,0,1997,0
0,420000,2.5,4,3,2.0,10,2480,0,2480,2990,8626,9033,0,0,2001,0
0,510500,1.0,3,4,1.0,7,1270,0,1270,1470,8000,8000,0,0,1957,0
0,226000,1.75,3,4,1.0,6,990,500,1490,1490,6269,7722,0,0,1944,0
0,390000,2.25,4,3,1.0,7,1530,1530,3060,1850,7920,7800,0,0,1965,0
0,610000,2.5,3,3,2.0,11,3440,0,3440,3990,18167,20239,0,0,1991,0
0,239975,2.5,3,3,1.0,7,1220,600,1820,1350,7242,8214,0,0,1959,0
0,375000,2.5,3,3,1.0,7,1480,840,2320,1660,5760,5762,0,0,1987,0
0,300000,2.25,3,3,1.0,8,1780,0,1780,2080,10395,9360,0,0,1967,0
0,216600,1.75,3,3,1.0,7,1240,960,2200,1770,7700,7360,0,0,1975,0
0,435000,2.25,3,3,2.0,7,1380,0,1380,1930,3015,3612,0,0,2009,0
0,352000,1.5,4,3,1.5,7,1440,0,1440,1440,8680,9000,0,0,1922,0
0,650000,1.0,3,4,1.0,7,920,0,920,1460,6750,8933,0,0,1951,0
0,197000,1.0,3,4,1.0,7,1090,0,1090,1300,17630,12000,0,0,1962,0
0,670000,2.5,4,3,2.0,9,2570,0,2570,2760,9086,6733,0,0,1999,0
0,650000,1.75,3,3,1.0,7,1290,850,2140,1960,9484,9630,0,0,1953,0
0,289950,1.75,4,4,1.0,7,1050,1040,2090,1710,7416,7527,0,0,1970,0
0,300000,1.75,3,4,1.0,7,1240,570,1810,1850,21138,12200,0,0,1977,0
0,287000,1.0,2,3,1.0,7,930,0,930,1910,6900,7194,2,0,1952,0
0,740000,2.5,4,3,2.0,10,3030,0,3030,2850,8335,8678,0,0,1992,0
0,350000,2.5,4,4,1.0,9,2260,0,2260,2650,13755,13650,0,0,1975,0
0,219000,1.0,2,4,1.5,7,1050,0,1050,1550,9000,9600,0,0,1984,0
0,402000,2.25,4,3,2.0,7,1790,0,1790,1400,7311,7203,0,0,1992,0
0,314000,1.75,3,4,1.0,7,1620,0,1620,1660,9600,10200,0,0,1966,0
0,277000,1.0,4,3,1.5,6,1500,0,1500,1330,5750,5750,0,0,1925,0
0,313100,2.5,4,4,1.0,7,1450,1210,2660,1870,9030,9030,0,0,1977,0
0,215000,2.0,3,3,1.0,7,1280,0,1280,1290,6994,7514,0,0,1991,0
0,640000,2.5,4,4,2.0,8,3670,420,4090,2430,215186,142005,0,0,1979,0
0,253000,2.0,4,4,1.0,7,1140,770,1910,1540,7826,7826,0,0,1973,0
0,292000,2.25,3,3,1.0,8,1280,500,1780,1710,9720,9790,0,0,1981,0
0,289950,2.0,3,3,1.0,8,1670,0,1670,2290,7757,7859,0,0,1992,0
0,257500,1.5,4,4,1.0,7,1360,0,1360,1180,9323,9611,0,0,1968,0
0,269500,1.75,3,4,1.0,7,1240,600,1840,1980,7412,7350,0,0,1976,0
0,449000,2.5,4,3,2.0,9,2960,0,2960,2570,6031,5012,0,0,2005,0
0,2200000,4.75,5,3,2.0,11,4050,1940,5990,3330,10450,14810,4,1,2002,0
0,275000,2.25,5,4,1.0,7,1080,740,1820,1820,10500,7500,0,0,1979,0
0,380000,2.5,5,3,2.0,7,2130,0,2130,1500,8428,11810,0,0,2013,0
0,1050000,1.0,4,3,1.0,6,1330,0,1330,2920,9729,10353,0,0,1952,0
0,271950,1.5,3,4,1.0,7,1220,0,1220,2110,8400,9119,0,0,1962,0
0,630000,1.75,5,4,1.0,8,1540,950,2490,2790,24969,15600,2,0,1959,0
0,334000,2.5,4,3,2.0,8,2310,0,2310,2480,6200,6200,0,0,1998,0
0,408000,2.5,3,3,2.0,8,2620,0,2620,2190,8403,7842,0,0,1991,0
0,411100,1.5,3,4,1.0,7,1040,0,1040,1580,10323,7200,0,0,1958,0
0,409124,3.25,5,4,2.0,8,2480,840,3320,2330,11340,8339,0,0,1999,0
0,480000,2.5,5,4,1.0,7,1240,800,2040,1800,9597,8553,0,0,1963,0
0,280000,1.75,2,3,1.0,7,980,980,1960,1960,30144,10140,0,0,1957,0
0,668000,2.5,4,3,2.0,8,2670,0,2670,2670,4410,4410,0,0,1999,0
0,175000,1.0,3,4,1.0,6,1280,0,1280,1170,7572,7667,0,0,1958,0
0,273000,2.5,3,4,2.0,7,1650,0,1650,1930,5994,6666,0,0,1989,0
0,353500,2.5,3,3,2.0,7,2020,0,2020,1930,4845,5134,0,0,2001,0
0,435000,1.75,2,3,1.0,9,1910,0,1910,2580,12142,12326,0,0,1976,0
0,241000,1.0,3,3,1.0,6,1000,150,1150,1340,10000,10000,0,0,1951,0
0,760000,2.5,3,4,1.0,8,1490,790,2280,2100,12746,12746,0,0,1973,0
0,270000,1.0,2,3,1.0,6,1040,0,1040,1380,5700,5700,0,0,1922,0
0,675000,1.75,4,4,1.0,9,2040,400,2440,2040,7475,8480,0,0,1969,0
0,499000,2.5,3,4,1.0,8,1000,720,1720,1720,5940,6136,0,0,1977,0
0,1202500,2.5,3,3,1.5,10,3430,0,3430,3440,28718,35021,0,0,1984,0
0,320000,2.5,4,3,2.0,8,2570,0,2570,2570,4865,4933,0,0,2005,0
0,275000,2.75,4,3,1.0,7,1210,850,2060,1940,7350,7420,0,0,1978,0
0,490000,2.5,4,4,2.0,10,3020,0,3020,3020,8302,8406,0,0,1994,0
0,390000,2.0,5,5,1.0,7,1210,1190,2400,1760,9537,9533,0,0,1959,0
0,277000,2.25,3,4,1.0,7,1110,500,1610,1690,11920,11839,0,0,1968,0
0,236000,1.75,3,3,1.0,7,1090,0,1090,1660,7647,9219,0,0,1994,0
0,265953,1.75,3,4,1.0,7,1470,0,1470,2090,13068,16988,0,0,1975,0
0,545000,2.25,3,4,1.0,8,1240,430,1670,1910,6240,7000,0,0,1974,0
0,1450000,2.75,3,5,1.0,9,2140,1800,3940,3390,9671,9360,4,0,1967,0
0,248000,1.0,3,4,1.0,7,1180,0,1180,1760,6947,8657,0,0,1968,0
1,475000,1.75,3,3,1.0,8,1320,0,1320,2050,7840,7644,0,0,1966,0
0,950000,3.25,3,3,2.5,9,3330,0,3330,4340,15093,20031,0,0,1988,0
0,310650,1.75,3,4,1.0,7,1510,0,1510,1480,12408,17800,0,0,1969,0
0,367500,3.0,4,3,2.0,8,3110,0,3110,2820,7231,7311,0,0,1997,0
0,665000,2.5,4,3,2.0,10,2720,0,2720,2720,10000,10020,0,0,1987,0
0,239950,2.25,3,4,2.0,7,1560,0,1560,1920,8280,8120,0,0,1979,0
0,250000,2.0,4,3,1.0,7,1350,780,2130,1550,8400,8596,0,0,1962,0
0,295000,3.5,5,3,2.0,7,1410,690,2100,1410,5107,5650,0,0,1999,0
0,355000,2.5,5,4,1.0,8,1560,784,2344,2344,8000,8000,0,0,1976,0
0,325000,1.75,3,4,1.0,9,1780,0,1780,2750,13095,13095,0,0,1983,0
0,240000,1.5,3,3,1.0,7,1020,270,1290,1770,8366,8400,0,0,1957,0
0,334950,1.75,3,5,1.0,7,1880,0,1880,1900,16262,7972,0,0,1980,0
0,426500,2.5,4,3,2.0,9,2960,0,2960,2750,4640,4623,0,0,2005,0
0,1965221,3.5,4,3,2.0,10,3610,760,4370,2960,8510,10347,1,0,2003,0
0,397500,1.0,3,4,1.0,7,1030,0,1030,1480,10480,12200,0,0,1954,0
0,287000,1.5,5,3,1.0,7,1010,720,1730,1730,9230,9230,0,0,1962,0
0,480000,2.5,4,3,2.0,9,3620,0,3620,2590,16000,16000,0,0,1976,0
0,365000,2.5,3,3,2.0,8,1680,960,2640,2260,6715,7373,0,0,1991,0
0,260000,2.5,3,3,2.0,7,1600,0,1600,1600,2244,1700,0,0,2005,0
0,905000,2.5,4,4,2.0,10,3520,0,3520,3470,12193,11318,0,0,1993,0
0,440000,2.0,3,4,2.0,8,1650,0,1650,1750,6408,6402,0,0,1977,0
0,270000,2.0,3,5,1.0,6,680,670,1350,1350,6696,6700,0,0,1944,0
0,306500,2.5,3,4,2.0,7,1970,0,1970,1980,6291,8852,0,0,1998,0
0,215000,1.75,4,5,1.0,7,1610,0,1610,1220,9652,9800,0,0,1969,0
0,1450000,3.5,4,3,2.0,10,2820,0,2820,2630,7809,7904,0,0,1995,0
0,239950,1.0,3,4,1.5,5,1900,0,1900,1430,33888,19200,0,0,1942,0
0,317500,1.5,4,4,1.0,7,1010,720,1730,1650,7700,8066,0,0,1963,0
0,852000,2.5,4,3,2.0,8,2620,0,2620,1670,7328,5080,0,0,1983,0
0,264950,1.5,3,4,1.0,7,1400,0,1400,1620,10853,10849,0,0,1964,0
0,320000,1.75,4,4,1.0,7,1730,0,1730,1550,9520,11211,0,0,1971,0
0,445800,2.25,4,3,1.0,8,1470,600,2070,2140,39446,12043,0,0,1977,0
0,263300,1.0,2,3,1.0,7,900,0,900,1175,4500,5320,0,0,1951,0
0,386000,2.5,5,3,2.0,7,2740,0,2740,1900,12413,7416,0,0,1990,0
0,251100,2.5,4,3,2.0,7,1790,0,1790,1680,5257,5320,0,0,1996,0
0,800000,1.0,6,3,2.0,7,1430,0,1430,2450,20620,10080,0,0,1954,0
0,605000,2.25,4,3,2.0,9,2260,0,2260,2470,11900,11900,0,0,1976,0
0,850000,2.0,5,4,1.5,8,2310,0,2310,2810,13430,13906,0,0,1966,0
0,600000,4.5,5,3,2.0,10,4440,0,4440,2720,9784,10080,0,0,2012,0
0,1436000,3.5,4,4,2.0,11,3930,1040,4970,3580,16582,13335,3,0,1992,0
0,800000,2.5,4,3,1.0,9,3450,1490,4940,2430,10037,9272,4,0,1953,0
0,324950,2.5,3,3,1.0,7,1210,350,1560,2070,9600,9600,0,0,1964,0
0,170000,1.0,2,3,1.0,6,870,0,870,1100,6537,8701,0,0,1948,0
0,178000,1.0,3,5,1.0,6,840,0,840,870,6500,5200,0,0,1969,0
0,144000,1.0,3,3,1.0,6,1250,0,1250,1188,8314,7700,0,0,1958,0
0,1580000,2.75,4,4,1.0,9,1980,1140,3120,3330,20031,18777,2,0,1954,1997
0,470000,1.75,3,3,1.0,8,1620,670,2290,2320,14800,12474,0,0,1965,0
0,2903000,2.5,5,3,2.0,10,3750,0,3750,3540,91681,24293,4,1,1925,0
0,225500,1.75,2,4,1.0,7,1590,0,1590,1750,11276,10687,0,0,1972,0
0,211000,2.0,3,3,1.0,7,1060,0,1060,1080,7412,7093,0,0,1987,0
0,238950,1.0,2,3,1.0,5,810,0,810,890,4838,4838,0,0,1938,0
0,795000,2.5,4,4,1.0,8,2000,1230,3230,3230,19193,13420,3,0,1973,0
0,327500,2.25,4,3,2.0,8,2240,0,2240,2050,9600,9240,0,0,1971,0
0,585000,3.0,4,3,2.0,9,3400,0,3400,3400,5100,5672,0,0,2006,0
0,645000,2.5,4,3,2.0,8,2780,0,2780,2510,4200,4200,0,0,2001,0
0,257950,1.75,3,3,1.0,7,1370,0,1370,1400,5858,7500,0,0,1987,0
0,375000,1.75,5,3,1.0,7,1230,1000,2230,1380,7560,6570,0,0,1959,0
0,245000,2.5,3,3,2.0,7,1610,0,1610,1610,7223,7162,0,0,1994,0
0,725000,2.5,3,3,2.0,11,3410,0,3410,2150,41022,21429,0,0,1990,0
0,702000,2.5,4,3,2.0,9,2810,0,2810,2920,4922,4922,0,0,2005,0
0,330000,1.75,3,3,2.0,6,1850,0,1850,2660,14986,10650,0,0,1943,2005
0,279950,2.75,4,4,1.5,7,2420,0,2420,1070,8700,4804,0,0,1914,0
0,284000,2.25,3,4,1.0,7,1180,400,1580,1470,7034,7358,0,0,1989,0
0,152000,1.0,3,4,1.0,7,920,0,920,1160,4875,4875,0,0,1978,0
0,165000,1.0,3,3,1.0,7,980,400,1380,1910,7334,7859,0,0,1981,0
0,278500,2.5,4,3,2.0,7,1940,0,1940,2060,6206,7092,0,0,1990,0
0,286285,2.25,4,3,1.0,7,1170,810,1980,1610,9714,9272,0,0,1977,0
0,474905,1.5,4,5,1.0,6,1340,0,1340,1210,6200,7178,0,0,1959,0
0,286000,2.5,4,3,2.0,6,2060,0,2060,1530,16000,8000,0,0,1993,0
0,900000,3.25,3,4,1.0,8,1770,850,2620,2180,7215,8931,0,0,1980,0
0,259000,1.5,4,3,2.0,7,1490,0,1490,1490,7560,7689,0,0,1966,0
0,340000,2.25,3,3,1.0,7,1540,360,1900,1480,8125,8284,0,0,1969,0
0,998160,2.5,2,4,1.0,9,1260,1750,3010,3010,16050,11612,3,0,1976,0
0,377000,1.75,3,3,1.0,8,1150,530,1680,2100,7389,10348,0,0,1979,0
0,595000,2.0,3,4,1.0,8,1530,0,1530,2240,6773,7201,0,0,1984,0
0,188000,1.75,3,2,1.0,8,1660,0,1660,1840,7350,7673,0,0,1979,0
0,817500,3.5,5,3,2.0,10,2680,920,3600,3420,9312,9860,3,0,2005,0
0,260000,1.75,3,3,1.0,8,1240,440,1680,2020,8725,8352,0,0,1978,0
0,1153000,3.25,3,3,1.0,11,2650,1130,3780,3850,10623,11170,1,0,1999,0
0,525000,1.5,3,4,1.0,7,1220,340,1560,1870,9350,8671,0,0,1969,0
0,217000,1.0,2,3,1.0,4,730,0,730,1220,2400,4382,1,0,1934,0
0,525000,1.75,4,4,1.0,7,1710,0,1710,1480,10440,10440,0,0,1955,0
0,410000,2.75,5,4,1.5,8,2910,0,2910,1980,16410,18000,0,0,1967,0
0,245000,2.25,3,3,1.0,7,1200,500,1700,1700,8100,8100,0,0,1980,0
0,194900,1.0,2,4,1.0,6,810,0,810,1140,6697,6695,0,0,1923,0
0,284000,2.5,4,3,2.0,7,2000,0,2000,2330,5390,5390,0,0,2003,0
0,280000,1.75,2,4,1.5,6,1520,374,1894,1820,52769,50529,0,0,1936,0
0,483300,2.0,4,4,1.0,7,1210,0,1210,1280,11100,11100,0,0,1955,0
0,355000,2.5,4,4,2.0,8,2130,0,2130,2100,9268,8400,0,0,1985,0
0,274950,2.25,3,3,1.0,7,1180,390,1570,1570,8767,7434,0,0,1990,0
0,219950,2.25,3,3,1.0,7,1150,350,1500,1540,7615,8649,0,0,1984,0
0,557500,2.0,3,3,1.0,9,2510,0,2510,3140,35255,36450,2,0,1994,0
0,305000,2.75,4,4,1.0,7,1230,800,2030,1810,8600,8600,0,0,1977,0
0,815000,1.5,4,4,1.0,8,2060,0,2060,2060,16110,16110,0,0,1949,0
0,535000,2.5,3,3,2.0,9,2110,0,2110,2390,8164,7499,0,0,1990,0
0,775000,1.0,3,4,1.0,6,1175,0,1175,2010,10454,10800,0,0,1949,0
0,255000,2.0,3,3,1.0,7,1590,0,1590,1590,8670,9253,0,0,1994,0
0,560000,2.0,4,3,2.0,8,2240,480,2720,2960,8819,9672,3,0,1976,0
0,199500,1.75,3,4,1.0,7,1160,0,1160,1470,5200,5200,0,0,1977,0
0,760000,2.5,4,3,2.0,9,3580,0,3580,2510,97574,27068,0,0,2004,0
0,527000,2.25,4,4,1.0,7,1410,970,2380,2150,5250,8560,0,0,1961,0
0,254000,2.25,3,4,2.0,7,1660,0,1660,1660,8188,7000,0,0,1988,0
0,330000,2.25,5,4,1.0,7,1300,700,2000,2000,7900,9132,0,0,1986,0
0,870000,2.0,3,3,1.5,9,2320,0,2320,3100,65340,59603,0,0,1992,0
0,585000,2.5,4,4,1.0,8,1460,400,1860,2040,8117,8199,0,0,1966,0
0,225000,2.0,3,3,1.0,7,1150,250,1400,1820,7384,7992,0,0,1979,0
0,295000,2.0,3,3,1.0,7,1150,250,1400,1820,7384,7992,0,0,1979,0
0,775000,2.75,3,4,1.0,9,1920,930,2850,3300,14800,10809,0,0,1976,0
0,598200,3.75,5,3,3.0,8,2980,0,2980,1100,4635,5150,0,0,1997,0
0,532500,2.5,3,3,1.0,7,1430,730,2160,1560,7500,7500,1,0,1979,0
0,1350000,3.25,4,5,2.0,10,3300,0,3300,2740,15907,11358,0,0,1985,0
0,260000,2.25,4,4,2.0,9,2320,0,2320,2700,16800,15680,0,0,1977,0
1,365000,1.75,3,5,1.0,7,1410,0,1410,1800,9150,9940,0,0,1959,0
0,318400,2.5,4,3,2.0,7,1820,0,1820,1680,6916,6995,0,0,1994,0
0,200000,2.0,3,4,1.0,7,1430,0,1430,1870,7905,8400,0,0,1988,0
1,234000,1.0,3,5,1.0,7,1010,0,1010,1150,8906,10414,0,0,1968,0
0,280000,2.0,3,3,1.0,7,1280,0,1280,1450,7633,6783,0,0,1991,0
0,301000,1.75,3,4,1.0,7,1220,620,1840,1770,7200,8075,0,0,1968,0
0,600000,1.75,4,5,1.0,7,1740,0,1740,1740,7700,8120,0,0,1968,0
0,303000,2.5,4,3,2.0,8,2100,0,2100,2100,6783,6192,0,0,2003,0
0,254000,2.0,5,5,1.0,7,1740,340,2080,1510,16117,13068,0,0,1959,0
0,480000,2.0,3,5,1.0,7,1460,0,1460,1850,7860,8148,0,0,1967,0
0,260000,1.75,3,4,1.0,7,1240,470,1710,1600,6400,6400,0,0,1976,0
0,267500,1.75,3,3,1.0,7,1650,0,1650,1810,7807,8475,0,0,1986,0
0,814000,2.5,4,5,1.0,8,1420,1420,2840,2310,8820,8750,2,0,1952,0
0,370000,2.5,4,3,2.0,8,2130,0,2130,2130,4750,4071,0,0,2009,0
1,302000,1.75,2,4,1.0,6,780,390,1170,1780,8200,9020,0,0,1937,0
0,453000,1.75,4,4,1.0,7,1060,1060,2120,1540,7420,7420,0,0,1956,0
0,290000,1.75,3,4,1.0,7,1280,0,1280,1440,10716,9870,0,0,1969,0
0,1035000,2.5,4,3,2.0,10,3170,0,3170,3190,47502,35110,0,0,1988,0
0,925000,2.25,4,4,1.0,9,2260,0,2260,2650,41984,37318,0,0,1967,0
0,204950,1.75,4,3,1.0,7,1180,560,1740,1440,9344,12884,0,0,1978,0
0,800000,2.0,5,4,1.0,7,1500,1460,2960,2160,10960,10960,0,0,1957,0
0,549950,2.5,4,3,1.0,8,1510,1210,2720,2510,13500,12350,0,0,1969,0
0,545000,3.25,4,3,1.0,10,2356,2030,4386,3060,12275,10925,0,0,2006,0
0,225000,1.0,3,4,1.0,6,960,0,960,1090,5512,5837,0,0,1963,0
0,299950,1.75,2,3,1.0,7,1460,0,1460,1460,10506,8153,0,0,1983,0
0,340000,2.5,4,3,2.0,7,2090,0,2090,2090,4200,4200,0,0,2007,0
0,470000,2.5,3,3,2.0,8,2070,0,2070,2440,8581,7849,0,0,1994,0
0,242550,2.5,4,3,2.0,8,2060,0,2060,1630,7720,7720,0,0,1995,0
0,359000,3.5,4,3,2.0,8,2100,670,2770,2030,8763,7242,0,0,1996,0
0,204900,2.0,3,2,1.0,7,1390,0,1390,1260,8245,8245,0,0,1984,0
0,850000,2.75,4,2,1.0,9,2720,2720,5440,1970,239580,40392,0,0,1969,0
0,187000,1.5,3,3,2.0,6,1280,0,1280,1070,4452,4366,0,0,1985,0
0,326000,2.75,3,4,1.0,7,1720,0,1720,2000,28000,41817,0,0,1958,0
0,340000,2.75,3,4,1.0,7,1720,0,1720,2000,28000,41817,0,0,1958,0
0,580379,2.75,4,4,1.5,8,2240,0,2240,2330,27820,20000,0,0,1976,0
0,265000,2.25,3,4,1.0,7,1410,340,1750,1720,9298,7875,0,0,1969,0
0,212000,1.75,3,4,1.0,6,1100,0,1100,1100,9750,9900,0,0,1967,0
0,400000,3.0,4,3,2.0,8,2320,0,2320,2220,13068,25265,2,0,1998,0
0,750000,2.5,4,3,2.0,8,2540,0,2540,1990,6491,8447,0,0,1997,0
0,384900,2.5,5,3,1.0,8,1750,1340,3090,1760,12750,25919,0,0,1968,0
0,176000,1.0,2,5,1.0,6,770,0,770,1150,5200,5330,0,0,1969,0
0,350000,2.75,3,3,2.0,7,2370,0,2370,2290,4632,5012,0,0,2002,0
0,168000,1.0,3,4,1.0,6,1200,0,1200,1200,7210,7650,0,0,1977,0
0,193000,1.0,2,4,1.0,5,680,0,680,1320,8640,13140,0,0,1951,0
0,525000,2.5,4,3,2.0,9,2840,0,2840,2460,4750,4750,0,0,2002,0
0,615000,1.75,4,4,1.0,8,2270,0,2270,2540,9830,11990,0,0,1959,0
0,1515000,4.0,4,3,2.0,12,4500,0,4500,3930,11795,11576,0,0,1991,0
0,215000,1.0,3,5,1.0,7,960,0,960,1280,9563,9600,0,0,1967,0
0,323000,2.5,5,3,1.0,7,1300,1200,2500,2440,13034,13300,0,0,1962,0
0,279000,2.0,4,4,1.5,7,1560,0,1560,1480,7569,8755,0,0,1966,0
0,830000,2.25,5,5,1.0,9,1910,800,2710,2120,19800,16400,0,0,1959,0
0,535900,2.25,3,3,1.0,8,1480,400,1880,2120,10880,10240,0,0,1975,0
0,325500,1.75,4,4,1.0,7,1490,800,2290,1840,8142,8142,0,0,1969,0
0,359000,2.25,3,3,2.0,7,1990,0,1990,1690,4331,3688,0,0,1997,0
0,253905,1.0,3,5,1.0,7,940,0,940,950,8400,8400,0,0,1958,0
0,350000,2.25,3,3,2.0,7,1860,0,1860,1870,8378,8378,0,0,1995,0
0,769000,2.5,4,3,2.0,9,2440,0,2440,2570,6733,6496,0,0,1999,0
0,185000,1.0,2,4,1.0,6,1122,0,1122,840,9100,9344,0,0,1960,0
0,449950,2.5,4,3,2.0,9,3100,0,3100,1850,10000,9438,0,0,1978,0
0,657000,2.5,5,4,1.0,7,1290,1240,2530,2040,10190,8560,0,0,1960,0
0,455000,2.5,4,3,2.0,7,2950,0,2950,2360,4502,4502,0,0,2005,0
0,549900,3.5,4,3,2.0,10,3420,0,3420,3490,4751,5700,0,0,2003,0
0,235000,1.75,4,3,1.5,7,1180,270,1450,1450,8891,9013,0,0,1962,0
0,286000,2.5,4,5,2.0,7,1820,0,1820,1490,7930,7930,0,0,1989,0
0,602000,1.75,4,4,1.0,7,1580,850,2430,1910,14000,8285,0,0,1963,0
0,267000,1.75,3,4,1.0,8,1440,0,1440,1720,10920,8260,0,0,1977,0
0,712000,2.5,4,3,2.0,8,2730,0,2730,2670,4385,4644,0,0,2001,0
0,265000,1.5,4,4,2.0,7,1580,0,1580,1580,8468,8260,0,0,1971,0
0,253000,1.0,3,3,1.0,7,1400,0,1400,1640,9750,8050,0,0,1968,1998
0,319000,2.0,3,5,1.0,7,1060,580,1640,2230,9234,10354,0,0,1967,0
0,696000,2.5,3,5,1.0,7,1170,500,1670,1960,8023,8964,0,0,1960,0
0,269950,1.75,3,4,1.0,7,1400,0,1400,1530,7735,7754,0,0,1989,0
0,1875000,3.25,4,3,2.0,10,3930,0,3930,1780,10929,9999,0,0,2006,0
0,275000,1.5,3,3,1.0,7,1510,0,1510,1650,16200,13950,0,0,1970,0
0,333000,1.0,3,3,1.0,7,1120,500,1620,1790,5040,6178,0,0,1964,0
0,247000,2.25,3,4,2.0,7,1580,0,1580,1730,7941,8051,0,0,1986,0
0,204555,1.75,3,4,1.5,7,1260,0,1260,2400,15000,21715,0,0,1983,0
0,432000,2.0,3,4,1.0,9,2190,0,2190,2770,13673,13804,0,0,1994,0
0,175000,1.75,3,4,1.0,7,1230,0,1230,1690,13056,15750,0,0,1962,0
0,556300,2.5,4,4,1.0,7,1400,630,2030,1800,7140,7565,0,0,1968,0
0,385000,1.75,4,3,1.0,7,1000,660,1660,1880,10757,8319,0,0,1980,0
0,350000,2.25,4,3,2.0,8,2390,0,2390,2450,13002,11200,0,0,1987,0
0,277000,2.5,4,3,2.0,8,1850,0,1850,2370,5880,6500,0,0,1998,0
0,415000,2.0,6,3,1.0,8,1250,1250,2500,1800,5200,5200,0,0,1966,0
0,269950,2.25,3,3,2.0,7,1660,0,1660,1840,7003,6680,0,0,1996,0
0,198000,1.0,3,4,1.0,6,860,0,860,1120,5185,5494,0,0,1968,0
0,350000,1.0,2,4,1.0,7,1220,0,1220,2740,28703,6720,0,0,1953,0
0,319000,2.25,4,3,2.0,8,2390,0,2390,2390,7350,7350,0,0,1990,0
0,311000,2.25,4,4,2.0,8,3340,0,3340,2230,8000,8000,0,0,1973,0
0,394000,3.25,5,3,2.0,8,2790,830,3620,2850,4650,4650,0,0,2004,0
0,2700000,2.75,5,3,2.0,9,3831,0,3831,3850,13800,36563,4,1,1959,1980
0,809000,1.75,4,4,1.0,8,1340,450,1790,2180,8372,10500,0,0,1976,0
0,480000,2.0,3,3,1.0,7,1050,530,1580,1560,7400,7458,0,0,1977,0
0,1255000,2.5,4,4,2.0,10,3510,0,3510,3230,13100,12745,0,0,1966,0
0,292000,2.5,3,3,2.0,8,1950,0,1950,2200,7421,4668,0,0,1996,0
0,217000,1.0,2,4,1.0,6,770,0,770,1140,9715,9715,0,0,1942,0
0,398500,2.5,4,3,2.0,8,2250,0,2250,1520,6064,7840,0,0,2005,0
0,399950,1.0,3,4,1.0,7,1720,0,1720,1870,8910,8640,0,0,1954,0
0,235000,1.75,3,3,1.0,6,950,950,1900,1370,8540,10204,0,0,1980,0
0,212000,1.0,3,5,1.0,6,1040,0,1040,1430,6800,6080,0,0,1951,0
0,310000,2.0,3,3,1.0,8,1220,850,2070,2080,9195,9551,0,0,1982,0
0,539000,2.0,3,3,1.0,8,1220,850,2070,2080,9195,9551,0,0,1982,0
0,560000,2.5,3,4,1.0,9,2020,0,2020,2410,11935,12350,0,0,1976,0
0,800000,2.5,5,3,2.0,9,3320,0,3320,3320,9024,7665,0,0,1999,0
0,1900000,3.25,4,3,2.0,11,4130,0,4130,3140,112521,26147,0,0,1978,0
0,472000,2.0,5,3,1.0,7,1110,920,2030,1930,9804,7990,0,0,1963,0
0,502550,1.75,3,4,1.0,7,1170,600,1770,1670,7875,8000,0,0,1958,0
0,224950,2.5,4,4,1.0,7,1520,740,2260,1750,9686,9916,0,0,1965,0
0,135000,1.0,2,4,1.0,5,780,0,780,880,6685,6695,0,0,1948,0
0,890000,3.25,3,4,2.0,9,2800,1230,4030,2670,12765,13447,0,0,1975,0
0,215000,1.0,3,4,1.0,7,1010,0,1010,1230,10125,10125,0,0,1972,0
0,800000,1.0,2,4,1.0,7,1050,0,1050,3360,8750,20115,0,0,1951,0
0,275000,2.5,3,3,2.0,7,1560,0,1560,1670,4244,4251,0,0,2002,0
0,256400,1.5,3,3,1.0,7,1010,480,1490,1570,7800,7800,0,0,1963,0
0,203000,1.5,3,3,1.0,7,1000,200,1200,1640,9120,9200,0,0,1963,0
0,285000,2.0,4,3,1.0,7,1060,1060,2120,1460,6865,7780,0,0,1954,0
0,320000,1.75,3,4,1.0,8,1400,600,2000,1890,9760,8089,0,0,1978,0
0,269500,2.25,4,3,2.0,7,1700,0,1700,1650,7056,6025,0,0,1999,0
0,1430000,2.0,3,3,1.0,8,1890,0,1890,2000,12017,12210,2,0,1949,0
0,220000,1.75,3,3,1.0,7,1460,0,1460,1760,7226,7226,0,0,1993,0
0,332500,2.5,4,3,2.0,7,2220,0,2220,2090,4720,4717,0,0,1998,0
0,350000,3.0,4,3,1.0,8,2330,1050,3380,2500,16133,11100,1,0,1959,0
0,450000,1.75,3,4,1.0,8,1560,0,1560,1990,8968,8034,0,0,1972,0
0,299000,2.5,3,3,2.0,7,1850,0,1850,2160,4600,4751,0,0,2005,0
0,294000,2.25,4,3,2.0,8,2190,0,2190,2200,3746,3591,0,0,2005,0
0,641000,2.75,5,3,2.0,9,3710,0,3710,3250,8674,8678,0,0,1996,0
0,255000,1.5,3,5,1.0,7,1110,0,1110,1330,10296,10296,0,0,1964,0
0,286651,2.5,3,3,2.0,7,1830,0,1830,2488,4997,4998,0,0,2004,0
0,607500,2.5,4,4,1.0,8,1650,810,2460,2550,45738,32040,0,0,1969,0
0,334950,1.75,4,3,1.0,8,1700,0,1700,2760,40973,40973,0,0,1961,0
0,775000,1.75,3,4,1.5,7,1640,0,1640,1670,18730,12154,0,0,1946,0
0,470101,2.5,4,3,2.0,8,2320,0,2320,2090,7800,5721,0,0,1986,0
0,195000,1.5,3,4,1.0,7,1200,0,1200,1390,7800,8415,0,0,1958,0
0,1437500,3.75,4,3,3.0,11,4410,0,4410,2160,9231,6600,3,0,2001,0
0,525000,1.75,4,3,1.0,8,1650,0,1650,1700,8560,8560,0,0,1970,0
0,270000,2.5,3,3,1.0,7,1420,350,1770,1894,8640,7974,0,0,1986,0
0,332544,1.75,2,3,1.0,7,1710,0,1710,1760,4187,4084,0,0,1987,0
0,110000,1.0,2,3,1.0,6,790,0,790,900,8250,8250,0,0,1947,0
0,1555000,2.5,5,4,2.0,8,2870,0,2870,2870,16238,16238,0,0,1962,0
0,312000,2.5,4,3,2.0,7,1830,0,1830,1830,5175,5175,0,0,2003,0
0,507500,1.75,3,3,1.0,8,1190,800,1990,1930,9594,9765,0,0,1977,0
0,217000,1.0,3,3,1.0,7,1110,0,1110,1540,9827,10187,0,0,1966,0
0,915000,2.5,4,3,2.0,10,3210,0,3210,2950,8532,6753,0,0,1998,0
0,305000,2.25,3,3,2.0,7,1646,0,1646,1654,12414,8734,0,0,1996,0
0,327500,2.25,3,3,2.0,8,2310,0,2310,1960,7200,7201,0,0,1990,0
0,810000,2.5,3,3,2.0,9,2670,0,2670,2620,10481,8895,0,0,2003,0
0,272000,1.5,3,4,1.0,7,1380,0,1380,1650,11760,9855,0,0,1963,0
0,400000,2.5,3,3,1.0,8,1450,0,1450,1710,8064,9554,0,0,1984,0
1,509500,2.25,5,4,1.0,7,1320,740,2060,2050,9000,8800,0,0,1961,0
0,495000,3.5,3,3,2.0,8,1670,710,2380,2540,6250,4010,3,0,1997,0
0,424950,2.5,4,3,2.0,7,2760,0,2760,2670,5564,5626,0,0,2001,0
0,230000,1.0,3,3,1.0,7,940,0,940,1250,10875,11200,0,0,1957,0
0,350000,1.75,3,5,2.0,7,2010,0,2010,1770,6150,7380,0,0,1939,0
0,250000,1.0,3,4,1.0,6,930,0,930,1640,6060,6364,0,0,1973,0
0,255000,2.0,2,3,1.0,8,1360,0,1360,1160,5433,5264,0,0,1974,2003
0,161700,1.75,4,3,1.0,7,1220,500,1720,1790,7200,7200,0,0,1974,0
0,336000,3.0,3,3,1.0,7,1190,600,1790,1740,13350,10624,0,0,1988,0
0,250000,1.0,3,3,1.5,7,1350,310,1660,1750,7650,5760,0,0,1910,0
0,570000,1.0,3,3,1.5,7,1350,310,1660,1750,7650,5760,0,0,1910,0
0,349900,2.5,4,3,2.0,8,2290,0,2290,2130,8796,8796,0,0,1994,0
0,465000,2.5,3,3,2.0,10,2870,0,2870,2950,25663,24347,0,0,1988,0
0,625000,3.25,4,3,2.0,10,3550,690,4240,3590,25639,24967,3,0,1989,0
0,596000,2.5,3,3,2.0,8,1730,0,1730,1730,2631,2751,0,0,2001,0
0,1370000,2.25,5,3,1.0,8,1850,1660,3510,2680,13843,8750,2,0,1959,0
0,540000,2.25,4,4,1.0,8,1430,1610,3040,1870,10283,11074,0,0,1984,0
0,208000,1.0,2,5,1.0,5,820,0,820,1000,5700,5700,0,0,1942,0
0,532000,2.5,3,3,2.0,8,1830,0,1830,2030,8022,7736,0,0,1987,0
0,223000,1.0,3,3,1.0,6,1220,0,1220,1960,71191,15378,0,0,1952,0
0,315000,1.75,3,3,1.0,7,880,460,1340,1500,12800,7875,0,0,1981,0
0,800000,2.25,4,3,2.0,8,3220,0,3220,2500,8436,7632,0,0,1968,0
0,565000,2.5,4,3,1.0,8,1520,1000,2520,2050,13156,10940,0,0,1979,0
0,319990,2.5,4,3,2.0,7,2120,0,2120,1990,5293,5313,0,0,2003,0
0,1488000,4.25,4,3,2.0,12,4280,900,5180,5030,13077,15069,3,0,1998,0
0,280500,2.5,4,3,2.0,8,1890,0,1890,2170,6962,6803,0,0,1997,0
0,210500,1.75,2,4,1.0,6,1430,610,2040,1310,8600,7859,0,0,1985,0
0,196500,2.0,3,4,1.0,7,1310,0,1310,1390,7000,7500,0,0,1979,0
0,272000,1.0,3,3,1.5,6,1130,0,1130,1080,8100,8100,0,0,1934,0
0,316000,2.5,4,3,2.0,8,2010,0,2010,2160,7226,7696,0,0,1995,0
0,736500,2.5,4,3,2.0,9,3180,0,3180,3715,21904,29170,3,0,2000,0
0,707000,2.5,5,4,1.0,8,1590,1460,3050,2550,13212,10826,0,0,1975,0
0,215000,1.75,4,3,1.0,7,1630,0,1630,1630,8000,7700,0,0,1959,0
0,275000,2.25,3,4,2.0,7,1620,0,1620,1640,6415,7253,0,0,1989,0
0,648000,2.25,4,4,2.0,8,2170,0,2170,2600,8240,9898,1,0,1983,0
0,415000,2.5,4,3,2.0,8,2150,0,2150,2080,8173,7620,0,0,1987,0
0,320000,2.75,4,4,1.0,7,1290,820,2110,1980,13260,11016,0,0,1979,0
0,750000,1.75,3,4,1.0,8,1590,0,1590,1970,8285,8970,0,0,1956,0
0,246000,1.75,3,4,1.0,7,1390,0,1390,1460,7399,7800,0,0,1975,0
0,1155000,1.75,3,4,1.0,8,1640,0,1640,2630,10464,18872,2,0,1968,0
0,744000,2.5,3,3,2.0,8,2670,0,2670,2400,12187,8999,0,0,1986,0
0,217000,2.0,3,3,1.0,7,1210,480,1690,1930,6750,7350,0,0,1977,0
0,583000,2.5,3,3,2.0,8,2600,0,2600,2270,5100,5400,1,0,1998,0
0,594000,1.75,4,4,1.0,8,1410,730,2140,2080,8000,8000,0,0,1965,0
0,303100,1.5,3,3,1.0,8,1640,0,1640,1640,5650,5650,0,0,1952,0
0,430000,1.75,3,4,1.0,7,1020,700,1720,1860,15225,13588,0,0,1970,0
0,325000,2.5,3,3,2.0,8,2000,0,2000,2180,7205,7611,0,0,1998,0
0,359500,2.5,3,3,2.0,8,2070,0,2070,1880,4689,4593,0,0,2013,0
0,356200,2.0,3,5,1.0,7,940,750,1690,2390,10062,6650,2,0,1928,0
0,2175000,3.0,4,5,1.5,11,4750,0,4750,3120,21701,18551,0,0,1976,0
0,225000,2.25,3,3,1.0,7,1160,310,1470,1570,6808,7881,0,0,1984,0
0,1387000,4.5,4,3,2.0,11,3800,690,4490,3370,24767,32700,2,0,1998,0
0,177000,1.75,3,4,1.0,7,1150,0,1150,1540,8079,7399,0,0,1983,0
0,465000,1.5,3,3,1.0,7,1460,0,1460,1610,9879,10050,0,0,1956,0
0,149000,1.0,3,3,1.0,6,1090,0,1090,1040,2800,2960,0,0,1969,0
0,413900,2.25,4,3,2.0,7,1770,0,1770,2470,5236,5064,0,0,2007,0
0,292000,2.5,5,4,1.0,7,1490,1000,2490,1930,7666,7415,0,0,1989,0
0,225000,1.0,3,4,1.0,7,990,0,990,1260,8012,9060,0,0,1966,0
0,330000,1.5,2,4,1.0,8,1440,0,1440,1460,11954,9730,0,0,1978,0
0,770000,2.25,7,5,2.0,8,3260,0,3260,2340,8145,8145,0,0,1967,0
0,802500,2.25,4,3,1.0,8,1450,500,1950,1840,7000,6440,1,0,1957,0
0,378800,2.5,5,3,2.0,8,2740,0,2740,2900,5400,5476,0,0,2005,0
0,209950,1.75,3,3,1.0,7,1570,0,1570,2000,15570,28200,0,0,1981,0
0,415000,1.0,2,4,1.0,7,1050,0,1050,1380,60113,27442,0,0,1943,0
0,365000,2.5,3,3,2.0,8,2200,0,2200,2200,9696,9915,0,0,1987,0
0,3800000,5.5,5,4,1.0,13,4320,2730,7050,5070,42840,20570,2,0,1978,0
0,213000,1.0,2,4,1.0,6,740,0,740,1500,7380,10075,0,0,1951,0
0,715000,2.5,3,3,2.0,9,2550,0,2550,3180,13458,13458,0,0,1990,0
0,390000,2.5,3,3,1.0,7,1900,870,2770,1850,8820,10920,0,0,1980,2004
0,328000,1.75,4,4,1.0,8,1400,590,1990,1820,7194,7400,0,0,1978,0
0,239999,2.75,3,3,1.0,7,1140,600,1740,1550,8436,8436,0,0,1967,0
0,225000,2.0,3,3,1.0,7,1460,0,1460,1540,7740,7644,0,0,1968,0
0,920000,1.75,3,4,1.0,9,1950,1720,3670,3020,11884,9747,2,0,1979,0
0,940000,2.75,4,3,2.0,10,3270,0,3270,3380,9231,10154,0,0,1995,0
0,465000,1.0,3,4,1.0,6,1210,0,1210,1070,4872,4872,0,0,1949,0
0,241000,2.0,3,3,1.0,7,1770,0,1770,1510,7000,10462,0,0,1986,0
0,307550,2.5,4,3,2.0,8,1980,0,1980,2550,5909,5487,0,0,2003,0
0,319450,2.0,5,5,1.5,7,1750,500,2250,1540,5472,5472,0,0,1930,0
0,340000,3.0,4,3,1.0,8,1500,880,2380,2370,20277,15440,0,0,1999,0
0,249950,1.0,3,4,1.0,6,1370,0,1370,1080,11658,9198,0,0,1958,0
0,1038000,1.75,4,4,1.0,8,1440,0,1440,3520,13296,10802,0,0,1967,0
0,750000,2.5,4,4,1.0,9,1540,970,2510,2370,17200,14621,2,0,1977,0
0,678000,1.75,3,5,1.0,8,1670,0,1670,2200,7210,7210,0,0,1967,0
0,354900,1.0,3,4,1.0,7,1720,0,1720,1550,16552,15457,0,0,1971,0
0,632000,2.5,5,3,1.0,8,1520,740,2260,2500,10087,9440,0,0,1967,0
0,481000,2.5,4,3,2.0,8,2286,0,2286,2110,8269,4711,0,0,2002,0
0,560000,2.5,5,5,1.0,8,1440,1440,2880,2010,9000,9000,0,0,1966,0
0,600000,3.0,6,4,1.0,8,1340,1260,2600,2090,9350,9102,0,0,1963,0
0,318200,2.5,3,3,2.0,7,1990,0,1990,2580,3644,3800,0,0,2010,0
0,485000,1.75,3,3,1.0,8,1650,0,1650,1880,9500,9375,0,0,1967,0
0,221000,2.25,3,3,1.0,7,1140,500,1640,1480,7350,8041,0,0,1984,0
0,700000,2.5,3,4,2.0,9,2030,0,2030,2450,8398,8104,0,0,1975,0
0,237950,1.75,2,4,1.0,7,1460,0,1460,1680,7926,8206,0,0,1987,0
0,199950,1.0,2,3,1.0,6,1010,0,1010,1040,10057,8591,0,0,1961,0
0,470000,1.5,3,4,1.0,7,1510,0,1510,1430,8000,8000,0,0,1956,0
0,284000,2.5,3,3,1.0,8,1550,600,2150,1950,9375,9100,0,0,1968,0
0,240000,2.25,3,3,1.0,7,1140,320,1460,1490,5818,6031,0,0,1986,0
0,419900,1.5,3,3,1.0,7,1450,0,1450,1490,7000,7245,0,0,1955,0
0,738950,2.75,4,4,1.0,8,2260,0,2260,1870,12005,10800,0,0,1956,1989
0,215000,1.5,3,4,1.0,7,1240,0,1240,2260,9405,7611,0,0,1966,0
0,300000,2.0,6,4,1.0,5,2040,0,2040,1440,10812,10200,0,0,1943,0
0,519900,2.0,4,4,1.0,8,1820,0,1820,2260,9350,9299,0,0,1967,0
0,314500,1.75,3,4,1.0,8,1870,0,1870,1950,12381,12667,0,0,1957,0
0,499950,1.5,3,3,1.0,7,1350,0,1350,1840,9315,9920,0,0,1968,0
0,361000,1.0,3,4,1.5,6,1100,0,1100,2550,4046,7847,4,0,1922,0
0,713400,2.25,3,4,1.0,8,1810,0,1810,1900,9845,10083,0,0,1959,1991
0,222000,1.0,3,4,1.0,6,1460,0,1460,1060,8400,8563,0,0,1962,0
0,393000,2.0,3,3,2.0,8,1320,0,1320,1910,10720,13639,0,0,1981,0
0,320000,1.75,3,3,1.0,7,1270,950,2220,1490,11646,10003,0,0,1950,0
0,210000,1.5,4,4,1.0,7,1130,0,1130,1690,7840,7840,0,0,1970,0
0,419900,2.5,4,3,2.0,9,2750,0,2750,2800,5767,5376,0,0,2005,0
0,410000,2.5,4,3,2.0,7,2240,0,2240,2000,4447,3800,0,0,2006,0
1,725000,3.0,6,3,2.0,8,2480,0,2480,2220,12000,8580,0,0,1972,0
0,394950,2.5,3,4,1.0,7,1090,0,1090,1740,7700,7700,0,0,1957,0
0,530000,3.0,4,5,2.0,7,1830,410,2240,1530,5580,4800,0,0,1949,0
0,475000,2.5,4,3,1.0,10,2260,1480,3740,2650,8700,6333,0,0,2004,0
0,250000,2.5,4,3,2.0,7,1800,0,1800,1590,8100,8100,0,0,1998,0
0,390000,2.0,4,3,1.0,8,1900,0,1900,1740,76877,34848,0,0,2004,0
0,460000,4.5,5,3,2.0,8,3100,0,3100,1650,7260,7700,0,0,1963,2000
0,515000,1.75,3,3,1.0,8,1200,370,1570,1760,10939,10200,0,0,1974,0
0,237000,2.0,3,3,1.0,7,1290,0,1290,1670,7952,7280,0,0,1998,0
0,445000,1.5,2,4,2.0,8,1510,0,1510,1510,2001,2055,0,0,1985,0
0,180000,1.0,3,4,1.0,5,840,0,840,1430,5700,12600,0,0,1945,0
0,436500,2.5,4,4,2.0,8,2290,0,2290,2290,11173,10404,0,0,1988,0
0,205000,1.0,3,3,1.0,6,860,0,860,1280,7467,7467,0,0,1944,0
0,570000,1.5,3,4,1.0,7,1680,300,1980,1980,10203,13664,0,0,1946,0
0,287000,2.5,2,3,1.0,7,1550,860,2410,1840,7500,8800,0,0,1978,0
0,249000,1.75,3,3,1.0,8,1520,0,1520,2180,7500,7506,0,0,1985,0
0,358000,2.5,5,4,1.0,7,1270,1120,2390,1800,8775,8000,0,0,1980,0
0,225000,2.5,3,3,2.0,8,1680,0,1680,1860,6755,7257,0,0,1994,0
0,275500,1.0,3,4,1.0,6,1060,0,1060,1090,7246,6694,0,0,1981,0
0,280000,1.75,3,4,1.0,7,1480,0,1480,1450,8165,7939,0,0,1985,0
0,380500,2.5,3,3,2.0,8,1900,0,1900,2100,7361,7361,0,0,1994,0
0,260000,1.75,3,3,1.0,7,1090,350,1440,1710,12888,12888,2,0,1958,0
0,628000,2.75,5,4,1.0,7,1710,1120,2830,2460,11795,10880,0,0,1960,0
0,170000,1.0,2,3,1.0,7,940,300,1240,1050,9900,9375,0,0,1950,0
0,352500,2.5,4,4,1.0,8,2100,0,2100,2310,10750,10425,2,0,1967,0
0,615000,2.75,4,3,2.0,9,3120,0,3120,2420,34040,25201,0,0,1997,0
0,243500,2.5,4,4,2.0,7,2300,0,2300,1820,15188,10125,0,0,1966,0
0,369000,1.5,3,3,1.0,7,1210,900,2110,1950,5195,5195,0,0,1959,0
0,292500,2.5,4,3,2.0,8,1860,0,1860,1990,8709,6825,0,0,1994,0
0,449999,2.5,4,3,2.0,8,1950,0,1950,1760,4947,5611,0,0,2000,0
0,355000,2.5,4,3,2.0,8,1890,0,1890,2250,7867,7867,0,0,1996,0
0,456500,2.5,4,3,2.0,9,2580,0,2580,2410,11780,8403,0,0,2003,0
0,123000,1.0,2,3,1.5,6,1050,0,1050,1330,6600,6600,0,0,1964,0
0,425000,1.0,3,3,1.5,7,980,0,980,2030,4800,7200,0,0,1926,0
0,1490000,2.5,4,4,1.0,9,2420,0,2420,3330,18480,19910,0,0,1967,0
0,337500,2.25,3,4,1.0,7,1240,290,1530,1500,6600,7700,0,0,1968,0
0,300000,2.25,4,3,1.0,7,1450,630,2080,1900,7700,7980,0,0,1968,0
0,325000,2.75,3,4,1.0,7,1280,920,2200,1670,7000,7000,0,0,1977,0
0,230000,2.0,5,3,2.0,7,1210,0,1210,1510,12538,7700,0,0,1982,0
0,485000,1.75,5,4,1.0,7,1220,920,2140,2520,43124,14677,2,0,1962,0
0,444000,3.0,4,3,2.0,8,2800,0,2800,3610,7198,7845,0,0,2002,0
0,118125,1.0,2,4,1.0,6,790,0,790,810,7153,7128,0,0,1944,0
0,212000,1.0,2,4,1.0,6,790,0,790,810,7153,7128,0,0,1944,0
0,428900,2.5,4,3,2.0,9,2820,0,2820,2820,5056,5150,0,0,2006,0
0,416000,1.5,3,4,1.0,7,1110,0,1110,1900,9762,9720,0,0,1963,0
0,204000,1.5,3,4,1.0,7,980,480,1460,1400,7140,8572,0,0,1980,0
0,878000,2.5,4,3,2.0,11,3480,0,3480,3290,13421,9642,0,0,1995,0
0,508800,2.0,3,4,1.0,8,1140,580,1720,1840,10098,10098,0,0,1981,0
0,245100,1.75,3,3,1.0,7,1300,0,1300,1640,7958,8698,0,0,1996,0
0,195000,1.75,3,4,1.0,7,1190,0,1190,2240,14777,8325,0,0,1965,0
0,1615000,3.25,4,3,2.0,12,3020,1230,4250,4940,12281,12941,4,0,1996,0
0,1200000,2.5,3,3,1.0,10,2410,1010,3420,3460,16622,14566,4,0,1991,0
0,1065000,3.75,4,3,2.0,10,4260,0,4260,1950,9800,8970,0,0,2008,0
0,700000,2.5,3,5,1.0,8,1050,1010,2060,2690,10650,8850,0,0,1976,0
0,800000,4.25,6,4,2.0,10,5140,340,5480,2470,189050,10429,0,0,1991,0
0,440000,2.0,3,3,2.0,8,1860,0,1860,2500,217800,217800,2,0,1998,0
0,620000,2.25,4,4,1.0,7,1030,500,1530,1710,7845,7627,0,0,1981,0
0,390000,2.0,3,3,2.0,7,1510,0,1510,1900,10827,10908,0,0,1984,0
0,550000,2.25,3,4,1.0,7,1220,500,1720,1720,9600,9600,0,0,1967,0
0,353000,1.75,3,4,1.0,7,1390,800,2190,2180,7021,7155,2,0,1953,0
0,279900,2.0,3,4,1.0,7,1410,0,1410,1750,6600,7150,0,0,1990,0
0,525000,3.25,5,5,2.0,8,1640,840,2480,2270,10277,10277,0,0,1993,0
0,409000,2.5,3,3,2.0,9,2740,0,2740,2690,9168,10554,0,0,1991,0
0,260000,2.5,4,3,2.0,8,1811,0,1811,1811,4381,4150,0,0,2007,0
0,348000,2.5,4,4,1.0,8,2120,600,2720,2340,7697,7700,0,0,1987,0
0,302000,2.5,4,3,2.0,7,1740,0,1740,1720,7895,6813,0,0,1999,0
0,798000,2.5,3,3,2.0,10,2849,0,2849,3190,9588,8897,0,0,2001,0
0,2500000,4.0,4,4,1.0,10,3330,0,3330,3880,24354,25493,0,0,1961,0
0,3100000,3.0,3,4,2.0,11,3920,0,3920,3450,13085,13287,4,1,1996,0
0,295000,2.5,3,3,2.0,7,1500,0,1500,2700,3060,7734,0,0,1994,0
0,265000,1.5,4,3,1.0,7,1050,1000,2050,1950,7100,7350,0,0,1963,0
0,525000,2.0,4,3,1.0,8,1460,1220,2680,2100,14157,9199,0,0,1966,0
0,435000,1.0,4,4,1.0,7,1450,0,1450,1260,8800,8942,0,0,1954,0
0,363500,2.5,4,4,2.0,8,2680,0,2680,2400,7700,7700,0,0,1990,0
0,275000,1.0,3,3,1.0,7,1320,0,1320,1320,11090,8319,0,0,1955,0
0,345000,2.25,3,3,2.0,9,2670,0,2670,2290,37089,36284,0,0,1990,0
0,1245000,2.5,5,3,2.0,9,3370,0,3370,2470,8113,8113,0,0,2005,0
0,449888,2.25,3,3,2.0,9,2520,0,2520,1490,78408,29972,0,0,1988,0
0,599950,3.5,4,3,2.0,8,1810,690,2500,2060,3080,3295,0,0,2008,0
0,263000,2.5,3,3,2.0,7,1720,0,1720,1610,6847,7790,0,0,1987,0
0,1525000,3.75,4,4,2.0,12,4410,1440,5850,4830,35070,36200,0,0,1990,0
0,500000,2.0,3,3,1.0,8,2050,0,2050,1980,11454,11424,0,0,1987,0
0,340000,1.75,4,5,1.0,7,1080,720,1800,1870,5210,5365,0,0,1979,0
0,560000,1.75,4,3,1.0,7,1320,910,2230,1580,6838,7500,0,0,1985,0
0,304000,2.5,3,3,2.0,8,1670,0,1670,1920,5298,5298,0,0,2002,0
0,315000,3.0,5,3,2.0,7,2110,0,2110,1460,10766,10400,0,0,2005,0
0,325000,1.75,3,3,1.0,8,1380,1040,2420,2550,14862,14675,0,0,1977,0
0,384000,2.75,5,3,2.0,9,3220,0,3220,2876,8160,11521,0,0,1999,0
0,269500,2.0,3,4,1.0,7,1640,0,1640,1510,8395,7180,0,0,1991,0
0,269000,2.25,3,3,1.0,7,1130,290,1420,1730,7297,7419,0,0,1984,0
0,1150000,1.5,3,3,1.0,10,1130,1040,2170,3130,16600,13875,2,1,1979,0
0,406000,1.5,3,4,1.0,7,1370,0,1370,1730,7853,9465,0,0,1962,0
0,650000,2.5,4,3,2.0,10,2840,0,2840,2540,9354,10200,0,0,1990,0
0,609000,3.0,6,3,2.0,8,2470,0,2470,2470,9267,9151,0,0,1982,0
0,510000,1.75,3,3,1.0,7,1210,400,1610,1610,11950,9363,2,0,1984,0
0,190000,2.25,3,3,1.0,7,1090,500,1590,1540,11745,12530,0,0,1978,0
0,460000,1.75,3,3,2.0,8,1660,0,1660,1720,9900,6600,0,0,1978,0
0,450000,2.5,3,4,2.0,9,2620,0,2620,3010,14096,14096,0,0,1989,0
0,292500,2.5,3,3,2.0,7,2095,0,2095,1805,3438,3402,0,0,2008,0
0,584999,2.75,4,4,1.0,7,1300,750,2050,2960,17859,20908,0,0,1967,0
0,987500,2.25,4,4,1.0,10,2000,1270,3270,4100,15760,15760,0,0,1974,0
0,300000,1.0,3,4,1.0,7,1320,0,1320,1720,7200,7249,0,0,1959,0
0,299000,1.75,2,4,1.0,7,890,380,1270,2020,7800,8025,0,0,1981,0
0,183500,1.0,3,4,1.0,6,800,240,1040,820,8892,9000,0,0,1958,0
0,311000,1.75,3,5,1.5,7,1070,830,1900,1130,3000,6000,0,0,1903,0
0,263000,1.75,3,4,1.0,7,1660,0,1660,2150,7210,7350,0,0,1977,0
0,269000,1.75,3,5,1.0,7,1530,0,1530,1610,7930,7930,0,0,1986,0
0,1600000,3.5,4,3,2.0,11,4280,0,4280,2360,9583,10031,0,0,2005,0
0,425000,2.5,3,3,2.0,9,2540,0,2540,2380,5612,6303,0,0,1999,0
0,340000,2.5,4,3,2.0,8,2441,0,2441,2724,7316,7357,0,0,2007,0
0,552000,2.75,4,4,1.0,7,1620,1540,3160,1760,8429,6780,3,0,1982,0
0,294000,2.0,4,4,1.5,8,2930,0,2930,1960,12840,10920,0,0,1965,0
0,175409,1.5,4,4,1.0,6,1450,0,1450,1060,5530,5200,0,0,1969,0
1,485000,1.0,3,5,1.0,7,1020,0,1020,1210,9835,9622,0,0,1955,0
0,250000,1.0,3,4,1.0,7,1250,0,1250,1440,7920,9648,0,0,1960,0
0,935100,3.5,4,3,1.0,8,2700,500,3200,1640,8049,8506,0,0,1980,0
0,245000,1.0,3,4,1.0,6,990,0,990,1216,9599,10364,0,0,1959,0
0,670000,2.5,4,4,2.0,9,2850,0,2850,2480,25993,12672,0,0,1989,0
0,1393000,3.5,3,3,2.0,10,3500,740,4240,3120,21578,16440,0,0,1994,0
0,203000,1.75,3,4,1.0,7,1200,290,1490,1540,8000,8000,0,0,1978,0
0,583000,2.5,4,3,2.0,9,1840,0,1840,2120,4011,4011,0,0,2005,0
0,1600000,3.5,5,3,2.0,10,3020,1030,4050,3880,20925,18321,3,0,1973,2005
0,312500,2.5,4,3,2.0,7,2160,0,2160,1990,8755,7971,0,0,1993,0
0,455000,2.75,3,3,3.0,8,2720,0,2720,2290,31314,15188,2,0,1986,0
0,1310000,3.0,5,4,1.0,9,1860,1790,3650,3150,16600,10400,3,0,1978,0
0,630000,1.75,3,3,1.0,8,1470,470,1940,2360,7306,8865,0,0,1982,0
0,928950,3.75,4,3,2.0,9,3280,0,3280,2900,6000,10108,0,0,2014,0
0,550000,2.25,3,3,1.0,8,1590,530,2120,2120,18255,12997,0,0,1984,0
0,237000,2.0,3,3,1.0,8,1260,450,1710,1760,7920,8120,0,0,1968,0
0,343000,1.75,3,3,1.0,7,1400,810,2210,2220,7920,7920,0,0,1966,0
0,600000,1.0,3,3,1.0,6,940,0,940,2280,19000,19000,0,0,1945,0
0,479000,1.75,3,3,1.0,8,1470,0,1470,1720,6018,6584,0,0,1987,0
0,292000,1.75,3,4,1.0,7,1650,0,1650,1370,14633,12495,0,0,1958,0
0,259900,1.75,3,3,1.0,7,1690,0,1690,1680,7953,7425,0,0,1986,0
0,1170000,2.75,5,5,1.0,9,1600,1490,3090,2280,12031,10800,0,0,1968,0
0,245000,1.0,2,3,1.0,6,720,400,1120,2160,5650,6480,1,0,1904,0
0,305000,2.0,4,4,1.0,7,1610,0,1610,1310,6250,6000,0,0,1952,0
0,599000,2.5,5,3,2.0,8,3470,0,3470,2220,12003,12283,0,0,1978,0
0,272000,2.5,4,3,2.0,8,2070,0,2070,1940,6175,6175,0,0,1993,0
0,415000,2.5,3,3,2.0,8,2420,0,2420,1950,10733,8534,0,0,1996,0
0,319000,2.25,4,4,1.0,8,1760,620,2380,1940,7400,7400,0,0,1979,0
0,297500,2.5,4,4,1.0,8,1250,940,2190,2100,8100,8840,0,0,1978,0
0,325000,2.5,3,4,2.0,8,1830,0,1830,2070,7585,7585,0,0,1995,0
0,460000,1.75,3,4,1.0,7,970,400,1370,1650,8467,8472,0,0,1972,0
0,260656,1.0,3,4,1.0,6,1620,0,1620,1260,13803,10370,0,0,1969,0
0,296500,2.75,3,4,1.0,8,1380,790,2170,2170,7900,7700,0,0,1978,0
0,679000,2.5,4,3,1.0,7,1540,1540,3080,1550,8451,8125,0,0,1969,0
0,330000,3.0,4,3,1.0,7,1920,0,1920,1530,12040,10230,0,0,1962,0
0,350000,2.5,4,3,2.0,7,2440,0,2440,2410,4000,4502,0,0,2009,0
0,1605000,3.5,4,3,1.0,10,2240,1680,3920,3800,19088,13749,1,0,2005,0
0,841000,2.5,4,4,2.0,9,3080,0,3080,2920,13870,12221,0,0,1981,0
0,565000,2.5,5,4,1.0,8,2160,2160,4320,2480,107157,107157,0,0,1967,0
0,1398000,2.25,5,4,1.0,7,1770,870,2640,3240,14959,17904,0,0,1929,0
0,250000,1.0,2,3,2.0,7,990,0,990,1350,10556,7295,0,0,1981,0
0,397000,2.5,4,3,2.0,7,1790,0,1790,1950,6590,5180,0,0,2005,0
0,184000,1.75,3,4,1.0,7,1490,0,1490,2488,10125,4981,0,0,1962,0
0,435000,1.0,3,4,1.0,6,940,0,940,1250,7590,7590,0,0,1959,0
0,415000,1.75,3,4,1.0,8,1860,550,2410,2750,8944,9600,0,0,1967,0
0,231000,2.0,4,3,2.0,7,1530,0,1530,1500,6375,8712,0,0,1942,1983
0,239000,1.0,3,4,1.0,7,1200,0,1200,1590,7810,7800,0,0,1967,0
0,255000,2.5,4,3,2.0,7,2163,0,2163,1760,5882,9600,0,0,2006,0
0,622000,2.5,3,3,2.0,8,1950,0,1950,1980,7481,8479,0,0,1987,0
0,292500,2.25,3,3,2.0,8,1390,0,1390,1630,6004,6397,0,0,1993,0
0,183750,2.75,5,3,1.0,7,1650,0,1650,1670,5453,5885,0,0,1970,0
0,305000,2.25,3,3,2.0,7,1646,0,1646,1975,9519,8889,0,0,1994,0
0,219900,1.0,3,4,1.0,6,970,0,970,970,7742,7650,0,0,1967,0
0,300000,1.0,3,4,1.0,7,1090,0,1090,1720,9900,10419,0,0,1955,0
0,310000,2.25,4,4,1.0,8,1480,300,1780,1780,8820,8625,0,0,1966,0
0,322500,2.0,3,3,1.0,7,1190,0,1190,1920,6445,8195,0,0,1996,0
0,320000,2.25,4,4,2.0,7,2000,0,2000,2170,10374,10374,1,0,1967,0
0,679000,2.5,4,3,2.0,10,3680,0,3680,3310,7236,7180,0,0,2006,0
0,258900,2.25,3,4,1.0,7,1040,360,1400,1860,10436,9318,0,0,1985,0
0,236775,2.5,3,3,2.0,8,1830,0,1830,1770,8372,8372,0,0,1987,0
0,621000,2.75,4,4,1.0,7,1250,700,1950,1950,6930,8560,2,0,1960,0
0,300000,2.5,4,3,2.0,8,2500,0,2500,2690,4750,4750,0,0,2003,0
0,320000,1.75,3,4,1.0,7,1480,0,1480,1430,7225,7201,0,0,1965,0
0,300000,2.5,4,4,1.0,8,1560,1140,2700,2460,10814,6310,0,0,1966,0
0,363000,2.5,4,3,2.0,8,2180,0,2180,2520,9281,9520,0,0,2004,0
0,1700000,3.5,4,4,2.0,11,3230,1100,4330,3840,15335,14311,0,0,1988,0
0,1146800,3.5,4,3,2.0,10,4210,0,4210,3860,10308,10200,0,0,2006,0
0,680000,2.5,4,3,1.0,8,1780,1100,2880,2500,9202,10265,0,0,1977,0
0,299000,1.75,3,4,1.0,7,1090,920,2010,1560,8065,8065,0,0,1984,0
0,205000,1.0,3,5,1.0,7,1290,0,1290,1690,6566,6860,0,0,1976,0
0,548000,2.5,4,3,2.0,9,2440,0,2440,2590,11005,14754,0,0,1994,0
0,460000,2.0,5,4,1.0,7,1010,900,1910,1700,12264,9179,0,0,1963,0
0,300000,2.0,3,3,1.0,7,1470,0,1470,1720,16500,14406,0,0,1961,0
0,345000,1.75,3,4,1.0,7,1520,0,1520,1650,7439,7500,0,0,1969,0
0,825000,1.75,3,4,1.0,7,1930,0,1930,1790,8442,8442,0,0,1953,0
0,475000,1.75,3,3,1.0,7,1330,0,1330,1510,14560,9890,0,0,1983,0
0,805000,2.5,4,3,2.0,9,2910,0,2910,2530,9000,9000,0,0,1989,0
0,296000,2.5,3,3,2.0,7,1560,0,1560,1860,5845,5752,0,0,2003,0
0,419950,1.75,3,5,1.0,8,1770,0,1770,1960,16909,9100,0,0,1977,0
0,775000,2.5,3,3,2.0,10,2890,0,2890,3000,8470,8879,0,0,1996,0
0,288250,1.75,3,3,1.0,7,1380,730,2110,2110,15400,9800,0,0,1963,0
0,730000,3.0,5,4,1.0,8,1550,950,2500,2580,11779,12055,0,0,1971,0
0,380000,2.5,4,4,1.0,8,1300,1200,2500,2500,11070,11070,2,0,1964,0
0,540000,1.75,4,3,1.0,8,1450,810,2260,2980,19500,19500,2,0,1971,0
0,206000,1.0,3,4,1.0,7,1060,0,1060,1500,10350,9660,0,0,1980,0
0,339900,1.0,3,5,1.0,7,1200,0,1200,1250,9087,11826,0,0,1969,0
0,250000,2.5,6,4,1.0,7,1340,1250,2590,2474,10890,10454,0,0,1970,0
0,253000,1.0,3,3,1.0,7,1030,0,1030,1160,6250,7250,0,0,1960,1997
0,190000,1.0,3,3,1.0,7,950,0,950,1360,7610,7938,0,0,1983,0
0,529000,2.5,3,3,2.0,9,3070,0,3070,3070,22098,21803,0,0,1995,0
0,1270000,3.0,5,3,1.0,9,2250,1700,3950,1890,9520,9520,0,0,1953,2002
0,219950,1.0,3,3,1.5,6,920,100,1020,1230,4960,7335,0,0,1926,0
0,220000,1.5,3,4,1.0,7,1600,0,1600,2880,10548,13609,0,0,1962,0
0,545000,2.25,4,4,1.0,7,1590,440,2030,1960,11585,8977,0,0,1967,0
0,299900,1.75,3,4,1.0,9,1730,0,1730,2120,9893,9108,0,0,1988,0
0,639500,1.75,3,4,1.0,8,2010,0,2010,2030,8072,8055,0,0,1974,0
0,345000,1.5,4,3,1.0,7,1160,380,1540,1540,7168,7176,0,0,1964,0
0,1125000,4.0,6,3,2.0,11,3950,1380,5330,4590,18116,16900,0,0,2000,0
0,355000,1.75,4,4,1.0,7,1360,800,2160,1880,7417,8022,0,0,1983,0
0,698000,2.75,3,3,1.5,9,2260,380,2640,2640,11957,12641,0,0,1978,0
0,404600,1.0,3,4,1.0,8,1270,300,1570,2440,7727,7727,2,0,1958,0
0,258000,1.0,3,3,1.0,7,1120,370,1490,1490,7435,7530,0,0,1969,0
0,320000,2.25,4,3,2.0,8,2190,0,2190,2170,9020,8400,0,0,1978,0
0,295000,2.5,3,3,2.0,7,1690,0,1690,1830,4102,4733,0,0,2003,0
0,394000,2.5,3,3,2.0,7,2550,0,2550,2640,5349,5400,0,0,2004,0
0,189900,1.0,2,5,1.0,6,800,0,800,1100,5600,6000,0,0,1955,0
0,1000000,4.25,5,3,2.0,9,2900,1020,3920,2540,16258,12131,0,0,1990,0
0,815000,2.5,3,3,2.0,9,2415,0,2415,2660,2186,2165,1,0,1981,0
0,340000,1.0,3,4,1.0,7,1010,0,1010,1230,7500,7500,0,0,1975,0
0,250000,1.5,2,3,2.0,7,1200,0,1200,1530,5773,4576,0,0,1985,0
0,151600,1.0,2,3,1.0,6,1060,0,1060,2320,16988,10580,0,0,1954,0
0,515000,2.5,4,3,2.0,7,3200,0,3200,2480,6473,6140,0,0,2005,0
0,216000,1.0,2,3,1.0,6,1010,800,1810,1810,10360,10360,0,0,1946,0
0,790000,3.25,5,4,1.0,8,1890,1010,2900,2590,12160,12160,0,0,1967,0
0,152000,1.0,3,4,1.0,6,1090,0,1090,1090,3264,3330,0,0,1969,0
0,1250000,2.5,4,4,2.0,10,3690,350,4040,3770,11350,12382,2,0,1984,0
0,340000,2.25,4,3,1.0,7,1300,760,2060,1990,8400,7383,0,0,1960,0
0,817500,3.25,3,3,2.0,10,3230,0,3230,3230,7639,7772,0,0,1999,0
0,810000,3.5,4,3,2.0,9,2940,1230,4170,2970,4322,4922,0,0,2005,0
0,305000,2.5,4,3,2.0,7,2230,0,2230,2230,6487,6882,0,0,2003,0
0,258000,2.0,2,3,1.5,7,750,0,750,1140,6553,7500,2,0,1945,0
0,310000,1.0,3,3,1.0,7,1020,0,1020,1490,55756,12745,0,0,1961,0
0,713250,2.0,3,4,1.0,7,2050,0,2050,2910,9000,8856,0,0,1951,0
0,500000,1.0,3,3,1.0,8,1480,520,2000,2000,21780,45738,0,0,1978,0
0,472000,1.75,3,4,1.0,8,1090,1090,2180,2180,7200,7140,3,0,1954,0
0,174000,1.0,2,5,1.0,6,600,0,600,1470,4854,5000,0,0,1922,0
0,170000,1.0,2,3,1.0,6,810,0,810,950,9882,7200,0,0,1944,0
0,860000,2.0,3,4,1.0,7,1200,680,1880,1290,8494,9128,0,0,1968,0
0,407450,1.5,4,4,2.0,7,2310,0,2310,2020,68824,39900,0,0,1968,0
0,920000,3.0,4,3,2.0,9,3130,0,3130,3250,12381,10049,0,0,1995,0
0,195000,1.0,2,4,1.0,6,860,0,860,1390,10400,9086,0,0,1983,0
0,269950,1.0,3,5,1.0,7,990,0,990,1370,9950,9260,0,0,1961,0
0,276000,2.0,2,5,1.0,7,740,740,1480,1230,6075,6053,0,0,1919,0
0,440000,2.5,4,3,2.0,9,3080,0,3080,2740,10646,9994,0,0,1993,0
0,216000,1.0,2,4,1.0,6,860,0,860,990,9000,9975,0,0,1942,0
0,1150000,2.5,3,3,1.0,11,2160,1000,3160,3990,24437,11977,3,0,1991,0
0,660000,1.0,2,3,1.0,7,1670,0,1670,1980,8195,7500,0,0,1954,1975
0,305000,1.75,4,5,1.5,6,1400,800,2200,1520,8100,8100,0,0,1942,0
0,325000,2.75,5,3,1.0,7,1300,830,2130,2130,6222,6222,0,0,1991,0
0,245000,1.75,4,4,1.0,8,2020,0,2020,2320,8800,8000,0,0,1969,0
0,182000,1.0,3,4,1.0,7,1060,0,1060,1060,7350,7350,0,0,1959,0
0,225000,2.25,3,3,2.0,8,2510,0,2510,1870,12013,8017,0,0,1988,0
0,358000,2.25,3,3,2.0,8,2510,0,2510,1870,12013,8017,0,0,1988,0
0,240000,1.5,3,4,1.0,7,1070,0,1070,1730,8886,9461,0,0,1984,0
0,321000,2.5,3,3,2.0,7,2020,0,2020,2030,4183,4140,0,0,2012,0
0,222000,1.75,3,4,1.0,7,1370,0,1370,1850,8280,7820,0,0,1980,0
0,266000,2.25,3,3,2.0,8,1550,0,1550,1650,6022,5627,0,0,1989,0
0,280000,1.75,3,4,1.0,7,1240,500,1740,1980,8625,8625,0,0,1978,0
0,291000,1.0,4,3,1.5,6,1140,450,1590,1000,24330,16228,0,0,1942,0
0,160000,1.75,3,4,1.0,7,1610,0,1610,1450,7392,7392,0,0,1964,0
0,650000,2.5,4,4,1.0,8,1490,750,2240,2640,9934,11622,0,0,1968,0
0,599000,3.25,5,3,1.0,7,1330,1260,2590,1560,6180,6180,0,0,1960,0
0,199950,1.0,3,3,1.5,6,1340,0,1340,1210,7260,7260,0,0,1944,0
0,712500,2.75,4,3,1.0,8,1420,1000,2420,3170,11201,9385,1,0,1948,1999
0,299000,1.0,3,3,1.0,6,1010,500,1510,1710,6200,8623,0,0,1955,0
0,210000,1.0,3,3,1.0,6,1200,0,1200,1200,7200,7420,0,0,1977,0
0,469000,2.0,3,3,1.0,7,1300,0,1300,2250,22605,10215,0,0,1998,0
0,299950,1.0,4,5,1.0,6,1170,0,1170,1100,5400,5400,0,0,1953,0
0,375000,2.0,4,3,1.0,7,2270,0,2270,2150,18450,18450,0,0,1961,0
0,315000,2.5,4,3,2.0,7,1950,0,1950,1980,3225,3225,0,0,2002,0
0,323000,2.75,4,3,1.0,8,1170,800,1970,1980,7213,7045,0,0,1977,0
0,1646000,3.5,6,3,1.0,8,2090,1920,4010,3560,16200,16200,0,0,1955,1990
0,1212500,3.5,4,3,1.0,12,2230,2330,4560,4060,16643,15177,3,0,1995,0
0,1200000,3.5,4,3,1.0,12,2230,2330,4560,4060,16643,15177,3,0,1995,0
0,342000,1.0,2,3,1.0,6,740,0,740,1330,6180,4635,0,0,1948,0
0,850000,2.0,4,4,1.0,9,1690,1690,3380,3380,90968,42740,0,0,1979,0
0,475000,2.5,3,3,2.0,8,2480,0,2480,1850,6031,7704,0,0,2001,0
0,217000,1.0,3,3,1.0,7,1400,0,1400,1400,7800,7800,0,0,1962,0
0,580135,2.5,4,3,2.0,8,3150,0,3150,2650,5886,5886,0,0,2014,0
0,1150000,3.5,4,3,2.0,11,4200,340,4540,3990,19767,12881,0,0,1998,0
0,205000,1.0,4,4,1.0,6,1030,0,1030,1420,6621,6631,0,0,1955,0
0,299995,2.5,3,3,2.0,8,1970,0,1970,1950,7500,8220,0,0,1988,0
0,150000,1.0,2,4,1.0,6,790,0,790,850,7275,7399,0,0,1944,0
0,575000,2.25,3,4,1.0,10,3330,470,3800,3470,33825,14484,0,0,1976,0
0,950000,3.5,4,3,2.0,11,4140,0,4140,4140,13392,11529,0,0,2000,0
0,1900000,2.25,4,5,1.5,10,2110,910,3020,3890,11489,11489,3,1,1916,1988
0,425000,2.0,3,3,1.0,7,1060,440,1500,1550,8086,8086,0,0,1981,0
0,252500,2.5,4,3,1.5,7,1570,1030,2600,1660,11280,11200,0,0,1961,0
0,185000,1.5,3,4,1.0,7,1370,0,1370,1710,8470,8800,0,0,1961,0
0,406550,2.75,5,4,1.0,7,1200,1200,2400,2390,15781,7500,0,0,1974,0
0,500000,1.5,3,4,1.0,8,1110,1110,2220,2220,8994,8994,0,0,1962,0
0,204750,1.0,2,4,1.0,7,880,0,880,1800,7575,7575,0,0,1942,0
0,222000,1.5,3,4,1.0,7,1310,0,1310,1710,9273,9600,0,0,1968,0
0,200000,1.0,4,3,1.0,7,1350,0,1350,1320,11507,25675,0,0,1966,0
0,183000,1.0,3,3,1.0,7,1170,0,1170,2040,7320,7320,0,0,1962,0
0,225000,1.75,3,4,1.0,7,1580,0,1580,1480,14400,9600,0,0,1981,0
0,371000,1.75,3,3,1.0,8,1970,0,1970,2250,9512,10573,0,0,1968,0
0,616000,2.5,4,3,2.0,10,3440,0,3440,3200,6915,6915,0,0,2006,0
0,1824100,2.25,3,3,2.0,9,3330,0,3330,2870,20053,20053,0,0,1968,1998
0,320000,2.5,4,3,2.0,8,2110,0,2110,2720,6295,6311,0,0,2000,0
0,820000,3.5,4,3,2.0,9,2770,0,2770,3410,8049,7447,0,0,2002,0
0,795000,2.25,4,4,1.0,8,1700,370,2070,2520,13084,10180,0,0,1967,0
1,475000,2.5,3,4,1.0,8,1530,890,2420,1670,36862,9046,0,0,1957,0
0,315000,1.0,2,4,2.0,7,1010,0,1010,1220,7338,7719,0,0,1981,0
0,279950,1.75,3,3,1.0,7,1380,280,1660,1740,8303,8320,0,0,1974,0
0,659000,2.0,4,3,2.0,8,2350,0,2350,1640,9329,9403,0,0,1977,0
0,203000,1.0,2,3,1.0,7,970,470,1440,1600,6650,6847,0,0,1980,0
0,250000,1.75,3,3,1.0,7,1130,460,1590,1500,7560,7560,0,0,1984,0
0,279000,1.0,3,4,1.0,7,1060,340,1400,1400,9450,8108,0,0,1955,0
0,664000,2.5,6,4,2.0,8,3190,0,3190,2790,12196,13068,0,0,1979,0
0,545000,2.25,3,3,2.0,8,2290,0,2290,1660,14585,36961,0,0,1981,0
0,360000,2.5,3,3,2.0,8,2150,0,2150,2400,14092,10699,0,0,1991,0
0,760000,1.5,3,4,1.0,7,1170,0,1170,1870,7645,7678,0,0,1955,0
0,280000,1.0,3,4,1.0,7,1090,0,1090,1090,10710,10440,0,0,1962,0
0,237000,1.0,3,4,1.0,7,1160,0,1160,1280,6132,6132,0,0,1958,0
0,251000,2.0,3,4,1.0,7,1650,0,1650,1510,7930,7930,0,0,1989,0
0,200000,1.0,3,3,1.0,7,1220,900,2120,1790,31564,11571,0,0,1942,0
0,340000,2.5,4,3,2.0,8,1954,0,1954,1714,4805,3259,0,0,2005,0
0,153000,1.0,3,3,1.5,6,1270,0,1270,1110,6405,6405,0,0,1944,0
0,299950,2.25,4,3,1.0,7,1080,730,1810,1570,7601,7601,0,0,1986,0
0,440000,2.5,4,3,2.0,8,2410,0,2410,2420,7517,8095,0,0,1983,0
0,293000,2.5,3,3,2.0,7,1690,0,1690,2610,17383,7999,0,0,2003,0
0,203000,1.75,3,3,1.0,7,1190,0,1190,1200,6000,6000,0,0,1952,2015
0,193000,1.75,2,3,1.0,7,1280,0,1280,1450,6774,7810,0,0,1991,0
0,305000,1.75,3,3,1.0,7,1460,0,1460,2200,7862,9293,0,0,1965,0
0,466000,1.75,3,4,1.0,7,1680,0,1680,1690,9460,9448,0,0,1959,0
0,432100,2.25,3,4,2.0,8,1790,0,1790,1780,2240,2560,0,0,1975,0
0,500000,2.5,3,3,1.5,8,2410,0,2410,2420,34848,16424,0,0,1976,0
0,350000,1.0,2,4,1.0,6,800,0,800,1280,5150,5150,0,0,1949,0
0,120000,1.0,2,2,1.0,4,990,0,990,1560,39964,8990,0,0,1945,0
0,365000,1.5,4,4,1.0,7,1380,440,1820,1450,12327,9256,0,0,1955,0
0,590000,2.5,4,4,1.0,8,1850,1090,2940,2030,12600,11770,0,0,1974,0
0,160000,1.0,3,4,1.0,6,860,0,860,1660,11900,10248,0,0,1963,0
0,432000,3.25,4,4,2.0,8,2820,0,2820,2360,13059,8600,0,0,1976,0
0,141800,1.0,2,4,1.0,5,930,0,930,930,4743,4779,0,0,1942,0
0,3400000,4.5,3,3,2.0,10,3740,1490,5230,3670,17826,17826,4,1,2005,0
0,954500,2.25,3,4,1.0,8,1830,610,2440,2730,9689,9689,2,0,1974,0
0,305000,2.5,4,3,2.0,7,2320,0,2320,2230,4683,5750,0,0,2007,0
0,259900,2.75,4,3,1.0,7,1060,500,1560,2140,8820,7800,3,0,1979,0
0,250000,1.0,2,3,1.5,6,1100,300,1400,2250,19570,6500,0,0,1929,0
0,199000,1.0,2,4,1.0,6,990,150,1140,2320,15120,11250,0,0,1932,0
0,860000,2.5,4,3,2.0,9,3070,0,3070,2190,6923,9218,0,0,2009,0
0,865000,2.5,3,3,2.0,10,3050,0,3050,3543,12558,12558,0,0,1997,0
0,495500,2.5,3,3,2.0,9,3190,0,3190,2970,7828,7828,0,0,2006,0
0,476500,1.75,4,3,1.0,7,1390,280,1670,1720,10200,6860,0,0,1953,0
0,261000,1.0,3,3,1.0,7,1660,0,1660,1380,11200,10875,0,0,1957,0
0,375000,2.0,4,5,1.0,7,2070,0,2070,1300,9822,9572,0,0,1955,0
0,550000,2.0,4,5,1.0,7,2070,0,2070,1300,9822,9572,0,0,1955,0
0,230000,1.0,2,3,1.0,7,930,500,1430,1110,4000,4000,0,0,1949,0
0,368500,2.75,4,3,1.0,8,1780,720,2500,2180,26400,31900,0,0,1977,0
0,342000,1.0,4,3,1.5,7,1390,0,1390,1760,9023,9023,0,0,1955,0
0,278100,1.75,4,3,1.0,7,1600,520,2120,2160,8520,8400,0,0,1978,0
0,349950,2.5,4,3,2.0,7,2000,0,2000,2410,5006,4889,0,0,2005,0
0,425000,2.5,4,3,2.0,8,2400,0,2400,2460,6053,6519,0,0,2001,0
0,1325000,2.5,3,3,1.0,9,2950,640,3590,1620,8400,7875,0,0,1958,2007
0,210000,1.75,4,3,1.0,7,1280,810,2090,2190,6485,9600,0,0,1956,0
0,184000,1.0,3,3,1.0,6,1100,0,1100,1100,8680,9220,0,0,1962,0
0,333000,2.5,4,3,2.0,8,2100,0,2100,2060,7208,7480,0,0,1974,0
0,218000,2.0,2,3,2.0,6,1310,0,1310,1360,2841,2550,0,0,2004,0
0,420000,2.75,5,3,1.0,8,1520,1020,2540,1800,27007,26572,0,0,1980,2014
0,278000,1.75,5,3,1.0,7,1100,1070,2170,1810,9752,10609,0,0,1962,0
0,454000,2.25,4,3,2.0,9,2630,0,2630,2270,39000,66647,0,0,1979,0
0,1851000,2.5,4,3,1.0,8,2070,2050,4120,3620,14866,19729,4,1,1965,0
0,590000,3.0,5,3,2.0,8,3480,0,3480,2800,6625,9400,0,0,2012,0
0,202200,1.75,2,4,1.0,8,1330,0,1330,1220,2159,3679,0,0,1979,0
0,450000,2.25,3,3,1.0,7,960,460,1420,1480,13468,10980,0,0,1976,0
0,550000,1.0,2,4,1.0,5,1270,0,1270,1870,43560,6960,0,0,1908,0
0,361000,2.25,3,3,1.0,7,1550,920,2470,1660,5650,5650,2,0,1973,0
0,760000,2.25,4,3,2.0,9,2590,0,2590,2620,12600,11050,0,0,1979,0
0,902000,2.5,4,3,2.0,9,3030,0,3030,2570,8507,8830,0,0,2003,0
0,200000,1.0,3,4,1.0,6,1040,0,1040,1040,8925,8925,0,0,1961,0
0,260000,2.25,5,4,1.0,7,1270,1050,2320,1760,6375,7600,0,0,1967,0
0,287500,2.25,3,4,1.0,8,1360,670,2030,1720,8690,8800,0,0,1986,0
0,319950,1.0,2,3,1.5,6,1240,0,1240,1520,5500,5500,0,0,1921,0
0,284000,1.75,3,3,1.0,7,1320,0,1320,1660,35100,35100,0,0,1990,0
0,308000,2.5,4,3,2.0,8,2330,0,2330,2330,4606,5783,0,0,2004,0
0,118000,1.0,1,4,1.0,6,670,0,670,1600,7957,7957,0,0,1978,0
0,280400,1.75,4,4,1.0,7,1010,720,1730,1620,7210,7210,0,0,1968,0
0,710000,2.75,4,4,1.5,8,1690,1020,2710,2110,41811,35656,0,0,1995,0
0,787000,1.75,3,3,1.0,8,1330,0,1330,1690,7500,7800,0,0,1961,0
0,238000,2.5,4,3,1.0,7,1080,610,1690,1690,7260,7700,0,0,1979,0
0,4668000,6.75,5,3,1.0,12,4820,4820,9640,3270,13068,10454,4,1,1983,2009
0,627000,2.0,3,5,2.0,7,2310,0,2310,1430,10525,10523,0,0,1965,0
0,279000,2.5,3,3,1.0,8,1320,310,1630,1650,7950,7952,0,0,1985,0
0,315000,2.0,4,5,1.5,6,930,850,1780,1910,5336,10304,0,0,1918,0
0,336500,1.75,4,4,1.0,7,1080,680,1760,1830,7268,8786,0,0,1979,0
0,163250,1.0,2,3,1.0,6,770,0,770,1140,8150,8550,0,0,1951,0
0,625000,2.75,4,3,2.0,8,2920,0,2920,3030,6605,6605,0,0,2012,0
0,380000,3.0,4,3,2.0,8,2800,0,2800,3610,9764,8194,0,0,2002,0
0,450000,4.0,7,3,2.0,8,3150,0,3150,1880,7800,6000,0,0,2013,0
0,544800,2.75,5,3,2.0,9,3190,0,3190,3100,5857,5857,0,0,2004,0
0,220000,1.75,3,4,1.0,7,1140,580,1720,1120,7587,7287,0,0,1981,0
0,200000,2.0,3,3,1.0,7,1010,0,1010,1540,7896,7896,0,0,1984,0
0,259950,2.0,3,3,1.0,7,1010,0,1010,1540,7896,7896,0,0,1984,0
0,255000,2.75,4,3,1.0,7,1140,620,1760,1800,9222,9222,0,0,1971,0
0,1511250,2.5,3,5,1.0,11,2600,1410,4010,4010,12105,15081,3,0,1983,0
0,345000,2.5,3,3,1.0,7,1280,1060,2340,2340,8414,7268,0,0,1993,0
0,250000,2.0,3,5,1.0,7,950,950,1900,1690,6660,8111,0,0,1966,0
0,865000,3.5,4,3,2.0,9,2160,1220,3380,2910,11270,11214,1,0,2007,0
0,270000,1.75,3,3,1.0,6,840,420,1260,1340,7500,7500,0,0,1947,0
0,567000,2.25,3,4,1.0,8,1230,570,1800,1800,6875,8749,0,0,1974,0
0,635000,2.5,3,4,1.0,8,980,980,1960,1440,7200,7200,0,0,1940,0
0,183000,1.75,3,4,1.0,7,1330,0,1330,1590,9200,9200,0,0,1973,0
0,309933,1.75,3,3,1.0,6,1220,600,1820,1340,78408,78408,0,0,1950,0
0,945800,2.75,4,4,1.0,8,1760,1600,3360,2620,9100,8925,0,0,1973,0
0,503000,1.75,2,3,1.0,8,1510,1350,2860,2720,59612,59612,4,1,1948,2003
0,220000,1.0,3,4,1.0,7,1460,0,1460,1460,10200,8500,0,0,1957,0
0,335000,1.75,3,3,1.0,8,1900,0,1900,1950,36769,35847,0,0,1987,0
0,650000,2.25,3,4,1.0,7,1240,550,1790,2610,9927,10700,2,0,1969,0
0,1452000,3.25,2,3,2.0,9,1760,310,2070,2740,3128,3568,3,1,1988,0
0,186000,2.0,3,3,1.0,5,920,420,1340,980,4320,6480,0,0,1912,1993
0,328000,2.5,4,3,2.0,9,2370,0,2370,2590,6500,6137,0,0,1998,0
0,370000,1.75,3,4,1.5,7,1480,0,1480,1720,7725,8379,0,0,1981,0
0,630000,1.0,2,3,1.0,7,1050,0,1050,2400,8382,9525,0,0,1959,0
0,698000,1.5,3,4,1.0,7,1090,0,1090,2010,7200,8982,0,0,1958,0
0,268000,2.5,3,3,2.0,7,1650,0,1650,1850,6684,7048,0,0,1991,0
0,355000,2.5,4,2,2.0,7,1780,0,1780,2005,15000,9680,0,0,1993,0
0,275000,2.0,4,4,1.5,7,2220,0,2220,1660,8229,8396,0,0,1958,0
0,260000,2.5,4,3,2.0,8,2000,0,2000,2390,37045,36868,0,0,1989,0
0,495000,1.0,5,3,1.5,7,1810,0,1810,1860,11205,7965,2,0,1915,0
0,258000,2.5,3,3,2.0,8,1730,0,1730,1780,6930,6930,0,0,1994,0
0,165000,1.5,3,5,1.0,6,1020,0,1020,1320,10152,8892,0,0,1959,0
0,2450000,4.5,4,3,2.0,11,3250,1780,5030,3640,11023,11490,2,0,2008,0
0,180000,1.0,2,3,1.0,6,800,0,800,1090,9450,9450,0,0,1958,0
0,500000,1.75,3,5,1.0,6,770,770,1540,2020,10800,10800,0,0,1947,0
0,610000,2.75,6,4,1.0,7,1100,940,2040,2230,8560,8560,2,0,1961,0
0,170000,1.0,4,4,1.0,7,1220,700,1920,1490,13787,11200,0,0,1966,0
0,300000,2.5,3,3,2.0,7,1870,0,1870,2190,3439,4029,0,0,2005,0
0,389500,3.5,5,3,2.0,9,1940,1020,2960,2210,12527,10952,0,0,1986,0
0,269950,2.25,3,3,2.0,7,1610,0,1610,1640,7187,7194,0,0,1988,0
0,249000,1.0,3,3,2.0,8,1752,0,1752,1800,14626,9000,2,0,2005,0
0,621500,1.75,3,3,2.0,8,2570,0,2570,2990,39634,39634,0,0,1984,0
0,222900,1.0,2,5,1.0,5,860,0,860,900,5800,6000,0,0,1942,0
0,190000,0.75,1,3,1.0,6,930,0,930,2000,29258,18321,0,0,1941,0
0,320000,1.75,4,5,1.0,7,1150,670,1820,1610,7381,8462,0,0,1962,0
0,555000,2.25,4,3,2.0,9,3330,0,3330,3330,21785,21796,0,0,1994,0
0,364950,2.25,3,3,2.0,7,1850,670,2520,2260,6170,6967,0,0,2003,0
0,506000,3.75,5,4,2.0,7,3880,0,3880,2160,8370,4651,0,0,2004,0
0,754000,1.75,5,4,1.0,8,1510,840,2350,2220,7800,8400,0,0,1968,0
0,949950,2.5,5,3,2.0,8,2340,0,2340,2200,1989,3230,4,1,1959,0
0,722800,3.25,3,3,2.0,10,3630,700,4330,3220,14600,12672,0,0,1985,0
0,342888,1.0,2,4,1.0,6,790,0,790,1460,5150,5150,0,0,1948,0
0,621000,2.5,4,4,1.0,8,2030,0,2030,2130,9905,10008,0,0,1959,0
0,580000,2.5,5,3,1.0,7,1400,1100,2500,2820,11900,11900,0,0,1963,0
0,1320000,2.75,3,5,1.0,9,1820,860,2680,3060,20104,19837,0,0,1964,0
0,675000,2.5,4,5,1.0,8,1610,430,2040,1730,9225,9225,0,0,1968,0
0,915000,2.75,5,4,1.0,7,1730,850,2580,2040,7630,7717,0,0,1954,0
0,335000,2.0,2,3,1.0,7,1420,0,1420,2140,5185,4890,0,0,2004,0
0,170000,1.0,2,5,1.5,6,1280,0,1280,1520,21750,21750,0,0,1912,0
0,508000,1.75,3,3,1.0,8,1440,360,1800,2210,8462,8436,0,0,1978,0
0,228950,1.75,3,4,1.0,7,1200,0,1200,1200,9085,9085,0,0,1968,0
0,910000,1.5,4,3,2.0,8,2090,800,2890,2550,9000,8400,4,0,1939,0
0,787888,2.25,4,4,2.0,9,2580,0,2580,2690,21115,10165,0,0,1977,0
0,329000,2.5,4,3,2.0,9,2650,0,2650,2610,5880,6490,0,0,2005,0
0,389000,4.5,6,3,2.0,7,3560,0,3560,1710,14010,11116,0,0,1989,0
0,285000,1.75,3,4,1.0,7,1720,0,1720,1840,13104,13104,0,0,1962,0
0,190000,1.75,3,4,1.0,7,1270,0,1270,1830,7875,7210,0,0,1980,0
0,453000,1.75,3,3,1.0,7,1430,0,1430,2140,20193,18364,0,0,1955,0
0,359950,2.75,3,3,2.0,8,2540,0,2540,2260,8604,7438,0,0,1991,0
0,315000,2.0,3,3,1.0,8,1900,0,1900,1790,9513,8028,0,0,1995,0
0,220000,2.5,3,3,2.0,8,1980,0,1980,2130,11900,9933,0,0,1990,0
0,340000,2.5,4,3,1.0,8,1710,1310,3020,1900,8750,8750,0,0,1960,0
0,602000,1.75,5,3,1.5,8,3290,0,3290,2210,11900,8549,0,0,1973,0
0,575000,1.75,3,4,1.0,7,1180,400,1580,2150,11750,11750,0,0,1951,0
0,285000,2.5,3,4,1.0,8,1360,730,2090,1750,10834,8595,0,0,1987,0
0,306500,1.5,3,4,1.0,7,1100,0,1100,1430,8140,7700,0,0,1965,0
0,325000,2.5,3,3,2.0,7,1870,0,1870,2160,3480,3480,0,0,2002,0
0,256500,2.0,3,3,1.0,7,1320,0,1320,1600,8568,8463,0,0,1993,0
0,473000,3.5,5,3,2.0,10,2830,600,3430,3650,6872,6600,0,0,2002,0
0,317000,2.5,4,3,2.0,9,2160,0,2160,2490,8049,8995,0,0,1988,0
1,225000,2.5,2,3,1.0,5,780,780,1560,1010,5333,4800,0,0,1947,0
0,207000,1.0,2,5,1.0,6,820,0,820,1240,4860,6000,0,0,1955,0
0,725000,2.75,4,3,1.0,8,1530,890,2420,2620,10962,13200,0,0,1977,0
0,314950,2.5,3,3,2.0,7,1690,0,1690,1830,4533,5175,0,0,2003,0
0,689000,1.75,3,5,1.0,8,1500,700,2200,2410,9840,9623,0,0,1978,0
0,360000,1.5,3,4,1.0,7,1060,0,1060,1120,6232,5379,0,0,1968,0
0,239950,1.0,2,3,1.0,7,1280,0,1280,1270,5500,5500,0,0,1949,0
0,516000,2.75,4,4,1.0,8,1170,1040,2210,2210,10800,10800,0,0,1997,0
0,1218000,2.75,4,4,2.0,10,3670,0,3670,3370,15400,13300,3,0,1986,0
0,250000,2.0,4,3,1.0,8,1410,1190,2600,2600,9000,7200,0,0,1959,0
0,250000,1.5,4,3,1.0,6,1220,0,1220,1410,4900,3000,0,0,1942,0
0,925000,2.5,4,4,1.0,8,1910,1000,2910,2760,48351,43560,0,0,1967,0
0,262000,2.5,3,3,2.0,8,1700,0,1700,1720,6200,6205,0,0,1997,0
0,500000,1.75,3,4,1.0,7,1220,0,1220,1580,7370,8213,0,0,1964,0
0,500000,1.75,3,3,2.0,8,2420,0,2420,2970,65501,19036,1,0,1984,0
0,452000,2.5,5,3,1.0,9,3154,1913,5067,2860,13315,13957,2,0,1968,0
0,319000,2.5,4,3,1.0,8,1610,900,2510,2030,7992,7992,0,0,1978,0
0,255000,1.75,2,3,1.0,8,1950,0,1950,2370,8200,8000,0,0,1975,0
0,185000,1.0,4,3,1.0,7,1190,190,1380,1380,6700,8292,0,0,1928,0
0,370000,2.75,4,4,1.0,9,2250,900,3150,2210,67518,32391,0,0,1965,0
0,300000,2.25,3,3,2.0,7,1760,0,1760,1570,5421,6000,0,0,1991,0
0,335000,2.5,4,3,2.0,8,2610,0,2610,2583,4781,4796,0,0,2009,0
0,288000,2.25,3,4,1.0,7,1560,0,1560,1510,9706,9706,0,0,1963,0
0,403000,1.75,3,3,1.0,7,1270,0,1270,1270,10790,10790,0,0,1956,0
0,408000,1.0,3,3,1.0,7,1420,0,1420,1780,8000,8295,4,0,1950,0
0,1014250,1.0,3,5,1.5,6,1500,140,1640,2190,12855,11262,0,0,1920,0
0,575000,2.0,3,4,1.0,7,1730,0,1730,1470,9030,9030,0,0,1956,0
0,460000,1.75,3,4,1.0,7,1400,0,1400,2540,12155,23522,0,0,1977,0
0,210000,2.5,3,3,2.0,7,720,320,1040,1540,2643,5110,0,0,2004,0
0,359500,2.75,4,3,2.0,8,2140,0,2140,1920,10316,11337,0,0,1993,0
0,248000,1.75,3,3,1.0,7,1330,0,1330,1330,9831,7500,0,0,1987,0
0,239300,1.0,3,3,1.0,7,1070,0,1070,1420,5750,6500,0,0,1952,0
0,970000,3.0,4,4,2.0,9,3510,0,3510,3000,12410,13209,0,0,1976,0
0,418000,1.5,4,3,1.0,7,1000,550,1550,1730,9176,8539,0,0,1956,0
0,871000,2.5,4,4,1.0,8,1400,750,2150,2800,8536,9500,3,0,1967,0
0,515000,1.75,3,4,1.0,7,1210,370,1580,2600,9147,23564,1,0,1967,0
0,212000,1.5,3,3,1.0,7,1210,480,1690,1450,9600,9647,0,0,1976,0
0,710000,2.5,4,3,2.0,9,2870,0,2870,2690,11304,9940,0,0,1980,0
0,1295000,3.75,5,4,1.0,10,1940,1550,3490,3410,15246,15682,1,0,1968,0
0,248000,2.0,4,3,1.0,7,1040,1040,2080,2010,13510,11625,0,0,1950,0
0,556000,2.5,4,4,1.0,7,1220,1010,2230,1920,7200,7200,0,0,1957,0
0,245000,2.5,3,4,2.0,7,1600,0,1600,1720,2788,3605,0,0,1992,0
0,235000,1.75,3,4,1.0,7,1420,0,1420,1420,7920,7920,0,0,1962,0
0,374900,2.75,5,3,1.0,8,1540,1440,2980,2310,8500,8500,0,0,1982,0
0,245000,2.25,3,3,1.0,7,1070,460,1530,2140,12000,13636,0,0,1979,0
0,200000,2.0,3,3,1.0,7,1290,0,1290,1580,5757,6798,0,0,1994,0
0,1247000,1.25,1,4,1.5,8,1230,580,1810,2280,5070,5070,4,1,1967,0
0,250000,3.0,3,3,1.0,7,2300,0,2300,1570,7701,8116,0,0,1960,0
0,425000,2.75,3,3,1.5,8,3130,480,3610,2630,107386,42126,3,1,1918,1962
0,739900,2.5,5,3,2.0,8,3290,0,3290,2990,5029,6441,0,0,2004,0
0,366000,2.75,4,3,2.0,7,2170,0,2170,1670,9743,7734,0,0,1995,0
0,299000,1.5,3,4,1.0,7,1190,0,1190,1520,9135,9146,0,0,1959,0
0,460000,1.75,3,4,1.0,7,1290,0,1290,1840,8580,8580,0,0,1962,0
0,224000,1.5,3,3,1.0,7,1480,0,1480,1370,10588,10588,0,0,1957,0
0,140000,1.0,2,2,1.0,6,900,0,900,1350,6400,6405,0,0,1940,0
0,345000,1.5,2,5,1.0,7,1240,560,1800,2010,26615,26337,0,0,1987,0
0,207000,1.0,3,4,1.0,7,1490,0,1490,1490,8995,9000,0,0,1954,0
0,238000,1.0,3,5,1.5,6,1240,0,1240,1140,5700,5700,0,0,1953,0
0,649950,2.5,3,4,2.0,9,2150,0,2150,2540,15304,10507,0,0,1979,0
0,1285000,3.5,4,3,2.0,12,3210,870,4080,4080,14450,12114,2,0,1998,0
0,563000,2.75,3,4,1.0,8,1500,840,2340,2210,16500,15251,0,0,1972,0
0,339950,2.5,0,3,2.0,8,2290,0,2290,2500,8319,8751,0,0,1985,0
0,1200000,2.5,4,4,2.0,11,3180,0,3180,3070,13118,12861,0,0,1986,0
0,340000,2.5,4,3,2.0,8,2170,0,2170,2280,19785,8616,0,0,1992,0
0,236000,1.75,3,3,1.0,7,1330,0,1330,1330,6301,6144,0,0,1998,0
0,330000,1.75,4,4,1.0,8,1720,0,1720,1840,8300,8300,0,0,1965,0
0,240000,2.5,0,3,2.0,7,1810,0,1810,1810,5669,5685,0,0,2003,0
0,343000,1.0,3,5,1.0,7,1410,0,1410,1610,18600,24941,0,0,1960,0
0,332000,2.5,3,3,1.0,7,1270,260,1530,1700,9406,7682,0,0,1993,0
0,239950,1.0,3,5,1.0,6,1140,0,1140,960,8366,7200,0,0,1943,0
0,200000,1.0,3,4,1.0,6,1050,0,1050,1050,5000,5200,0,0,1967,0
0,453000,1.75,3,3,1.0,8,1600,0,1600,1970,7232,8120,0,0,1966,0
0,285000,2.5,4,3,2.0,7,1996,0,1996,2180,4547,5127,0,0,2009,0
0,880000,2.0,4,5,1.0,8,1350,1180,2530,2960,10800,12150,0,0,1954,0
0,380000,2.5,4,4,1.0,7,1310,1090,2400,1330,9398,8249,0,0,1958,0
0,336500,2.0,3,3,1.0,7,1830,0,1830,2320,12891,8709,0,0,1994,0
0,360000,2.25,3,3,1.0,7,1290,840,2130,2250,8466,9682,0,0,1983,0
0,225000,1.75,3,4,1.0,6,1370,0,1370,1580,10866,14250,0,0,1945,0
0,270000,1.75,3,4,1.0,6,1370,0,1370,1580,10866,14250,0,0,1945,0
0,555000,2.5,3,4,2.0,8,2480,0,2480,2540,8676,9496,0,0,1989,0
0,230000,2.5,3,3,2.0,8,1920,0,1920,1930,9180,7252,0,0,1988,0
0,360000,2.5,4,3,2.0,9,2750,0,2750,2810,6259,6824,0,0,2002,0
0,355000,1.75,4,4,1.0,9,1660,500,2160,2350,8000,8200,0,0,1976,0
0,353000,2.75,5,5,1.0,7,1100,1030,2130,1340,5000,6837,0,0,1978,0
0,999000,4.0,7,3,1.0,9,3150,0,3150,2390,34830,12054,0,0,1957,2005
0,265000,1.5,3,4,1.0,7,1270,510,1780,1320,10196,7875,0,0,1967,0
0,250000,1.75,4,4,1.0,7,1910,0,1910,1500,8250,8250,0,0,1959,0
0,565000,2.5,5,3,1.0,7,1400,1250,2650,1960,11455,9880,0,0,1961,0
0,320000,2.75,4,3,1.0,8,1340,810,2150,2260,9163,7750,0,0,1992,0
0,215000,1.75,3,4,1.0,6,1210,0,1210,1310,8075,8025,0,0,1983,0
0,898000,1.75,2,4,1.0,7,1490,0,1490,2280,9874,9869,0,0,1963,0
0,480000,2.5,3,3,2.0,8,2980,0,2980,3010,7338,5267,0,0,2006,0
0,1208000,2.25,3,4,2.0,8,1590,0,1590,2470,8520,12005,0,0,1980,0
0,1590000,2.25,4,4,1.0,9,2080,1160,3240,2300,11131,12150,0,0,1953,0
0,445000,1.75,3,3,1.0,7,1750,0,1750,1810,7200,7590,0,0,1966,0
0,330000,2.5,4,3,2.0,8,2310,0,2310,1850,6320,6181,0,0,1997,0
0,350000,1.75,5,4,1.0,7,1180,1150,2330,1690,14322,10010,0,0,1968,0
0,224000,1.0,2,3,1.0,6,1060,90,1150,1350,15000,15000,0,0,1930,2013
0,293550,1.75,4,3,1.0,7,1370,750,2120,1730,9706,11337,0,0,1965,0
0,1108000,2.5,4,3,2.0,10,3320,0,3320,2870,9380,11779,3,0,1988,0
0,506400,2.5,3,3,1.0,8,1700,400,2100,2430,9040,8809,0,0,1989,0
0,299900,2.5,3,3,2.0,7,2720,0,2720,2760,6014,6537,0,0,2002,0
0,332000,2.25,3,3,1.0,7,1380,890,2270,2150,8876,7455,0,0,1977,0
0,270000,2.5,3,4,2.0,7,1540,0,1540,1720,7739,7200,0,0,1986,0
0,750000,2.5,5,3,2.0,11,3120,0,3120,3390,15593,17003,4,0,1986,0
0,189000,1.0,3,5,1.0,6,860,0,860,1010,5200,5200,0,0,1969,0
0,287000,2.0,3,5,1.5,7,1300,0,1300,1480,11374,9670,0,0,1933,0
0,316000,2.25,3,3,1.0,8,1570,560,2130,2130,8721,9477,0,0,1987,0
0,560000,3.0,4,3,2.0,10,3080,0,3080,3200,9601,9375,1,0,1990,0
0,437850,2.25,4,4,1.0,8,1610,1060,2670,2470,14255,10290,0,0,1975,0
0,435000,2.75,4,4,2.0,8,2720,550,3270,2780,50994,36036,0,0,1983,0
0,520000,2.5,3,4,2.0,8,2460,0,2460,2770,54885,21407,0,0,1980,0
1,509000,1.5,2,3,2.0,8,1930,0,1930,1840,3521,3576,0,0,1989,0
0,365000,2.5,4,5,1.0,7,1330,700,2030,1980,7210,7560,0,0,1969,0
0,285000,2.5,3,3,2.0,7,1870,0,1870,2190,4060,4060,0,0,2005,0
0,955000,2.25,3,3,2.0,10,2720,300,3020,3910,43560,43560,0,0,1969,0
0,1150000,2.25,3,3,1.0,10,2260,990,3250,2770,34848,21512,0,0,2006,0
0,459950,2.0,4,4,1.0,9,2120,640,2760,2550,21465,13144,0,0,1979,0
0,279000,2.0,4,3,1.0,7,1980,0,1980,1520,10051,10125,0,0,1969,2003
0,594950,2.5,4,3,2.0,9,2720,0,2720,2720,10006,10759,0,0,1989,0
0,533050,1.0,2,3,1.0,5,910,0,910,2050,295772,48351,0,0,1953,0
0,510000,1.75,3,3,1.0,7,1480,0,1480,2040,7040,7810,0,0,1974,0
0,360000,2.25,4,4,1.0,7,1270,1200,2470,1900,8686,7350,0,0,1974,0
0,265000,4.0,5,5,1.0,7,900,500,1400,1220,8580,8832,0,0,1954,0
0,425000,2.25,3,3,2.0,8,1400,0,1400,1800,6970,8140,0,0,1984,0
0,190000,1.75,3,4,1.0,7,1520,0,1520,1590,9600,10183,0,0,1967,0
0,314950,1.75,3,4,1.0,7,1520,0,1520,1590,9600,10183,0,0,1967,0
0,565000,2.25,4,4,2.0,8,2110,0,2110,2220,10698,8252,0,0,1979,0
0,175000,1.0,3,3,1.0,7,1010,0,1010,1440,7034,10994,0,0,1954,0
0,530000,2.0,3,3,2.5,8,2330,0,2330,2030,26571,20037,0,0,1987,0
0,4489000,3.0,4,3,2.0,12,6430,0,6430,3720,27517,14592,0,0,2001,0
0,225000,1.75,3,4,1.0,7,1460,0,1460,1220,8372,7803,0,0,1981,0
0,312000,4.0,5,4,2.0,7,1950,950,2900,1360,9779,8000,0,0,1937,0
0,1438888,3.5,5,3,2.0,10,3420,0,3420,1900,8000,8000,0,0,2006,0
0,329950,2.5,4,3,2.0,7,2120,0,2120,2370,4558,5506,0,0,2002,0
0,929950,3.5,3,3,2.0,11,3790,0,3790,3620,10829,10989,0,0,1993,0
0,692000,2.5,4,3,1.0,10,2350,0,2350,2700,9779,10441,0,0,1987,0
0,510000,1.75,3,4,1.0,7,1340,580,1920,2540,43560,58806,0,0,1962,0
0,249000,1.0,3,4,1.0,7,1050,0,1050,1050,8498,8498,0,0,1959,0
0,244900,1.5,3,4,1.0,7,1360,0,1360,1360,9980,9750,0,0,1966,0
0,289900,1.0,3,3,1.0,6,1180,0,1180,1180,7068,7068,0,0,1944,0
0,318000,1.75,3,4,1.0,8,1570,0,1570,2120,12506,13243,0,0,1959,0
0,139000,1.0,3,3,1.0,7,1100,0,1100,1530,17334,18694,0,0,1978,0
0,385000,2.0,5,3,1.0,7,1480,1060,2540,2000,11750,12000,0,0,1962,0
0,450000,1.5,3,4,1.0,7,1000,520,1520,1520,7903,9830,0,0,1955,0
0,1090000,2.5,4,3,2.0,9,2780,0,2780,1160,6837,6837,0,0,2004,0
0,242000,2.25,5,3,1.0,7,1170,1170,2340,1650,7494,10125,0,0,1951,0
0,275000,1.75,3,3,1.0,8,1840,0,1840,2170,14005,7992,0,0,1983,0
0,300000,2.5,4,3,2.0,8,2450,0,2450,2410,8932,8775,0,0,1990,0
0,1485000,2.75,6,3,2.0,10,2680,1750,4430,3530,6440,7314,3,0,1964,2015
0,410000,2.5,4,3,2.0,9,2560,0,2560,3010,4020,4916,0,0,2006,0
0,225000,1.5,3,4,1.0,7,1240,0,1240,1670,5506,5589,0,0,1971,0
1,249950,1.75,3,5,1.0,7,1120,0,1120,1710,15210,8470,0,0,1976,0
0,249000,1.75,4,5,1.5,7,1630,0,1630,1390,8410,8410,0,0,1943,0
0,780000,1.75,4,3,1.0,7,1390,1090,2480,2440,9195,9195,0,0,1950,0
0,649990,2.25,4,3,2.0,9,2130,0,2130,2590,11900,11900,0,0,1976,0
0,301000,2.5,4,3,2.0,9,2810,0,2810,2810,6146,6180,0,0,1998,0
0,364988,2.5,3,3,2.0,9,2850,0,2850,2850,12593,9435,0,0,1997,0
0,625000,3.0,4,5,1.0,8,1490,860,2350,2020,5627,5627,0,0,1960,0
0,625000,2.0,3,4,1.0,7,1730,0,1730,2470,12219,13594,0,0,1986,0
0,380000,2.5,4,3,2.0,8,2150,0,2150,2410,37647,42193,0,0,1991,0
0,479500,1.0,2,3,1.0,6,730,200,930,1970,5760,5760,0,0,1917,0
0,691000,2.75,4,3,1.0,8,1700,850,2550,2550,8632,9534,0,0,1972,0
0,199129,1.0,3,4,1.0,6,860,0,860,1290,33664,18287,0,0,1955,0
0,335000,3.0,3,3,2.0,9,2031,0,2031,2390,7702,7700,0,0,1988,0
0,830000,2.25,4,4,1.0,9,3010,0,3010,2480,12202,10143,0,0,1959,0
0,810000,2.5,3,3,2.0,10,2610,0,2610,3140,8481,10008,0,0,1993,0
0,500000,2.25,3,3,1.0,8,1180,260,1440,1440,15661,13963,0,0,1988,0
0,280000,2.25,3,4,2.0,7,2140,0,2140,1890,7200,7455,0,0,1979,0
0,426250,1.0,4,4,1.5,7,1510,100,1610,1430,6000,6000,0,0,1905,0
0,270500,1.5,3,4,1.0,7,1652,300,1952,1400,8613,8712,0,0,1960,0
0,159075,1.5,4,3,1.0,6,790,790,1580,1320,6200,6499,0,0,1944,0
0,309950,1.5,2,4,1.0,7,1510,0,1510,1590,9843,9368,0,0,1961,0
0,433000,1.75,4,4,1.0,7,1010,820,1830,1910,9600,11100,0,0,1966,0
0,895000,2.5,3,3,1.0,8,1650,1100,2750,2490,10000,10000,3,0,1967,0
0,291000,1.5,3,4,1.0,7,1140,720,1860,2170,60960,82764,0,0,1967,0
0,835000,2.5,3,3,2.0,9,2720,0,2720,2760,13124,16200,0,0,1988,0
0,438000,2.25,3,3,1.0,8,1340,1000,2340,2340,14279,13600,0,0,1965,0
0,540000,2.5,4,3,2.0,8,2600,0,2600,2830,9935,7620,0,0,2005,0
0,380000,1.75,4,5,1.5,7,1360,900,2260,1410,7200,7465,0,0,1924,0
0,380000,2.5,4,3,2.0,8,2300,0,2300,2320,7707,6035,0,0,2004,0
0,825000,2.5,4,4,1.0,8,1710,1100,2810,2800,9800,9800,0,0,1973,0
0,1800000,3.0,3,4,2.0,10,2370,420,2790,3140,13295,11949,4,1,1933,1989
0,270000,2.25,3,3,1.0,7,1350,400,1750,2020,8400,9110,0,0,1965,0
0,550000,2.5,3,5,1.0,9,1720,1350,3070,2020,14400,18211,3,0,1985,0
0,715000,2.5,4,3,1.0,8,1250,1200,2450,2450,7700,8000,0,0,1958,0
0,175000,1.0,2,3,1.5,6,1330,0,1330,1210,28270,6926,0,0,1925,0
0,975000,3.5,4,3,2.0,9,2430,700,3130,3200,52322,5820,0,0,2011,0
0,367500,1.0,3,5,1.0,7,1270,0,1270,1780,8792,8792,0,0,1969,0
0,285000,2.5,4,3,2.0,8,2434,0,2434,2434,4400,4400,0,0,2007,0
0,1050000,2.5,4,3,2.0,11,4080,0,4080,3520,11054,11914,0,0,2001,0
0,1370000,2.75,4,5,1.0,10,1960,1760,3720,2900,9450,8605,4,0,1962,0
0,235000,1.0,3,4,1.5,6,1010,420,1430,1290,7599,10320,0,0,1930,0
0,800000,2.25,4,4,1.0,9,2200,310,2510,3110,9963,9963,0,0,1967,0
0,1100000,2.75,5,5,1.0,8,1470,1190,2660,3280,8737,8783,4,0,1969,0
0,465000,2.0,4,4,1.0,7,1470,0,1470,1460,10291,9601,0,0,1963,0
0,568000,2.0,3,3,1.5,8,1780,570,2350,1700,5080,5080,0,0,1929,0
0,213500,1.5,3,3,1.0,7,1150,0,1150,1630,11571,11571,0,0,1961,0
0,275000,1.5,4,3,2.0,7,1930,0,1930,1580,15531,7800,0,0,1979,0
0,565000,2.75,3,3,2.0,10,3210,0,3210,2870,15939,15939,1,0,1998,0
0,490600,2.5,3,3,2.0,9,3316,0,3316,3000,11447,11447,0,0,1986,0
0,249000,2.25,4,3,2.0,7,1830,0,1830,1830,6136,7664,0,0,1990,0
0,235000,2.0,3,4,1.0,7,1530,0,1530,1960,8700,7600,0,0,1970,0
0,360000,2.5,5,3,1.0,7,1330,800,2130,1840,7111,7592,0,0,1968,0
0,1406888,2.25,5,5,2.0,9,3580,0,3580,3390,16789,17000,0,0,1966,0
0,298000,2.5,4,3,2.0,8,2420,0,2420,1880,3825,4250,0,0,2003,0
0,400000,1.75,3,3,1.0,7,1330,0,1330,1950,9143,10384,0,0,1960,0
0,261490,1.0,4,4,1.0,6,1220,420,1640,1060,8467,7396,2,0,1943,0
0,380000,3.25,3,3,1.0,8,1510,580,2090,2690,51212,40820,0,0,1989,0
0,565000,3.0,3,3,2.0,9,1850,0,1850,2390,12556,12474,0,0,1976,0
0,291000,2.25,3,3,1.0,7,1190,290,1480,1830,7200,7200,0,0,1975,0
0,725000,2.25,4,3,2.0,10,3180,0,3180,2840,9600,10739,0,0,1984,0
0,470000,3.25,5,3,2.0,9,2710,1200,3910,2650,7077,7077,0,0,2000,0
0,1530000,2.25,4,4,1.0,9,2380,1870,4250,3460,16940,17693,2,0,1974,0
0,281000,2.5,3,3,2.0,8,1760,0,1760,1920,7601,6851,0,0,1992,0
0,270000,2.25,3,3,2.0,8,2100,0,2100,2730,14027,5999,0,0,1979,0
0,205950,1.0,3,4,1.0,6,1490,0,1490,1200,8239,8470,0,0,1963,0
0,843500,2.0,4,4,2.0,8,2630,0,2630,2670,16475,15001,0,0,1953,0
0,279000,2.0,4,3,1.0,7,1100,1100,2200,1790,7700,7700,0,0,1979,0
0,408000,1.75,3,4,1.0,7,1600,0,1600,1780,313672,90860,0,0,1960,0
0,323500,3.0,3,3,2.0,7,2240,0,2240,1650,11536,8760,0,0,1943,2005
0,280000,2.0,4,4,1.0,7,1180,1010,2190,2160,14439,14439,0,0,1977,0
0,269000,2.5,3,4,1.0,7,1360,370,1730,1730,6653,7061,0,0,1990,0
0,280000,2.25,3,3,2.0,7,1860,0,1860,1530,9210,8091,0,0,1994,0
0,287000,1.75,3,3,1.0,7,1290,650,1940,1900,9000,9120,0,0,1965,0
0,309000,1.0,3,3,1.0,7,1040,780,1820,1820,8142,8142,0,0,1961,0
0,920000,2.5,4,3,2.0,10,3810,0,3810,3310,13579,9270,0,0,2003,0
0,240000,1.75,4,5,1.0,7,1020,860,1880,1560,9600,14400,0,0,1946,0
0,440000,2.0,3,4,1.0,8,1800,0,1800,2400,10950,11300,0,0,1982,0
0,650000,1.5,3,5,1.0,7,1380,0,1380,1590,4500,9000,0,0,1960,0
0,653000,2.25,3,4,1.0,8,1420,1380,2800,2140,17300,12650,0,0,1971,0
0,345000,2.5,4,3,2.0,8,2331,0,2331,2441,3826,3826,0,0,2007,0
0,350000,1.75,4,4,1.0,7,1320,500,1820,1820,6930,6825,2,0,1952,0
0,259950,2.0,4,3,1.0,7,1610,0,1610,1960,6650,6650,0,0,1989,0
0,998000,3.5,5,3,2.0,10,3150,610,3760,3550,10207,12118,0,0,1969,0
0,290000,4.5,6,3,1.0,8,2010,800,2810,1940,11214,8349,0,0,1958,0
0,214000,2.5,3,3,2.0,7,1600,0,1600,1600,2231,2962,0,0,2003,0
0,275000,2.5,3,3,2.0,8,2497,0,2497,2434,4400,4400,0,0,2007,0
0,305000,1.5,3,4,1.0,7,1800,0,1800,1490,12196,11730,0,0,1966,0
0,449000,2.5,5,4,1.0,7,1470,1100,2570,1990,61855,49658,0,0,1981,0
0,348000,2.5,3,3,2.0,7,1670,0,1670,2560,5090,4851,0,0,2003,0
0,950000,2.5,4,3,2.0,9,3360,0,3360,3400,11548,14091,0,0,1988,0
0,815000,2.5,3,4,2.0,8,2590,0,2590,2590,21494,10720,0,0,1991,0
0,199950,3.0,3,3,2.0,8,1530,0,1530,1530,2132,3384,0,0,1993,0
0,273000,2.25,3,3,2.0,8,2160,0,2160,2000,7964,7964,0,0,1991,0
0,284000,2.5,4,3,2.0,8,1830,0,1830,1830,6360,6596,0,0,1994,0
0,315000,2.5,3,3,2.0,7,1790,0,1790,1610,6452,3600,0,0,2004,0
0,290000,2.0,4,3,1.5,7,1630,0,1630,1320,7618,8774,0,0,1967,0
0,399900,2.5,4,3,2.0,8,2710,0,2710,2520,8127,8436,0,0,1994,0
0,852600,2.5,4,5,2.0,9,2650,670,3320,2700,11901,11114,0,0,1977,0
0,230000,2.25,3,3,2.0,7,1490,0,1490,1510,8722,8061,0,0,1997,0
0,245000,2.5,3,3,2.0,7,1720,0,1720,1720,3407,3407,0,0,1992,0
0,426000,2.5,4,3,2.0,8,2800,0,2800,3740,8494,8494,0,0,2004,0
0,750000,2.25,4,3,2.0,10,2300,890,3190,2990,11597,10679,0,0,1984,0
0,525000,2.25,4,3,1.0,8,1890,0,1890,1940,8549,7210,0,0,1967,0
0,397900,2.75,3,3,1.0,7,1580,920,2500,2060,35245,153766,0,0,2000,0
0,812500,2.5,4,3,2.0,10,2750,0,2750,3160,10159,10159,0,0,1991,0
0,1075000,3.25,2,3,3.0,8,1550,0,1550,2710,1767,3444,3,1,2006,0
0,225000,1.5,3,3,1.5,7,1220,0,1220,1880,8345,10169,0,0,1931,0
0,555000,1.75,3,3,1.0,7,1270,0,1270,1700,9170,8500,0,0,1969,0
0,214000,1.5,3,5,1.0,6,1240,0,1240,1060,5200,5200,0,0,1970,0
0,970500,2.75,3,3,2.0,8,2470,0,2470,2290,10125,10125,0,0,1960,2012
0,790000,2.5,3,3,2.0,8,2390,0,2390,1850,15084,17494,0,0,2000,0
0,230000,1.0,3,3,1.0,7,1640,0,1640,1340,7187,8346,0,0,1966,0
0,375000,2.5,4,3,2.0,8,1870,0,1870,2020,7471,8912,0,0,1990,0
0,485000,1.0,3,3,1.0,7,1250,0,1250,1430,7200,7400,0,0,1964,0
0,355000,1.75,4,4,1.0,7,1360,680,2040,2310,15000,15000,0,0,1967,0
0,259875,2.5,5,3,2.0,7,2200,0,2200,1850,6250,6091,0,0,1996,0
0,685000,2.5,4,3,1.0,7,1220,950,2170,2010,8680,8680,0,0,1959,0
0,382500,2.5,4,3,2.0,8,2980,0,2980,2980,8786,6718,0,0,2003,0
0,580000,2.5,5,3,1.0,8,1720,1390,3110,2550,15783,12220,0,0,1974,0
0,489990,2.25,5,4,1.5,8,2440,0,2440,2670,20828,14472,0,0,1975,0
0,479950,2.5,3,3,1.0,9,1750,1060,2810,2810,4984,5711,0,0,2006,0
0,349950,2.5,3,3,2.0,8,2240,0,2240,2190,7565,8254,0,0,1999,0
0,415000,2.0,4,5,1.0,7,1610,0,1610,1450,9600,9600,0,0,1967,0
0,965000,2.75,5,4,1.0,9,2050,1230,3280,3060,12673,12847,0,0,1981,0
0,667000,2.75,3,3,1.0,9,2216,0,2216,2216,31215,30048,0,0,1968,2005
0,265950,1.5,3,4,1.0,6,1150,0,1150,1160,8450,6800,0,0,1951,0
0,258000,1.75,3,3,1.0,6,1200,890,2090,1420,7461,7462,0,0,1986,0
0,1348000,3.25,5,3,1.0,10,2000,1540,3540,2820,5971,6029,2,0,2005,0
0,329800,2.5,4,3,2.0,8,2080,0,2080,2580,7047,7227,0,0,1996,0
0,222000,1.0,2,3,1.0,6,1550,0,1550,1188,38449,25875,0,0,1947,0
0,450000,2.5,4,3,1.0,7,1900,0,1900,2040,9240,8052,0,0,1962,0
0,226800,1.0,2,4,1.0,7,1240,0,1240,1660,11393,11393,0,0,1960,0
0,1205000,4.25,5,3,2.0,11,3510,910,4420,4220,13497,12015,0,0,2000,0
0,350000,2.75,4,4,1.0,7,1970,1420,3390,2530,16153,8495,0,0,1961,0
0,553000,1.0,3,3,1.0,7,1310,0,1310,2150,18135,18135,0,0,1948,0
0,254000,1.0,3,4,1.0,7,1270,0,1270,1700,16800,10200,0,0,1957,0
0,354950,2.75,4,5,1.0,8,1280,1250,2530,2280,7350,7350,0,0,1977,0
0,439000,3.5,5,3,2.0,8,1980,900,2880,2120,10000,9535,3,0,1991,0
0,545000,2.5,4,3,2.0,9,2820,0,2820,3330,25995,27653,0,0,1998,0
0,274000,1.75,5,3,1.0,7,1050,900,1950,1660,8720,8030,0,0,1962,0
0,260000,2.0,3,4,1.0,7,1510,410,1920,1920,8075,7826,0,0,1969,0
0,625000,1.5,3,4,1.5,7,1990,0,1990,2100,5978,6221,4,1,1926,0
0,220000,1.0,3,5,1.0,7,1230,0,1230,1230,9720,9720,0,0,1969,0
0,1325000,4.25,6,3,2.0,10,4170,1550,5720,4300,10213,10224,0,0,2004,0
0,351000,1.0,4,4,1.0,6,1550,0,1550,1210,7260,7260,0,0,1959,0
0,585888,2.0,3,4,1.0,7,1490,0,1490,1700,7431,7725,0,0,1966,0
0,405000,2.5,4,3,2.0,7,2220,0,2220,1840,4652,4500,0,0,2001,0
0,650000,1.75,3,3,1.0,8,1400,1400,2800,3270,19386,31450,4,1,1965,0
0,220000,2.25,3,3,1.0,7,1140,260,1400,1970,7205,7252,0,0,1985,0
0,610000,3.0,4,5,1.0,8,1580,870,2450,2530,10117,10125,0,0,1967,0
0,204700,2.0,4,3,1.0,7,1670,0,1670,1640,9987,7280,0,0,1967,0
0,314000,2.75,3,4,2.0,7,1900,0,1900,1620,8200,8200,0,0,1984,0
0,675000,2.75,4,5,2.0,8,1630,1040,2670,2400,6780,5989,3,0,1908,0
0,380000,2.5,4,3,2.0,8,1870,670,2540,2290,6365,5942,0,0,2000,0
0,429000,2.0,3,3,1.0,7,1700,0,1700,2480,52826,114728,0,0,1991,0
0,925000,3.25,3,3,2.0,9,2630,1480,4110,2640,20900,14700,0,0,2002,0
0,1052500,2.75,4,5,2.0,8,3950,0,3950,2350,12840,12507,0,0,1960,0
0,216180,1.0,2,3,1.0,6,1120,0,1120,2180,7797,7200,0,0,1948,0
0,300000,2.25,4,5,2.0,8,1740,0,1740,1680,9613,9769,0,0,1989,0
0,250000,1.75,3,3,1.0,6,1200,0,1200,2150,24805,4339,0,0,1984,0
0,445000,1.75,3,4,2.5,8,1850,0,1850,1970,7056,7056,0,0,1979,0
0,562000,1.5,3,4,1.0,7,1830,0,1830,1310,8000,7500,0,0,1957,0
0,501000,1.0,4,3,1.0,7,1160,910,2070,1730,7519,7519,0,0,1963,0
0,575000,3.0,5,3,1.0,9,2690,1000,3690,2590,49709,8691,2,0,1960,0
0,284850,1.5,3,3,1.0,7,1090,500,1590,1950,8256,7840,1,0,1969,0
0,304000,1.75,3,3,1.0,7,1000,720,1720,1690,6000,6000,2,0,1954,0
0,560000,2.5,4,4,1.0,8,1240,550,1790,1790,9787,9787,2,0,1983,0
0,305000,2.25,4,4,1.0,9,1620,960,2580,2140,8820,8400,0,0,1967,0
0,320000,1.0,5,4,1.0,5,1740,0,1740,2760,27350,10749,0,0,1958,0
0,455000,2.25,5,4,1.5,8,2790,680,3470,2020,28212,28177,0,0,1978,0
0,345000,2.5,5,3,2.0,8,2450,0,2450,1940,6994,6035,0,0,2002,0
0,583000,2.75,6,4,1.0,8,1650,980,2630,2250,16411,12255,0,0,1974,0
0,534950,2.25,3,3,2.0,8,2130,0,2130,2130,12286,10158,0,0,1977,0
0,651000,2.5,3,4,2.0,10,3240,0,3240,2090,108366,108366,0,0,1991,0
0,665000,2.25,4,4,1.0,8,1610,1040,2650,2290,8149,8019,0,0,1975,0
0,200000,1.0,3,4,1.5,6,1150,0,1150,1310,4800,9510,0,0,1938,0
0,295000,2.0,3,3,1.0,7,1760,0,1760,2590,6092,6255,0,0,1998,0
0,580000,2.5,3,2,1.0,9,2660,540,3200,3200,18750,22475,0,0,1967,1996
0,196000,1.0,3,4,1.0,6,1000,0,1000,1020,8470,8470,0,0,1963,0
0,338000,2.5,4,3,2.0,8,2370,0,2370,2200,10631,8297,0,0,1999,0
0,569999,2.5,3,3,2.0,9,3080,0,3080,2780,13880,15318,0,0,1990,0
0,299000,1.75,2,4,1.0,7,1250,0,1250,1910,34395,26042,0,0,1950,0
0,240000,2.0,3,3,1.0,7,1100,0,1100,1620,6360,6360,0,0,1991,0
0,1955000,1.75,3,4,1.0,8,1940,1390,3330,3730,12566,16560,4,1,1960,0
0,272000,2.25,4,3,2.0,7,1800,0,1800,1810,5555,5669,0,0,2003,0
0,305000,2.5,3,3,2.0,8,2100,0,2100,2180,6825,7614,0,0,1994,0
0,190000,1.5,2,3,1.0,7,960,440,1400,1450,9031,7658,0,0,1982,0
0,144000,1.0,3,3,1.0,6,980,0,980,1140,6800,9975,0,0,1946,0
0,139000,1.0,2,4,1.0,5,690,0,690,1140,5280,4860,0,0,1942,0
0,240000,2.25,3,4,2.0,7,1500,0,1500,1530,15334,8102,0,0,1992,0
0,279950,1.75,5,4,1.0,7,1460,690,2150,1710,7171,7300,0,0,1970,0
0,400000,2.5,3,3,2.0,9,2740,0,2740,2500,83199,29269,4,0,1973,0
0,225000,1.0,3,4,1.0,5,960,0,960,1150,6500,6500,0,0,1954,0
0,250000,1.0,3,4,1.0,7,1120,400,1520,1740,7800,8000,0,0,1967,0
0,525000,2.5,3,3,2.0,9,2990,0,2990,2790,6725,6725,0,0,2003,0
0,315000,2.5,4,4,1.0,8,1140,800,1940,1920,10200,12600,0,0,1977,0
0,470000,2.5,3,3,2.0,8,2150,0,2150,2490,8221,7951,0,0,1992,0
0,1100000,2.25,4,4,1.0,9,1660,1650,3310,3450,8540,9566,4,0,1973,0
0,310000,2.5,4,4,1.0,8,1740,920,2660,2280,12672,12477,0,0,1960,0
0,307150,1.5,3,4,1.0,7,1480,0,1480,1450,6752,8023,0,0,1959,0
0,729032,2.5,4,4,1.0,9,1780,1060,2840,2840,12866,13209,0,0,1977,0
0,750000,2.5,5,3,1.0,8,2020,1220,3240,2730,9960,10400,1,0,1958,0
0,289000,2.5,4,3,2.0,7,1961,0,1961,1961,3207,3401,0,0,2006,0
0,529000,1.75,3,3,1.0,8,1500,0,1500,1920,7367,7579,0,0,1974,0
0,704000,2.75,4,5,1.0,8,2050,460,2510,2200,12500,12088,0,0,1976,0
0,875000,2.5,5,4,2.0,8,2530,0,2530,2480,8564,8714,0,0,1976,0
0,610000,2.5,4,4,1.0,8,1560,880,2440,2260,9350,8500,0,0,1976,0
0,169100,2.0,3,4,1.0,7,1050,0,1050,1690,18304,15675,0,0,1953,0
0,250000,2.0,3,4,1.0,7,1050,0,1050,1690,18304,15675,0,0,1953,0
0,379000,2.75,4,3,2.0,8,2410,0,2410,2300,5225,5378,0,0,2001,0
0,650000,1.75,3,3,1.0,7,1940,0,1940,2720,10245,11448,0,0,1957,0
0,931088,2.5,4,4,1.0,9,1930,1580,3510,2730,17400,12120,0,0,1957,0
0,570000,1.75,4,4,1.0,8,1860,0,1860,1860,7700,7700,0,0,1964,0
0,240000,1.75,6,3,1.0,7,1310,900,2210,1850,8594,8594,0,0,1959,0
0,660000,2.25,4,4,1.0,8,2010,0,2010,1930,15375,15375,0,0,1957,0
0,6885000,7.75,6,3,2.0,13,8860,1030,9890,4540,31374,42730,4,0,2001,0
0,425000,2.5,3,4,1.0,7,1340,0,1340,2520,10018,13068,0,0,1976,0
0,530000,2.5,3,3,1.0,8,1550,1090,2640,2120,13775,12432,0,0,1978,0
0,657000,1.75,4,3,1.0,8,1370,1370,2740,2740,8520,9286,2,0,1954,0
0,273000,1.5,4,4,1.0,6,1280,900,2180,2420,22870,22614,0,0,1954,1975
0,550000,2.75,3,5,1.0,8,1240,720,1960,2040,13252,9866,0,0,1975,0
0,585000,2.75,3,3,2.0,9,3080,0,3080,3080,7282,7274,0,0,2008,0
0,1680000,4.75,6,3,2.0,12,4500,1270,5770,4470,16747,14571,3,0,1998,0
0,265000,2.5,3,3,2.0,7,1640,0,1640,1850,7668,7200,0,0,1991,0
0,195000,1.0,2,4,1.0,8,1080,0,1080,1090,3899,3899,0,0,1972,0
0,490000,1.75,3,4,1.0,7,1220,290,1510,1950,8433,8199,0,0,1967,0
0,270000,2.5,3,4,2.0,7,1690,0,1690,1410,7165,8590,0,0,1992,0
0,327500,2.5,3,3,2.0,8,2090,0,2090,2090,12027,12666,0,0,1991,0
0,510000,1.75,3,3,2.0,7,1750,0,1750,1170,7020,9546,0,0,1934,1978
0,449228,2.5,5,3,1.0,8,1650,1370,3020,2930,24750,16062,0,0,1965,0
0,224000,3.0,4,4,2.0,7,2300,0,2300,940,7609,5937,0,0,1976,0
0,335000,1.5,3,2,1.5,7,1480,760,2240,1920,87625,110206,0,0,1980,0
0,235000,1.75,3,3,1.0,7,1380,0,1380,1380,8362,8800,0,0,1967,0
0,370000,1.75,3,4,2.0,7,1620,0,1620,2190,37913,21518,0,0,1953,1975
0,790000,3.0,4,4,2.0,9,3180,0,3180,3110,12070,12600,0,0,1976,0
0,903000,1.5,2,4,1.0,6,1140,0,1140,2020,7800,7800,0,0,1947,0
0,209950,1.0,3,4,1.0,6,970,0,970,970,9583,7875,0,0,1967,0
0,309000,2.5,3,3,2.0,7,1780,0,1780,1670,7859,6618,0,0,1988,0
0,571500,2.25,4,3,2.0,8,1860,950,2810,2020,25990,16140,0,0,1959,0
0,323000,1.75,3,3,1.0,7,1200,630,1830,1830,12500,7300,1,0,1947,0
0,2575000,4.25,4,3,2.0,11,4280,1260,5540,3570,15408,14750,1,0,2006,0
0,1362500,2.0,3,3,1.0,10,2310,0,2310,2950,21318,21814,0,0,1979,1996
0,960000,2.5,4,5,1.5,10,3430,0,3430,3700,43560,44431,2,0,1979,0
0,720000,2.5,5,3,2.0,9,2900,0,2900,2910,9525,11854,0,0,1989,0
0,218000,1.75,3,3,1.0,8,1320,530,1850,1940,7684,7630,0,0,1979,0
0,334950,2.5,4,3,2.0,8,2190,0,2190,2040,7000,7700,0,0,1997,0
0,605000,2.25,4,4,2.0,9,2510,0,2510,2510,31584,39221,0,0,1979,0
0,268500,1.75,4,4,1.0,8,1670,0,1670,1720,8000,8000,0,0,1974,0
0,230000,1.75,3,5,1.0,7,1010,0,1010,1320,9600,9600,0,0,1969,0
0,245500,1.5,2,3,1.0,7,1430,0,1430,1430,9782,9828,0,0,1955,0
0,182500,2.25,3,3,2.0,7,1830,0,1830,1670,4744,8001,0,0,1997,0
0,217000,1.0,2,3,1.0,6,970,0,970,1020,5600,5600,0,0,1951,0
0,339950,2.5,3,3,1.0,8,1290,850,2140,2090,7641,8000,0,0,1979,0
0,317500,1.75,6,3,1.0,8,1340,1200,2540,1900,8400,7695,0,0,1977,0
0,551870,2.5,3,3,2.0,8,2507,0,2507,1520,18400,14709,0,0,2006,0
0,295000,2.5,3,3,2.0,8,1920,0,1920,2310,7229,8009,0,0,1993,0
0,263500,1.75,4,3,1.0,8,1640,570,2210,2070,6375,7210,0,0,1977,0
0,715000,2.5,4,5,1.0,8,1660,710,2370,2480,10000,9875,0,0,1974,0
0,329950,1.75,4,3,1.5,8,1740,0,1740,1680,7208,7350,0,0,1976,0
0,510000,2.5,4,4,2.0,7,1620,0,1620,1480,8125,8120,0,0,1983,0
0,219950,1.0,2,3,2.0,6,1010,0,1010,1200,4120,4120,0,0,1907,1953
0,950000,1.0,3,4,1.0,7,1720,0,1720,3200,9830,8923,0,0,1946,0
0,215000,1.5,3,4,1.0,6,1610,0,1610,1060,5304,5304,0,0,1968,0
0,245000,2.0,3,4,1.0,7,1180,670,1850,1790,8208,8174,0,0,1970,0
0,625000,2.5,3,3,2.0,8,1860,0,1860,1530,10027,9204,0,0,1993,0
0,1050000,2.5,4,3,2.0,10,2750,0,2750,2750,9949,9860,0,0,1999,0
0,230000,1.75,3,3,1.0,5,710,710,1420,1960,3000,5000,0,0,1931,2014
0,275000,1.75,4,5,1.0,7,1010,990,2000,1490,8700,7350,0,0,1975,0
1,415500,1.5,3,3,1.0,7,1240,0,1240,1640,12400,9600,0,0,1958,0
0,201500,1.0,3,4,1.0,7,1160,0,1160,1480,8320,7800,0,0,1959,0
0,229950,2.5,4,5,1.0,7,1240,910,2150,1610,7670,7350,0,0,1976,0
0,344900,2.5,4,5,1.0,7,1240,910,2150,1610,7670,7350,0,0,1976,0
0,285000,1.5,3,4,1.0,7,1380,0,1380,1600,12196,10720,0,0,1967,0
0,305000,2.5,3,3,2.0,7,1690,0,1690,1830,5175,5175,0,0,2002,0
0,549900,3.0,5,3,2.0,8,3610,0,3610,3610,7555,7979,0,0,2003,0
0,678500,3.0,4,3,2.0,8,2620,0,2620,2060,214750,212137,0,0,1992,0
0,270000,2.25,3,3,1.0,7,1160,600,1760,1290,8287,9587,0,0,1986,0
0,565000,2.0,4,4,1.0,7,1950,0,1950,1920,9940,9270,0,0,1963,0
0,246000,1.5,3,4,1.0,8,1300,330,1630,1960,10200,6700,0,0,1976,0
0,1249000,3.25,5,3,1.0,10,2100,1850,3950,3860,44431,45870,0,0,1969,0
0,255000,2.0,4,4,1.0,7,1350,1210,2560,1790,12155,11906,0,0,1960,0
0,275000,1.5,3,3,1.0,7,1350,0,1350,1510,7800,8040,0,0,1959,0
0,800000,2.75,4,3,2.0,9,3120,0,3120,3200,5000,5000,0,0,2010,0
0,869000,3.25,5,4,2.0,8,2880,1300,4180,3170,49222,8029,0,0,1979,0
0,272000,2.0,3,5,1.0,7,1200,0,1200,1190,5700,6384,0,0,1942,0
0,225000,2.5,3,3,2.0,7,1590,0,1590,1750,8449,7172,0,0,1989,0
0,375000,2.5,3,3,2.0,9,2750,0,2750,2700,37096,40091,0,0,1989,0
0,350000,2.5,4,3,2.0,8,2380,0,2380,2170,6124,6097,0,0,1997,0
0,355000,1.0,2,4,1.0,7,1450,0,1450,1440,9150,10636,0,0,1965,0
0,309900,2.5,3,3,2.0,7,2020,0,2020,1680,26670,10939,0,0,1987,0
0,257000,2.25,3,3,2.0,7,1810,0,1810,1720,12000,9916,0,0,1992,0
0,1698000,3.0,4,4,2.0,9,3600,0,3600,2620,9687,10400,0,0,1959,1995
0,213400,2.5,4,3,2.0,7,1680,0,1680,1680,6655,6982,0,0,2001,0
0,569950,4.5,5,3,2.0,10,4850,0,4850,1640,40902,13503,0,0,2001,0
0,258000,1.0,4,5,1.5,6,1220,0,1220,1460,8500,8500,0,0,1916,0
0,310000,1.0,3,4,1.0,7,1250,0,1250,1520,10723,10723,0,0,1961,0
0,250600,2.5,4,3,1.0,7,1120,810,1930,1830,8660,9591,0,0,1981,0
0,352000,2.5,4,3,1.0,7,1420,1050,2470,1670,6116,7627,0,0,1985,0
0,291500,2.5,4,3,2.0,7,1770,0,1770,2080,5000,5100,0,0,2004,0
0,279000,2.5,3,3,1.0,7,1080,460,1540,1220,7280,6440,0,0,1974,0
0,215000,1.75,3,3,1.0,8,1770,0,1770,2300,29004,24534,0,0,1959,0
0,155000,1.0,2,3,1.0,6,910,0,910,1070,6232,6232,0,0,1943,0
0,505000,2.25,3,3,1.0,7,1460,0,1460,1850,7210,7519,0,0,1963,0
0,165000,1.5,3,3,1.0,7,1630,0,1630,1620,22764,17859,0,0,1970,0
0,349170,1.75,4,3,1.0,7,1070,600,1670,1660,8856,8088,2,0,1955,0
0,2375000,2.5,4,3,1.0,10,3220,0,3220,4200,20251,22114,0,0,1969,0
0,645000,2.5,4,5,1.0,8,1670,760,2430,2140,14400,9048,0,0,1963,0
0,238000,2.25,5,3,2.0,7,2240,0,2240,2180,9652,11644,0,0,1990,0
0,328000,2.25,5,3,2.0,7,2240,0,2240,2180,9652,11644,0,0,1990,0
0,860000,2.5,3,4,3.0,8,2370,0,2370,2590,55321,41553,0,0,1982,0
0,347500,2.5,4,3,2.0,7,1970,0,1970,1970,7098,5361,0,0,2007,0
0,525000,1.75,4,3,1.0,7,1030,540,1570,1560,16697,9698,2,0,1981,0
0,265000,1.75,4,5,1.0,6,1430,0,1430,1030,5490,5900,0,0,1942,0
0,645000,2.25,4,4,1.0,8,2000,720,2720,2720,18295,18295,0,0,1979,0
0,390000,2.25,3,4,1.0,8,1750,670,2420,2040,31497,30472,0,0,1964,0
0,267500,2.5,3,3,1.0,7,1120,280,1400,1530,7629,7688,0,0,1988,0
0,1275000,3.5,4,3,2.0,11,5844,0,5844,3413,10766,10766,1,0,2007,0
0,404000,1.75,4,3,1.0,7,960,880,1840,1840,10720,9044,0,0,1958,0
0,380000,2.25,3,3,2.0,8,2530,0,2530,2480,12042,10172,0,0,1989,0
0,812500,2.75,4,4,1.0,9,1810,1000,2810,2710,10300,9900,0,0,1978,0
0,265000,1.0,3,5,1.0,7,1020,0,1020,1070,8610,5940,0,0,1959,0
0,480000,2.75,5,5,1.0,8,1390,1160,2550,2450,7725,7725,0,0,1967,0
0,365000,1.0,3,3,2.0,8,1380,0,1380,2350,30940,32500,0,0,1976,0
0,280927,2.25,4,4,2.0,8,2070,0,2070,2080,7350,7210,0,0,1977,0
0,259900,2.0,3,4,1.0,7,1490,0,1490,1540,7770,7366,0,0,1990,0
0,487500,2.5,4,3,2.0,9,2810,0,2810,2850,6296,6140,0,0,2013,0
0,275000,2.25,4,4,2.0,7,2400,0,2400,1610,17842,12100,0,0,1973,0
0,305000,2.5,3,3,2.0,8,2460,0,2460,2740,5027,5000,0,0,2002,0
0,440000,2.5,4,4,1.0,7,1390,770,2160,2190,7826,9900,0,0,1976,0
0,1160000,3.5,4,3,2.0,11,4190,0,4190,3300,15724,10113,2,0,1994,0
0,825000,2.25,4,4,2.0,9,2770,0,2770,3010,9340,9340,0,0,1979,0
0,490000,4.25,4,3,2.0,7,3680,800,4480,2190,5715,6070,0,0,2003,0
0,175000,2.5,4,3,2.0,7,1780,0,1780,1630,6000,6000,0,0,1991,0
0,190000,1.0,1,3,1.0,6,720,0,720,1240,4800,4860,0,0,1914,0
0,305000,2.25,4,4,2.0,7,2050,0,2050,1620,12581,7400,0,0,1978,0
0,417000,1.0,2,3,1.0,6,920,0,920,1510,6600,5944,0,0,1919,2003
0,661000,2.5,3,3,2.0,8,1940,0,1940,2070,8196,8514,0,0,1991,0
0,788000,2.25,5,3,1.0,8,1910,1000,2910,2400,9454,10690,1,0,1972,0
0,1795000,3.25,5,3,2.0,10,4010,1260,5270,3550,17232,13917,1,0,1977,2003
0,247000,1.75,3,4,1.0,8,1820,0,1820,2210,8740,8320,0,0,1987,0
0,516200,2.0,3,5,1.0,6,1080,1030,2110,1170,5150,5107,0,0,1919,0
0,268000,1.75,3,4,1.0,8,1970,0,1970,1970,10270,8400,0,0,1966,0
0,300000,1.0,3,3,1.0,7,1150,0,1150,1350,7314,7350,0,0,1960,0
0,380000,2.5,2,4,1.0,8,1590,520,2110,1960,114127,11250,0,0,1975,0
0,725000,2.5,3,3,1.5,9,3580,0,3580,3090,54450,35943,0,0,1990,0
0,249000,1.0,3,3,1.0,7,1000,0,1000,2450,19204,25927,0,0,1968,2010
0,1780000,3.25,4,3,2.0,10,3950,0,3950,3000,10912,10998,0,0,2003,0
0,277000,1.0,3,4,1.0,7,1100,0,1100,1570,8536,8040,0,0,1957,0
0,244000,2.0,3,4,1.0,7,1360,0,1360,1390,9688,9685,0,0,1983,0
0,165000,2.5,3,3,2.0,7,1660,0,1660,1740,2415,2624,0,0,1983,0
0,642000,2.5,3,3,1.0,10,2670,0,2670,2740,10082,10854,0,0,1987,0
0,325000,2.5,4,3,2.0,8,2040,0,2040,2420,5472,5782,0,0,2003,0
0,700000,1.0,2,4,1.0,8,1300,0,1300,2420,12000,15000,0,0,1959,0
0,220000,2.0,4,4,1.5,7,1620,0,1620,1500,5200,5200,0,0,1978,0
0,236000,1.75,3,3,1.0,7,1560,0,1560,1730,10919,10919,0,0,1975,0
0,283200,2.5,4,3,2.0,8,1982,0,1982,2340,6406,6501,0,0,2004,0
0,599000,2.25,5,4,1.0,8,1330,1130,2460,2460,8710,8870,0,0,1976,0
0,460000,2.5,4,3,1.0,8,1510,1170,2680,2680,11998,12746,3,0,1960,0
0,264250,1.0,3,3,1.5,6,1420,0,1420,1290,7420,6600,0,0,1944,0
0,450000,2.5,3,4,2.0,9,2790,0,2790,2550,48994,37834,0,0,1984,0
0,339950,2.0,5,4,2.0,7,1890,0,1890,1170,6050,6050,0,0,1944,0
0,541500,1.75,3,4,1.0,8,2320,0,2320,2400,55847,26112,2,0,1960,0
0,730000,2.75,6,4,1.0,7,1910,1370,3280,2550,16449,9532,0,0,1963,0
0,655000,2.25,4,3,1.0,8,1440,620,2060,2180,8470,8978,0,0,1983,0
0,240000,2.5,3,4,2.0,7,1500,0,1500,1610,10652,7417,0,0,1981,0
0,473000,1.0,3,4,1.0,7,1280,0,1280,1240,10000,10000,0,0,1954,0
0,698000,3.5,4,3,2.0,10,3630,0,3630,1620,5670,5400,0,0,1970,2008
0,499990,1.75,3,4,1.0,7,1060,570,1630,1630,8400,7245,0,0,1955,0
0,322000,2.25,4,3,1.0,7,1360,580,1940,1940,10200,10200,0,0,1960,0
0,201000,1.0,3,3,1.0,7,980,0,980,1580,9682,9682,0,0,1969,0
0,360000,2.0,4,4,1.0,7,860,790,1650,1410,7552,7199,0,0,1977,0
0,297300,1.75,3,3,2.0,8,1980,0,1980,2080,9220,8305,0,0,1987,0
0,230000,1.75,3,4,1.0,6,1260,0,1260,1190,10164,10640,0,0,1964,0
0,323800,2.5,3,3,2.0,8,2060,0,2060,2250,7658,7299,0,0,2003,0
0,425000,1.5,3,3,1.0,7,1300,0,1300,1590,19163,9744,0,0,1964,0
0,330000,0.75,2,4,1.0,4,520,0,520,1170,6862,8756,0,0,1924,1980
0,550000,2.5,3,3,1.0,8,1320,820,2140,1980,10136,11200,0,0,1958,0
0,265000,2.5,4,3,2.0,7,1820,0,1820,2120,16103,21277,0,0,2004,0
0,359950,2.5,3,3,2.0,8,2210,0,2210,2250,6280,5972,0,0,2003,0
0,479950,2.25,4,4,2.0,8,2570,0,2570,2210,11070,9600,0,0,1966,0
0,392000,2.25,4,3,2.0,8,2360,0,2360,2160,7733,7733,0,0,1983,0
0,1565000,2.75,4,3,2.0,10,2810,0,2810,2810,8570,9621,0,0,1993,0
0,261000,1.5,4,3,1.0,7,1190,850,2040,1960,10488,10488,0,0,1961,0
0,331950,2.5,4,3,2.0,8,2010,520,2530,2140,9933,9933,2,0,1990,0
0,195700,1.0,3,5,1.0,7,1120,0,1120,1690,5200,5200,0,0,1976,0
0,643403,2.5,3,4,1.0,9,2350,0,2350,2320,9648,10512,0,0,1966,0
0,357000,2.5,4,4,2.0,7,2380,0,2380,2310,7066,8127,0,0,1997,0
0,865000,1.75,3,3,1.0,7,1040,440,1480,2170,8163,11124,0,0,1953,0
0,905000,2.5,3,4,2.0,10,2930,0,2930,2730,9280,10090,0,0,1988,0
0,535000,2.5,2,3,2.0,9,2730,0,2730,3220,7246,7214,0,0,1998,0
0,460500,2.5,4,3,2.0,8,2170,0,2170,2170,7533,8728,0,0,1991,0
0,315000,1.75,4,3,1.0,7,1140,710,1850,2210,8580,9240,0,0,1960,0
0,607500,2.5,4,3,1.0,8,1270,840,2110,2140,13939,8882,0,0,1978,0
0,479000,2.5,4,3,2.0,8,2590,0,2590,2410,6139,6139,0,0,2001,0
0,475000,2.75,5,3,2.0,9,3080,0,3080,3080,6600,6600,0,0,2002,0
0,1140000,2.5,3,4,1.5,8,2110,670,2780,3150,33503,15542,1,0,1969,0
0,430000,3.0,5,3,2.0,7,3880,0,3880,2620,8432,5623,0,0,2004,0
0,296000,1.75,3,5,1.0,7,960,400,1360,1830,10742,9000,0,0,1971,0
0,303000,2.25,4,3,1.0,7,1790,770,2560,1920,8927,9669,0,0,1976,0
0,260750,2.0,3,3,1.0,7,1260,300,1560,1570,9635,8276,0,0,1966,0
0,555000,2.75,4,4,1.0,8,1420,600,2020,2190,10720,10164,0,0,1976,0
0,865000,1.5,3,4,1.0,8,1530,0,1530,2050,10827,10827,0,0,1955,0
0,1388000,2.5,4,4,1.5,9,2180,1270,3450,3770,17400,19530,0,0,1964,0
0,315000,2.25,3,2,1.0,7,1140,260,1400,1680,31626,35093,0,0,1987,0
0,200000,1.0,2,3,1.0,7,1380,350,1730,1310,9610,9812,0,0,1962,0
0,229950,1.75,3,4,2.0,7,1900,0,1900,1610,8910,8586,0,0,1988,0
0,349000,1.75,3,3,1.0,8,1330,410,1740,2010,7682,8820,0,0,1978,0
0,348000,2.5,4,3,2.0,8,2070,0,2070,1900,3808,2992,0,0,2003,0
0,510000,3.0,4,3,2.0,10,3610,0,3610,3568,18948,18948,0,0,1993,0
0,265000,1.5,3,4,1.0,7,1040,480,1520,1440,6805,7041,0,0,1981,0
0,638000,2.5,3,3,2.0,9,2110,0,2110,2540,3600,4384,0,0,2005,0
0,629000,2.5,4,3,2.0,9,2660,0,2660,3060,22050,21111,0,0,1996,0
0,272000,2.5,3,3,2.0,8,1980,0,1980,2150,6608,7495,0,0,1994,0
0,270000,2.25,4,3,1.0,7,1600,1000,2600,1770,9900,11250,0,0,1965,0
0,215000,1.0,3,3,1.0,6,1280,0,1280,1230,9775,8750,0,0,1964,0
0,690000,1.5,3,4,1.0,7,1180,530,1710,2590,17707,9508,0,0,1947,0
0,256000,1.75,4,3,1.0,7,1270,0,1270,1800,6825,6930,2,0,1950,0
0,255000,2.25,3,3,1.0,7,1100,790,1890,1520,7314,7676,0,0,1981,0
0,259000,1.75,3,3,1.0,7,1240,0,1240,1570,4000,4586,0,0,1986,0
0,1648000,3.5,4,3,2.0,11,4610,0,4610,2340,12500,11538,2,0,2003,0
0,259500,2.0,3,3,1.0,7,1330,0,1330,1660,35060,35100,0,0,1989,0
0,354000,2.5,4,3,2.0,8,2340,0,2340,2420,5420,6252,0,0,2003,0
0,999950,2.25,3,5,2.0,8,2330,1410,3740,2680,22464,19564,0,0,1966,0
0,464500,1.75,3,5,1.0,7,1150,0,1150,1350,10466,10384,0,0,1959,0
0,300000,2.5,3,3,2.0,7,1750,0,1750,1890,4200,4048,0,0,2005,0
0,1080000,2.75,3,3,2.0,8,3260,630,3890,2490,7216,9920,1,0,1967,2010
0,309950,2.5,4,3,2.0,7,1770,0,1770,1780,6666,6666,0,0,1989,0
0,885000,3.25,3,4,1.0,8,1960,680,2640,3690,16090,15000,2,0,1976,0
0,329000,2.0,3,3,1.0,8,1840,0,1840,1790,6755,6459,2,0,1989,0
0,246000,1.75,4,4,1.0,7,1020,700,1720,1720,7455,7700,0,0,1963,0
0,349000,1.75,4,5,1.0,7,1120,580,1700,1560,7800,7800,0,0,1981,0
0,374950,2.5,4,3,2.0,8,1980,0,1980,2300,12062,7902,0,0,1992,0
0,416000,1.75,4,4,1.0,7,990,990,1980,1520,7840,8400,0,0,1961,0
0,560000,2.5,3,4,2.0,8,1960,0,1960,2450,12476,12177,0,0,1989,0
0,306500,2.25,3,4,1.0,8,1560,500,2060,2080,38377,60513,0,0,1978,0
0,299950,1.75,3,4,1.0,7,1480,500,1980,1520,11274,8010,0,0,1968,0
0,265500,2.5,3,3,1.0,8,1450,0,1450,2410,8977,8850,0,0,1990,0
0,219000,1.5,3,3,1.0,7,1200,0,1200,1200,12000,9405,0,0,1986,0
0,831000,2.25,3,5,1.0,8,2240,0,2240,2240,8800,8800,0,0,1957,0
0,315000,2.5,3,3,2.0,7,1660,0,1660,2010,10763,7983,0,0,1994,0
0,355000,0.0,0,3,2.0,8,2460,0,2460,2520,8049,8050,0,0,1990,0
0,265000,1.5,3,4,1.0,7,1460,0,1460,1580,8505,8505,0,0,1955,0
0,850000,2.25,4,4,2.0,9,2130,0,2130,2380,11843,11643,0,0,1972,0
0,202000,1.0,3,5,1.0,7,1010,0,1010,1230,9750,9750,0,0,1969,0
0,900000,3.25,3,3,2.0,10,3150,720,3870,3590,33980,10750,0,0,1991,0
0,325000,1.5,3,5,1.0,7,1890,0,1890,1510,7650,7560,0,0,1966,0
0,675000,2.5,3,3,2.0,9,2250,0,2250,2390,4134,4134,0,0,2004,0
0,263500,1.75,3,4,1.0,7,1050,560,1610,1550,14000,10080,0,0,1977,0
0,246600,1.0,4,5,1.0,7,1340,0,1340,1120,8400,8400,0,0,1966,0
0,240000,1.75,3,3,1.0,7,1380,0,1380,1530,7500,7500,0,0,1988,0
0,490000,1.75,3,4,1.0,8,1510,0,1510,2660,11120,10800,0,0,1984,0
0,284200,1.75,3,3,1.0,7,1070,470,1540,2510,6632,6618,0,0,1959,0
0,357000,2.5,4,5,2.0,7,1980,0,1980,1610,9757,6147,0,0,1995,0
0,1000000,2.25,3,4,1.0,8,1150,1150,2300,2200,15952,14284,0,0,1963,0
0,650000,4.5,6,3,2.0,8,2870,1030,3900,2080,9100,9216,0,0,1979,0
0,275000,2.25,4,4,1.0,8,1420,1250,2670,2190,10050,10050,0,0,1962,0
0,225000,1.0,3,4,1.0,6,1120,0,1120,1240,10665,10639,0,0,1961,0
0,845000,2.5,4,3,2.0,10,2970,0,2970,2740,9072,8729,0,0,1991,0
0,124000,0.75,1,3,1.5,6,840,0,840,1560,7203,8603,0,0,1949,0
0,224000,0.75,1,3,1.5,6,840,0,840,1560,7203,8603,0,0,1949,0
0,230000,1.75,4,4,1.0,6,1270,580,1850,1270,6000,6600,0,0,1944,0
0,372000,2.75,4,3,1.0,7,1800,530,2330,1480,14175,10125,0,0,1980,0
0,306000,2.5,4,4,2.0,7,1880,0,1880,1760,9426,7040,0,0,1990,0
0,280000,1.75,3,4,1.0,7,1100,530,1630,1630,10001,10001,0,0,1977,0
0,204950,0.75,2,3,1.0,7,1130,0,1130,1550,11429,10700,0,0,1956,0
0,575000,1.75,4,4,1.0,7,1260,1070,2330,2270,8800,8800,2,0,1961,0
0,1730000,3.5,4,5,2.0,10,3240,1200,4440,4240,20668,18650,2,0,1965,0
0,830000,2.5,4,3,1.0,8,1430,420,1850,2090,50662,10599,0,0,1978,0
0,137124,1.0,3,4,1.0,6,960,0,960,1100,27442,29019,0,0,1970,0
0,732600,2.5,4,4,1.0,7,1230,900,2130,2130,7300,7560,0,0,1963,0
0,818000,2.25,4,4,2.0,8,2460,0,2460,2460,8001,9126,0,0,1984,0
0,431000,2.25,3,4,1.0,9,2360,0,2360,2720,14950,14388,0,0,1978,0
0,450000,2.0,2,4,2.0,8,1610,0,1610,1750,6160,6305,0,0,1977,0
0,269000,1.0,4,3,1.0,7,1610,0,1610,1610,8401,8401,0,0,1958,0
0,875000,1.0,3,3,1.0,7,1160,0,1160,2390,10732,13656,0,0,1953,0
0,890000,2.25,4,4,1.0,8,1480,1390,2870,2930,8393,9850,0,0,1977,0
0,629000,1.75,3,4,2.0,8,1120,340,1460,1970,12367,18893,4,1,1970,0
0,330000,1.75,3,4,1.0,8,1320,700,2020,1940,11050,11050,0,0,1969,0
0,960000,2.5,4,4,2.0,10,3110,0,3110,3110,11397,11586,3,0,1984,0
0,360000,2.5,4,3,2.0,9,2390,0,2390,2590,7056,7801,0,0,1990,0
0,378000,2.5,3,3,2.0,8,2150,0,2150,2150,11672,5450,0,0,2004,0
0,290000,2.5,3,3,2.0,8,2080,0,2080,2190,4828,4620,0,0,2002,0
0,176000,3.25,3,3,2.0,7,1340,0,1340,1670,5434,6203,0,0,1986,0
0,240000,1.0,3,4,1.0,7,1310,0,1310,1650,7125,7290,0,0,1978,0
0,311000,2.5,4,3,2.0,7,1780,0,1780,1990,5822,4092,0,0,2001,0
0,332500,2.0,3,3,1.0,7,1600,0,1600,2440,7995,6900,0,0,1950,1984
0,264500,1.75,3,3,1.0,7,1650,0,1650,1650,16200,8680,0,0,1976,0
0,260000,2.5,4,3,1.0,8,1530,830,2360,2580,9647,9680,2,0,1964,0
0,241000,1.5,3,4,1.0,7,1120,540,1660,1900,8000,7500,0,0,1976,0
0,530000,1.75,3,3,1.0,7,1520,0,1520,2040,9605,9900,0,0,1975,0
0,713000,1.0,1,4,1.5,8,840,340,1180,1420,4000,4000,2,0,1910,0
0,128000,1.0,2,3,1.0,6,980,0,980,980,5393,5200,0,0,1969,0
0,420000,2.5,3,5,1.0,7,1210,600,1810,1770,7210,7210,0,0,1968,0
0,352000,2.5,4,3,2.0,9,2650,0,2650,2650,6366,6200,0,0,1998,0
0,472500,2.0,3,3,1.0,7,1490,260,1750,2450,15500,50094,0,0,1982,0
0,858450,4.25,3,3,2.0,10,3840,0,3840,3230,9751,7189,0,0,1998,0
0,290000,2.5,3,4,2.0,7,2000,0,2000,2000,7414,7414,0,0,1993,0
0,192500,1.75,3,3,1.0,7,1420,0,1420,1690,7205,7405,0,0,1986,0
0,518000,2.5,4,3,2.0,8,2790,0,2790,2590,9910,9910,0,0,2003,0
0,375000,3.0,4,3,2.0,7,2420,0,2420,2420,9566,9135,0,0,2003,0
0,240000,1.75,5,3,1.0,7,1230,1230,2460,1990,16000,16000,0,0,1957,0
0,1315000,4.0,5,5,2.0,10,2740,1680,4420,3720,36342,37034,0,0,1982,0
0,645000,2.5,3,4,2.0,9,1740,0,1740,2540,13750,14300,0,0,1975,0
0,429950,2.25,4,3,1.0,8,1740,0,1740,1680,10875,10701,0,0,1967,0
0,1200000,2.25,4,5,2.0,8,2320,0,2320,2740,13114,15000,0,0,1967,0
0,275000,1.5,3,4,1.0,7,1240,0,1240,1670,9125,9125,0,0,1967,0
0,495000,2.25,4,4,1.0,7,1430,510,1940,1460,9144,9437,0,0,1956,0
0,397500,2.0,3,4,1.0,8,2130,0,2130,2580,8225,8225,0,0,1987,0
0,893880,2.5,6,5,1.0,8,1430,1390,2820,2070,8600,8900,0,0,1967,0
0,635000,3.25,5,3,2.0,8,2510,1200,3710,1720,34200,23100,0,0,1986,0
0,1150000,3.75,6,3,2.0,9,3100,990,4090,2980,49542,43357,0,0,1984,0
0,374950,3.0,4,3,1.0,9,1620,920,2540,2540,8800,8800,1,0,1977,0
0,308950,2.5,3,3,2.0,7,1600,0,1600,1760,6250,6110,0,0,1995,0
1,237200,1.5,3,4,1.0,7,1220,0,1220,1220,9000,9472,0,0,1968,0
0,485000,2.25,3,3,2.0,9,2900,0,2900,2510,35273,38487,0,0,1986,0
0,359999,2.25,4,4,2.0,8,3220,0,3220,2570,7700,7700,0,0,1976,0
0,799000,2.75,5,4,1.0,8,2500,0,2500,1700,19783,15375,3,0,1959,0
0,290000,2.0,1,3,2.0,6,1240,0,1240,1030,4800,4800,0,0,1910,0
0,235000,2.25,2,3,2.0,7,1660,0,1660,1620,2748,3167,0,0,1995,0
0,290000,2.25,3,3,2.0,8,1880,0,1880,2180,7488,7344,0,0,1980,0
0,230000,1.5,4,4,1.0,7,1050,0,1050,1390,9516,9600,0,0,1969,0
0,234000,1.75,3,4,1.0,7,1480,0,1480,1800,8475,8800,0,0,1968,0
0,342000,2.5,3,3,2.0,7,2430,0,2430,3040,5715,5702,0,0,1999,0
0,835000,1.0,3,5,1.0,8,3060,0,3060,1880,30166,19602,0,0,1959,0
0,730000,2.75,4,3,2.0,9,2920,0,2920,2920,4500,4505,0,0,1999,0
0,205000,2.5,3,3,2.0,8,1870,0,1870,1580,3118,3601,0,0,1993,0
0,330000,3.0,5,3,1.0,7,1250,850,2100,2100,7715,7959,0,0,2013,0
1,527500,2.25,5,4,2.0,7,2530,0,2530,2020,8250,8250,0,0,1961,0
0,530000,1.75,3,4,1.0,7,1680,0,1680,1880,7770,7770,0,0,1967,0
0,419000,2.5,3,3,2.0,8,2170,0,2170,2610,4517,4770,0,0,2002,0
0,279000,1.0,2,5,1.0,7,1020,0,1020,1930,47044,12139,0,0,1904,1958
0,262000,1.5,3,4,1.0,7,1100,600,1700,1700,9579,9628,0,0,1962,0
0,285000,2.25,3,3,2.0,7,1680,0,1680,1820,35127,35166,0,0,1987,0
0,465000,1.5,3,4,1.0,6,1190,830,2020,2370,11358,9520,0,0,1956,0
0,369950,2.5,4,3,2.0,8,1910,0,1910,2210,10221,8705,0,0,1994,0
0,124500,1.0,2,4,1.0,5,840,0,840,1100,6480,7300,0,0,1954,0
0,950000,2.25,4,3,1.0,9,2620,0,2620,2370,10920,11907,0,0,1965,0
0,418000,1.5,4,3,1.0,7,1220,0,1220,1350,10580,7800,0,0,1965,0
0,160000,1.0,3,4,1.0,6,1060,0,1060,1060,8000,4697,0,0,1927,0
0,457000,2.5,4,3,1.0,8,1500,700,2200,2280,10800,10800,0,0,1964,0
0,385000,1.0,3,4,1.0,7,1250,0,1250,1540,7300,7400,0,0,1956,0
0,491000,1.75,3,4,1.0,7,1440,0,1440,1440,7800,7800,0,0,1958,0
0,521000,2.25,4,4,1.0,8,1890,0,1890,1920,8034,7210,0,0,1967,0
0,292050,3.0,5,3,1.0,7,1710,1130,2840,2210,7199,10800,0,0,2003,0
0,326000,3.0,6,4,1.0,7,1880,0,1880,1540,7200,13022,0,0,1966,0
0,291600,1.75,3,3,1.0,7,1330,300,1630,1940,7480,7480,0,0,1979,0
0,200000,2.25,3,5,1.5,7,1230,0,1230,1260,7420,7556,0,0,1913,0
0,238000,1.5,3,4,1.0,7,1090,520,1610,1650,6132,6132,2,0,1959,0
0,455000,2.5,4,4,1.0,7,1320,0,1320,1550,7000,8610,0,0,1956,0
0,230000,3.0,6,3,2.0,7,2180,0,2180,2260,7220,7344,0,0,1980,0
0,228000,1.75,4,3,1.0,7,1100,900,2000,1880,6120,6120,0,0,1965,0
0,689000,2.5,4,3,2.0,9,2110,0,2110,2180,6069,9000,0,0,1999,0
0,560000,2.5,4,3,1.0,8,1440,1080,2520,2360,11240,10345,0,0,1977,0
0,375000,2.5,5,5,1.0,8,2100,0,2100,1980,14858,11730,0,0,1970,0
0,583000,2.5,4,3,2.0,10,3390,0,3390,2830,10519,10519,2,0,1990,0
0,262000,2.5,3,3,2.0,7,1970,0,1970,1670,8727,9168,0,0,1995,0
0,362362,1.0,2,3,1.0,6,710,0,710,960,4000,4000,0,0,1909,0
0,252000,2.0,3,3,1.0,7,1370,0,1370,1420,7500,7500,0,0,1997,0
0,439000,2.5,4,3,2.0,9,2690,0,2690,2890,9551,9121,0,0,1992,0
0,465000,2.25,4,4,2.0,9,3360,0,3360,2590,10810,10810,0,0,1988,0
0,249900,2.0,4,3,1.5,7,1500,0,1500,1500,7854,7334,0,0,1983,0
0,620000,1.75,2,4,1.0,8,1680,0,1680,2390,8187,7801,0,0,1983,0
0,510000,2.5,4,4,1.0,8,1310,700,2010,1850,9075,9220,0,0,1959,0
0,430000,2.5,3,3,2.0,9,2670,0,2670,3010,12806,7231,0,0,2010,0
0,220000,1.5,4,3,1.0,7,1240,0,1240,1240,9600,9592,0,0,1971,0
0,325000,1.75,3,4,1.0,7,1440,400,1840,1840,17286,14541,0,0,1978,0
0,356000,3.5,3,3,2.0,9,2100,0,2100,2400,12384,7776,0,0,1980,0
0,380000,1.75,3,5,1.0,7,1750,0,1750,1230,10870,10868,0,0,1968,0
0,270000,2.25,3,4,1.0,7,1350,120,1470,1540,16728,9000,0,0,1959,0
0,577500,1.75,3,4,1.0,8,1220,920,2140,2250,13286,13286,0,0,1964,0
0,1227500,2.5,4,4,2.0,11,3180,0,3180,3130,10319,12120,0,0,1986,0
0,1900000,4.25,5,4,2.0,11,3250,3260,6510,4480,16471,16471,3,0,1980,0
0,200000,1.0,3,4,1.0,7,1150,0,1150,1180,10132,8713,0,0,1970,0
0,275000,2.5,4,3,2.0,7,2060,0,2060,1610,5742,7298,0,0,1999,0
0,365000,2.5,4,3,2.0,8,2140,0,2140,2120,7350,8395,0,0,1985,0
0,299000,2.5,4,4,1.0,8,1360,940,2300,1910,8100,7630,0,0,1979,0
0,555000,1.5,4,3,1.0,8,1650,1400,3050,2930,82764,10074,0,0,1966,0
0,896000,2.75,5,4,1.0,8,1570,950,2520,2760,16100,16988,3,0,1960,0
0,312500,1.0,3,4,1.0,7,1170,0,1170,1170,7350,7350,0,0,1960,0
0,139500,1.5,2,3,2.0,7,1230,0,1230,1660,1561,2243,0,0,1983,0
0,464000,2.5,4,4,2.0,8,2180,0,2180,2350,7203,7334,0,0,1989,0
0,255000,1.75,3,3,1.0,7,1140,600,1740,1690,8800,7920,0,0,1978,0
0,624800,2.0,3,4,1.0,8,1500,750,2250,2820,14274,13813,0,0,1964,0
0,289659,2.25,4,4,2.0,7,2260,0,2260,1720,7200,7200,0,0,1984,0
0,555000,3.0,5,3,2.0,8,3640,0,3640,3740,6930,7182,0,0,2004,0
0,940000,2.75,4,4,2.0,8,2550,1220,3770,2640,24897,11502,2,0,1964,0
0,319000,2.5,3,4,2.0,7,2110,0,2110,2100,7434,7749,0,0,1978,0
0,280000,2.5,3,3,2.0,7,1720,0,1720,1760,1916,1916,0,0,2005,0
0,350000,2.5,4,3,2.0,8,2506,0,2506,2441,7206,7220,0,0,2007,0
0,290000,2.0,3,3,1.5,7,1550,0,1550,1840,18958,12826,0,0,1983,0
0,475000,2.75,4,3,1.0,7,1290,910,2200,2650,16288,6620,0,0,1980,0
0,285000,2.5,3,3,2.0,7,1890,0,1890,1980,3629,4000,0,0,2005,0
0,219000,2.25,3,3,1.0,8,1440,500,1940,1880,6500,8991,0,0,1979,0
0,338000,1.0,2,4,1.0,7,770,700,1470,1410,5566,5808,0,0,1919,0
0,678000,2.25,3,3,2.0,9,2730,0,2730,2770,10675,10570,0,0,1990,0
0,800000,1.75,3,4,1.0,8,1890,0,1890,2630,10292,10625,0,0,1969,0
0,112000,1.0,1,3,1.0,6,1080,0,1080,1210,3230,5760,0,0,1963,0
0,252000,1.75,3,4,1.5,6,1440,0,1440,1560,16819,12376,0,0,1925,0
0,335000,2.75,4,4,1.0,7,1600,940,2540,1820,7210,7766,0,0,1979,0
0,610000,2.0,3,3,1.0,8,1430,870,2300,2140,13418,9380,0,0,1955,0
0,245000,2.0,3,3,1.0,7,1360,330,1690,1740,6790,6790,0,0,1979,0
0,493500,1.75,3,3,1.0,8,1390,410,1800,2210,16026,13959,0,0,1972,0
0,245000,2.0,3,5,1.5,6,1190,0,1190,1680,4072,5850,0,0,1907,0
0,339000,2.5,4,4,1.0,7,1740,0,1740,1190,6000,6000,0,0,1952,0
0,449950,3.0,4,3,2.0,9,3290,0,3290,2810,10783,10783,0,0,1990,0
0,235000,1.0,3,3,1.0,7,1210,0,1210,1210,6000,6000,0,0,1930,0
0,605000,1.75,4,4,1.0,8,2250,0,2250,2050,10108,9750,0,0,1967,0
0,389950,2.5,4,3,2.0,9,3140,0,3140,3000,8060,8060,0,0,1991,0
0,890000,2.25,4,3,2.0,8,2770,0,2770,2300,13500,13500,0,0,1974,0
0,235000,1.0,3,4,1.0,7,1864,0,1864,990,6978,8000,0,0,1958,0
0,600000,2.5,4,3,2.0,10,3870,0,3870,2170,50965,65843,0,0,2007,0
0,251000,2.0,3,4,1.0,7,1300,0,1300,1300,8400,7500,0,0,1967,0
0,804000,3.5,5,3,2.0,9,2770,0,2770,2520,9305,9773,0,0,1985,0
0,275000,2.5,3,3,2.0,7,2710,0,2710,2720,5733,5733,0,0,2003,0
0,225000,1.75,4,3,2.0,7,1420,0,1420,1420,10300,10300,0,0,1950,2001
0,260000,2.5,3,4,2.0,7,1510,0,1510,1520,6095,6000,0,0,1991,0
0,690000,3.5,5,3,2.0,8,1930,760,2690,2080,4800,4900,2,0,1919,1984
0,682000,2.25,4,4,2.0,8,2450,0,2450,2410,34092,35378,0,0,1980,0
0,276200,1.75,2,4,1.0,8,1370,0,1370,1370,4495,4686,0,0,1975,0
0,245000,3.0,3,3,1.0,7,1440,550,1990,1670,9600,9600,0,0,1988,0
0,221900,1.0,2,3,1.0,6,780,0,780,1860,6727,10124,0,0,1939,0
0,466000,2.0,4,4,1.0,8,1340,900,2240,1930,4508,5250,2,0,1926,0
0,383150,2.0,3,3,1.0,8,2210,0,2210,2570,6387,6497,0,0,2003,0
0,400000,3.0,6,4,1.0,8,1660,1660,3320,2330,15600,15360,0,0,1977,0
0,215000,2.5,4,5,1.0,6,980,980,1960,1160,11600,7685,0,0,1931,0
0,700000,1.75,4,4,1.0,8,1320,660,1980,2310,10800,10800,0,0,1953,0
0,685000,2.0,4,3,1.0,9,2260,0,2260,2650,10800,9900,0,0,1978,0
0,292500,2.5,4,3,2.0,7,1610,0,1610,1834,4568,4604,0,0,2006,0
0,136500,1.5,3,3,1.0,6,1420,0,1420,1200,8580,8580,0,0,1962,0
0,224097,1.5,3,3,1.0,6,1420,0,1420,1200,8580,8580,0,0,1962,0
0,254000,2.5,3,3,2.0,7,1560,0,1560,1360,10608,10608,0,0,1994,0
0,169950,1.0,3,3,1.0,7,1180,0,1180,1220,9832,9894,0,0,1970,0
0,233703,2.25,3,3,2.0,7,1650,0,1650,1510,3788,3994,0,0,1985,0
0,735000,2.5,3,3,2.0,10,2540,0,2540,2870,6762,6631,0,0,1998,0
0,730000,2.75,4,3,2.0,10,3440,0,3440,2560,8150,8315,0,0,2014,0
0,257000,1.75,3,3,1.0,7,1200,600,1800,980,9000,6000,0,0,1961,0
0,225000,2.0,4,4,1.0,7,1050,700,1750,1640,7245,7245,0,0,1974,0
0,315000,1.75,3,3,1.5,8,2380,0,2380,2320,10450,8500,0,0,1966,0
0,395000,2.5,5,3,2.0,8,2820,0,2820,2610,6305,6306,0,0,2003,0
0,510000,3.0,3,5,2.0,8,1845,0,1845,2100,5100,7650,2,0,1947,0
0,295000,2.5,4,3,2.0,8,2030,0,2030,2030,5754,5784,0,0,2001,0
0,305000,1.75,3,3,1.0,8,1610,0,1610,2010,12247,9271,0,0,1981,0
0,490000,1.0,3,4,1.0,7,1420,0,1420,1530,11040,8208,0,0,1961,0
0,269950,2.0,3,4,2.0,8,1660,0,1660,1490,8641,8641,0,0,1987,0
0,217500,1.0,3,3,1.0,7,1040,0,1040,1510,9750,11100,0,0,1959,0
0,270000,1.75,4,3,1.0,7,1050,800,1850,1450,7350,7250,0,0,1965,0
0,426950,2.75,4,3,2.0,7,2350,0,2350,2014,5589,6365,0,0,2001,0
0,125000,1.0,3,3,1.0,6,920,0,920,1010,7314,7420,0,0,1960,0
0,208000,1.0,3,3,1.0,6,920,0,920,1010,7314,7420,0,0,1960,0
0,325000,2.0,4,4,1.0,7,900,880,1780,1550,10622,8900,0,0,1976,0
0,708000,2.0,5,3,1.0,8,1910,1270,3180,2440,10800,9750,0,0,1968,0
0,218000,1.0,4,3,1.0,7,950,690,1640,1360,10455,9750,0,0,1963,0
0,562000,2.25,4,3,1.0,8,1540,630,2170,2040,7007,7700,0,0,1974,0
0,401500,2.5,4,4,2.0,8,2280,860,3140,1910,94525,14300,0,0,1977,0
0,196700,1.0,2,3,1.0,7,1090,0,1090,1090,9994,11700,0,0,1954,0
0,583000,1.75,3,4,1.0,8,1480,450,1930,2320,10183,10000,0,0,1975,0
0,309900,2.5,5,4,1.0,7,1400,700,2100,2200,17825,14602,0,0,1974,0
0,485000,3.0,4,3,2.0,9,3110,0,3110,3080,18843,14735,0,0,1995,0
0,254000,1.0,3,4,1.0,6,1160,0,1160,1160,7560,7560,0,0,1958,0
0,260000,2.5,4,3,2.0,8,2110,0,2110,2040,8990,8800,0,0,1977,0
0,166000,1.0,2,4,1.0,6,870,0,870,1350,8487,6850,0,0,1944,0
0,335620,2.25,3,3,1.0,8,1340,460,1800,2000,15903,15233,0,0,1986,0
0,285000,2.25,3,3,1.0,8,1370,470,1840,1870,9040,8992,0,0,1979,0
0,350000,2.5,4,4,2.0,8,2650,0,2650,2340,10459,8777,0,0,1989,0
0,312500,2.5,4,3,1.0,7,1320,1180,2500,1460,11983,9005,0,0,1984,2008
0,370000,2.5,4,3,2.0,7,2220,0,2220,2220,5338,5338,0,0,2001,0
0,709000,2.75,3,4,1.5,8,1870,910,2780,1700,7200,7200,0,0,1913,0
0,185000,1.0,4,3,1.0,7,1230,530,1760,1180,8906,10407,0,0,1966,0
0,365000,1.0,4,3,1.0,7,1230,530,1760,1180,8906,10407,0,0,1966,0
0,714000,1.75,3,4,1.0,8,1520,740,2260,2530,11781,10176,0,0,1968,0
0,495000,2.0,3,5,1.0,7,1460,0,1460,1620,9759,8421,0,0,1972,0
0,880000,2.5,4,3,1.0,8,2340,0,2340,2650,10800,13500,0,0,1953,2007
0,150000,1.5,3,4,1.0,6,1230,0,1230,850,8056,6714,0,0,1949,0
0,554500,2.25,3,4,1.0,8,1420,460,1880,2060,6565,7280,0,0,1972,0
0,305000,1.0,2,4,1.5,6,1960,0,1960,1650,186872,19200,0,0,1936,0
0,344200,2.5,4,3,2.0,8,2490,0,2490,2690,5812,6012,0,0,2000,0
0,229900,1.75,4,4,1.0,7,1550,0,1550,1500,9899,11272,0,0,1967,0
0,750000,2.25,4,3,1.0,8,1950,870,2820,2890,9602,9602,1,0,1974,0
0,785000,2.75,4,4,1.0,8,2410,490,2900,2620,17400,12240,0,0,1978,0
0,830000,3.5,5,3,2.0,8,3490,0,3490,3070,21780,7829,0,0,1996,0
0,324000,2.5,3,3,2.0,8,1940,0,1940,1940,8347,7131,0,0,1990,0
0,745000,1.0,3,4,1.0,7,1390,0,1390,2290,9112,9112,0,0,1951,0
0,385000,1.75,3,4,1.0,8,1630,680,2310,2350,11200,13300,0,0,1978,0
0,395000,2.5,3,4,2.0,8,2310,0,2310,2230,4930,5324,0,0,1989,0
0,245000,1.5,5,3,1.5,6,2000,0,2000,960,8100,9239,0,0,1946,0
0,334000,1.75,5,4,1.0,7,1750,840,2590,1820,6720,7521,0,0,1979,0
0,550000,1.0,3,4,1.0,7,980,0,980,2100,10960,10960,0,0,1953,0
0,216000,1.0,3,4,1.0,7,1180,550,1730,1830,7950,8890,0,0,1961,0
0,340500,2.5,3,4,3.0,8,2510,560,3070,2220,5871,4000,0,0,1928,0
0,375000,2.25,4,4,2.0,8,2100,0,2100,2000,12738,12090,0,0,1975,0
0,600000,2.75,3,3,1.0,8,1580,500,2080,2175,16740,7568,3,0,1966,0
0,429000,2.5,3,3,2.0,8,1860,0,1860,2420,11122,8542,0,0,1994,0
0,2983000,5.5,5,3,2.0,13,6290,1110,7400,6110,18898,26442,3,0,2001,0
0,276200,2.5,3,3,1.0,7,1180,300,1480,1690,7210,7396,0,0,1986,0
0,268450,2.25,5,4,1.0,7,1100,1100,2200,1780,9600,9680,0,0,1963,0
0,1228000,2.5,4,3,2.0,11,4280,1450,5730,3310,44947,17628,4,0,1991,0
0,134000,1.0,3,4,1.0,6,650,620,1270,1200,8508,9415,0,0,1942,0
0,180000,1.0,3,5,1.0,6,1280,0,1280,1060,4875,4875,0,0,1969,0
0,285000,2.5,3,3,2.0,7,1590,0,1590,1580,9736,7500,0,0,1985,0
0,399000,1.75,3,3,1.0,8,1350,430,1780,2180,11440,11440,0,0,1977,0
0,565000,2.5,3,5,2.0,7,1700,0,1700,1700,7210,7566,0,0,1966,0
0,406500,1.5,3,3,1.0,7,1970,0,1970,2240,10080,10080,0,0,1966,0
0,420000,1.75,4,4,1.0,7,1090,850,1940,1700,11500,8360,0,0,1955,0
0,353950,2.25,5,4,2.0,8,3260,0,3260,2070,7969,7962,0,0,1982,0
0,847700,3.25,5,3,2.0,10,3860,370,4230,2980,10260,10997,0,0,1996,0
0,269000,1.5,2,4,1.0,7,1010,0,1010,1290,6000,6000,0,0,1923,0
0,209950,1.0,4,3,1.0,6,1630,0,1630,1190,8400,8989,0,0,1962,0
0,359000,2.5,4,3,2.0,7,2160,0,2160,2160,4500,4496,0,0,2002,0
0,740000,2.25,3,4,2.0,10,2190,1250,3440,3470,44374,40185,3,0,1979,0
0,109000,0.5,2,3,1.0,5,580,0,580,1570,6900,5040,0,0,1941,0
0,389000,1.5,3,5,1.0,7,1080,950,2030,2210,10075,10075,0,0,1961,0
0,1200000,2.0,3,2,1.0,7,2480,0,2480,2400,13310,11340,0,0,1955,0
0,350000,2.5,3,3,1.0,8,2180,0,2180,2090,15484,10775,0,0,1992,0
0,646000,2.25,4,4,1.0,8,1600,900,2500,2290,8500,8927,0,0,1978,0
0,239950,2.5,3,4,2.0,7,1560,0,1560,1510,4800,12240,0,0,1974,0
0,240000,2.0,3,3,1.0,7,1310,0,1310,1310,8069,8392,0,0,1990,0
0,350000,2.5,3,3,2.0,7,1630,0,1630,1660,5996,4504,0,0,1986,0
0,415000,2.25,4,3,1.0,8,1680,840,2520,2300,8000,8000,2,0,1970,0
0,654300,2.5,3,3,2.0,9,2490,0,2490,2870,8582,7598,0,0,2000,0
0,855000,2.0,4,3,2.0,8,2380,0,2380,2112,10800,6600,2,0,1925,0
0,290000,2.25,4,4,1.0,7,1400,500,1900,1700,10950,11850,0,0,1959,0
0,359000,2.5,4,3,2.0,8,2640,0,2640,2150,7883,7683,0,0,1990,0
0,1050000,2.5,4,3,1.0,8,2030,1220,3250,2970,48037,48037,2,0,1985,0
0,450000,1.75,3,4,1.0,7,1360,0,1360,1570,5445,7840,0,0,1957,0
0,262500,2.25,5,3,1.0,7,1130,820,1950,1670,8086,8550,0,0,1980,0
0,285000,2.25,4,3,2.0,8,1970,0,1970,1790,7200,7500,0,0,1979,0
0,290000,2.5,3,3,2.0,7,2020,0,2020,2170,4861,4600,0,0,2005,0
0,292000,2.5,3,3,2.0,8,1560,0,1560,1310,2740,2698,0,0,1999,0
0,213000,1.0,2,3,1.0,6,750,0,750,1430,6089,6451,2,0,1937,0
0,202000,0.75,1,3,1.0,6,590,0,590,980,5650,5650,0,0,1944,0
0,617450,2.0,3,3,1.0,7,1080,500,1580,1650,14398,14407,0,0,1981,0
0,325000,1.0,2,3,1.0,7,1070,0,1070,1300,8750,9670,0,0,1951,0
0,301350,3.0,3,5,1.0,7,1040,820,1860,1490,7440,8160,0,0,1954,0
0,938000,2.5,3,3,2.0,10,3090,0,3090,3410,10940,12157,2,0,1992,0
0,348000,1.75,3,3,1.0,8,1320,400,1720,2200,8867,9170,0,0,1985,0
0,227950,1.5,3,4,1.0,7,1120,0,1120,1790,11430,8760,0,0,1963,0
0,347500,2.5,3,4,2.0,8,1890,0,1890,2000,7053,7226,0,0,1992,0
0,780000,3.5,3,3,2.0,10,3190,0,3190,3230,6776,7189,0,0,1998,0
0,226500,2.0,3,4,1.0,7,1560,0,1560,1560,7000,7200,0,0,1968,0
0,1500000,3.25,5,4,1.0,9,2590,0,2590,2780,11500,11989,2,0,1968,0
0,250000,2.0,4,5,1.5,6,1470,700,2170,1030,5404,5477,0,0,1920,0
0,715000,2.5,4,3,2.0,10,2780,0,2780,2980,13521,11454,0,0,1987,0
0,342000,2.0,3,3,1.0,8,2250,0,2250,1970,7757,6866,0,0,1992,0
0,420000,1.75,4,5,1.0,7,1340,0,1340,1980,8400,8400,0,0,1967,0
0,148226,1.0,3,4,1.0,7,1400,0,1400,1600,7360,8030,0,0,1968,0
0,150000,1.0,3,3,1.0,7,1320,0,1320,1320,8220,7920,0,0,1959,0
0,230000,1.0,2,3,1.0,6,1080,0,1080,1200,9435,9210,0,0,1958,0
0,389100,1.0,2,4,1.0,7,840,0,840,1340,5400,5400,0,0,1948,0
0,645000,2.25,4,5,1.0,8,1360,710,2070,2180,8720,8510,0,0,1974,0
0,1700000,2.75,5,3,2.0,10,3810,0,3810,2110,9360,9870,0,0,2014,0
0,1565000,3.5,4,3,2.0,10,5370,0,5370,3780,323215,9891,0,0,2002,0
0,366000,1.75,3,4,1.0,8,1340,500,1840,1940,11440,11440,0,0,1977,0
0,205000,1.0,3,4,1.0,7,1010,0,1010,1550,8800,7700,0,0,1968,0
0,1165000,2.25,4,4,2.0,9,3080,0,3080,2480,10487,10607,0,0,1968,0
0,184500,1.5,3,3,2.0,6,1280,0,1280,1150,3640,4105,0,0,1983,0
0,269000,2.0,2,3,1.5,8,1540,0,1540,1590,5000,5000,0,0,1986,0
0,570000,2.5,3,3,2.0,8,1530,0,1530,1530,3296,4099,0,0,1998,0
0,850000,1.75,4,4,1.0,8,2350,0,2350,2240,11914,10706,0,0,1961,0
0,209000,1.0,3,4,1.0,6,920,0,920,920,5200,4875,0,0,1969,0
0,327000,1.75,4,4,1.0,5,1840,0,1840,2160,5100,5400,0,0,1933,0
0,947500,2.25,4,4,1.5,10,3290,0,3290,3170,12329,12329,0,0,1968,0
0,370000,3.0,5,3,1.0,8,1400,1270,2670,1890,9920,10341,0,0,1990,0
0,440000,1.75,3,3,2.0,8,2000,0,2000,1820,11880,15120,0,0,1979,0
0,445000,2.5,4,3,1.0,8,2360,0,2360,1730,81892,18096,0,0,2000,0
0,516000,3.0,3,3,1.0,9,1300,1030,2330,2330,7304,9518,0,0,1971,0
0,343888,2.5,4,3,2.0,7,2060,0,2060,2060,5607,5367,0,0,2002,0
0,500000,1.75,4,4,1.5,7,2240,0,2240,1540,9886,8040,0,0,1965,0
0,302000,2.25,5,3,2.0,7,2180,0,2180,1880,7813,8649,0,0,1986,0
0,195000,1.0,2,4,1.0,6,1280,0,1280,1020,7861,6480,0,0,1913,0
0,502000,2.5,6,3,1.0,8,1630,1260,2890,2730,8122,9915,0,0,1977,0
0,290500,2.5,4,3,2.0,7,1680,0,1680,1420,3000,5500,0,0,2003,0
0,248000,3.0,4,3,2.0,7,2163,0,2163,1700,5883,10143,0,0,2006,0
0,433000,2.5,4,4,2.0,7,2280,0,2280,2280,7568,5312,0,0,2001,0
0,309950,2.75,4,3,2.0,7,2310,0,2310,1980,5000,5000,0,0,2006,0
0,253000,2.0,3,5,1.0,7,1290,0,1290,1290,7372,7366,0,0,1990,0
0,440000,1.0,3,3,1.0,7,1410,0,1410,1330,8925,8925,0,0,1958,0
0,333000,1.75,5,3,1.0,7,1240,0,1240,1600,8936,9341,0,0,1954,0
0,350000,2.5,4,3,2.0,8,2500,0,2500,2500,5831,5188,0,0,2007,0
0,198000,1.0,2,3,1.0,7,790,0,790,1430,14200,10000,0,0,1951,0
0,730000,1.75,3,4,1.0,7,1340,700,2040,2120,11294,9587,0,0,1952,0
0,266200,1.5,3,4,1.0,7,1430,0,1430,1590,9600,10240,0,0,1966,0
0,1060000,2.5,4,5,2.0,8,2250,0,2250,2660,10160,10125,0,0,1967,0
0,95000,1.0,2,2,1.0,6,1070,0,1070,1360,20450,15581,0,0,1948,0
0,430000,1.75,3,3,1.0,8,1300,0,1300,1700,12731,13556,0,0,1981,0
0,379900,2.5,3,3,2.0,8,2190,0,2190,2300,5071,5654,0,0,2004,0
0,455000,2.25,4,4,1.0,7,1170,570,1740,1980,8449,11175,0,0,1958,0
0,502000,2.0,3,3,1.0,7,1300,0,1300,1520,14350,10670,0,0,1955,2013
0,362500,2.0,3,3,1.0,7,1940,0,1940,1860,40588,9657,0,0,2000,0
0,278000,2.25,3,3,1.0,7,1170,420,1590,1590,9425,9394,0,0,1985,0
0,375000,3.0,5,3,2.0,8,1810,870,2680,1860,8410,8410,0,0,1990,0
0,652000,2.25,3,4,1.0,8,1560,360,1920,2040,9600,9600,0,0,1968,0
0,472000,3.25,4,3,2.0,8,2870,1480,4350,2490,7090,7266,0,0,1999,0
0,333000,2.5,4,4,1.0,6,1910,0,1910,2590,9244,9286,0,0,1963,0
0,799000,3.5,4,3,2.0,10,2220,1070,3290,2990,20107,16988,4,0,1990,0
0,860000,2.25,5,3,2.0,8,3480,0,3480,3130,9200,9200,0,0,1979,0
0,449500,2.5,4,3,2.0,9,2410,0,2410,2780,55931,55931,0,0,1989,0
0,925000,1.75,4,4,1.0,9,1430,1280,2710,2640,11400,11000,0,0,1976,0
0,267500,2.25,3,3,1.5,7,1550,530,2080,2080,2856,2275,0,0,2003,0
0,220000,1.5,4,5,1.0,7,1180,0,1180,1800,8058,9348,0,0,1969,0
0,455500,2.0,3,4,1.0,7,1460,0,1460,1690,10311,9679,0,0,1975,0
0,743000,1.75,3,4,1.0,8,2110,0,2110,2560,11250,10992,0,0,1961,0
0,400000,2.5,4,3,2.0,7,2030,1000,3030,2600,180263,182509,0,0,1987,0
0,950000,1.75,4,4,1.0,9,3100,0,3100,3480,21303,9697,1,0,1962,0
0,435000,1.0,3,5,1.0,7,1120,0,1120,1720,9656,9908,0,0,1955,0
0,285000,1.75,3,4,1.0,7,1560,0,1560,1550,9514,9600,0,0,1967,0
0,304500,2.25,3,3,1.0,7,1390,400,1790,1810,6930,7420,0,0,1974,0
0,288000,1.5,3,4,1.0,7,1300,0,1300,1770,7313,8075,0,0,1968,0
0,178500,1.0,2,4,1.0,8,930,0,930,1160,3447,3447,0,0,1978,0
0,415000,2.5,4,3,1.0,7,1350,820,2170,1880,8518,7680,3,0,1955,0
0,245000,1.5,4,4,1.5,7,1850,0,1850,1730,7547,7577,0,0,1960,0
0,750000,2.75,5,3,1.0,10,1740,1590,3330,2780,12408,12000,0,0,1976,0
0,216000,1.75,3,4,1.0,6,1310,0,1310,2622,8670,7191,0,0,1984,0
0,257700,2.25,4,4,2.0,7,1600,0,1600,1530,6202,6298,0,0,1986,0
0,300000,2.5,3,3,2.0,7,2240,0,2240,2619,3691,3691,0,0,2003,0
0,269100,2.5,3,3,2.0,8,2190,0,2190,2190,7904,7669,0,0,1995,0
0,306888,1.5,2,3,2.0,7,1010,0,1010,1210,7719,7719,0,0,1981,0
0,795000,2.5,4,4,2.0,10,2920,0,2920,2840,14210,13702,0,0,1978,0
0,525000,2.5,4,4,2.0,9,2310,0,2310,2310,5573,6189,0,0,2003,0
0,1050000,2.5,3,3,2.0,10,2560,910,3470,3590,12076,17677,3,0,1988,0
0,452000,1.0,2,3,1.0,6,880,340,1220,1220,6000,6840,0,0,1938,0
0,410000,2.5,4,3,2.0,8,2070,0,2070,1250,6180,6018,0,0,2007,0
0,340000,2.5,4,3,2.0,8,2550,0,2550,2550,7555,6800,0,0,2001,0
0,460000,3.0,4,3,2.0,8,2230,0,2230,2060,52983,8755,0,0,1991,0
0,345000,2.5,4,3,2.0,8,2382,0,2382,2382,5899,5897,0,0,2011,0
0,280500,2.25,3,3,2.0,7,1620,0,1620,1470,7566,7566,0,0,1990,0
0,335000,1.5,3,5,1.0,7,1900,0,1900,1410,7584,7584,0,0,1962,0
0,420000,2.75,3,3,1.0,7,1430,870,2300,2070,8000,10200,0,0,1965,0
0,274900,1.75,4,3,1.0,7,1210,630,1840,1620,10528,9331,0,0,1990,0
0,222000,1.0,3,4,1.0,7,990,0,990,990,7520,7440,0,0,1958,0
0,375000,2.0,3,4,1.0,7,2150,970,3120,2100,42247,43416,0,0,1980,0
0,300000,2.5,3,3,2.0,7,1640,0,1640,1850,5707,5827,0,0,1995,0
0,375000,2.5,5,4,1.0,8,1470,1370,2840,2570,15598,14930,0,0,1975,0
0,420000,2.5,3,3,2.0,9,2370,0,2370,2450,15375,9800,2,0,1993,0
0,260000,2.5,3,3,2.0,7,1770,0,1770,1550,2677,1798,0,0,2005,0
0,912000,2.5,3,3,2.0,11,2979,0,2979,3890,17313,14797,2,0,1993,0
0,238000,1.5,3,4,1.0,7,1050,310,1360,1580,7488,7508,0,0,1975,0
0,251000,2.0,4,5,1.0,7,860,790,1650,1940,5974,6001,0,0,1972,0
0,406500,1.75,2,4,2.0,8,1510,0,1510,1740,5319,6160,0,0,1978,0
0,433495,2.25,4,4,2.0,9,3010,0,3010,2690,10925,10925,0,0,1988,0
0,265000,2.25,3,4,1.0,7,1150,360,1510,1510,6071,7271,0,0,1985,0
0,425000,1.0,4,5,1.0,7,950,850,1800,1290,12485,9840,0,0,1955,0
0,450000,2.75,2,3,1.0,7,1510,1300,2810,2520,11205,13000,0,0,1968,0
0,345000,2.5,4,3,2.0,8,2040,0,2040,2230,5875,5459,0,0,2004,0
0,612500,2.0,4,3,1.0,7,1690,0,1690,2050,35346,37846,0,0,1967,0
0,317000,1.75,3,4,1.0,8,1530,0,1530,1850,7650,6804,0,0,1977,0
0,497000,2.25,4,4,2.0,8,2250,0,2250,1850,3463,2811,0,0,1968,0
0,226750,1.75,3,3,1.0,7,1070,0,1070,1520,6315,5707,0,0,1992,0
0,745000,2.5,4,4,2.0,9,2760,0,2760,2810,13093,13545,0,0,1989,0
0,194000,1.0,3,3,1.0,7,1050,0,1050,1430,7577,7245,0,0,1983,0
0,265000,1.0,3,5,1.0,7,1800,0,1800,1230,7650,7650,0,0,1957,0
0,1135000,2.75,4,4,1.0,9,2110,1730,3840,3500,10004,12118,2,0,1963,0
0,200000,1.75,2,3,1.0,6,910,0,910,1360,2693,2693,0,0,2003,0
1,400000,1.5,3,3,1.0,7,1120,390,1510,1700,8360,8360,0,0,1960,0
0,379750,2.75,4,3,1.0,8,1620,770,2390,2390,9650,10000,2,0,1976,0
0,240000,2.5,3,3,1.0,7,1160,360,1520,1580,9864,7425,0,0,1993,0
0,210000,1.5,3,4,1.0,7,1160,0,1160,1440,10125,10018,0,0,1959,0
0,720000,2.5,3,3,2.0,10,2520,0,2520,2680,10012,10071,0,0,1987,0
0,409950,2.25,5,3,1.0,7,1270,520,1790,1790,10300,10300,0,0,1961,0
0,515000,2.5,3,3,2.0,8,1790,0,1790,1680,7167,7418,0,0,1989,0
0,495000,2.5,4,5,1.0,8,1800,600,2400,2440,11640,10823,0,0,1968,0
0,998000,2.25,4,4,2.0,9,2420,0,2420,2390,10200,10200,0,0,1973,0
0,602000,2.25,3,4,1.0,8,1580,0,1580,2630,11580,10009,0,0,1979,0
0,750000,2.75,4,5,1.0,8,1310,1000,2310,2820,10232,9886,0,0,1980,0
0,711600,3.0,4,3,2.5,10,2370,1210,3580,2580,9316,9242,0,0,1991,0
0,710000,2.5,4,3,2.0,10,3220,0,3220,2650,18618,11896,1,0,1991,0
0,250000,2.0,3,3,1.0,7,1010,650,1660,1660,13085,7778,0,0,1985,0
0,350000,1.75,4,5,1.0,7,1620,800,2420,1660,8400,8400,0,0,1964,0
0,200000,1.0,2,2,1.0,6,830,0,830,1150,7200,6600,0,0,1920,0
0,316000,2.5,5,3,2.0,7,2600,0,2600,2330,4641,4589,0,0,2005,0
0,209000,1.75,3,4,1.0,7,1250,0,1250,1340,8084,7680,0,0,1967,0
0,809950,2.0,4,5,1.5,9,2230,0,2230,2510,9900,11041,0,0,1959,0
0,411000,2.0,4,4,2.0,8,2370,0,2370,2110,76665,19334,0,0,1978,0
0,460000,2.5,4,3,2.0,9,2620,0,2620,2760,8331,8174,0,0,1991,0
0,429000,2.5,3,3,2.0,7,1430,0,1430,1480,9240,8125,0,0,1984,0
0,729000,2.5,3,3,2.0,9,2480,0,2480,2600,7428,8322,0,0,1990,0
0,218500,1.75,3,4,1.0,7,1390,0,1390,1550,9328,8374,0,0,1987,0
0,175000,1.0,3,4,1.0,7,1030,0,1030,1370,8395,9380,0,0,1960,0
0,432500,1.75,3,3,1.0,8,1470,0,1470,1470,7350,7350,0,0,1963,0
0,1688000,4.0,4,3,3.0,12,5000,0,5000,4560,12941,12941,2,0,2002,0
0,318000,2.25,3,5,1.0,7,1090,600,1690,1950,12662,9642,0,0,1982,0
0,325000,2.75,5,3,1.0,7,1450,950,2400,2400,7904,7475,0,0,1992,0
0,795000,3.5,5,3,2.0,9,2610,720,3330,2810,3705,3971,0,0,2008,0
0,558000,2.25,4,4,1.0,8,1320,740,2060,2060,10358,9676,0,0,1962,0
0,370000,2.5,4,3,2.0,9,3090,0,3090,3610,18645,20114,0,0,1995,0
0,515700,2.5,3,3,2.0,8,2180,0,2180,2440,9722,9722,0,0,1994,0
0,583500,2.25,3,4,2.5,10,3530,0,3530,2960,13000,13000,0,0,1985,0
0,299000,2.5,3,3,2.0,8,1650,0,1650,2000,4725,4725,0,0,2011,0
0,819000,2.75,3,4,2.0,9,2726,450,3176,3470,13391,12779,3,0,1985,0
0,608700,2.5,4,3,1.0,9,2260,0,2260,2400,9696,12111,0,0,1983,0
0,229500,1.5,3,4,1.0,7,1810,0,1810,1710,14400,12000,0,0,1954,0
0,265000,2.25,3,4,1.0,7,1180,270,1450,1520,13439,12348,0,0,1963,0
0,590000,2.5,3,5,1.0,8,1680,970,2650,2310,9380,9600,0,0,1975,0
0,615000,1.75,3,4,1.0,8,1800,550,2350,2040,20820,10800,0,0,1978,0
0,580000,2.5,3,3,1.5,8,1910,0,1910,2230,11550,11550,0,0,2003,0
0,275000,1.75,3,4,1.0,8,1180,0,1180,1580,6260,7272,0,0,1993,0
0,390000,2.25,3,4,2.0,8,1820,0,1820,1900,7420,7526,0,0,1983,0
0,405000,2.5,2,4,2.0,8,1790,0,1790,1700,5400,5760,0,0,1979,0
0,213950,1.0,3,3,1.0,6,1430,0,1430,1050,7000,7700,0,0,1968,0
0,232000,1.5,3,4,1.0,7,1390,0,1390,1740,11340,11340,0,0,1963,0
0,207000,1.0,3,4,1.0,6,990,0,990,1060,10800,10364,0,0,1959,0
0,310000,1.75,3,3,1.0,8,1880,0,1880,2260,30346,5883,0,0,1988,0
0,392500,2.5,4,3,2.0,8,2150,0,2150,1940,7303,9569,0,0,2005,0
0,305000,2.5,5,3,1.0,8,1690,810,2500,2130,12220,12000,0,0,1962,0
0,735000,2.5,3,3,2.0,9,2390,0,2390,2360,9157,8250,0,0,1984,0
0,575000,2.5,4,3,2.0,8,2400,0,2400,2120,6137,7468,0,0,1990,0
0,291000,2.5,4,4,2.0,7,1580,0,1580,1590,6633,6633,0,0,1984,0
0,238950,1.0,2,3,1.0,7,1190,0,1190,1410,11400,11400,0,0,1951,0
0,420000,1.75,4,3,1.0,8,1610,770,2380,2540,15324,12608,0,0,1978,0
0,255000,1.0,3,4,1.0,7,1710,0,1710,1310,12000,9600,0,0,1972,0
0,390000,2.5,3,3,2.0,8,2250,0,2250,2180,8076,7244,0,0,1995,0
0,405000,2.5,3,4,1.0,8,1810,650,2460,1820,12600,11180,0,0,1970,0
0,435000,2.25,4,3,1.0,8,1630,580,2210,2340,14073,11340,0,0,1978,0
0,299950,1.75,3,3,1.0,9,1790,0,1790,2540,7650,7600,3,0,1978,0
0,297262,2.5,3,3,2.0,8,1730,0,1730,1780,8076,6930,0,0,1994,0
0,735000,3.0,4,4,1.0,7,1250,1000,2250,1960,7245,7245,0,0,1963,0
0,201000,1.0,3,4,1.0,7,1460,0,1460,1270,9750,9750,0,0,1969,0
0,538000,1.75,4,3,1.0,7,1220,620,1840,1770,9600,9720,0,0,1967,0
0,331500,1.75,4,3,1.0,7,850,850,1700,1680,14756,10250,0,0,1955,0
0,110700,1.0,2,3,1.0,6,680,0,680,1340,8064,10800,0,0,1941,0
0,294900,2.25,3,3,1.0,7,1210,290,1500,1600,8100,7896,0,0,1968,0
0,1769000,3.5,4,3,2.0,12,5440,0,5440,4830,38900,41313,0,0,1990,0
0,199500,2.0,4,4,1.0,5,1750,0,1750,1440,8116,7865,0,0,1943,0
0,247000,2.0,4,4,1.0,5,1750,0,1750,1440,8116,7865,0,0,1943,0
0,215000,1.0,3,3,1.0,7,1060,0,1060,1310,7900,7900,0,0,1961,2001
0,305000,2.25,4,4,2.0,8,2210,0,2210,2300,9371,11584,0,0,1968,0
0,734000,2.75,4,3,2.0,8,2340,750,3090,2760,7650,10370,2,0,1959,1989
0,357000,2.5,5,3,2.0,8,2750,0,2750,1650,12350,9810,0,0,1987,0
0,235000,1.75,3,4,1.0,7,1200,0,1200,1200,9266,9266,0,0,1960,0
0,550000,1.75,3,3,1.0,7,1150,680,1830,3380,9720,10854,1,0,1928,1976
0,450000,2.5,4,3,2.0,8,2400,0,2400,2400,7693,8038,0,0,2003,0
0,272000,2.25,4,3,2.0,7,2115,0,2115,2440,6234,6366,0,0,1998,0
0,291000,2.25,4,4,1.0,8,1260,630,1890,1890,7616,7420,0,0,1979,0
0,1013050,2.5,4,4,1.0,9,1820,660,2480,2910,12688,11979,0,0,1967,0
0,170000,1.0,2,4,1.0,6,810,0,810,820,8424,8424,0,0,1959,0
0,1582500,2.5,4,3,1.0,10,2480,1500,3980,3980,16304,16304,1,0,1968,0
0,525000,2.5,3,3,1.0,9,2340,0,2340,2630,35021,35190,0,0,1986,0
0,1650000,2.75,8,4,1.0,9,2020,2020,4040,3670,20666,20500,0,0,1962,0
0,137900,1.75,3,3,1.0,6,580,580,1160,1730,5082,6000,0,0,1942,0
0,465000,3.25,6,3,1.0,10,2150,2100,4250,3370,23326,15983,3,0,1967,0
0,280000,2.5,4,3,2.0,8,2400,0,2400,2230,4596,4763,0,0,2004,0
0,282000,2.25,3,4,1.0,8,1370,1050,2420,2150,7548,8000,0,0,1967,0
0,595000,1.75,2,3,1.0,7,1280,0,1280,1950,8500,10356,0,0,1953,2010
0,400000,2.5,4,3,2.0,8,3130,0,3130,2470,5240,5240,0,0,2004,0
1,1250000,2.5,4,5,1.0,9,1680,1540,3220,2990,15600,15600,0,0,1973,0
0,1557600,2.5,4,4,2.0,9,2700,0,2700,3790,17853,16672,0,0,1960,0
0,545000,2.0,4,4,1.0,9,3265,2196,5461,1940,22880,10995,0,0,1964,0
0,178000,1.5,4,4,1.5,6,1200,0,1200,1200,11163,11163,0,0,1970,0
0,262500,1.75,3,3,1.0,7,1470,0,1470,1770,10390,7507,0,0,1989,0
0,355000,1.0,3,3,1.0,6,1210,0,1210,990,6650,7590,0,0,1959,0
0,299990,2.5,3,3,2.0,8,1870,0,1870,2150,8541,7789,0,0,1989,0
0,425000,2.25,4,4,2.0,8,2660,0,2660,2090,11200,11120,0,0,1972,0
0,580000,1.75,4,3,1.0,8,1420,300,1720,2210,6975,7875,0,0,1975,0
0,699000,2.5,3,4,2.0,10,1510,1230,2740,2840,18455,16438,1,0,1977,0
0,757000,2.75,3,3,1.0,7,1630,980,2610,2570,11290,9125,0,0,1985,0
0,540000,2.75,4,3,2.0,8,2830,0,2830,2830,7334,7378,0,0,2005,0
0,320000,2.25,5,3,2.0,8,2630,0,2630,1880,8625,8670,0,0,1966,0
0,280000,2.5,3,3,2.0,7,1580,0,1580,1650,7918,7916,0,0,1994,0
0,300000,1.0,3,4,1.0,7,1060,1060,2120,1010,7735,8570,0,0,1967,0
0,600000,2.5,3,3,2.0,10,2260,0,2260,2740,10153,10153,0,0,1987,0
0,950000,1.75,4,4,1.0,8,1500,1000,2500,3750,92347,20267,0,0,1970,0
0,850000,2.5,3,3,2.0,10,2940,0,2940,3090,10809,10348,0,0,1992,0
0,186000,1.75,3,3,1.0,7,1040,420,1460,1460,7967,6835,0,0,1977,0
0,450000,2.25,3,3,1.0,7,1960,0,1960,1540,10682,10682,0,0,1957,0
0,315000,1.0,2,3,1.0,7,1040,1040,2080,1920,14659,15208,0,0,1960,0
0,467500,1.0,3,3,1.5,7,1700,0,1700,1400,4165,4165,0,0,1918,0
0,760000,3.25,4,3,3.0,9,2590,0,2590,2590,3889,4062,0,0,2013,0
0,851000,2.75,3,4,1.0,8,1330,1330,2660,2820,10350,10043,4,0,1971,0
0,207100,1.0,2,3,1.0,6,1000,0,1000,980,4500,4837,0,0,1916,0
0,903000,2.75,3,4,2.0,10,3860,0,3860,2820,12786,14636,0,0,1984,0
0,268500,1.75,4,3,1.5,7,1120,700,1820,1810,13600,11970,0,0,1959,0
0,1130000,2.5,4,3,2.0,9,2660,0,2660,3290,11200,11275,0,0,1999,0
0,250000,2.0,3,4,1.0,6,1470,0,1470,1470,12096,10966,0,0,1942,0
0,325000,2.0,4,3,1.0,8,1870,0,1870,2270,7700,8580,0,0,1966,0
0,506000,3.0,5,4,1.0,7,1370,1060,2430,1770,8000,8000,0,0,1957,0
0,665000,2.25,4,5,1.0,8,1700,640,2340,1890,5300,8250,0,0,1963,0
0,389900,1.0,4,4,1.5,6,1710,0,1710,1940,117176,12223,0,0,1942,0
1,427000,1.0,3,3,1.0,7,1200,0,1200,1800,5252,7920,0,0,1962,0
0,265000,1.75,3,3,1.0,7,1330,0,1330,1870,12618,8429,3,0,1983,0
0,354000,3.5,6,3,2.0,7,3020,0,3020,900,4500,6000,0,0,1941,1992
0,339950,2.5,4,3,2.0,8,2260,0,2260,2260,6086,6218,0,0,1999,0
0,1000000,1.75,4,5,1.0,9,1780,0,1780,2100,11436,12052,0,0,1967,0
0,650000,1.75,3,4,1.0,8,1620,1300,2920,2890,9370,9609,0,0,1981,0
0,298000,1.0,2,3,1.0,5,850,0,850,910,5000,4815,0,0,1907,0
0,420000,1.0,3,5,1.0,7,1060,0,1060,1470,7638,8097,0,0,1966,0
0,499990,1.75,3,3,1.0,8,1220,510,1730,2020,9334,10000,0,0,1977,0
0,425000,2.25,4,4,2.0,9,3680,0,3680,2340,26266,19939,0,0,1981,0
0,368888,1.5,3,4,1.0,7,1490,0,1490,1180,12186,14285,0,0,1950,0
0,339500,2.5,4,3,2.0,7,1930,0,1930,1640,7862,9145,0,0,1994,0
0,299900,2.5,4,3,2.0,8,2200,0,2200,2200,5730,5772,0,0,2003,0
0,315000,2.0,3,4,1.0,7,1500,0,1500,1500,7828,7700,0,0,1967,0
0,195000,1.5,3,4,1.0,7,1030,400,1430,1190,5200,5200,0,0,1977,0
0,910000,2.75,5,3,2.0,9,3750,0,3750,3450,8279,8279,0,0,2001,0
0,306000,2.5,3,3,2.0,7,1870,0,1870,2090,5874,4060,0,0,2005,0
0,272000,2.25,4,4,1.0,8,1580,460,2040,2130,7600,7200,0,0,1978,0
0,450000,1.75,3,3,1.0,8,2370,780,3150,2740,9258,10274,1,0,1970,0
0,530000,2.25,2,4,1.0,8,1180,900,2080,2590,11285,13048,0,0,1954,0
0,305000,2.5,4,3,2.0,7,1620,0,1620,1580,4000,3780,0,0,2008,0
0,300000,1.75,3,3,1.0,7,1210,0,1210,1670,7000,7000,0,0,1975,0
0,289950,3.0,4,3,1.0,8,1490,550,2040,2020,5050,6118,0,0,1993,0
0,219000,1.5,3,4,1.0,7,1060,0,1060,1440,9600,9600,0,0,1962,0
0,378000,2.5,3,3,2.0,8,2130,0,2130,2130,8404,8404,0,0,1991,0
0,592000,2.5,4,4,2.0,8,2300,0,2300,2170,11165,11165,0,0,1979,0
0,446000,2.0,4,3,1.0,7,1140,1140,2280,2580,43692,37938,0,0,1957,1984
0,485000,2.5,4,3,2.0,9,2470,0,2470,2990,35073,35259,0,0,1989,0
0,255000,1.0,3,3,1.0,7,1440,0,1440,1580,11330,10100,0,0,1965,0
0,251750,2.0,3,5,1.0,7,1320,0,1320,1540,7200,7200,0,0,1975,0
0,530000,1.75,3,4,1.0,8,1980,0,1980,2120,6760,7280,0,0,1973,0
0,394950,2.5,3,3,2.0,8,2050,0,2050,2140,8172,5664,0,0,2002,0
0,324950,1.75,4,3,1.0,7,1160,1160,2320,2130,9240,7320,0,0,1959,2014
0,220000,1.75,4,3,1.0,7,1910,0,1910,1910,8171,7542,0,0,1986,0
0,685000,3.25,3,4,2.0,8,2030,0,2030,2450,11070,11070,0,0,1980,0
0,368000,2.75,4,3,1.0,7,1360,1250,2610,1600,9426,9426,0,0,1965,0
0,825000,2.25,3,4,2.0,9,1550,970,2520,2520,7975,9900,0,0,1990,0
0,253000,1.75,3,4,1.0,7,1570,0,1570,1900,7416,7416,0,0,1971,0
0,392500,2.75,4,5,1.0,7,1320,1080,2400,2470,19923,10736,0,0,1953,0
0,215000,1.0,3,4,1.0,6,1160,0,1160,1200,10384,9880,0,0,1969,0
0,232500,1.0,3,3,1.0,6,880,440,1320,1320,8450,8450,0,0,1961,0
0,234000,2.0,2,3,2.0,6,1200,0,1200,1360,3624,2693,0,0,2003,0
0,380000,1.75,3,3,1.0,7,1250,310,1560,2000,104108,110957,0,0,1970,0
0,420000,2.25,5,3,1.0,9,2730,340,3070,1560,64033,28260,0,0,1983,0
0,256750,2.5,3,3,1.0,7,1570,420,1990,1920,8991,8991,0,0,1969,0
0,535000,2.5,3,3,2.0,8,1690,0,1690,1860,9626,8958,0,0,1984,0
0,515000,2.0,3,4,2.0,9,1810,0,1810,1760,2738,2754,0,0,1979,0
0,770000,1.75,4,4,1.0,7,1640,880,2520,2110,8442,8442,0,0,1953,0
0,256000,2.5,3,3,1.0,7,1090,480,1570,1570,5113,5150,0,0,1996,0
0,165000,1.5,3,4,1.0,7,1250,0,1250,1250,7200,7560,0,0,1978,0
0,220000,1.5,3,4,1.0,7,1280,0,1280,1450,7742,8316,0,0,1962,0
0,575000,2.5,4,4,2.0,11,4620,0,4620,3640,20793,20793,0,0,1991,0
0,422250,1.75,3,5,2.0,8,1300,350,1650,1760,7145,7206,0,0,1977,0
0,850000,2.5,3,3,2.0,9,1940,1180,3120,3240,12406,13141,2,0,1983,0
0,750000,1.75,5,4,1.0,8,1400,1240,2640,2400,13290,11942,4,1,1954,0
0,290000,2.0,3,3,1.0,7,1700,0,1700,1700,6498,6654,0,0,1986,0
0,280000,2.0,4,3,1.0,7,1600,0,1600,1870,6861,7455,0,0,1994,0
0,750000,2.25,3,4,2.0,10,3270,0,3270,3220,168000,7963,0,0,1982,0
0,225000,2.0,3,3,1.0,7,1320,0,1320,1336,5665,7080,0,0,1986,0
0,442250,2.5,3,3,2.0,8,2170,0,2170,2240,8169,6733,0,0,2003,0
0,276000,2.0,3,3,1.0,7,1450,0,1450,2050,8928,8523,0,0,1998,0
0,260000,2.5,3,4,1.0,7,1020,400,1420,2060,14850,8800,0,0,1963,0
0,300000,2.75,3,3,1.0,8,1340,750,2090,2150,9620,9660,0,0,1987,0
0,310000,2.75,3,3,1.0,8,1340,750,2090,2150,9620,9660,0,0,1987,0
0,209000,1.0,3,3,1.0,7,1330,0,1330,1530,6900,7000,0,0,1976,0
0,230000,2.0,5,4,1.0,6,1110,800,1910,1150,7200,5948,0,0,1951,0
0,336950,1.75,3,4,1.0,8,1410,900,2310,2080,7680,7680,0,0,1978,0
0,230000,2.0,3,3,1.0,7,1310,0,1310,1530,7332,7362,0,0,1987,0
0,600000,1.75,4,4,1.0,8,1700,0,1700,2430,7800,8342,0,0,1975,0
0,1381000,3.75,4,3,2.5,10,3160,0,3160,2400,9525,9525,0,0,1997,0
0,445000,2.0,4,4,1.0,7,1470,0,1470,1760,8395,7976,0,0,1965,0
0,577000,1.5,3,5,1.0,7,1200,360,1560,1560,20251,19119,0,0,1989,0
0,255000,1.0,3,3,1.0,7,1100,480,1580,1600,8206,8196,0,0,1962,0
0,435000,1.75,4,5,1.0,7,1260,1260,2520,2360,7200,7300,2,0,1955,0
0,1450000,1.75,3,3,1.0,9,2230,0,2230,2230,13529,11900,0,0,1949,0
0,425000,3.0,4,3,2.0,8,2430,0,2430,2000,5502,5702,0,0,2002,0
0,229950,2.0,3,3,1.0,7,1410,0,1410,1410,7466,7610,0,0,1983,0
0,753000,2.25,3,4,2.0,8,2290,0,2290,2120,9047,9275,0,0,1984,0
0,295000,3.0,4,3,2.0,8,2120,0,2120,2260,7650,7885,0,0,1964,0
0,225000,1.75,3,4,1.0,7,1580,0,1580,1280,8820,8500,0,0,1967,0
0,1699000,3.25,3,3,3.0,12,3690,470,4160,3290,35153,11533,2,0,2001,0
0,358500,2.5,3,3,1.0,8,1360,640,2000,2530,8057,8964,0,0,1998,0
0,260000,1.0,4,4,1.0,7,1020,720,1740,1600,8100,8949,0,0,1962,0
0,295000,2.5,3,3,2.0,7,1560,0,1560,1560,4200,4200,0,0,2003,0
0,269950,1.75,3,4,1.0,7,1460,300,1760,1450,12823,10800,0,0,1956,0
0,255000,1.75,3,3,1.0,7,1700,0,1700,1690,7532,7405,0,0,1987,0
1,300000,2.5,4,3,2.0,7,2620,0,2620,2250,4469,4500,0,0,2008,0
0,270000,2.25,3,4,1.0,7,1500,0,1500,1750,7410,7990,0,0,1973,0
0,246900,1.5,3,5,1.0,7,1370,0,1370,1370,9800,9800,0,0,1968,0
0,215000,1.0,3,5,1.0,7,1190,0,1190,1200,7500,9750,0,0,1968,0
0,785000,3.5,3,3,2.0,10,4500,0,4500,4670,21870,23058,0,0,2004,0
0,150000,1.5,2,4,2.0,7,1360,0,1360,1360,1934,1898,0,0,1978,0
0,199950,1.75,2,4,1.0,6,870,0,870,1300,18537,22800,0,0,1946,0
0,785000,1.75,3,5,1.0,8,1670,0,1670,1900,9600,9600,0,0,1961,0
0,245700,2.25,3,3,1.0,8,1180,460,1640,1600,8400,8120,0,0,1968,0
0,951000,2.25,3,3,1.0,9,3400,0,3400,2510,12825,11574,1,0,1961,0
0,257000,1.75,3,4,1.0,7,1330,0,1330,1650,36537,35100,0,0,1989,0
0,1600000,2.75,3,4,2.0,10,3040,0,3040,2950,21052,21052,0,0,1980,0
0,1080000,3.5,4,3,2.0,10,3990,0,3990,3230,5267,6481,0,0,2008,0
0,511000,2.5,5,3,2.0,10,3361,0,3361,3112,6983,6920,0,0,2006,0
0,2100000,1.75,4,3,2.0,9,3550,0,3550,3000,19865,19862,0,0,1962,2002
0,370000,2.5,5,3,2.0,8,2740,0,2740,2900,5460,5971,0,0,2005,0
0,1800000,4.5,5,3,2.0,11,3390,1010,4400,2150,15580,14249,0,0,2003,0
0,236000,1.75,3,3,1.0,7,1300,0,1300,1430,8976,9750,0,0,1967,0
0,278000,2.5,2,3,2.0,7,1420,0,1420,1500,2229,2230,0,0,2004,0
0,780000,1.75,3,4,1.0,7,1690,0,1690,1950,13500,10500,0,0,1978,0
0,559500,1.75,4,3,1.0,8,1650,0,1650,1850,7088,7523,0,0,1973,0
0,219950,1.0,2,3,1.0,7,990,0,990,1130,6448,7200,0,0,1948,0
0,671500,2.25,4,4,2.0,8,2130,0,2130,2170,8410,8400,0,0,1977,0
0,182000,2.25,3,3,1.0,7,1290,670,1960,1890,8875,8700,0,0,1965,0
0,230000,1.0,2,4,1.0,5,800,0,800,1500,17965,8925,0,0,1942,0
0,128000,1.0,3,3,1.0,7,910,0,910,1490,11117,8416,0,0,1955,0
0,329950,2.5,3,3,2.0,7,1820,0,1820,1860,8085,8625,0,0,1983,0
0,448000,2.5,4,3,1.0,7,1650,580,2230,2090,5000,4637,0,0,2006,0
0,273000,1.0,3,3,1.0,7,1560,0,1560,1468,7800,9375,0,0,1955,0
0,383000,2.5,4,3,2.0,8,2370,0,2370,1590,10580,8584,0,0,1966,0
1,460000,1.75,3,4,1.0,7,1420,0,1420,2020,8250,8250,0,0,1960,0
0,1168000,2.75,5,5,1.0,9,1780,1130,2910,2880,15118,15253,0,0,1972,0
0,825000,2.25,4,4,2.0,8,2430,0,2430,2390,10050,10250,0,0,1979,0
0,314950,2.5,2,3,2.0,7,1860,0,1860,1860,6359,6359,0,0,2003,0
0,500000,1.5,3,4,1.0,7,1020,940,1960,1760,8815,9534,0,0,1958,0
0,300000,1.75,4,4,1.0,8,1330,750,2080,1790,8750,8750,0,0,1967,0
0,205000,1.75,3,3,1.0,7,1170,0,1170,1180,8239,7866,0,0,1981,0
0,310000,3.25,3,3,2.0,8,2190,940,3130,2350,9302,7949,0,0,1987,0
0,442500,2.25,2,3,2.0,7,1510,0,1510,1510,7280,8120,0,0,1987,0
0,343500,1.75,4,4,1.0,7,1180,580,1760,1990,6204,6240,2,0,1950,0
0,544300,1.75,4,5,1.0,7,1560,0,1560,1510,9000,8848,0,0,1969,0
0,245000,1.75,3,3,1.0,7,1260,0,1260,1810,6908,7159,0,0,1994,0
0,270000,2.5,4,3,1.0,7,1170,500,1670,1360,8056,8056,0,0,1961,0
0,1164000,3.5,3,3,2.0,10,2920,700,3620,3680,8072,9624,0,0,1999,0
1,198400,1.0,3,4,1.0,7,1040,0,1040,1290,8645,8645,0,0,1962,0
0,495000,2.5,4,3,2.0,9,2790,1270,4060,2810,8547,8313,0,0,2007,0
0,875000,1.75,4,4,1.0,9,2180,0,2180,2560,9726,10244,0,0,1966,0
0,317000,3.5,6,5,2.0,7,2120,0,2120,1860,5840,8000,0,0,1979,0
0,325000,2.75,4,4,2.0,8,2110,0,2110,2100,6838,7280,0,0,1991,0
0,334950,2.5,4,3,2.0,8,2410,0,2410,2380,7846,7914,0,0,1992,0
0,600000,2.5,4,4,1.0,8,1600,770,2370,2050,9135,9468,0,0,1967,0
0,495000,2.5,3,3,2.0,8,2577,0,2577,2090,156816,156816,0,0,2000,0
0,507000,2.25,3,3,1.0,8,1450,360,1810,1740,8158,9532,0,0,1984,0
0,275900,1.75,3,3,1.0,7,1380,0,1380,1540,8400,8400,0,0,1967,0
0,1170000,2.5,4,3,2.0,9,2570,0,2570,2570,6251,9588,0,0,2000,0
0,275000,1.75,4,3,1.0,7,1690,0,1690,1350,6000,6000,0,0,1957,0
0,233000,2.0,4,4,1.0,7,1250,880,2130,1590,9579,9800,0,0,1968,0
0,317500,2.5,4,4,1.0,7,1360,790,2150,1620,9000,8400,0,0,1979,0
0,420000,2.0,4,4,1.0,8,1270,1010,2280,2280,10319,9767,3,0,1989,0
0,290000,2.0,4,5,2.0,6,1560,0,1560,1480,8800,10000,0,0,1942,1967
0,320000,2.0,3,5,1.0,6,940,940,1880,2060,10758,21000,0,0,1952,0
0,500000,1.75,3,3,1.0,8,1560,0,1560,2430,16194,16193,0,0,1961,0
0,213400,1.5,3,4,1.0,7,1150,0,1150,1760,8686,8798,0,0,1963,0
0,480000,1.75,4,3,1.0,7,1920,0,1920,1580,9380,8580,0,0,1964,0
0,275000,2.25,4,3,1.0,8,1460,1030,2490,2000,7233,8000,0,0,1978,0
0,1705000,3.0,5,3,1.0,9,2480,1810,4290,3550,17100,16988,3,0,1972,2007
0,300000,2.5,4,3,2.0,8,2070,0,2070,2430,7476,5500,0,0,2003,0
0,387500,2.5,4,3,2.0,8,3190,0,3190,2260,9856,7996,0,0,1979,0
0,560000,2.5,3,3,2.0,8,2070,0,2070,2620,12708,9617,0,0,1996,0
0,315000,2.5,3,3,2.0,8,1260,0,1260,1310,2767,2767,0,0,1999,0
0,751000,2.5,3,3,2.0,10,3380,0,3380,3630,9528,14089,0,0,1994,0
0,189000,2.0,2,5,1.0,5,850,850,1700,1380,3171,5906,0,0,1927,0
0,1017000,2.5,3,4,2.0,9,2090,515,2605,2605,2216,1979,2,0,1979,0
0,273000,2.25,3,3,2.0,8,1830,0,1830,2160,7651,8442,0,0,1986,0
0,950000,3.25,3,4,1.0,8,1650,1400,3050,1170,18892,70973,4,1,1962,0
0,277700,1.5,2,3,2.0,8,1200,40,1240,1410,1055,1340,0,0,1967,0
0,299900,2.25,3,3,2.0,7,2100,0,2100,1410,8163,7515,0,0,1984,0
0,235000,1.0,3,4,1.0,7,1250,0,1250,1720,15603,10220,0,0,1959,0
0,281000,1.75,3,4,1.0,7,1690,0,1690,1980,9826,9826,0,0,1988,0
0,282000,2.0,4,3,2.0,7,1890,0,1890,1690,6302,5369,0,0,1997,0
0,745000,1.75,4,4,1.0,8,1990,0,1990,2620,8900,8925,0,0,1972,0
0,245000,1.75,3,4,1.0,7,1480,0,1480,1830,3900,6956,0,0,1980,0
0,250000,1.75,3,4,1.0,7,1480,0,1480,1830,3900,6956,0,0,1980,0
0,470000,2.5,3,3,2.0,8,1770,350,2120,2480,2374,3043,0,0,2005,0
0,935000,2.5,5,3,1.0,10,1800,1350,3150,3280,35283,35283,0,0,1975,0
0,848000,3.5,3,3,2.0,10,3010,0,3010,2780,5717,5138,0,0,2000,0
0,630000,2.25,2,3,1.0,10,1720,830,2550,2560,5663,3828,0,0,2011,0
0,2750000,4.0,4,4,2.0,10,2860,1270,4130,2980,5575,5575,4,1,1993,0
0,514500,2.5,4,4,1.0,9,1740,1250,2990,3370,9614,12085,2,0,1976,0
0,647000,2.5,4,3,2.0,9,2390,0,2390,2590,5800,6507,0,0,2000,0
0,300000,2.0,3,4,1.0,8,1550,0,1550,1860,8300,8000,0,0,1965,0
0,390000,1.0,3,4,1.0,7,1040,0,1040,1450,8075,8075,0,0,1961,0
0,350000,2.25,3,4,2.0,8,1640,0,1640,1830,7200,8372,0,0,1985,0
0,561000,2.25,3,4,2.0,8,1640,0,1640,1830,7200,8372,0,0,1985,0
0,475000,1.75,3,3,1.0,7,1260,0,1260,1320,10065,10278,0,0,1954,2014
0,290000,1.75,3,4,1.0,7,1090,500,1590,1540,13500,10375,0,0,1980,0
0,199000,2.5,3,3,1.0,7,1330,420,1750,1670,6725,7744,0,0,1993,0
0,279900,2.5,4,3,2.0,7,1770,0,1770,1770,4338,6606,0,0,2001,0
0,615000,2.25,4,3,1.0,9,2360,0,2360,2650,15860,11798,0,0,1977,0
0,268000,1.75,3,3,1.0,8,1180,800,1980,2090,12543,8539,0,0,1978,0
0,1180000,2.25,5,5,2.0,9,2470,800,3270,3690,16553,17916,2,0,1968,0
0,195000,2.0,3,3,1.5,6,1230,0,1230,1080,8235,10281,0,0,1959,0
0,255000,1.75,5,5,1.0,7,1170,800,1970,1910,8925,8025,0,0,1977,0
0,339000,2.0,3,4,1.0,7,1329,650,1979,1650,8470,8591,2,0,1956,0
0,429900,1.5,4,4,1.0,8,1190,630,1820,1890,17918,15241,0,0,1962,0
0,457500,1.0,3,4,1.0,7,1210,0,1210,1530,7636,5900,0,0,1952,0
0,225000,1.0,2,5,1.0,7,1040,0,1040,1300,11500,11954,0,0,1947,0
0,580000,2.25,3,4,1.0,7,1220,450,1670,1710,7416,7416,0,0,1974,0
0,966000,4.5,5,3,2.0,10,3810,0,3810,3390,8019,7713,0,0,2008,0
0,240000,1.75,4,3,1.0,7,1010,1010,2020,2240,10332,8379,0,0,1954,0
0,319000,1.5,3,4,1.0,7,1110,900,2010,1900,10100,10100,0,0,1964,0
0,250000,1.0,1,2,1.0,6,680,120,800,1270,16306,8666,0,0,1931,0
0,815000,2.0,3,4,1.0,9,2270,0,2270,2880,11989,12439,0,0,1968,0
0,254500,2.75,4,3,2.0,8,1720,850,2570,2420,7264,7911,0,0,1998,0
0,210000,2.5,3,3,2.0,7,1610,0,1610,1680,6732,7414,0,0,1994,0
0,349950,2.5,3,3,2.0,7,2140,0,2140,1990,7715,7628,0,0,1991,0
0,420000,1.5,3,4,1.0,7,1030,750,1780,1780,5000,7500,4,0,1958,0
0,607000,1.0,3,4,1.0,7,1230,0,1230,2220,8114,8114,0,0,1951,0
0,650000,1.75,4,4,1.0,7,1180,720,1900,2060,10454,11325,0,0,1954,0
0,283000,1.0,3,4,1.0,6,890,0,890,1850,8400,5565,0,0,1954,0
0,560000,2.75,3,5,1.0,7,1140,480,1620,1900,7500,7500,0,0,1979,0
0,765000,2.5,4,3,2.0,10,3360,0,3360,2980,13636,10615,0,0,1987,0
0,610000,2.75,5,4,1.0,9,1520,1410,2930,3070,31411,12378,0,0,1975,0
0,589000,2.5,3,3,1.0,9,1710,1230,2940,2540,4799,4616,0,0,1996,0
0,192500,1.0,3,3,1.5,6,1080,0,1080,1800,8580,12672,0,0,1900,0
0,3200000,3.25,3,3,1.0,11,2760,1800,4560,4060,13363,13362,4,0,1995,0
0,264500,2.25,4,4,1.0,7,1200,860,2060,2110,11385,11385,0,0,1962,0
0,677500,1.75,3,3,1.0,8,2020,0,2020,2370,9718,8604,0,0,1956,0
0,312000,2.25,4,3,1.0,7,1430,500,1930,1714,7452,7200,0,0,1984,0
0,840000,1.75,5,4,1.0,9,1560,940,2500,3370,11617,11617,0,0,1966,0
0,357500,3.5,3,3,2.0,8,2080,0,2080,2080,5100,5100,0,0,2004,0
0,515000,2.75,3,4,2.0,10,3290,0,3290,2600,11441,12070,0,0,1988,0
0,290000,2.0,3,3,1.0,7,1310,0,1310,1100,6265,6360,0,0,1988,0
0,490000,2.5,4,3,1.0,8,1280,840,2120,2350,7820,8605,0,0,1975,0
0,810000,2.0,4,5,1.0,8,1520,1400,2920,2360,10424,10696,0,0,1964,0
0,299999,2.5,3,3,2.0,8,2380,0,2380,2830,9719,11505,0,0,2001,0
0,357000,2.0,3,3,1.0,7,2460,0,2460,2660,53882,32625,4,1,1955,0
0,360000,2.5,4,3,2.0,7,2020,0,2020,2090,7289,7259,0,0,1994,0
0,240000,1.75,3,3,1.0,6,1240,0,1240,1240,10956,8137,0,0,1987,0
0,194000,1.0,3,3,1.0,7,1400,0,1400,1160,7955,14959,0,0,1964,0
0,258950,1.75,3,3,1.0,8,1440,0,1440,1790,8050,7488,0,0,1985,0
0,335000,1.75,3,4,1.0,8,1500,510,2010,1200,9417,8250,0,0,1967,0
0,460000,2.5,5,5,1.0,8,1750,1640,3390,2360,9760,9600,0,0,1978,0
0,440000,2.25,4,3,1.0,8,1080,1080,2160,1850,8119,9000,0,0,1966,0
0,185000,1.5,3,4,2.0,6,1280,0,1280,1150,4031,4500,0,0,1985,0
0,286500,2.0,3,4,1.0,7,1040,800,1840,1600,8140,6720,0,0,1975,0
0,422000,2.5,4,3,2.0,7,3200,0,3200,2610,6691,6510,0,0,2002,0
0,408000,2.25,3,3,2.0,9,2800,0,2800,2800,35362,37058,0,0,1985,0
0,359900,2.5,4,3,2.0,8,2600,0,2600,2610,5188,5188,0,0,2005,0
0,1185000,2.75,4,3,2.0,9,3020,0,3020,3060,8622,14303,0,0,1976,2003
0,355000,1.75,3,3,2.0,7,1870,0,1870,1350,8250,8714,0,0,1956,1979
0,216000,1.75,3,4,1.0,7,1580,0,1580,1580,9705,9942,0,0,1977,0
0,1200000,3.5,4,3,2.0,11,4170,0,4170,4560,9748,10589,0,0,2004,0
0,1300000,2.5,5,4,2.0,11,4170,0,4170,4670,33310,37960,0,0,1991,0
0,705000,2.75,6,4,1.0,8,1430,1400,2830,2060,10579,10745,0,0,1967,0
0,311000,2.5,4,3,2.0,7,1975,0,1975,1975,8734,8538,0,0,1996,0
0,305000,2.5,4,2,1.0,7,1420,480,1900,1600,7000,7600,0,0,1968,0
0,395000,2.75,4,3,1.5,8,2640,0,2640,2520,35070,34986,0,0,1963,0
0,275000,1.5,4,3,1.0,6,1010,600,1610,1320,6923,7684,0,0,1969,0
0,595000,1.75,4,4,1.0,8,1680,830,2510,2510,8989,8931,0,0,1964,0
0,472000,1.5,3,4,1.0,7,1740,0,1740,1390,9038,9770,0,0,1955,0
0,425000,1.0,3,4,1.0,7,1320,0,1320,1510,7076,9000,0,0,1959,0
0,254000,2.0,3,4,1.0,7,1470,0,1470,1580,7694,7480,0,0,1992,0
0,178500,1.0,3,4,1.0,6,900,0,900,1460,10511,10643,0,0,1961,0
0,968000,2.75,6,5,1.0,9,2070,1540,3610,2890,17580,14060,4,0,1959,0
0,270000,1.75,3,4,1.0,7,1420,1420,2840,1650,9800,9590,0,0,1977,0
0,198000,1.5,3,3,1.0,7,820,610,1430,1430,7347,8723,0,0,1980,0
0,190000,2.5,2,3,2.0,7,1370,0,1370,1370,3438,2308,0,0,1987,0
0,629000,2.25,4,3,1.0,8,1280,620,1900,2330,11171,9934,0,0,1984,0
0,272000,0.75,1,3,1.0,7,580,460,1040,1560,6034,5650,1,0,1991,0
0,510000,2.0,3,5,1.0,7,1990,0,1990,2120,7405,6462,0,0,1971,0
0,790000,2.75,4,3,2.0,10,2640,0,2640,2980,9000,9137,0,0,1990,0
0,695000,1.75,5,5,2.0,8,1790,0,1790,1840,9335,9612,0,0,1952,0
0,300000,1.75,3,4,1.0,7,1130,600,1730,1950,6900,7200,0,0,1976,0
0,320000,1.5,4,4,1.0,7,1100,0,1100,1380,11824,11796,0,0,1954,0
0,342500,2.25,5,4,1.0,7,1050,1050,2100,2100,10726,10726,0,0,1963,0
0,1730000,3.5,5,3,2.0,10,3410,1590,5000,3360,26540,17398,3,0,2008,0
0,218000,1.0,3,3,1.0,7,980,0,980,1430,12812,8986,0,0,1956,0
0,840000,2.75,4,3,2.0,11,3040,0,3040,3830,13559,12202,0,0,2003,0
0,205000,1.75,4,4,1.5,7,1850,0,1850,1750,65340,40946,0,0,1972,0
0,205000,2.5,3,2,2.0,7,1600,0,1600,1410,7295,9000,0,0,1993,0
0,510000,2.5,4,3,2.0,7,3180,0,3180,2610,5405,5403,0,0,2001,0
0,400000,1.0,2,3,1.5,6,1140,0,1140,1580,101529,101529,0,0,1932,0
0,245000,2.0,3,4,1.0,8,1470,0,1470,1980,8000,8000,0,0,1974,0
0,191950,2.5,2,3,2.0,7,1390,0,1390,1390,1302,2052,0,0,1987,0
0,455000,2.5,4,3,2.0,8,2440,0,2440,2260,5001,5001,0,0,2005,0
0,250000,2.25,3,4,2.0,7,1640,0,1640,1230,4420,6632,0,0,1918,1983
0,294000,3.0,3,3,1.5,7,1140,530,1670,1010,4120,4120,0,0,1929,2012
0,219950,1.5,3,3,1.0,7,1200,0,1200,2120,8404,12000,0,0,1964,0
0,170000,1.0,3,3,1.0,7,1250,0,1250,1510,7015,11460,0,0,1958,0
0,489950,2.25,4,4,1.0,9,2640,0,2640,2780,31941,35365,0,0,1986,0
0,319950,2.5,3,3,2.0,7,1700,0,1700,1950,7000,7000,0,0,1996,0
0,648000,1.75,3,5,1.0,8,1610,0,1610,2270,10229,8800,0,0,1961,0
0,255000,2.5,3,3,2.0,8,1720,0,1720,1720,6194,6211,0,0,1998,0
0,622000,1.75,4,5,1.0,8,1510,1510,3020,2230,10714,14400,0,0,1958,0
0,215000,1.0,3,4,1.0,7,1180,0,1180,1290,9000,8316,0,0,1970,0
0,245000,2.25,3,3,1.0,7,930,420,1350,1460,6775,7210,0,0,1981,0
0,400000,2.5,6,4,1.0,8,1530,1530,3060,2690,17112,16038,0,0,1967,0
0,126000,1.0,1,3,1.0,5,610,0,610,1090,4400,4930,0,0,1922,0
0,850000,1.0,4,3,1.5,7,2500,0,2500,2880,35802,40510,0,0,1955,0
0,299950,2.5,3,3,2.0,7,1780,0,1780,3050,4650,3848,0,0,2011,0
0,447000,2.25,3,3,2.0,7,1520,0,1520,1530,14080,9758,0,0,1984,0
0,206000,1.0,3,4,1.0,7,1320,0,1320,1320,9239,8415,0,0,1968,0
0,302500,2.5,4,3,2.0,8,1990,0,1990,1850,5511,6031,0,0,1994,0
0,1250000,4.25,4,3,2.0,9,3080,1900,4980,2840,13000,11308,3,0,1982,0
0,250000,2.0,3,3,2.0,7,1440,0,1440,1480,5457,6286,0,0,1986,0
0,435000,2.5,4,3,2.0,7,2440,0,2440,2440,5350,5090,0,0,2003,0
0,160000,2.25,4,3,1.0,7,1440,360,1800,2400,14722,10000,0,0,1962,0
0,206000,1.0,2,5,1.0,6,810,0,810,1090,7158,7158,0,0,1944,0
0,350000,1.5,3,5,1.0,7,1550,0,1550,1550,40752,8000,0,0,1954,0
0,419000,3.0,5,3,2.0,7,2190,0,2190,1440,9652,6710,0,0,1999,0
0,232000,1.5,3,3,1.0,7,1460,0,1460,1510,15000,15000,0,0,1966,0
0,168000,1.5,3,4,1.0,6,1370,0,1370,2350,7439,3370,0,0,1963,0
0,238000,1.5,3,4,1.0,6,1370,0,1370,2350,7439,3370,0,0,1963,0
0,260000,2.5,3,3,2.0,8,1500,0,1500,1720,7401,7171,0,0,1998,0
0,265000,1.75,3,4,1.0,7,1450,0,1450,1520,5858,6573,0,0,1991,0
0,232000,2.0,4,5,1.0,5,1440,0,1440,1500,5911,11089,0,0,1943,0
0,957000,2.25,4,4,1.0,8,1430,1430,2860,2190,11545,11396,0,0,1966,0
0,218000,1.5,3,5,1.0,6,1140,0,1140,980,4875,5070,0,0,1970,0
1,205000,1.5,3,3,1.0,7,1120,0,1120,1260,8366,9000,0,0,1968,0
0,256000,2.5,4,3,2.0,7,2050,0,2050,2030,5787,6615,0,0,2002,0
1,530000,2.25,5,3,1.0,7,1070,1070,2140,1680,7910,8700,0,0,1962,0
0,365000,2.5,4,5,1.0,7,1080,720,1800,1870,5070,5365,0,0,1979,0
0,312000,2.5,4,4,1.0,7,1290,500,1790,1730,10584,9120,0,0,1981,0
0,510000,2.0,3,4,1.0,8,1410,0,1410,2690,11995,12650,0,0,1965,0
0,512000,2.5,4,3,2.0,9,2550,0,2550,2840,17209,12560,0,0,1996,0
0,362000,2.5,5,3,2.0,8,2880,0,2880,1960,8216,7200,0,0,2001,0
0,375000,1.0,3,4,1.0,7,1040,0,1040,1280,9800,8880,0,0,1955,0
0,364900,2.5,4,3,2.0,9,2490,0,2490,2650,9346,9454,2,0,1996,0
0,250000,2.25,3,3,1.0,7,1620,0,1620,1910,10850,10568,0,0,1966,0
0,206990,1.0,3,5,1.0,6,1330,0,1330,1300,9620,10360,0,0,1976,0
0,319950,2.5,3,3,2.0,8,2240,0,2240,2190,7500,7506,0,0,1985,0
0,205000,2.0,3,3,1.0,8,1800,0,1800,2220,11419,11406,0,0,1989,0
0,335000,2.5,4,3,2.0,7,1980,0,1980,1980,4745,4878,0,0,2004,0
0,330000,2.25,4,4,1.0,7,1170,620,1790,1990,9920,9648,0,0,1969,0
0,1785000,3.5,4,3,1.0,12,2910,2580,5490,4290,14300,13822,4,0,1996,0
0,399000,2.0,3,3,1.0,7,1140,800,1940,1940,16300,11250,0,0,1978,0
0,249900,2.0,3,3,1.0,7,1220,0,1220,1570,6404,7000,0,0,1994,0
0,319000,2.5,4,3,2.0,8,1930,0,1930,2280,8336,7959,0,0,1995,0
0,1600000,3.25,5,3,2.0,12,4320,0,4320,4410,32840,33210,0,0,1990,0
0,305495,1.75,3,4,2.0,7,2110,0,2110,1800,10200,10200,0,0,1966,0
0,199950,2.5,5,4,1.0,7,1740,0,1740,1740,8750,8750,0,0,1959,0
0,1620000,3.25,4,3,2.0,10,3820,0,3820,2440,8114,9195,0,0,2005,0
0,255000,2.25,4,3,2.0,8,1680,0,1680,1678,3179,3590,0,0,2002,0
0,289000,2.25,4,4,1.0,8,1930,0,1930,1930,8925,8400,0,0,1974,0
0,494500,3.0,4,3,2.0,8,2470,1290,3760,1960,8804,7225,0,0,2002,0
0,746000,2.25,3,4,1.0,8,1650,720,2370,1960,9619,9712,0,0,1973,0
0,385000,3.0,4,4,2.0,8,2120,0,2120,2180,13000,11440,0,0,1978,0
0,255000,2.25,3,4,1.0,7,1400,430,1830,1960,7770,7272,0,0,1977,0
0,349900,2.75,4,4,2.0,8,2530,0,2530,2490,13474,13140,0,0,1994,0
0,220000,1.0,3,3,1.0,7,1130,0,1130,1460,12519,12507,0,0,1958,0
0,290000,1.0,2,3,1.0,6,960,0,960,1210,4000,4000,0,0,1918,0
0,332500,2.25,3,3,2.0,7,1800,0,1800,1870,10500,8555,0,0,1995,0
0,289900,1.75,3,5,1.0,7,1220,0,1220,1640,7004,7210,0,0,1966,0
0,367999,2.75,4,4,1.5,8,3430,0,3430,2090,8000,8000,0,0,1972,0
0,380000,2.5,4,3,2.0,7,2320,0,2320,2010,10079,7438,0,0,1994,0
0,975000,4.0,5,3,2.0,10,4850,0,4850,3850,36450,35325,0,0,1977,0
0,215000,2.0,2,3,2.0,6,1180,0,1180,1310,2521,3003,0,0,2005,0
0,254000,1.0,2,3,1.0,6,910,0,910,1460,6000,5800,0,0,1943,0
0,335500,3.0,5,4,1.0,8,1700,540,2240,2280,19090,20000,0,0,1968,0
0,294400,2.5,4,4,2.0,7,1788,0,1788,1700,10183,6600,0,0,1990,0
1,541900,2.5,3,3,2.0,8,1880,0,1880,1840,3054,3815,0,0,1988,0
0,255000,2.5,3,3,2.0,7,1610,0,1610,1680,6176,7414,0,0,1994,0
0,354000,2.5,4,3,2.0,8,2580,0,2580,2900,5476,5476,0,0,2005,0
0,810000,2.75,5,5,1.0,9,2299,1548,3847,2690,17654,15344,2,0,1975,0
0,400000,2.5,4,3,1.5,9,2300,1330,3630,2830,42884,80148,0,0,1979,0
0,879900,2.75,4,3,1.0,10,1840,1740,3580,2910,12000,12428,0,0,1979,0
0,1288000,4.0,5,4,2.0,10,2780,1270,4050,3120,11358,13555,0,0,1980,0
0,902500,3.5,3,3,2.0,10,2130,1110,3240,3180,23522,23273,0,0,1992,0
0,419500,2.5,4,3,2.0,7,2550,0,2550,2560,7200,5715,2,0,2003,0
0,429950,2.5,4,3,2.0,8,2320,0,2320,2330,4524,4524,0,0,2004,0
0,466800,2.5,3,3,2.0,7,1480,0,1480,1660,14250,14250,0,0,1996,0
0,674000,2.5,4,5,1.0,7,1740,1070,2810,1970,11560,11560,0,0,1962,0
0,674950,2.75,3,3,2.0,10,3510,0,3510,2970,92347,37070,0,0,1990,0
0,498500,2.75,5,3,2.0,8,2990,0,2990,2290,7420,7678,0,0,1996,0
0,271920,2.0,3,3,1.0,7,1410,0,1410,2090,10248,9414,0,0,1985,0
0,260250,1.75,3,4,1.0,7,1490,0,1490,1490,8357,7376,0,0,1993,0
0,229000,2.25,4,3,1.0,8,1170,840,2010,1990,7688,7688,0,0,1979,0
1,250000,2.0,3,4,2.0,7,1680,0,1680,1250,7900,15600,0,0,1953,0
0,1030000,2.75,5,3,1.0,9,1690,1500,3190,3100,16920,13100,3,0,1976,0
0,600000,3.25,4,3,2.0,10,3680,1010,4690,2910,14930,13320,2,0,1995,0
0,1150000,3.0,4,3,2.0,11,3040,1120,4160,3780,13170,13148,0,0,2001,0
0,2575000,3.0,5,4,1.0,10,3660,1120,4780,4660,20440,20440,0,0,1975,0
0,940000,2.5,4,3,1.0,10,3160,0,3160,3900,39960,36444,0,0,1980,0
0,185000,1.75,5,3,1.0,7,1990,0,1990,2240,27810,20000,0,0,1955,0
0,315000,2.5,4,3,2.0,7,1970,0,1970,1840,5190,5564,0,0,2002,0
0,286300,2.75,3,3,1.0,8,1260,740,2000,2130,6405,6510,0,0,1964,0
0,625000,2.5,4,3,2.0,9,3190,0,3190,2810,27806,28619,0,0,1997,0
0,239950,1.75,3,3,1.0,7,1170,500,1670,1740,6900,7000,0,0,1978,0
0,249000,1.0,3,4,1.0,6,1090,0,1090,1910,10296,10296,0,0,1950,0
0,395000,3.0,4,3,2.0,9,2500,0,2500,2700,6278,7200,0,0,2002,0
0,839900,2.5,4,3,2.0,9,3420,0,3420,3080,7462,8031,0,0,2002,0
0,760000,2.5,4,3,2.0,8,2850,0,2850,1720,11000,11000,0,0,1998,0
0,501000,1.75,2,3,1.0,8,1170,640,1810,2090,7523,7523,0,0,1962,1980
0,685650,1.75,3,5,1.0,8,1490,0,1490,2070,16200,16200,0,0,1958,0
0,275000,1.5,3,4,1.0,7,1030,0,1030,1330,7184,7262,0,0,1968,0
0,319950,1.75,4,4,1.0,7,1650,660,2310,1790,8045,8086,0,0,1976,0
0,365000,2.5,3,4,2.0,8,2470,0,2470,2400,7700,7700,0,0,1990,0
0,681500,2.75,5,3,1.0,8,1630,1630,3260,2860,11700,11700,0,0,1964,0
0,185000,1.75,3,3,1.0,7,1500,0,1500,1490,7800,7800,0,0,1968,0
0,445000,1.75,4,5,1.0,6,1250,0,1250,990,7400,7600,0,0,1959,0
0,1400000,3.0,5,4,1.0,9,2290,1560,3850,3010,14990,15001,0,0,1964,0
0,225000,1.5,4,3,1.5,6,1950,0,1950,1950,12559,9178,0,0,1939,0
0,250000,1.75,3,4,1.0,7,1140,0,1140,1280,10400,9800,0,0,1983,0
0,263000,2.25,3,4,2.0,7,1590,0,1590,1590,7748,7606,0,0,1991,0
0,185000,1.0,3,4,1.5,7,1240,0,1240,1170,9198,8970,0,0,1959,0
0,920000,2.5,4,3,2.0,10,3470,0,3470,4370,10045,12359,0,0,1993,0
0,936000,3.75,7,3,2.0,10,3640,1460,5100,3350,21802,10005,0,0,2001,0
0,1500000,1.75,3,4,1.0,8,1340,1090,2430,2930,12757,12450,2,0,1952,0
0,247000,2.5,3,3,1.0,7,1150,360,1510,1810,10875,9916,0,0,1990,0
0,257000,1.5,4,3,2.0,7,1400,0,1400,1580,8500,7650,0,0,1975,0
0,312500,0.5,4,3,2.0,8,2300,0,2300,1820,5570,6371,0,0,1996,0
0,1060000,2.75,3,4,1.5,10,2700,0,2700,3390,22343,15682,1,0,1977,0
0,350500,2.5,2,3,1.0,7,1770,0,1770,1770,4950,4500,0,0,2003,0
0,215000,2.0,3,3,1.0,7,1290,0,1290,1650,9312,7300,0,0,1947,0
0,270000,2.25,3,4,1.0,7,1130,290,1420,1460,7800,7800,0,0,1985,0
0,585000,2.0,5,3,1.0,8,1280,1280,2560,2200,14467,10267,0,0,1960,0
0,401000,1.5,2,4,2.0,7,1260,0,1260,1260,2625,2625,0,0,1983,0
0,655000,2.25,4,4,1.0,8,1890,530,2420,1740,7725,7944,0,0,1972,0
0,617000,2.5,3,3,2.0,8,1910,0,1910,1530,4488,3696,0,0,1998,0
0,140000,1.0,3,4,1.0,7,1090,0,1090,1380,10114,7800,0,0,1955,0
0,661000,1.75,4,5,1.0,8,1670,0,1670,2360,13125,12500,0,0,1973,0
0,697000,1.75,4,5,1.0,8,1670,0,1670,2360,13125,12500,0,0,1973,0
0,1195000,2.75,5,5,2.0,9,2750,900,3650,2900,13297,11568,0,0,1969,0
0,450000,2.25,3,4,1.0,8,1180,560,1740,1880,9488,8615,0,0,1977,0
0,699000,2.0,3,3,2.0,9,2010,0,2010,1640,4320,5225,2,0,1999,0
0,725000,2.5,4,3,2.0,9,3270,0,3270,2740,6055,7367,0,0,2007,0
0,216300,2.5,3,3,2.0,8,1650,0,1650,1720,5000,5000,0,0,1985,0
0,410000,2.75,4,4,1.0,7,1260,960,2220,1580,8450,8450,0,0,1983,0
0,210000,2.25,4,3,2.0,7,1500,0,1500,1700,5393,5917,0,0,1999,0
0,249500,1.5,4,4,1.0,7,1170,950,2120,1790,8554,8554,0,0,1977,0
0,325000,2.5,4,4,2.0,8,2240,0,2240,1920,5105,5288,0,0,2002,0
0,257000,1.75,3,4,1.0,7,1070,470,1540,1240,8223,8113,0,0,1987,0
0,630000,2.5,4,3,2.0,8,3220,0,3220,2550,14463,12109,0,0,1978,0
0,320000,1.5,4,5,1.0,7,1010,1010,2020,1720,8474,8166,0,0,1962,0
0,1110000,2.5,4,5,1.0,8,2100,890,2990,2270,8640,8800,0,0,1959,0
0,1595000,3.0,5,3,2.0,10,2540,1100,3640,3330,8239,10643,3,0,1982,0
0,315000,2.5,3,3,2.0,8,2240,0,2240,2240,6097,5574,0,0,2002,0
0,279900,1.75,3,3,1.0,7,1580,0,1580,1580,6620,8137,0,0,1988,0
0,599000,2.25,4,4,2.0,8,1400,860,2260,2770,29930,29930,0,0,1977,0
0,585000,1.75,2,4,1.0,7,1070,760,1830,1570,7200,6000,2,0,1949,0
0,400000,2.0,6,4,2.0,8,2320,0,2320,2540,210830,217800,0,0,1962,0
0,555000,2.25,4,4,1.0,8,1430,920,2350,2640,8140,8700,0,0,1977,0
0,479000,2.5,4,3,2.0,8,2370,0,2370,2870,30378,34834,0,0,1996,0
0,247000,2.0,5,5,1.0,7,1060,530,1590,1460,9350,8210,0,0,1962,0
0,219950,1.5,3,3,1.0,7,1090,560,1650,1560,9936,9890,0,0,1967,0
0,375000,1.5,3,3,1.0,6,1110,0,1110,1670,5500,6600,0,0,1940,1997
0,815000,1.75,4,5,1.0,9,1560,1410,2970,3310,14880,13388,4,0,1962,0
0,744000,2.5,4,3,2.0,8,2200,940,3140,2860,7260,8186,0,0,2004,0
0,460000,2.25,4,4,2.0,9,2690,0,2690,2570,36114,35091,0,0,1986,0
0,195000,1.0,3,4,1.0,6,1300,0,1300,1150,9600,10222,0,0,1975,0
0,1110000,1.5,4,3,1.0,7,1890,420,2310,2840,13300,12744,0,0,1950,0
0,367400,1.5,4,3,1.0,7,1280,0,1280,1310,7400,7400,0,0,1958,0
0,667000,2.25,5,4,1.0,8,1870,690,2560,2070,10360,7875,0,0,1966,0
0,200000,1.0,2,4,1.0,6,920,0,920,1210,5250,5250,0,0,1906,0
0,452000,2.0,3,4,1.0,6,1270,1000,2270,2210,148975,17388,0,0,1900,1980
0,601500,1.75,3,3,1.0,8,1460,0,1460,2240,10128,10154,0,0,1968,2000
0,340000,2.5,4,3,2.0,9,2810,0,2810,2660,6481,6958,0,0,1998,0
0,310000,2.5,3,3,2.0,8,2370,0,2370,1870,6752,7455,0,0,1994,0
0,290000,1.75,2,3,1.0,8,1700,0,1700,1700,18000,8225,0,0,1972,0
0,200000,1.0,2,5,1.0,6,860,0,860,1030,6600,6732,0,0,1949,0
0,479900,2.0,3,3,1.0,9,1980,0,1980,2200,12150,12150,0,0,1994,0
0,400000,2.5,3,3,2.0,9,2080,0,2080,2550,7877,7660,0,0,1987,0
0,219950,1.0,3,4,1.0,7,1060,0,1060,1130,10042,10925,0,0,1957,0
0,626000,1.75,4,4,1.0,7,1350,0,1350,1890,9293,9293,0,0,1954,0
0,289000,2.5,3,3,2.0,8,2090,0,2090,2740,4700,5040,0,0,2002,0
0,240000,2.0,3,4,1.0,7,1300,0,1300,1630,5000,7500,0,0,1983,0
0,382500,2.5,4,3,2.0,8,2210,0,2210,1970,7079,7000,0,0,1993,0
0,511555,2.0,3,4,1.0,7,1400,0,1400,1600,7293,7960,0,0,1963,0
0,2135000,3.25,4,4,1.0,10,2630,1230,3860,4590,17820,23760,4,0,1975,0
0,225000,1.0,3,3,1.0,6,1040,0,1040,1100,6535,6535,0,0,1947,0
0,242000,1.75,3,4,1.0,7,1300,0,1300,1400,9856,9600,0,0,1962,0
0,749000,2.5,3,3,2.0,9,2670,0,2670,2670,10338,8866,0,0,1987,0
0,260000,2.5,3,3,2.0,7,1520,0,1520,1670,6298,7207,0,0,1986,0
0,335000,2.25,4,4,1.0,7,1050,1050,2100,1760,7305,7308,0,0,1963,0
0,115000,2.0,1,4,1.0,7,1150,0,1150,1200,9812,9812,0,0,1962,0
0,227000,2.0,1,4,1.0,7,1150,0,1150,1200,9812,9812,0,0,1962,0
0,1190000,2.5,4,4,1.5,11,3480,0,3480,3960,12164,16855,0,0,1984,0
0,375000,2.5,4,3,2.0,9,2800,0,2800,2960,5000,5092,0,0,2006,0
0,902000,2.75,3,3,1.0,8,1620,1620,3240,2700,7200,7200,2,0,1960,0
0,269500,1.5,2,4,1.0,6,940,540,1480,1090,7276,6710,0,0,1978,0
0,1450000,3.5,4,3,2.0,10,2880,840,3720,2080,8301,9676,0,0,2008,0
0,615000,2.5,3,3,2.0,8,1910,0,1910,2240,3427,3720,0,0,2001,0
0,250000,2.0,4,4,1.5,7,2120,0,2120,1720,8701,8527,0,0,1960,0
0,265500,1.0,3,3,1.0,7,1860,0,1860,1740,9225,12204,0,0,1957,0
0,310000,2.25,4,3,2.0,8,2192,0,2192,1914,12128,4649,0,0,2006,0
0,324500,2.5,3,3,2.0,7,1590,0,1590,2160,4108,3912,0,0,2003,0
0,525000,2.5,4,3,2.0,10,3670,0,3670,3300,9958,10679,0,0,2005,0
0,549000,2.25,4,4,1.0,8,1350,1070,2420,2160,59800,17598,0,0,1985,0
0,197400,2.0,3,4,1.0,7,1110,500,1610,1920,7575,8400,0,0,1965,0
0,267000,2.5,3,4,2.0,8,1760,0,1760,1890,6477,6800,0,0,1986,0
0,225000,1.0,3,3,1.0,7,980,430,1410,1510,7700,7700,0,0,1962,0
0,640000,2.25,3,3,1.0,8,1980,0,1980,2800,10115,10143,0,0,1959,0
0,710000,3.5,3,3,2.0,7,1990,450,2440,2440,3427,2601,0,0,2000,0
0,128750,1.0,3,3,1.0,5,880,0,880,880,7004,7828,0,0,1950,0
0,465000,2.25,3,3,1.0,7,1240,680,1920,1920,7300,7700,0,0,1961,0
0,994000,2.5,4,4,2.0,10,3470,0,3470,3360,20445,21950,0,0,1963,0
0,359950,2.0,3,4,1.0,8,1790,0,1790,2330,7212,7212,0,0,1998,0
0,495000,2.5,4,3,2.0,8,2460,0,2460,2510,4774,4399,0,0,2006,0
0,255000,1.5,3,3,1.0,7,1060,0,1060,1410,9039,9515,0,0,1973,2013
0,450000,1.75,3,4,1.0,8,1480,0,1480,1920,8394,9184,0,0,1971,0
0,485000,2.75,4,4,1.0,9,2120,790,2910,2850,16362,14904,2,0,1969,0
0,513000,2.0,5,3,1.0,7,1150,1120,2270,1950,8652,8050,0,0,1965,0
0,650000,1.0,3,4,1.0,6,1520,0,1520,2710,10227,10912,0,0,1951,0
0,1199500,2.5,4,4,2.0,9,3240,0,3240,2920,13044,13044,0,0,1984,0
0,1959000,4.5,5,4,3.0,11,5050,1150,6200,3700,23373,14486,1,0,1988,0
0,815000,1.5,3,3,1.0,7,1370,0,1370,1580,8671,8671,0,0,1955,0
0,1650000,2.25,4,4,1.0,11,2920,0,2920,3080,20400,20400,0,0,1966,0
0,156601,1.75,2,3,1.0,7,1210,0,1210,1650,9750,9750,0,0,1984,0
0,374950,2.5,4,3,2.0,8,2790,0,2790,2850,4650,4650,0,0,2004,0
0,198000,1.75,3,3,1.0,7,1300,0,1300,1150,6318,8002,0,0,1980,0
0,1712750,2.5,5,5,1.0,9,1960,700,2660,3960,6572,14595,0,0,1959,0
0,185900,1.0,3,4,1.0,5,940,0,940,1370,10890,10255,0,0,1909,0
0,950000,2.75,3,5,1.0,9,1810,940,2750,2850,18029,10021,2,0,1978,0
0,995000,4.5,4,3,2.0,10,3000,850,3850,3480,13551,10737,2,0,1998,0
0,741000,2.75,4,3,1.0,7,1390,680,2070,1850,10125,10125,0,0,1962,0
0,280000,2.0,4,5,1.0,8,1030,680,1710,1620,5440,6696,0,0,1976,0
0,583000,1.5,3,3,1.0,7,1800,0,1800,1610,10050,10050,0,0,1955,0
0,349950,2.5,3,3,2.0,8,1700,0,1700,2280,7496,7496,0,0,1994,0
0,270000,2.5,5,4,1.0,7,1330,810,2140,2050,10320,8964,0,0,1967,0
0,215000,1.5,5,3,1.5,7,1980,0,1980,1510,7958,8438,0,0,1962,0
0,870000,3.0,4,3,2.0,9,3040,1460,4500,3540,21780,20473,2,0,1980,0
0,440000,2.5,4,3,2.0,8,2610,610,3220,2500,8256,9472,0,0,2006,0
0,259500,2.25,3,3,2.0,7,1490,0,1490,1510,7589,6603,0,0,1993,0
0,290000,1.0,3,4,1.0,7,960,0,960,1520,9000,9000,0,0,1955,0
0,385000,3.0,4,3,2.0,7,2253,0,2253,1786,7700,9052,0,0,1957,2014
0,330000,2.5,2,3,2.0,8,1310,0,1310,1310,2915,3425,0,0,1999,0
0,595000,2.5,4,3,2.0,8,1820,0,1820,2710,20011,33915,0,0,1987,0
0,925900,3.75,4,3,2.0,10,3980,0,3980,3980,7828,8910,0,0,2001,0
0,325000,2.5,4,3,2.0,8,1830,0,1830,2109,7762,8966,0,0,1993,0
0,895000,2.5,5,4,1.0,9,1610,940,2550,2510,20875,21673,0,0,1953,0
0,162248,1.0,2,4,1.0,6,800,0,800,850,8960,8082,0,0,1944,0
0,190000,1.0,3,4,1.0,6,1200,0,1200,1250,8316,8316,0,0,1953,0
0,353000,2.5,4,3,2.0,7,1830,0,1830,1830,5331,5175,0,0,2002,0
0,390000,2.0,3,3,1.0,8,1010,0,1010,1750,14183,11700,0,0,1982,0
0,400000,2.5,3,3,2.0,7,2120,0,2120,2230,3757,4103,0,0,2006,0
0,1650000,2.5,4,5,1.0,8,1730,1050,2780,3590,11904,13860,1,0,1951,0
0,305000,1.75,4,4,1.0,8,1390,861,2251,2520,12731,12539,1,0,1957,0
0,468000,1.75,2,3,1.0,8,1510,0,1510,1740,4500,6000,0,0,1978,0
0,324950,2.5,4,3,2.0,7,1770,0,1770,2080,5000,5100,0,0,2004,0
0,290000,2.0,3,3,1.0,7,1260,0,1260,1460,7346,7363,0,0,1987,0
0,1115000,2.5,4,4,1.0,10,2390,790,3180,3180,31931,35007,0,0,1978,0
0,1550000,4.0,4,3,2.0,11,3220,2060,5280,3470,17677,17474,3,0,1978,0
0,604000,2.5,3,3,2.0,10,3240,0,3240,4050,33151,24967,2,0,1995,0
0,380000,2.5,3,4,2.0,8,2390,0,2390,2310,8102,8606,0,0,1986,0
0,336500,2.5,4,3,2.0,7,2500,0,2500,1960,5264,5250,0,0,2003,0
0,4208000,6.0,5,3,2.0,12,5550,1890,7440,4740,21540,19329,0,0,2003,0
0,670000,1.0,3,3,1.0,7,990,610,1600,2600,16868,12735,1,0,1946,0
1,172000,1.0,3,3,1.0,7,1340,0,1340,1250,10260,8775,0,0,1968,0
0,549900,3.0,4,4,2.0,8,2830,0,2830,2250,213879,213008,0,0,1987,0
0,357000,2.75,4,4,1.0,9,2700,0,2700,2728,49428,85905,0,0,1988,0
0,207000,1.75,3,4,1.0,6,1180,0,1180,1490,21275,35100,0,0,1958,0
0,164000,1.0,3,3,1.0,7,1070,0,1070,1190,8250,8250,0,0,1961,0
0,599990,2.25,3,3,1.0,8,1570,1110,2680,2480,9162,8261,0,0,1978,0
0,385000,2.5,4,3,1.0,7,1150,800,1950,2050,7350,9068,0,0,1963,0
0,347000,1.5,4,3,2.0,8,2670,0,2670,2420,10026,11900,0,0,1996,0
0,615000,2.25,4,3,2.0,8,1780,0,1780,2360,10260,10080,0,0,1971,0
0,943500,2.25,3,4,2.0,7,2370,0,2370,2370,10890,9514,0,0,1980,0
0,547500,2.5,4,2,1.0,8,1610,1000,2610,2250,7254,7407,0,0,1975,0
0,359500,1.75,4,3,1.0,7,1450,580,2030,1750,7210,8387,0,0,1968,0
0,258000,1.75,3,3,1.0,7,1310,310,1620,1580,7540,7540,0,0,1988,0
0,355000,1.75,3,4,1.0,8,2040,0,2040,1950,22693,6280,0,0,1980,0
0,422500,1.0,3,5,1.0,7,1270,0,1270,1590,8920,8589,0,0,1969,0
0,239000,2.0,2,3,1.5,7,1470,0,1470,1470,2052,2052,0,0,1986,0
0,235000,1.5,4,4,1.0,7,1060,1010,2070,1450,7245,7350,0,0,1964,0
0,870000,2.25,5,4,2.0,9,2910,0,2910,2740,9525,9525,0,0,1968,0
0,190848,1.5,4,3,1.0,7,900,470,1370,1370,7904,7900,0,0,1970,0
0,680000,2.25,3,4,2.0,8,2300,0,2300,2240,9914,9032,0,0,1980,0
0,263000,1.5,3,3,1.0,7,1300,0,1300,1840,7885,7600,0,0,1968,0
0,317000,2.5,5,4,1.0,7,1180,1180,2360,1160,11375,7800,0,0,1962,0
0,899000,1.0,3,4,2.0,8,1480,0,1480,2660,6978,13062,0,0,1949,1985
0,230000,1.0,3,4,1.0,7,1020,340,1360,1480,9310,8330,0,0,1980,0
0,236000,2.75,4,3,2.0,7,2000,0,2000,1710,5827,6929,0,0,1997,0
0,560000,2.0,3,5,1.0,7,1170,1170,2340,2110,3477,6300,1,0,1971,0
0,225000,2.5,3,4,1.0,7,1180,570,1750,1570,7490,7490,0,0,1979,0
0,610000,1.75,4,3,2.0,8,1230,600,1830,3630,29110,16488,0,0,1990,0
0,750000,2.75,4,3,2.0,10,3170,0,3170,2940,7634,7846,0,0,1992,0
0,164000,1.0,4,3,2.0,7,1530,0,1530,1470,4875,4875,0,0,1977,0
0,344950,1.75,3,5,1.0,8,1320,550,1870,1870,7500,7275,0,0,1978,0
0,539500,2.5,3,3,2.0,10,3080,0,3080,3130,12476,13631,0,0,1990,0
0,305000,1.0,2,1,1.0,6,910,0,910,2000,22725,14566,0,0,1926,0
0,1068000,3.5,5,3,2.0,11,3990,0,3990,3490,9938,11734,0,0,2001,0
0,650000,2.5,4,3,2.0,8,2290,0,2290,2150,10186,10186,0,0,1985,0
0,287500,2.0,5,4,1.5,7,1620,400,2020,1270,67953,13198,0,0,1936,0
0,795000,2.5,2,3,2.0,10,2830,0,2830,3190,8630,7515,0,0,2001,0
0,222900,1.0,2,3,1.0,6,1110,0,1110,1150,6411,6504,0,0,1944,0
0,399950,3.0,4,3,1.0,8,1450,700,2150,2430,64694,59612,0,0,1969,0
0,728000,2.5,4,3,2.0,9,2650,0,2650,2650,13684,12032,0,0,1994,0
0,257000,1.0,3,5,1.5,7,1450,0,1450,1360,7850,10400,0,0,1910,0
0,314950,1.75,4,4,1.0,7,1290,600,1890,1510,9623,9711,0,0,1969,0
0,645000,2.5,4,3,2.0,8,2690,0,2690,2230,18653,9744,0,0,1985,0
0,222500,1.0,3,3,1.0,7,990,0,990,1360,10125,10125,0,0,1972,0
0,275000,1.75,3,4,1.0,7,1080,220,1300,1270,8099,8099,0,0,1976,0
0,498000,1.5,3,4,1.5,8,1720,0,1720,1360,6570,6000,0,0,1909,0
0,297000,2.5,3,3,2.0,8,1840,0,1840,1940,8234,7601,0,0,1994,0
0,625000,3.5,5,3,2.0,9,2560,1450,4010,2440,6000,6000,3,0,1997,0
0,234550,1.0,3,3,1.0,7,1140,850,1990,1160,15375,10236,0,0,1946,0
0,230500,2.25,3,3,1.0,7,1160,530,1690,1690,7245,6720,1,0,1973,0
0,377500,2.5,4,3,2.0,8,2640,0,2640,1680,10720,10018,0,0,1999,0
0,400000,2.25,5,4,1.0,7,1080,990,2070,1740,10488,9225,0,0,1958,0
0,366400,2.25,4,4,1.0,8,1270,770,2040,2030,14383,11500,0,0,1977,0
0,162000,2.25,3,3,1.0,7,1280,530,1810,1690,6750,7770,0,0,1978,0
0,450000,2.5,4,4,1.0,9,1820,1000,2820,2560,15233,11998,2,0,1972,0
0,311000,2.75,3,3,1.0,7,1000,400,1400,1400,7880,7279,0,0,1981,0
0,725000,3.75,5,3,2.0,8,2640,720,3360,1930,6000,6000,0,0,1963,1999
0,185000,1.0,3,4,1.0,6,1510,0,1510,1520,17040,14000,0,0,1975,0
0,1890000,4.25,4,3,2.0,10,4285,0,4285,1570,9345,8994,0,0,2013,0
0,260000,2.25,3,4,2.0,7,1610,0,1610,1530,7423,8102,0,0,1990,0
0,356000,2.5,4,3,2.0,8,2470,0,2470,2470,5074,5078,0,0,2004,0
0,225205,1.0,3,3,1.0,6,1200,0,1200,1200,7220,7200,0,0,1977,0
0,760250,2.75,5,4,1.0,7,1440,1100,2540,2540,8250,11000,0,0,1953,0
0,348450,2.5,4,3,2.0,8,1950,0,1950,2210,8628,9019,0,0,1994,0
0,745000,1.75,3,4,1.0,7,1140,350,1490,2310,9800,9800,0,0,1947,0
0,333000,2.5,4,3,2.0,8,2690,0,2690,2690,5505,5505,0,0,2004,0
0,282000,2.5,3,4,2.0,7,1610,0,1610,1570,6000,6000,0,0,1993,0
0,432000,1.75,3,4,1.0,7,1550,0,1550,1360,8134,8000,0,0,1959,0
0,209977,1.0,3,4,1.0,7,1170,0,1170,1440,6134,9823,0,0,1948,0
0,174000,1.0,2,3,1.0,6,900,0,900,1767,13531,8308,0,0,1979,0
0,242025,1.75,4,4,1.5,7,1400,0,1400,1910,54014,8523,0,0,1935,0
0,1030000,2.5,4,4,1.0,8,1770,850,2620,2360,11200,11200,0,0,1962,0
0,230000,1.0,3,3,1.0,7,880,0,880,880,7500,7500,0,0,1978,0
0,350000,2.5,4,3,1.0,8,1460,800,2260,2260,7500,7500,0,0,1965,0
0,339000,1.0,3,4,1.0,7,1080,0,1080,1080,8100,8100,0,0,1955,0
0,313000,1.75,3,4,1.0,8,2190,0,2190,1980,8000,8000,0,0,1967,0
0,618080,2.5,3,3,2.0,8,2030,0,2030,2030,6500,8485,0,0,1988,0
0,325000,2.25,3,3,2.0,8,2480,0,2480,2280,8755,9940,0,0,1979,0
0,445000,2.5,3,3,2.0,10,2790,0,2790,2890,16173,11632,0,0,1988,0
0,660000,2.5,4,3,1.0,8,1290,1260,2550,2270,10000,8640,0,0,1964,0
0,213800,1.0,2,4,1.0,5,740,0,740,750,5200,5200,0,0,1952,0
0,710000,1.75,3,5,1.0,8,1650,0,1650,2400,10250,10250,0,0,1963,0
0,515000,2.5,4,5,1.0,8,1500,780,2280,2690,14810,12196,0,0,1977,0
0,184000,1.0,3,3,1.0,7,970,0,970,1410,14850,14850,0,0,1968,0
0,309500,1.0,3,3,1.0,7,1250,0,1250,1770,7320,7320,0,0,1968,0
0,1960000,4.0,4,3,2.0,12,4430,0,4430,3900,31353,35237,0,0,1998,0
0,215000,1.0,2,3,1.0,6,710,0,710,960,7200,7200,0,0,1943,0
0,648000,2.25,5,4,2.0,8,2410,0,2410,2080,12000,12000,0,0,1973,0
0,640000,2.5,3,3,2.0,9,2370,0,2370,2550,11172,11558,0,0,1993,0
0,932808,4.5,5,3,2.0,10,3450,1240,4690,4070,6705,11505,0,0,1995,0
0,1075000,3.0,4,4,1.0,9,2100,1500,3600,2700,9200,9775,4,0,1976,0
0,205000,2.0,4,3,1.0,6,1100,1100,2200,1330,13320,6099,0,0,1944,0
0,360000,1.75,3,4,2.0,7,1560,0,1560,1720,7930,8073,0,0,1980,0
0,313999,2.25,4,3,2.0,7,1870,0,1870,1870,4198,4184,0,0,2008,0
0,300000,2.25,3,3,1.0,8,1690,380,2070,2070,7225,7400,0,0,1979,0
0,288000,1.0,3,4,1.0,7,1410,0,1410,1570,40500,40500,0,0,1961,0
0,227490,1.75,3,4,1.0,7,1820,0,1820,1420,7194,7560,0,0,1967,0
0,412000,2.5,3,4,2.0,8,2210,0,2210,2260,7000,7224,0,0,1985,0
0,190000,1.0,3,4,1.0,6,1200,0,1200,1160,10458,9000,0,0,1961,0
0,225000,1.0,3,4,1.0,7,970,320,1290,1300,8470,7350,0,0,1966,0
0,2000000,2.5,3,3,1.0,10,2290,1200,3490,1780,21064,15244,4,1,1968,0
0,740000,2.5,4,3,2.0,9,3360,0,3360,1930,15091,9936,0,0,1997,0
0,500000,2.5,4,4,1.0,8,1660,1240,2900,2250,5760,6098,0,0,1959,0
0,669888,2.75,4,3,2.0,9,2550,0,2550,2670,7591,7796,0,0,1989,0
0,405000,2.75,3,3,1.0,7,1310,0,1310,1310,7300,7030,0,0,1957,0
0,518000,1.5,3,4,1.0,7,1430,0,1430,1450,8000,8000,0,0,1956,0
0,280000,1.0,4,3,1.0,7,1120,760,1880,1880,6288,6334,0,0,1974,0
0,209900,2.0,2,3,2.0,6,1180,0,1180,1310,3003,3003,0,0,2005,0
0,442000,1.5,4,4,1.5,7,1960,0,1960,2050,12688,9375,0,0,1962,0
0,230000,1.75,3,4,1.0,7,1400,0,1400,1400,6956,9375,0,0,1957,0
0,900000,2.5,4,3,2.0,10,3510,0,3510,3320,6745,8370,0,0,1998,0
0,335000,2.0,3,4,1.0,7,1410,0,1410,2950,44866,29152,0,0,1985,0
0,800000,2.25,4,4,1.0,8,1010,1000,2010,2010,7200,7200,1,0,1950,0
0,475000,1.0,3,4,1.0,6,1270,0,1270,1210,8000,7875,0,0,1959,0
1,520000,2.0,3,4,1.0,7,1150,520,1670,2020,8800,8250,0,0,1961,0
0,269900,2.25,3,4,1.0,7,1110,630,1740,1640,9672,9600,0,0,1963,0
0,890000,2.0,4,4,1.5,6,1480,0,1480,2790,11171,20680,0,0,1947,0
0,361500,2.5,4,3,2.0,7,1980,0,1980,1850,7334,7134,0,0,2003,0
0,2535000,3.25,5,4,1.0,10,3730,0,3730,4180,10626,19110,4,0,1963,0
0,945000,2.0,4,3,1.0,7,1420,1420,2840,2840,13367,12744,0,0,1952,0
0,370000,2.5,3,3,2.0,9,2490,0,2490,2490,4244,4748,0,0,2005,0
0,158000,1.5,3,4,1.0,7,990,0,990,1360,8925,8625,0,0,1962,0
0,379950,1.75,4,5,1.0,7,1140,830,1970,1820,9389,8135,0,0,1960,0
0,150000,1.0,2,4,1.0,6,870,0,870,1020,5700,5700,0,0,1957,0
0,261500,2.5,3,3,2.0,7,1740,0,1740,1260,6992,6825,0,0,1990,0
0,278000,2.5,4,3,2.0,7,2290,0,2290,1480,3777,3608,0,0,2004,0
0,375000,1.5,4,3,1.0,7,1770,0,1770,1600,6650,7000,0,0,1958,0
0,227000,1.75,3,1,1.0,6,1380,1000,2380,1720,12681,6377,0,0,1918,0
0,562500,2.5,3,3,1.0,8,2030,0,2030,2040,7549,7130,0,0,1988,0
0,345000,2.5,4,3,2.0,7,2390,0,2390,2390,6976,6346,0,0,2003,0
0,627500,2.5,4,4,1.0,8,1640,900,2540,2820,11500,9800,0,0,1979,0
0,335000,2.25,3,3,2.0,7,1870,0,1870,1670,5876,6203,0,0,1986,0
0,252000,2.0,3,3,2.0,7,1420,0,1420,1790,6788,6607,0,0,1990,0
0,1295000,4.0,5,5,1.0,10,2220,2220,4440,2720,9270,9614,0,0,1968,0
0,498000,2.0,3,3,1.0,7,1180,440,1620,2120,8400,8424,0,0,1968,0
1,209950,1.5,3,4,1.0,7,2290,0,2290,1310,9600,9600,0,0,1967,0
1,610000,1.75,3,4,1.0,7,1110,0,1110,2050,10402,9660,0,0,1967,0
0,689000,2.5,4,5,1.0,8,1480,960,2440,2140,11700,10807,0,0,1961,0
0,470000,2.0,4,3,2.0,9,2410,0,2410,1910,4680,4611,0,0,1974,0
0,640000,3.0,3,3,2.0,9,2130,140,2270,2850,5175,5661,0,0,2002,0
0,258500,2.5,3,3,2.0,7,1800,0,1800,1670,9000,8486,0,0,1983,0
0,1100000,3.5,4,4,1.0,9,1550,660,2210,2370,7597,8811,0,0,1977,2006
0,252000,1.5,3,4,1.0,7,1400,0,1400,1480,6865,8125,0,0,1986,0
0,561500,2.25,4,3,1.0,8,1780,530,2310,2310,9800,9800,0,0,1968,0
0,245000,1.0,2,3,1.5,6,1020,0,1020,1480,15000,14519,0,0,1933,0
0,218000,1.5,2,3,2.0,7,2010,0,2010,1360,7755,8037,0,0,1952,0
0,600000,2.5,4,3,2.0,9,2600,0,2600,2640,6536,6185,0,0,1999,0
0,545000,2.25,4,3,1.0,8,1890,0,1890,1920,7210,7210,0,0,1967,0
0,2408000,2.5,5,3,1.5,9,3600,1000,4600,5500,23250,20066,2,0,1918,2003
0,455000,1.75,3,4,1.0,7,850,850,1700,1520,8360,8360,0,0,1955,0
0,313100,2.0,3,3,1.0,8,1730,0,1730,1980,12821,11336,0,0,1994,0
0,345500,2.5,4,3,2.0,8,2160,0,2160,1770,9682,9600,0,0,1999,0
0,243000,1.75,3,5,1.0,7,1200,0,1200,1270,8034,7600,0,0,1975,0
0,281000,1.0,2,3,1.0,7,1060,220,1280,1460,12500,17771,0,0,1951,0
0,340000,2.5,3,3,2.0,7,2170,0,2170,2020,9798,8121,0,0,1995,0
0,287000,1.0,3,4,1.0,7,1450,0,1450,1170,6000,6464,0,0,1953,0
0,375000,2.25,4,2,2.0,8,2020,0,2020,1800,12500,13175,0,0,1966,0
0,287000,2.25,4,3,1.0,7,1470,510,1980,1980,7081,7081,0,0,1977,0
0,320000,3.0,5,3,1.0,8,1810,1160,2970,2630,7000,8062,0,0,1979,0
0,135000,1.0,3,2,1.0,6,1120,400,1520,1320,8450,8450,0,0,1961,0
0,975000,2.5,5,4,1.0,9,1980,1040,3020,2890,9648,12598,2,0,1977,0
1,515000,1.75,3,4,1.0,7,1490,0,1490,1630,12000,12000,0,0,1956,0
0,344500,2.75,4,3,1.0,7,1050,750,1800,1820,5453,6900,0,0,2002,0
0,470000,1.5,3,3,1.0,7,1160,600,1760,2080,6723,8965,0,0,1958,0
0,606150,1.75,4,3,1.0,8,1370,400,1770,2040,9848,9587,0,0,1967,0
0,292000,2.75,4,3,1.0,7,1600,1310,2910,2220,7712,6649,0,0,1998,0
0,505000,2.5,4,3,2.0,7,3170,0,3170,3010,5340,5340,0,0,2000,0
0,544950,1.75,3,3,1.0,7,1830,0,1830,1600,7371,7700,0,0,1957,0
0,245000,2.0,4,3,1.0,7,1040,540,1580,1550,8000,8000,0,0,1967,0
0,610000,2.5,4,3,2.0,9,2410,0,2410,2360,15899,11412,3,0,1990,0
0,363500,1.75,4,5,1.0,7,1090,1090,2180,2020,9702,9792,0,0,1962,0
0,510000,2.75,3,4,1.0,8,1230,720,1950,1990,12630,12196,0,0,1969,0
0,290000,2.5,4,4,2.0,7,2050,0,2050,1780,9015,8820,0,0,1973,0
0,170000,1.0,3,2,1.0,6,790,0,790,960,6750,6298,0,0,1944,0
0,316000,2.5,4,3,2.0,8,2320,0,2320,2230,7379,7614,0,0,1987,0
0,199950,1.0,2,5,1.0,5,700,0,700,970,5200,5200,0,0,1952,0
0,207000,1.0,3,3,1.0,6,860,0,860,980,7740,7200,0,0,1960,0
0,449950,2.25,4,4,1.5,8,3490,0,3490,2320,8400,8723,0,0,1976,0
0,537000,1.75,3,5,1.0,7,1550,0,1550,1720,10050,10050,0,0,1957,0
0,838400,2.5,4,4,2.5,9,2620,0,2620,2580,9525,9525,0,0,1974,0
0,229950,1.75,3,4,1.0,7,1170,0,1170,1230,11960,9800,0,0,1969,0
0,149500,1.0,3,4,1.0,7,1010,0,1010,1240,9450,9450,0,0,1959,0
0,726000,2.5,3,4,1.0,8,1420,620,2040,2260,10033,10115,0,0,1974,0
0,317000,1.0,3,5,1.0,7,1270,0,1270,1270,8925,8996,0,0,1955,0
0,360000,3.0,4,3,2.0,8,2580,0,2580,2010,6740,6740,0,0,1999,0
0,320000,2.5,4,3,2.0,8,3490,0,3490,2910,5000,5025,0,0,2003,0
0,320000,1.75,3,3,1.5,7,1510,0,1510,1470,30185,12465,0,0,1976,0
0,268000,2.5,5,3,2.0,7,2400,0,2400,1880,4564,4109,0,0,2004,0
0,335000,2.25,4,3,2.0,8,2400,0,2400,2180,8592,8100,0,0,1978,0
0,787500,1.75,4,3,1.0,7,1080,500,1580,2010,9382,9382,0,0,1963,0
0,242500,1.75,3,3,2.0,7,1550,0,1550,1550,1905,1866,0,0,2005,0
0,235000,1.0,3,5,1.0,6,1270,0,1270,1650,7153,7153,0,0,1949,0
0,598780,2.25,4,4,1.0,7,1520,1520,3040,2560,12160,12090,0,0,1963,0
0,343000,1.0,2,5,1.0,6,700,410,1110,2830,9920,10091,0,0,1942,0
0,291970,1.0,1,3,1.0,5,680,0,680,1470,21727,19406,0,0,1952,1995
0,1749000,2.5,4,3,1.5,8,3910,0,3910,2920,22710,16544,0,0,1908,2003
0,870000,1.75,4,3,1.0,9,1560,1220,2780,2350,11000,11700,0,0,1964,0
0,323000,2.75,4,4,2.0,7,2000,0,2000,1690,9083,7735,0,0,1992,0
0,166000,1.0,1,3,1.0,7,1120,0,1120,1280,17332,17334,0,0,1988,0
0,165000,1.0,3,4,1.0,5,1150,0,1150,1290,19200,19200,0,0,1908,0
0,229000,1.0,2,3,1.0,6,830,360,1190,1140,7408,7408,0,0,1941,0
0,542000,2.5,3,3,1.0,8,1540,450,1990,2470,15985,10125,0,0,1964,0
0,305000,2.5,3,3,2.0,7,2030,0,2030,2290,8000,7945,0,0,1997,0
0,799950,3.5,4,3,2.0,10,4220,0,4220,2500,196817,195395,0,0,1993,0
0,860000,3.25,4,3,2.0,10,3830,0,3830,2555,10005,5204,0,0,2001,0
0,339950,2.5,3,3,1.0,8,1840,550,2390,2460,34041,35686,0,0,1984,0
0,249000,2.25,3,3,1.0,7,940,500,1440,1440,7673,8418,0,0,1982,0
0,725000,2.0,3,4,1.0,7,1550,0,1550,2900,12262,12372,0,0,1964,0
0,529000,2.5,5,4,1.0,8,1580,800,2380,1880,91476,12870,0,0,1976,0
0,310000,2.75,4,4,1.0,7,1310,750,2060,1540,8100,8100,0,0,1988,0
0,315000,2.25,4,3,2.0,8,1880,0,1880,1900,9163,7980,0,0,1981,0
0,435000,2.0,3,5,2.0,7,2360,0,2360,1650,12744,8625,0,0,1964,0
0,350000,1.75,3,4,1.0,7,1300,670,1970,1970,10800,8768,0,0,1979,0
0,240000,1.0,3,3,1.0,7,1040,0,1040,1780,7800,8400,0,0,1948,0
0,430000,2.75,4,3,2.0,7,2290,0,2290,2270,5249,4348,0,0,2003,0
0,215150,1.0,3,4,1.0,6,920,0,920,920,4770,4770,0,0,1969,0
0,319950,1.0,2,5,1.0,7,1070,0,1070,2090,5824,7980,2,0,1949,0
0,280000,2.5,3,3,2.0,8,1600,0,1600,1790,6700,7577,0,0,1991,0
0,132500,1.0,3,3,1.0,7,1080,0,1080,1200,10500,9607,0,0,1967,0
0,860000,2.25,5,4,1.0,8,1290,670,1960,1720,8592,8592,0,0,1958,0
0,3100000,4.25,6,4,3.0,12,5330,1650,6980,3930,15682,18367,4,0,1999,0
0,245000,1.0,4,3,1.5,7,1400,130,1530,1530,7200,7200,0,0,1948,0
0,255000,1.5,3,3,1.0,7,1320,0,1320,2000,7980,7700,0,0,1956,0
0,310000,3.0,4,3,2.0,7,2320,0,2320,2050,7200,10000,0,0,1976,0
0,299000,1.0,3,3,1.0,7,960,0,960,1080,8100,8100,0,0,1955,0
0,1610000,2.75,4,3,2.0,11,4270,0,4270,3860,25807,20723,0,0,1996,0
0,340000,2.5,3,3,2.0,8,2240,0,2240,2400,6000,6000,0,0,2003,0
0,582000,2.5,5,4,1.0,8,1590,1190,2780,2750,12335,9930,0,0,1968,0
0,209000,1.0,2,3,1.0,6,1070,0,1070,1130,6120,6120,0,0,1962,0
0,335000,3.0,5,4,1.5,7,1670,990,2660,1610,7700,7700,0,0,1962,0
0,663000,2.25,3,3,1.0,7,1580,1260,2840,2220,59677,31688,0,0,1967,0
0,443950,1.75,3,3,1.0,6,2000,0,2000,2100,36000,9681,0,0,1946,1995
0,302200,1.5,4,3,1.0,7,1730,0,1730,1510,10396,10396,0,0,1964,0
0,770000,2.5,3,4,2.0,9,2190,0,2190,2315,2658,2538,3,0,1979,0
0,374950,1.75,4,3,1.0,8,1660,0,1660,1800,8160,7684,0,0,1974,0
0,330000,2.5,3,3,2.0,9,2210,0,2210,2440,7557,8641,0,0,1989,0
0,326000,2.75,5,3,2.0,8,2166,0,2166,2474,6342,5948,0,0,2013,0
0,350000,2.25,3,3,1.5,7,2010,0,2010,1720,4400,4187,0,0,1986,0
0,936000,2.5,4,3,2.0,10,3330,0,3330,3150,8897,7515,0,0,2001,0
0,275000,1.75,3,4,1.0,8,1650,0,1650,2020,7700,7700,0,0,1977,0
0,290000,2.5,4,4,1.0,7,1200,800,2000,1800,13300,9810,0,0,1968,0
0,317000,2.0,3,3,1.0,7,1390,400,1790,1880,8228,8228,0,0,1980,0
0,430000,2.0,3,3,1.5,8,1910,0,1910,1980,5040,4275,0,0,1971,0
0,327200,2.0,2,4,1.0,6,1440,0,1440,1430,8425,12037,0,0,1942,1983
0,835000,3.0,3,4,2.0,8,1600,1190,2790,2990,12523,11476,4,1,1977,0
0,360000,2.5,4,3,2.0,8,2340,0,2340,2340,13445,11188,0,0,1990,0
0,372000,2.5,4,3,2.0,8,2070,0,2070,2010,8658,7215,0,0,1999,0
0,275000,1.75,2,5,1.0,7,1090,1000,2090,1940,11317,11317,0,0,1931,0
0,173000,2.0,4,5,1.0,7,1200,0,1200,1350,8460,8623,0,0,1957,0
0,206000,1.75,3,4,1.0,7,1140,0,1140,1370,9800,9800,0,0,1968,0
0,329950,2.25,4,3,2.0,8,2140,0,2140,2140,8874,8789,0,0,1986,0
0,160000,2.25,3,3,1.0,7,1160,310,1470,1670,8682,8359,0,0,1985,0
0,269000,2.25,3,3,1.0,7,1160,310,1470,1670,8682,8359,0,0,1985,0
0,169500,1.0,3,3,1.0,6,1060,0,1060,1060,10023,10023,0,0,1962,0
0,345000,2.75,4,3,2.0,8,2200,0,2200,2190,13498,11850,0,0,1987,0
0,383000,1.75,4,4,1.0,8,1290,1290,2580,1970,19607,9569,2,0,1958,0
0,250000,1.75,3,3,1.0,7,1350,0,1350,1660,8548,8538,0,0,1985,0
0,455500,1.75,3,4,1.0,9,1650,640,2290,2900,19000,13034,0,0,1973,0
0,672000,1.0,3,4,1.0,7,1220,0,1220,1390,8573,8573,0,0,1954,0
0,550000,1.5,4,2,1.0,7,1500,1250,2750,1470,128502,11514,0,0,1958,0
0,487000,1.75,3,3,1.0,7,1430,0,1430,1750,12632,10350,0,0,1959,0
0,291375,2.5,4,3,2.0,7,2220,0,2220,2220,6233,5352,0,0,2001,0
0,250000,2.5,3,4,2.0,8,2070,0,2070,2070,8400,9239,0,0,1990,0
0,248500,1.0,2,4,1.0,7,780,0,780,1090,10064,14750,0,0,1958,0
0,525000,1.5,3,4,1.0,8,1840,0,1840,1680,10956,10950,0,0,1970,0
0,485000,2.5,4,3,1.0,10,2130,1580,3710,3674,15935,17913,0,0,2005,0
0,310000,1.0,2,3,1.0,6,750,0,750,1030,5379,5511,0,0,1919,0
0,280000,2.0,5,3,1.0,7,1110,1000,2110,1590,7919,5250,0,0,1966,0
0,490000,2.5,3,3,2.0,9,3080,0,3080,2860,7363,5273,0,0,2006,0
0,146000,1.0,3,3,1.0,6,900,0,900,900,4770,3480,0,0,1969,2009
0,500000,3.0,5,3,2.0,9,2090,1630,3720,1870,25474,14547,4,0,1986,0
0,242500,1.0,3,3,1.0,6,940,0,940,1210,7380,8095,0,0,1959,0
0,231500,1.0,2,4,1.0,6,1000,0,1000,1060,7615,8000,0,0,1943,0
0,300000,2.5,3,3,2.0,8,2080,0,2080,2660,9827,9861,0,0,1989,0
0,467100,1.75,3,3,1.0,7,1190,430,1620,2010,8645,8645,0,0,1973,0
0,180000,1.0,3,3,1.5,7,1610,0,1610,1070,8500,8750,0,0,1959,0
0,245000,2.5,3,3,2.0,7,1460,0,1460,1640,11593,9703,0,0,1989,0
0,260000,1.0,5,5,1.0,7,1600,0,1600,1600,7350,7725,0,0,1962,0
0,330000,2.25,4,3,2.0,8,2430,0,2430,2070,7490,7469,0,0,1983,0
0,295000,1.0,3,4,1.0,7,1380,0,1380,1320,7575,7600,0,0,1963,0
0,1135000,2.5,4,3,2.0,10,3370,0,3370,2950,10602,9949,0,0,1999,0
0,330000,2.25,4,3,2.0,8,2440,0,2440,2110,8098,7911,0,0,1983,0
0,340000,2.25,3,3,2.0,7,1970,0,1970,1780,3716,3716,0,0,1997,0
0,230000,1.5,3,3,1.5,7,1510,0,1510,1360,10588,2873,0,0,1947,0
0,360000,2.5,4,3,2.0,8,2000,0,2000,2000,5500,5512,0,0,2003,0
0,182700,2.25,3,3,1.0,7,1240,500,1740,1740,6650,7000,0,0,1978,0
0,305000,2.25,3,3,1.0,7,1240,500,1740,1740,6650,7000,0,0,1978,0
0,309950,2.5,3,3,2.0,7,1880,0,1880,1810,7838,7915,0,0,1994,0
0,825000,2.5,3,3,1.0,11,2670,610,3280,3280,26413,25211,3,0,1985,0
0,320000,2.0,3,5,1.0,7,1250,0,1250,1620,8636,7653,0,0,1968,0
0,266950,2.5,3,3,2.0,7,1920,0,1920,2240,4803,5231,0,0,2005,0
0,413000,1.75,3,3,1.0,8,2280,0,2280,2280,139392,117176,0,0,1977,0
0,174950,1.0,2,3,1.0,6,730,0,730,1750,6000,7200,0,0,1950,1985
0,840000,2.5,4,3,2.0,10,3420,0,3420,3230,8405,8460,0,0,2000,0
0,649000,3.25,5,3,2.0,9,2400,1590,3990,2580,13087,13633,0,0,1991,0
0,255000,1.5,3,4,1.0,7,1240,0,1240,1570,8528,8064,0,0,1967,0
0,315000,1.75,5,3,1.5,6,1760,90,1850,1250,14800,14800,0,0,1937,0
0,496600,2.25,4,4,1.0,8,1350,670,2020,2060,8400,8400,0,0,1961,0
0,380000,1.0,3,3,1.0,7,1020,0,1020,1400,4800,5465,0,0,1944,0
0,338950,1.75,3,4,1.0,7,1610,0,1610,2050,22496,35772,0,0,1974,0
0,252000,2.25,3,4,1.0,7,1190,480,1670,1870,7881,7820,0,0,1977,0
0,1698888,4.5,4,3,2.0,11,2940,920,3860,3750,15246,14790,4,0,2004,0
0,270000,2.5,4,4,1.0,7,1660,0,1660,1060,8063,8437,0,0,1978,0
0,305000,2.25,4,5,2.0,7,2340,0,2340,1540,5250,5250,0,0,1965,0
0,475580,1.75,3,3,1.0,8,1520,0,1520,2310,11085,9647,0,0,1983,0
0,868500,2.5,3,3,3.0,10,2920,0,2920,2920,3942,3942,0,0,2008,0
0,599380,1.75,3,4,1.0,7,1270,0,1270,1880,7350,7350,0,0,1967,0
0,712000,2.25,4,3,1.0,10,2450,0,2450,2600,11960,11960,0,0,1979,0
0,365000,2.25,3,3,2.0,8,2290,0,2290,2170,7350,7529,0,0,1988,0
0,915000,2.75,3,5,1.0,7,1400,1400,2800,2800,9750,9530,0,0,1957,0
0,666570,2.0,4,5,1.5,7,1620,700,2320,1740,7400,4000,0,0,1913,0
0,390000,2.25,3,4,1.0,8,1740,530,2270,2310,32112,41606,0,0,1980,0
0,650000,1.75,4,4,1.0,7,1500,1140,2640,2070,8215,7875,0,0,1966,0
0,290000,1.0,2,5,1.0,6,950,0,950,1250,5650,5650,0,0,1943,0
0,324950,2.0,4,4,2.0,7,1290,870,2160,1570,4800,4800,0,0,1929,0
0,287200,3.0,3,4,1.0,7,1090,760,1850,1410,19966,6715,0,0,1992,0
0,300000,2.0,4,3,1.0,7,1180,1180,2360,1680,7440,7800,0,0,1955,0
0,360000,2.0,6,4,2.0,7,2210,0,2210,1390,9870,9912,0,0,1969,1995
0,1180000,5.0,5,3,2.0,10,3960,0,3960,2240,94089,64468,0,0,1998,0
0,381000,2.5,4,3,2.0,8,2130,0,2130,1940,6003,4529,0,0,2003,0
0,256900,2.5,3,3,2.0,7,1720,0,1720,1720,3951,3605,0,0,1992,0
0,346000,1.0,5,4,1.0,7,1350,440,1790,2420,30456,35647,0,0,1964,0
0,465000,2.25,2,3,3.0,7,1340,50,1390,1480,1222,1369,0,0,2009,0
0,339950,2.25,4,4,2.0,7,2200,0,2200,1740,7150,7150,0,0,1990,0
0,980000,2.25,4,4,2.0,9,3010,0,3010,2510,9800,9800,0,0,1973,0
0,555000,2.5,4,3,2.0,9,2450,0,2450,2690,5079,6675,0,0,2001,0
0,219000,1.5,4,3,1.5,7,1370,0,1370,1370,7944,9181,0,0,1961,0
0,570000,2.5,3,3,1.0,9,2420,0,2420,2420,11953,12215,0,0,1990,0
0,262500,2.75,4,3,1.0,7,1060,440,1500,1620,7036,7200,0,0,1979,0
0,417400,3.0,3,4,1.0,8,2680,0,2680,2610,12285,9558,0,0,1970,0
0,320000,1.0,3,4,1.0,7,1270,0,1270,1800,7400,7400,2,0,1956,0
0,255000,1.0,3,3,1.0,7,960,0,960,1120,8100,8100,0,0,1955,0
0,260000,2.5,4,3,2.0,7,1990,0,1990,1862,6671,6566,0,0,1989,0
0,485000,1.5,5,3,1.0,7,1050,370,1420,1580,9900,8075,0,0,1964,0
0,252500,1.5,2,3,1.0,7,1280,0,1280,1520,8710,9375,0,0,1967,0
0,667500,1.75,3,3,1.0,9,2130,0,2130,2370,20423,20875,0,0,1953,0
0,375000,1.0,3,3,1.0,7,1230,0,1230,1240,9877,9965,0,0,1954,0
0,680000,3.25,5,3,2.0,8,1990,450,2440,2500,15815,14201,0,0,2014,0
0,161000,2.0,4,3,1.0,7,850,850,1700,1540,8043,13260,0,0,1954,0
0,220000,2.0,4,3,1.0,7,850,850,1700,1540,8043,13260,0,0,1954,0
0,1610000,3.5,4,3,2.0,11,3060,1330,4390,3240,11600,12000,3,0,1990,0
0,380000,2.25,4,4,1.0,8,1860,0,1860,1860,7980,8814,0,0,1966,0
0,363000,3.0,4,3,2.0,8,2250,0,2250,2300,12142,9003,0,0,1986,0
0,245000,2.25,4,3,2.0,7,2050,0,2050,1780,7700,7700,0,0,1977,0
0,1700000,3.5,5,4,2.0,11,4670,1180,5850,3240,22885,19020,2,0,1978,0
0,419000,2.5,4,3,2.0,9,3190,0,3190,2830,4980,6720,0,0,2005,0
0,198900,1.0,2,4,1.0,7,1210,0,1210,2250,18700,10048,0,0,1940,0
0,500000,3.5,3,3,2.0,8,1610,540,2150,2390,4368,16630,0,0,1998,0
0,259000,2.5,3,4,2.0,7,2740,0,2740,1470,7980,8611,0,0,1964,0
0,395000,2.5,3,3,2.0,9,2300,0,2300,2570,8938,9694,0,0,1989,0
0,579000,2.75,3,3,1.0,8,1330,1330,2660,1560,223027,222591,0,0,1962,2015
0,265000,2.5,3,3,2.0,8,1780,0,1780,2040,6527,8840,0,0,1989,0
1,713500,2.75,5,4,1.0,8,1520,1400,2920,2250,9163,9163,0,0,1976,0
0,240000,1.0,3,4,1.0,7,1550,0,1550,1550,12670,8880,0,0,1962,0
0,625000,2.25,4,4,2.0,8,2470,0,2470,2470,17008,31798,0,0,1979,0
0,459950,2.5,4,3,2.0,9,2800,0,2800,3400,6567,5900,0,0,2006,0
0,370000,2.75,4,3,1.0,9,2420,0,2420,2760,39704,36303,0,0,1985,0
0,150000,2.0,4,3,1.0,6,1460,0,1460,1460,7254,7236,0,0,1959,0
0,279000,2.5,3,3,2.0,7,1920,0,1920,1960,7779,7536,0,0,1989,0
0,1651000,3.25,4,3,1.0,9,2570,1070,3640,2760,13530,15000,0,0,1924,2000
0,248000,1.0,3,4,1.0,6,1090,330,1420,1480,8800,8000,0,0,1981,0
0,429000,1.0,3,4,1.0,7,1090,450,1540,1820,37950,24375,0,0,1959,0
0,293500,2.5,3,3,2.0,7,1610,0,1610,1790,5024,3717,0,0,2004,0
0,481000,2.75,3,5,1.0,7,1400,890,2290,2540,14810,8640,0,0,1967,0
0,311100,2.25,4,4,1.0,7,1380,750,2130,2300,8078,8112,0,0,1977,0
0,500000,2.5,5,3,1.0,7,1330,700,2030,1920,8400,8400,0,0,1968,0
0,1275000,2.5,3,3,2.0,9,3870,0,3870,4030,46609,17880,3,0,1997,0
0,260000,2.5,3,3,1.0,7,1250,600,1850,1930,7875,8062,0,0,1968,0
0,466200,1.5,3,4,1.0,7,1340,0,1340,1850,8856,8740,0,0,1959,0
0,1800000,3.5,4,3,1.0,9,2550,1910,4460,1980,16953,13370,0,0,1962,1994
0,185000,1.5,3,3,2.0,8,1200,0,1200,1270,1848,1848,0,0,1966,0
0,290000,1.0,2,5,1.0,7,1250,0,1250,1250,12507,12498,0,0,1958,0
0,964000,2.5,3,3,2.0,11,3630,0,3630,3250,9475,11605,0,0,1999,0
0,2000000,3.0,4,3,2.0,11,4260,0,4260,3540,18000,17015,2,0,2000,0
0,545000,2.5,3,4,1.0,8,1850,330,2180,2270,15693,24000,0,0,1979,0
0,609950,2.25,3,4,1.0,7,1330,430,1760,2210,10350,11337,0,0,1979,0
0,550000,2.5,4,4,1.0,8,1450,670,2120,2120,9163,9166,0,0,1961,0
0,384200,2.5,3,4,2.0,8,2430,0,2430,2440,7613,8342,0,0,1986,0
0,270000,2.5,3,3,1.0,8,1808,0,1808,1450,19200,14400,0,0,2005,0
0,272450,1.0,3,3,1.5,7,1350,0,1350,1310,7973,7491,0,0,1954,0
0,162000,1.0,4,4,1.0,6,1460,0,1460,1460,16638,16638,0,0,1975,0
0,312000,2.25,3,4,1.0,7,1180,290,1470,1900,7857,7600,0,0,1973,0
0,241000,1.0,3,3,1.0,7,1020,0,1020,1650,7538,7201,0,0,1981,0
0,265000,2.25,3,4,1.0,7,1270,570,1840,1750,6750,7004,0,0,1980,0
0,246000,1.75,5,4,1.0,7,2030,0,2030,1760,10200,11550,0,0,1958,0
0,1148000,5.25,10,3,1.0,9,2500,2090,4590,2730,10920,10400,2,0,2008,0
0,417000,2.5,3,3,2.0,8,2040,0,2040,1830,11211,11964,0,0,2000,0
0,750000,3.25,5,3,2.0,7,2150,600,2750,2750,7500,7500,1,0,1937,1997
0,685000,2.5,3,3,2.0,9,2810,0,2810,2910,7700,8250,0,0,2001,0
0,275000,2.0,3,3,1.0,7,1340,0,1340,1310,9764,9764,0,0,1944,0
0,739888,2.5,3,4,2.0,8,1690,730,2420,3740,43177,8717,4,0,1989,0
0,280000,2.5,4,3,2.0,7,2200,0,2200,2200,5893,5757,0,0,2008,0
0,248000,1.0,1,3,1.0,6,790,0,790,1900,12000,6000,0,0,1918,0
0,529950,2.0,3,3,1.0,7,1180,360,1540,1550,8400,8760,0,0,1968,0
0,440000,1.75,3,5,1.0,7,1640,0,1640,1730,8529,7769,0,0,1951,0
1,210000,1.0,3,3,1.0,7,1040,0,1040,1200,8125,9375,0,0,1956,0
0,280000,2.25,3,4,1.0,7,1810,0,1810,1830,7630,7594,0,0,1959,0
0,385000,1.75,3,3,1.0,7,1130,800,1930,1730,14389,14378,0,0,1963,1998
0,252000,2.25,3,3,1.0,7,910,830,1740,2090,10836,7500,0,0,1981,0
0,336000,2.25,4,4,2.0,8,2210,0,2210,2040,11700,9000,0,0,1967,0
0,681716,2.5,4,3,2.0,9,3150,0,3150,3030,7277,8643,0,0,2006,0
0,235000,1.75,3,4,1.0,6,1520,0,1520,1460,12246,12246,0,0,1971,0
0,860000,2.5,4,3,1.0,10,2290,1270,3560,3290,11119,11385,2,0,1986,0
0,749950,2.5,3,3,2.0,9,2770,0,2770,2530,10773,10423,2,0,1992,0
0,535000,2.5,3,3,1.0,9,2400,0,2400,2940,12546,12150,0,0,1983,0
0,234300,1.0,3,3,1.0,7,1140,0,1140,1520,9779,9814,0,0,1963,0
0,190000,1.0,2,3,1.0,6,930,0,930,1150,11450,11450,0,0,1946,0
1,525000,1.75,4,5,1.0,7,1820,0,1820,1430,6600,8800,0,0,1960,0
0,600000,1.75,3,3,1.0,7,1150,430,1580,1730,7416,7416,0,0,1967,0
0,664000,2.5,4,5,1.0,8,1250,620,1870,2000,16200,11250,0,0,1974,0
0,271675,1.75,3,4,1.0,7,1460,680,2140,2090,13068,17424,0,0,1974,0
0,450000,1.0,3,4,1.0,6,1540,0,1540,1450,9028,9028,0,0,1968,0
0,759000,2.25,3,3,1.5,9,2950,0,2950,3880,78843,78843,0,0,2006,0
0,227000,1.75,3,3,2.0,7,1510,0,1510,1470,9837,8054,0,0,1989,0
0,285000,1.5,3,3,1.0,7,1870,0,1870,1870,42070,19965,0,0,1953,0
0,740000,2.25,4,3,1.0,8,1640,1220,2860,2670,26136,25040,0,0,1977,0
0,260000,1.0,3,3,1.0,7,1080,830,1910,1460,8710,8944,0,0,1954,0
0,366000,2.0,3,3,1.0,7,1350,0,1350,1820,10200,9600,0,0,1977,0
0,594950,3.25,4,3,2.0,7,2557,0,2557,2220,9480,8340,2,0,1948,1993
0,313100,2.0,3,5,1.0,6,1720,0,1720,1860,11875,7500,0,0,1905,0
0,185000,1.75,3,3,1.0,7,1170,0,1170,1230,9085,9085,0,0,1967,0
0,455000,1.0,2,3,1.0,6,1140,0,1140,1550,11480,8150,0,0,1907,0
0,235000,2.5,3,4,1.0,8,1570,780,2350,2270,9051,8748,0,0,1966,0
0,230000,1.0,3,4,1.0,7,1020,0,1020,1300,12289,9894,0,0,1967,0
0,240000,2.25,4,3,2.0,7,1830,0,1830,1860,7614,6930,0,0,1991,0
0,1580000,2.5,4,5,1.0,8,1450,1450,2900,2900,10500,9201,3,0,1963,0
0,1050000,4.0,4,4,1.0,9,2300,2250,4550,3540,54013,39634,1,0,1989,0
0,538000,1.75,4,4,1.0,7,1880,0,1880,1750,7953,8591,0,0,1965,0
0,790000,2.5,4,5,1.0,8,1470,770,2240,2210,8664,8860,0,0,1975,0
0,276000,2.0,3,4,1.0,7,1370,0,1370,1660,8137,8840,0,0,1988,0
0,829000,2.75,4,4,1.0,8,1610,1360,2970,2930,59677,42489,2,0,1973,0
0,249000,2.0,4,5,1.0,6,1280,0,1280,1250,7560,7690,0,0,1959,0
0,1550000,2.25,2,4,1.0,8,1560,1390,2950,2060,15593,19855,0,0,1942,1986
0,275000,1.5,3,4,1.0,7,1320,0,1320,1370,7695,8295,0,0,1959,0
0,675000,2.5,4,3,2.0,9,3000,0,3000,2870,5548,5000,0,0,2006,0
0,415000,1.75,3,4,1.5,7,1590,1060,2650,1340,7500,7500,0,0,1962,0
0,294000,2.25,3,3,2.0,7,1700,0,1700,1930,9600,9600,0,0,1984,0
0,1037000,3.5,4,3,2.0,11,4440,0,4440,4390,10660,9976,0,0,2003,0
0,716500,2.75,5,3,2.0,11,3630,0,3630,4440,38461,50378,0,0,2000,0
0,720000,2.25,3,4,2.0,8,2120,0,2120,2620,9297,10352,0,0,1981,0
0,536000,2.75,3,4,2.0,7,2290,0,2290,399,34548,275299,3,0,1984,0
0,324900,2.5,4,3,2.0,7,1880,0,1880,1570,7965,7584,0,0,2000,0
0,292500,2.25,3,3,2.0,7,1690,0,1690,1520,7320,7450,0,0,1987,0
0,320000,2.5,4,3,2.0,7,2000,0,2000,2000,10051,6686,0,0,1997,0
0,804100,2.5,4,3,2.0,10,3070,0,3070,3320,8086,10738,0,0,2005,0
0,432000,2.5,3,4,1.0,7,1660,0,1660,2060,15000,15015,0,0,1970,0
0,230000,1.5,6,4,1.5,5,1050,760,1810,1300,4838,4838,0,0,1905,0
0,935000,3.5,4,3,2.0,11,3510,0,3510,3600,11200,12124,0,0,2001,0
0,565000,2.0,3,3,1.0,9,1670,620,2290,2750,9450,11700,0,0,1979,0
0,450000,2.5,5,4,1.0,7,1930,920,2850,2220,209523,209523,0,0,1925,1968
0,1170000,2.75,3,4,2.0,10,2830,60,2890,2415,12130,11538,3,0,1987,0
0,975000,2.5,4,3,2.0,11,3490,0,3490,3260,7494,8437,3,0,2000,0
0,447000,1.0,3,4,1.0,7,1220,0,1220,1320,7200,7200,0,0,1965,0
0,665000,2.5,4,3,2.0,8,3130,0,3130,2990,7582,6441,0,0,2004,0
0,295500,1.75,3,3,1.5,6,1290,300,1590,2990,41550,6464,0,0,1933,1989
0,200000,2.5,4,3,2.0,8,1720,0,1720,1870,8638,7455,0,0,1994,0
0,1650000,3.25,4,3,2.0,10,3910,0,3910,2600,7500,9235,0,0,2006,0
0,565000,1.75,4,3,1.0,8,2030,0,2030,2000,7350,7998,0,0,1966,0
0,289950,2.5,3,3,2.0,7,1870,0,1870,1720,1436,1852,0,0,2004,0
0,850000,2.0,2,5,1.0,8,1640,1000,2640,2880,13939,14810,1,0,1963,0
0,207000,2.0,4,4,1.5,7,1690,0,1690,1480,7728,8009,0,0,1967,0
0,780000,1.75,3,4,1.0,8,2340,0,2340,3120,10495,11068,0,0,1967,0
0,850000,2.5,4,3,2.0,9,2900,0,2900,2901,9972,8567,0,0,1993,0
0,172380,1.0,3,4,1.0,6,970,0,970,1050,8378,8563,0,0,1962,0
0,728935,2.5,4,3,2.0,9,2980,0,2980,2980,10194,10053,0,0,1993,0
0,850000,2.5,3,4,2.0,9,2340,0,2340,2415,1919,2166,2,0,1981,0
0,515000,1.75,5,3,2.0,6,1880,0,1880,1690,48787,8401,0,0,1922,0
0,220000,2.5,4,4,1.0,7,1370,870,2240,1980,9826,9826,0,0,1988,0
0,585000,2.5,4,3,2.0,9,2630,0,2630,2720,6185,6185,0,0,1999,0
0,500000,1.0,2,4,1.0,7,1300,460,1760,2590,27332,16630,4,1,1951,0
0,940000,2.25,4,5,1.0,9,1650,1150,2800,2800,18673,15300,0,0,1965,0
0,3168750,3.5,5,3,1.0,12,2090,2240,4330,4320,11979,12000,4,0,2008,0
0,1080000,2.5,3,3,2.0,11,3720,0,3720,3530,11610,11877,0,0,1982,0
0,229999,2.0,4,4,1.0,7,1030,640,1670,1500,5200,5200,0,0,1977,0
0,233000,1.0,3,3,1.0,7,1100,0,1100,1300,7657,8000,0,0,1955,0
0,310000,1.75,4,4,1.0,7,1480,0,1480,1480,11200,20310,0,0,1969,0
0,230000,1.0,3,3,1.0,5,1390,0,1390,1170,6000,6000,0,0,1954,0
0,1775000,2.25,3,4,1.0,10,2160,2160,4320,3430,19225,18469,0,0,1972,0
0,415000,2.75,4,4,1.0,9,1390,1000,2390,2560,9968,12385,0,0,1989,0
0,250000,1.75,3,5,1.0,6,1200,0,1200,1270,5478,6855,0,0,1955,0
0,635000,2.25,5,4,1.0,8,1430,750,2180,2160,6000,8800,0,0,1966,0
0,252000,1.0,3,4,1.0,7,1530,0,1530,1530,9465,9465,0,0,1960,0
0,217500,1.75,3,4,1.0,7,1400,0,1400,1660,9546,8550,0,0,1984,0
0,290000,2.5,3,3,2.0,7,2200,0,2200,2200,4240,4311,0,0,2003,0
0,715000,2.5,4,3,2.0,9,2970,0,2970,3940,5722,4848,0,0,2005,0
0,289950,2.5,3,3,2.0,7,1960,0,1960,2560,3480,3500,0,0,2004,0
0,280000,1.75,3,4,1.0,7,1360,0,1360,1770,6603,7107,0,0,1981,0
0,479950,2.5,3,3,2.0,9,2780,0,2780,1940,6000,3466,0,0,2004,0
0,394000,2.5,4,3,2.0,7,3000,0,3000,1890,9793,7557,0,0,2002,0
0,279000,1.0,3,3,1.0,7,970,560,1530,1540,15975,15975,0,0,1952,0
0,304400,2.75,4,4,2.0,7,2140,0,2140,1960,8100,7002,0,0,1990,0
0,274000,1.75,3,3,1.0,7,990,450,1440,1550,7198,7156,0,0,1981,0
0,315000,2.25,3,3,1.0,7,1150,380,1530,1460,7906,7875,0,0,1980,0
0,390000,1.75,4,4,1.0,8,1910,0,1910,2130,77574,37026,0,0,1971,0
0,260000,1.75,3,3,1.0,8,1750,0,1750,1730,11180,11180,0,0,1968,0
0,1240000,3.5,4,3,2.0,10,3280,540,3820,3340,13224,9700,0,0,1990,0
0,230000,1.5,3,3,1.0,8,1900,0,1900,2010,9630,9630,0,0,1967,0
0,208950,1.0,3,4,1.0,5,960,0,960,960,5700,5700,0,0,1956,0
0,965000,2.5,4,3,2.0,11,3420,0,3420,3310,9575,8192,0,0,1994,0
0,364000,2.5,4,4,1.0,8,2080,0,2080,1850,11050,11050,0,0,1969,0
0,150000,1.0,2,3,1.0,7,1050,200,1250,1030,5208,5354,0,0,1951,0
0,349950,3.0,5,3,1.0,8,1363,894,2257,1540,10117,10700,0,0,2005,0
0,801501,2.25,4,4,2.0,9,2250,0,2250,2730,13500,13500,0,0,1980,0
0,382000,2.25,5,4,2.0,8,2880,0,2880,2370,11965,10715,0,0,1990,0
0,575000,2.5,4,4,1.0,7,1290,990,2280,1560,9491,8050,0,0,1966,0
0,459000,1.75,4,2,1.0,8,1660,600,2260,2390,9703,8455,0,0,1978,0
0,310000,2.5,4,3,2.0,7,2440,0,2440,1860,7093,6072,0,0,1999,0
0,210000,1.5,3,4,1.0,7,1400,0,1400,2210,9600,15000,0,0,1964,0
0,180000,1.0,2,3,1.0,7,900,500,1400,1400,4500,5500,0,0,1922,0
0,310000,1.0,2,3,1.0,7,900,500,1400,1400,4500,5500,0,0,1922,0
0,1762000,2.25,3,3,2.0,10,3060,0,3060,3510,16000,13162,0,0,1988,0
0,339950,2.5,4,3,2.0,7,2150,0,2150,1610,4000,4000,0,0,2010,0
0,820000,2.25,3,3,2.0,10,2880,0,2880,2920,9750,11090,0,0,1989,0
0,240000,1.5,4,4,1.0,8,1180,600,1780,1450,14810,6728,0,0,1950,0
0,599950,3.5,4,3,2.0,10,2440,1290,3730,3440,15029,14280,2,0,1991,0
0,105500,1.0,2,1,1.0,5,930,0,930,1620,7740,8584,0,0,1932,0
0,445000,1.0,2,1,1.0,5,930,0,930,1620,7740,8584,0,0,1932,0
0,255000,2.0,3,3,1.0,7,1310,0,1310,1310,8454,8454,0,0,1994,0
0,353500,2.5,4,3,2.0,7,1770,0,1770,2150,9239,5450,0,0,2004,0
0,765000,1.0,3,4,1.0,7,1220,0,1220,1380,7585,8918,0,0,1954,0
0,439000,2.0,4,3,1.0,7,900,900,1800,1400,5465,5400,0,0,1942,0
0,975000,2.75,5,4,1.0,9,1660,1440,3100,3230,10014,10279,2,0,1973,0
0,300000,2.5,4,3,2.0,8,2600,0,2600,2170,8572,5288,0,0,2003,0
0,418500,2.0,3,3,1.0,8,1220,580,1800,2460,12440,12352,0,0,1978,0
0,450000,2.5,4,3,2.0,7,1840,400,2240,2260,4616,5200,0,0,2001,0
0,350000,1.75,4,3,1.0,7,1080,1060,2140,1590,4959,5250,0,0,1965,0
0,267500,2.25,3,4,1.0,7,1860,0,1860,1815,12000,9604,0,0,1976,0
0,201000,1.0,3,4,1.0,7,1220,0,1220,1260,22443,19950,0,0,1972,0
0,210000,1.0,2,4,2.0,7,1520,0,1520,1140,4700,3906,0,0,1978,0
0,360000,2.5,4,3,2.0,7,2570,0,2570,2200,4557,4500,0,0,2009,0
0,655000,2.5,3,3,2.0,9,2370,0,2370,2500,7916,8221,0,0,1990,0
0,375000,1.75,4,5,1.0,6,1030,840,1870,2060,12500,14141,1,0,1943,0
0,330000,2.75,5,4,1.0,7,1290,1100,2390,1690,6282,5202,0,0,1966,0
0,1900000,2.5,4,5,2.0,9,3680,0,3680,3410,13351,11700,2,0,1946,1982
0,235000,1.0,3,3,1.0,7,1230,1000,2230,2380,8163,6874,0,0,1966,0
0,300000,2.5,5,5,1.5,7,2093,0,2093,1520,10350,10350,0,0,1963,0
0,431000,1.75,3,5,1.0,7,1660,0,1660,1610,12865,12400,0,0,1967,0
1,280000,2.5,5,4,1.0,7,1100,530,1630,1630,20750,8640,0,0,1975,0
0,295000,2.5,4,3,2.0,7,1677,0,1677,2236,7209,7209,0,0,2011,0
0,445000,2.5,4,3,2.0,7,2990,0,2990,2640,6383,6454,0,0,2003,0
0,555000,2.5,3,4,1.0,9,3050,0,3050,2960,158558,31050,0,0,1987,0
0,157000,1.5,3,3,1.0,7,1170,0,1170,1550,11530,8605,0,0,1960,0
0,246500,1.5,3,3,1.0,7,1170,0,1170,1550,11530,8605,0,0,1960,0
0,300000,2.5,4,3,2.0,8,2680,0,2680,1960,15508,15586,0,0,1999,0
0,240000,1.75,3,3,1.0,8,1270,500,1770,2120,8571,7711,0,0,1978,0
0,818500,3.5,5,3,2.0,9,3110,1680,4790,2620,12957,13538,1,0,2005,0
0,580000,2.25,4,3,1.0,8,1700,910,2610,2260,7700,8266,0,0,1977,0
0,2340000,2.5,4,3,1.0,13,4500,0,4500,4760,35200,35200,0,0,1988,0
0,333000,2.5,4,3,2.0,8,2100,0,2100,2060,7366,7324,0,0,1997,0
0,265000,1.75,3,3,1.0,8,1270,930,2200,1800,7200,8000,0,0,1962,0
0,670000,2.25,4,3,1.0,8,1660,710,2370,2350,9636,9588,0,0,1976,0
0,247200,1.5,3,4,1.5,7,1910,0,1910,1770,10583,9068,0,0,1922,1967
0,2600000,4.5,4,3,2.0,11,3400,1870,5270,3390,12195,9905,4,1,1979,0
0,440000,1.75,3,4,1.0,7,1430,0,1430,1570,8400,7800,0,0,1961,0
0,555000,2.75,4,3,1.0,8,1620,980,2600,2230,19275,10119,0,0,1978,0
0,220000,1.75,4,4,1.5,6,1530,0,1530,1620,18400,13535,0,0,1938,0
0,650000,2.75,4,4,1.0,9,1620,400,2020,2210,15810,10160,0,0,1967,0
0,339995,2.5,4,3,2.0,7,2180,0,2180,2180,5367,5130,0,0,2000,0
0,1160000,1.75,5,5,1.0,9,1440,1430,2870,2940,9680,9729,4,0,1966,0
0,440000,2.75,3,4,2.0,7,1330,740,2070,2000,9697,14436,0,0,1929,0
0,766000,2.5,3,3,2.0,9,2270,0,2270,2790,9822,8089,0,0,1988,0
0,231500,2.25,3,4,1.0,7,1130,500,1630,1630,7900,8200,0,0,1973,0
0,265000,1.75,4,3,1.0,7,1140,830,1970,1710,8390,10890,0,0,1955,0
0,325000,1.0,2,3,1.0,7,790,0,790,960,6000,6000,0,0,1948,0
0,338900,1.75,3,3,1.0,7,1040,140,1180,1430,4000,4000,0,0,1929,0
0,584950,3.0,4,3,1.5,9,3220,0,3220,2950,6224,6224,0,0,2009,0
0,252000,1.75,3,3,1.0,7,1520,530,2050,1620,11313,8065,0,0,1987,0
0,325000,2.5,3,3,2.0,8,2260,0,2260,2250,8120,7784,0,0,2004,0
0,810000,3.25,5,3,2.0,9,3290,0,3290,3210,6422,6891,0,0,2012,0
0,491300,1.75,3,4,1.0,7,1300,450,1750,2310,11340,11340,1,0,1987,0
0,272000,2.75,4,4,1.0,7,1200,610,1810,1750,7350,7350,0,0,1980,0
0,230000,1.5,3,3,1.0,7,1100,400,1500,1830,11616,8288,0,0,1980,0
0,358000,1.0,3,4,1.0,6,940,0,940,1230,6695,7400,0,0,1959,0
0,86500,1.0,3,3,1.0,6,840,0,840,840,9480,9420,0,0,1960,0
0,199950,1.0,3,3,1.0,6,840,0,840,840,9480,9420,0,0,1960,0
0,625000,2.25,4,4,1.0,8,2180,480,2660,2660,22194,18135,0,0,1977,0
0,372000,2.5,5,3,2.0,8,2840,0,2840,2740,6010,5509,0,0,2003,0
0,263850,2.25,4,4,2.0,8,2300,0,2300,2270,7524,8025,0,0,1978,0
0,325000,2.5,4,3,2.0,8,2280,0,2280,1970,9899,9451,0,0,1987,0
0,531500,2.75,4,4,1.0,8,3110,0,3110,1880,49765,19709,0,0,1958,1972
0,375000,1.75,3,3,1.0,8,1440,660,2100,2000,9066,9132,0,0,1962,0
0,225000,2.5,2,3,2.0,6,1360,0,1360,1360,2693,2693,0,0,2003,0
0,585000,1.75,5,3,1.0,7,960,920,1880,1720,16617,8400,0,0,1963,0
0,302500,2.25,3,4,1.0,7,1790,1310,3100,1770,11985,7954,0,0,1963,0
0,218500,1.75,4,4,1.0,7,1400,0,1400,2170,25500,25500,0,0,1964,0
0,191000,1.0,3,5,1.0,6,840,0,840,920,5525,5330,0,0,1969,0
0,220000,1.0,3,4,1.0,6,820,0,820,1120,5200,5200,0,0,1977,0
0,320000,2.5,3,3,2.0,7,1680,0,1680,2160,4584,4621,0,0,2003,0
0,253200,1.0,3,4,1.0,5,1360,0,1360,1250,5840,6708,0,0,1953,0
0,228000,1.0,2,3,1.0,7,1800,0,1800,1730,9236,5701,0,0,1954,0
0,300000,2.25,4,3,2.0,7,1660,0,1660,1960,3200,3558,0,0,2011,0
0,415000,1.75,4,3,1.0,8,1180,1050,2230,2300,9625,8211,4,0,1955,0
0,325000,2.5,3,3,2.0,8,2070,0,2070,2030,8337,7248,0,0,1997,0
0,760000,2.25,4,4,1.0,9,1940,1100,3040,2430,9690,9690,0,0,1978,0
0,168000,1.5,2,4,1.5,8,1220,0,1220,1180,3568,3678,0,0,1976,0
0,479000,1.0,3,4,1.0,7,1480,0,1480,1430,10094,10083,0,0,1956,0
0,215000,1.5,3,3,1.0,7,1100,0,1100,1570,33600,32700,0,0,1967,0
1,273500,2.75,4,2,1.0,7,1300,0,1300,1670,9638,9638,0,0,1983,0
0,257000,2.75,5,3,2.0,9,2930,0,2930,2930,10148,8425,0,0,2002,0
0,199000,1.0,2,5,1.0,6,720,0,720,970,7200,8027,0,0,1943,0
0,339100,2.5,4,3,2.0,8,2350,0,2350,2210,10655,7028,0,0,1992,0
0,435000,2.5,4,3,2.0,9,2940,0,2940,2550,7590,8360,0,0,1991,0
0,280000,1.75,3,4,1.0,7,1240,530,1770,2060,8240,8250,0,0,1978,0
0,285000,1.75,3,3,1.0,7,1230,700,1930,2030,6533,5954,0,0,1960,0
0,320000,2.25,3,3,2.0,7,1650,0,1650,2010,7047,7763,0,0,1994,0
0,670000,2.0,3,3,1.5,8,2570,0,2570,2660,10078,8013,0,0,1965,0
0,525000,1.75,4,4,1.0,7,1270,1270,2540,1650,7200,7200,0,0,1947,0
0,345000,2.75,3,3,2.0,8,2190,0,2190,2190,7258,8645,0,0,2000,0
0,838000,3.75,3,3,2.0,8,2930,0,2930,2070,150945,43935,0,0,1972,2000
0,1795000,2.75,5,4,1.0,9,1660,1220,2880,3750,20274,20220,3,0,1959,0
0,390000,1.75,3,3,2.0,8,2160,0,2160,2004,98445,44431,0,0,1978,0
0,1150000,2.0,3,5,2.0,7,2110,0,2110,2690,18815,21010,0,0,1979,0
0,295000,2.25,4,3,2.0,7,1830,0,1830,1960,5720,5754,0,0,2003,0
0,380000,2.5,3,3,2.0,8,1880,0,1880,2120,6047,7188,0,0,1993,0
0,550000,1.0,3,3,1.0,7,1140,0,1140,1510,8180,8588,0,0,1959,0
0,199900,1.75,5,3,1.0,7,1798,0,1798,1300,11232,15582,0,0,1967,0
0,898000,2.25,3,3,1.0,8,2580,0,2580,2580,11060,13868,0,0,1964,0
0,875000,2.25,4,5,1.0,8,1860,1860,3720,3180,12384,15541,2,0,1970,0
0,375000,2.5,4,3,2.0,9,2790,0,2790,1660,7956,8192,0,0,2005,0
0,365000,2.5,3,3,2.0,8,2190,0,2190,2200,5091,5948,0,0,2004,0
0,225500,1.0,3,4,1.0,6,1100,0,1100,920,5200,5200,0,0,1969,0
0,318000,2.25,4,3,1.0,8,1680,500,2180,2000,7000,8000,0,0,1969,0
0,910000,2.5,4,4,2.0,9,2770,0,2770,3040,9798,11100,0,0,1986,0
0,207000,1.0,3,4,1.0,7,1280,700,1980,1356,18730,9450,0,0,1943,0
0,1886700,3.5,5,3,2.0,11,4180,0,4180,2950,17935,13760,0,0,2004,0
0,284000,2.25,3,3,1.5,7,1550,530,2080,2080,2050,2275,0,0,2003,0
0,306000,2.5,3,3,2.0,8,2588,0,2588,2403,5702,5703,0,0,2008,0
0,495000,1.75,4,3,1.0,8,1910,660,2570,2200,12039,12384,0,0,1978,0
0,367950,2.5,4,3,2.0,8,3030,0,3030,2650,9500,9500,0,0,1989,0
0,574000,2.5,4,3,2.0,9,2980,0,2980,2980,10179,8828,2,0,2003,0
0,400000,2.0,3,3,1.0,7,1130,1130,2260,2080,11305,10248,0,0,1986,0
0,772000,2.75,4,4,1.0,8,1750,1720,3470,2950,70131,43560,0,0,1962,0
0,265000,2.0,2,3,1.0,8,1260,600,1860,1250,10856,10008,0,0,1952,0
0,230000,1.75,3,3,1.0,8,1520,0,1520,2270,15344,14981,0,0,1968,0
0,197000,2.25,4,3,1.0,7,1220,570,1790,1740,13200,8950,0,0,1979,0
0,235500,1.5,3,4,1.0,7,790,590,1380,1570,7600,7904,0,0,1971,0
0,302000,2.0,5,4,1.0,7,1540,0,1540,2260,9629,9600,0,0,1960,0
0,240000,2.0,3,3,1.0,7,1460,0,1460,1580,7526,7526,0,0,1968,0
0,246000,1.5,3,3,1.0,7,1780,0,1780,1130,23819,14450,0,0,1953,0
0,339950,2.25,3,4,2.0,7,1630,0,1630,1730,12295,9948,0,0,1985,0
0,419000,2.5,2,4,2.0,8,1470,0,1470,1510,2034,2055,0,0,1985,0
0,754000,3.5,5,3,2.0,10,2230,790,3020,3680,15305,14486,0,0,1978,0
0,269950,3.0,4,4,2.0,7,2390,0,2390,930,7309,7308,0,0,1944,1981
0,360000,1.0,2,3,1.0,7,1180,240,1420,1490,81892,1863,0,0,1956,0
0,975000,2.25,4,4,2.0,8,2420,0,2420,2870,15482,13905,0,0,1925,1997
0,350000,2.25,4,3,2.0,7,2190,0,2190,1900,3850,3850,0,0,2006,0
0,990000,1.75,3,4,1.0,9,930,880,1810,3540,24586,14200,4,0,1983,0
0,262500,1.75,3,5,1.5,7,1491,768,2259,1980,26831,15794,3,0,1908,0
0,549000,2.25,3,3,2.0,8,1920,0,1920,2000,10961,10706,0,0,1981,0
0,695000,2.5,4,3,2.0,9,2961,0,2961,2620,12146,17749,0,0,1998,0
0,485000,2.5,3,3,2.0,8,1680,0,1680,1970,7385,7470,0,0,1988,0
0,306500,1.0,2,4,1.5,6,1420,0,1420,1900,16400,16400,0,0,1943,0
0,720000,1.0,2,3,1.0,6,1370,0,1370,1690,9460,9930,0,0,1950,0
0,212000,2.5,4,3,1.5,7,1900,0,1900,1240,21780,9166,0,0,1940,1987
0,800000,2.25,4,3,2.0,8,2120,0,2120,1890,9921,7845,0,0,1981,0
1,235000,1.0,3,5,1.0,7,1250,0,1250,1250,7592,7592,0,0,1961,0
0,1815000,3.0,5,3,2.0,10,3880,0,3880,3470,13000,13701,0,0,1972,2003
0,1225000,2.5,4,3,2.0,9,2740,0,2740,2760,16007,16008,0,0,1984,0
0,940000,2.5,4,4,1.0,8,1680,1410,3090,2690,9238,8500,3,0,1967,0
0,200000,1.0,2,3,1.0,6,790,0,790,1030,5985,5985,0,0,1944,0
0,880000,2.5,4,5,1.0,8,2100,970,3070,2270,8250,8800,0,0,1958,0
0,190000,2.5,2,3,2.0,8,1100,0,1100,1610,1737,2563,0,0,2006,0
0,160000,1.0,2,4,1.0,6,1070,0,1070,1150,4200,4200,0,0,1983,0
0,590000,3.5,4,3,2.0,10,2750,700,3450,3450,6873,6873,0,0,2004,0
0,575000,2.5,3,3,2.0,8,2070,0,2070,2070,3599,6844,0,0,1999,0
0,229000,1.0,3,3,1.0,7,940,0,940,1190,8400,8400,0,0,1958,0
0,279900,1.0,3,3,1.5,6,1280,0,1280,1610,12928,19467,0,0,1942,0
0,539950,2.75,4,4,1.0,8,2130,780,2910,1970,9000,9000,0,0,1966,0
0,214950,1.75,3,4,1.0,7,1310,260,1570,1380,4875,5200,0,0,1977,0
0,450000,2.75,4,3,1.0,8,1330,980,2310,2300,5650,5650,2,0,1952,2012
0,230000,1.0,3,4,1.0,7,1060,0,1060,1310,9946,10619,0,0,1956,0
0,681000,1.75,3,4,1.0,8,1880,0,1880,2430,10032,9732,0,0,1984,0
0,295000,2.0,2,3,1.0,7,910,680,1590,1590,8000,8364,0,0,1984,0
0,170000,1.0,2,3,1.0,7,1300,0,1300,1360,11400,9750,0,0,1961,0
0,315000,2.5,3,3,2.0,7,1950,0,1950,1890,9618,7133,0,0,1992,0
0,255000,1.0,3,3,1.0,7,1430,0,1430,1900,12420,10350,0,0,1964,0
0,289000,2.5,3,3,2.0,7,1090,880,1970,2020,9607,9608,0,0,1988,0
0,1680000,3.75,4,3,2.0,11,5980,1640,7620,2840,29536,20809,3,0,2005,0
0,360000,2.5,4,3,2.0,7,2490,0,2490,2510,4751,5233,0,0,2001,0
0,550000,2.25,4,3,1.0,8,1650,0,1650,2180,7200,7950,0,0,1967,0
0,202950,1.0,2,5,1.0,6,1060,0,1060,1130,5144,5200,0,0,1969,0
0,805000,2.5,3,3,2.0,10,2690,0,2690,3610,17461,16887,3,0,1997,0
0,744500,2.5,5,4,1.0,8,1750,950,2700,2570,16570,11840,0,0,1967,0
0,240000,1.0,3,4,1.0,7,1340,0,1340,1850,7000,7904,0,0,1978,0
0,169000,1.5,3,4,2.0,6,1470,0,1470,1750,18459,16074,0,0,1916,0
0,639900,2.5,3,4,2.0,8,2330,0,2330,2940,4160,4500,0,0,1992,0
0,292000,1.75,3,5,1.0,7,1730,0,1730,2030,11325,17859,0,0,1972,0
0,365000,2.25,3,3,1.5,8,1900,530,2430,1720,7614,11250,0,0,1979,0
0,201000,1.5,4,3,1.5,7,1360,0,1360,1300,8100,8100,0,0,1962,0
0,357500,3.0,5,3,2.0,7,3270,0,3270,3200,9146,6300,0,0,2002,0
0,300000,1.5,3,3,1.0,8,1810,0,1810,2260,8232,8491,0,0,1988,0
0,221000,1.0,3,3,1.0,7,980,0,980,980,7606,8125,0,0,1954,0
0,235000,2.0,4,3,1.0,7,1540,0,1540,1540,9279,5110,0,0,1955,0
0,294000,2.0,3,4,1.0,7,1250,400,1650,1860,11256,11256,0,0,1957,0
0,294000,1.5,3,4,1.5,7,2060,0,2060,1900,15050,15674,0,0,1938,0
0,255500,1.0,4,5,1.5,5,1370,0,1370,1590,41194,84070,2,0,1900,0
0,3300000,4.75,5,4,2.0,11,4440,1760,6200,2940,13873,13525,4,1,1989,0
0,830000,2.25,4,3,1.0,8,1370,810,2180,2090,11056,8747,0,0,1963,0
0,740000,2.5,4,3,2.0,10,2500,0,2500,2710,10330,8375,0,0,1992,0
0,789800,2.5,3,3,2.0,9,2090,515,2605,2605,2216,2300,2,0,1979,0
0,600000,2.5,4,3,2.0,9,3010,0,3010,2670,7953,6202,0,0,2000,0
0,165000,1.0,3,4,1.0,6,910,0,910,1090,8700,8700,0,0,1943,0
0,442500,1.75,3,3,1.0,8,1800,0,1800,2140,10200,10128,0,0,1967,0
0,229950,1.0,2,3,1.0,6,920,0,920,1410,7716,7128,0,0,1944,0
0,274950,2.0,3,4,1.0,7,1410,0,1410,1390,7265,8060,0,0,1983,0
0,229950,1.0,2,3,1.0,6,850,0,850,1100,6000,6000,0,0,1924,0
0,412950,2.5,4,3,2.0,8,2430,0,2430,2450,6796,8400,0,0,1993,0
0,420000,1.75,3,4,1.0,7,1230,0,1230,1530,10005,8560,0,0,1963,0
0,680000,2.5,3,3,2.0,9,2120,0,2120,2540,3600,4592,0,0,2005,0
0,875000,2.5,3,4,1.0,7,1820,0,1820,2080,6848,11700,0,0,1953,0
0,868500,2.5,5,4,1.0,8,1610,880,2490,2290,9639,9958,0,0,1959,0
0,657500,2.75,4,3,2.0,11,4140,0,4140,3950,24190,24190,0,0,2002,0
0,385000,1.0,2,3,1.0,6,1010,0,1010,1040,4000,4000,0,0,1911,0
0,300000,2.0,4,3,1.0,7,1300,750,2050,2050,8750,8750,0,0,1967,0
0,260000,1.75,3,4,1.0,8,1460,0,1460,1930,10000,14175,0,0,1967,0
0,2110000,2.25,3,4,2.0,9,3230,0,3230,3690,17833,17162,0,0,1973,0
0,225000,1.0,4,3,1.5,7,1410,0,1410,1540,7000,7000,0,0,1963,0
0,825000,2.25,4,4,2.0,8,2110,0,2110,2350,12653,10980,0,0,1972,0
0,590000,2.25,4,5,1.0,8,1320,1210,2530,2530,10611,10125,0,0,1977,0
0,452100,2.5,4,3,1.0,8,1580,1580,3160,1990,6540,7090,3,0,1959,0
0,212000,2.25,3,4,1.0,7,1280,620,1900,1920,18000,15000,0,0,1968,0
0,279000,2.0,3,3,1.0,7,1640,0,1640,2250,5650,5488,0,0,2003,0
0,368000,1.75,5,4,1.0,7,1390,1200,2590,2580,9394,9049,0,0,1963,0
0,228950,3.0,4,3,1.0,7,1320,840,2160,1460,5200,5144,0,0,1978,0
0,568450,3.5,5,4,2.0,8,3260,0,3260,1810,58806,17927,0,0,1969,0
0,275000,2.25,3,3,2.0,7,1640,0,1640,1600,6044,7418,0,0,1996,0
0,321500,2.5,4,3,2.0,8,2620,0,2620,2740,5457,5816,0,0,2003,0
0,179500,1.0,3,4,1.0,6,900,0,900,1000,8100,7830,0,0,1959,0
0,286000,2.5,3,3,2.0,7,1800,0,1800,2580,3980,4307,0,0,2006,0
0,205000,1.0,3,4,1.0,7,970,0,970,1160,7700,8250,0,0,1959,0
0,299000,2.5,1,4,1.0,7,1180,800,1980,1980,7521,8000,0,0,1979,0
0,199950,1.0,3,3,1.0,7,1010,0,1010,1300,7245,8236,0,0,1969,0
0,822000,2.5,3,4,2.0,8,2290,0,2290,2210,9158,9588,0,0,1984,0
0,245000,1.75,3,3,1.0,7,1000,920,1920,1860,9306,8458,0,0,1984,0
0,199000,1.0,4,4,1.0,7,1220,0,1220,1270,11730,9520,0,0,1960,0
0,280000,2.5,3,3,2.0,8,1580,0,1580,2110,7000,7062,0,0,1992,0
0,549000,2.5,4,3,2.0,8,2910,0,2910,2500,6338,5877,0,0,2008,0
0,913888,2.25,5,4,2.0,9,2370,0,2370,2380,15512,15100,0,0,1981,0
0,602500,2.5,4,3,2.0,9,2760,0,2760,2640,6850,9803,0,0,1999,0
0,756000,2.5,3,3,2.0,9,2160,0,2160,2470,7525,7941,0,0,1986,0
0,289950,2.25,4,4,1.0,7,1040,1150,2190,1250,6906,6440,0,0,1977,0
0,800000,2.5,3,3,2.0,10,3240,0,3240,2970,7857,7857,0,0,1994,0
0,350000,2.25,3,3,2.0,8,1370,40,1410,1730,1340,2748,0,0,1967,0
0,525126,2.25,5,3,1.0,7,1150,800,1950,1780,8025,8560,2,0,1960,0
0,234000,2.0,4,3,1.0,7,1030,680,1710,1710,7455,7350,0,0,1975,0
0,310000,1.5,2,3,2.0,7,1010,0,1010,1210,10005,7794,0,0,1981,0
0,749500,2.5,4,3,2.0,9,2440,0,2440,2370,9727,11503,0,0,1987,0
0,360000,3.0,5,3,1.0,7,1560,920,2480,1910,7200,9432,0,0,1999,0
0,850000,2.5,5,4,1.0,8,1400,1400,2800,2510,11325,13700,0,0,1970,0
0,2200000,4.0,5,3,2.0,11,4410,1430,5840,3120,11652,13639,1,0,1988,0
0,175000,1.5,3,3,1.0,7,1220,0,1220,1260,7300,7347,0,0,1973,0
0,580000,2.25,3,3,1.0,7,1520,420,1940,1910,5980,6309,0,0,1987,0
0,374000,2.5,3,4,1.0,8,1210,640,1850,2260,17808,16754,0,0,1982,0
0,275000,1.75,3,3,1.0,7,1290,0,1290,1410,9760,8034,0,0,1979,0
0,545000,2.5,3,3,2.0,9,1900,0,1900,2500,3366,3954,0,0,1996,0
0,235000,1.0,4,3,1.5,6,1360,0,1360,1280,7132,7175,0,0,1941,0
0,196000,1.0,3,4,1.0,7,1090,0,1090,1140,7400,8165,0,0,1962,0
0,615000,2.5,4,3,2.0,9,3010,0,3010,2860,6903,6435,0,0,2001,0
0,1950000,3.75,4,3,1.0,9,3130,1020,4150,3930,17424,21420,0,0,1963,2000
0,347000,1.75,3,3,1.0,8,1330,0,1330,2110,7848,8497,0,0,1978,0
0,925000,2.0,4,4,1.0,8,2040,1100,3140,2010,10437,10437,0,0,1959,0
0,229000,1.0,3,4,1.0,7,1010,0,1010,1490,12705,10200,0,0,1959,0
0,625000,2.25,4,4,2.0,8,2100,0,2100,2100,8290,8290,0,0,1978,0
0,365000,2.0,3,4,1.0,7,2140,0,2140,2310,26600,8783,0,0,1983,0
0,475000,2.5,3,3,2.0,8,2600,0,2600,2350,7210,7225,0,0,1989,0
0,685000,1.75,3,3,1.0,8,1470,180,1650,2020,8400,7777,0,0,1959,0
0,428000,2.25,3,3,2.0,9,2600,0,2600,2380,15000,15000,0,0,1978,0
0,385000,1.0,3,4,1.0,7,1200,220,1420,1630,10980,9763,0,0,1954,0
0,622500,2.5,3,3,2.0,8,2290,0,2290,2290,14374,33450,0,0,1983,2012
0,660000,3.0,3,3,2.0,9,2290,180,2470,2590,11900,11900,0,0,1976,0
0,105000,1.0,3,3,1.0,6,840,0,840,840,8400,9450,0,0,1959,0
1,499950,1.5,3,4,1.0,7,1360,0,1360,1440,11250,11250,0,0,1955,0
0,975000,3.0,6,5,1.0,9,2270,1150,3420,2430,22421,15560,0,0,1948,0
0,777000,2.5,4,4,2.0,8,3170,0,3170,2540,9900,12400,0,0,1979,0
0,396500,2.5,3,4,1.0,10,2590,0,2590,3110,18980,14652,0,0,1976,0
0,1500000,4.25,4,3,2.0,11,5550,0,5550,4750,12968,13001,0,0,2005,0
0,272000,1.5,3,4,1.0,7,1760,0,1760,1450,9600,9600,0,0,1966,0
0,355000,2.25,4,3,2.0,7,1810,0,1810,1810,4970,4858,0,0,2003,0
0,223000,2.0,3,5,1.0,6,1310,0,1310,1790,8440,10775,0,0,1951,0
0,397000,2.5,4,3,2.0,7,3000,0,3000,2610,8584,7570,0,0,2003,0
0,250000,1.75,3,3,1.0,7,1160,0,1160,1330,6134,6301,0,0,1998,0
0,645000,1.75,4,4,1.5,8,1550,0,1550,1860,7350,7350,0,0,1958,0
0,567500,2.5,3,3,2.0,9,3090,0,3090,3650,67082,62290,0,0,1990,0
0,337000,2.5,4,3,2.0,8,2610,0,2610,2480,5240,5240,0,0,2004,0
0,280000,1.75,3,3,1.0,7,1230,0,1230,1250,8250,8250,0,0,1966,0
0,167000,1.5,3,4,2.0,6,1280,0,1280,1150,5547,4500,0,0,1985,0
0,920000,1.0,3,3,1.0,7,960,450,1410,2410,9656,9384,0,0,1953,0
0,340000,2.25,4,4,1.0,9,1630,550,2180,2310,8000,8000,0,0,1975,0
0,537100,2.5,3,3,1.0,8,1870,580,2450,2450,7051,8788,0,0,1990,0
0,830000,2.5,5,3,1.0,9,1540,1270,2810,3190,14207,14000,3,0,1979,0
0,800500,2.5,4,5,1.0,8,1780,0,1780,2610,11130,11130,0,0,1962,0
1,168500,1.0,3,3,1.0,7,1100,0,1100,1570,10125,10650,0,0,1969,0
0,600000,2.5,4,3,2.0,8,2620,0,2620,2520,9873,9935,0,0,1987,0
0,234000,2.0,4,4,1.0,7,1050,580,1630,1670,9010,7820,0,0,1975,0
0,319000,1.0,4,4,1.5,6,1730,0,1730,1380,36356,14060,0,0,1954,0
0,525000,2.5,5,4,1.0,7,1180,1180,2360,2200,10081,10461,0,0,1961,0
0,319500,1.0,3,5,1.0,6,1190,0,1190,1660,8450,8450,0,0,1961,0
0,230000,1.0,3,4,1.0,7,1250,0,1250,1350,9035,10425,0,0,1970,0
0,480000,1.75,3,5,1.0,8,1600,0,1600,2210,8400,8400,0,0,1963,0
0,570000,2.5,3,3,2.0,9,2400,0,2400,2640,6975,11172,0,0,1993,0
0,262000,1.0,2,3,1.5,5,880,620,1500,1300,4120,4120,0,0,1928,0
0,510000,2.0,4,4,1.0,8,2990,0,2990,2820,102366,57140,0,0,1974,0
0,270000,1.75,3,4,1.0,7,1210,400,1610,1780,6205,8056,0,0,1979,0
0,425000,2.5,3,4,1.0,7,1230,0,1230,2340,23522,23522,0,0,1978,0
0,605000,2.0,6,4,1.0,8,1320,1290,2610,2170,9132,8000,0,0,1965,0
0,305000,1.0,2,3,1.0,7,1360,800,2160,2070,12960,12960,0,0,1968,0
0,974350,2.5,4,5,2.0,8,2420,670,3090,2220,10730,7875,0,0,1985,0
0,653675,2.25,4,4,2.0,8,2280,0,2280,2320,7229,7735,0,0,1984,0
0,245000,1.75,3,4,1.0,7,1260,0,1260,1600,8614,8614,0,0,1985,0
0,390000,2.5,3,4,1.0,7,1190,420,1610,1940,10292,8700,0,0,1969,0
0,290000,2.25,3,4,2.0,8,1620,0,1620,1710,7772,6455,0,0,1988,0
0,115000,1.75,3,3,1.0,7,1080,0,1080,1380,7942,8244,0,0,1981,0
0,139950,0.0,0,4,1.0,7,844,0,844,1380,4269,9600,0,0,1913,0
0,361000,1.75,3,3,1.0,7,1330,800,2130,2380,8742,7448,3,0,1955,0
0,276750,2.0,3,4,1.0,7,1290,330,1620,1560,12482,8499,0,0,1989,0
0,234000,2.5,4,3,1.0,7,1120,700,1820,1310,8217,8217,0,0,1987,0
0,234950,2.0,3,4,1.0,7,1510,0,1510,1780,9153,9286,0,0,1974,0
0,269950,1.75,2,3,1.0,7,1320,0,1320,1570,7540,7540,0,0,1968,0
0,410000,3.0,4,3,2.0,8,2430,0,2430,2430,7243,7084,0,0,2003,0
0,200126,2.5,3,3,1.0,8,1340,700,2040,2370,15463,12672,0,0,1968,0
0,290700,2.5,3,4,2.0,7,1670,0,1670,1370,6666,6170,0,0,1992,0
0,159995,1.0,2,5,1.0,5,760,240,1000,990,5026,5026,0,0,1915,0
0,287000,1.5,5,4,1.0,7,1030,1010,2040,1560,11772,9435,0,0,1963,0
0,765000,2.5,3,3,2.0,9,2310,0,2310,2830,11993,10031,0,0,1988,0
0,185000,1.5,3,4,1.0,6,1090,0,1090,1160,9605,10487,0,0,1969,0
0,346000,2.5,4,3,2.0,8,2100,0,2100,2100,3916,3916,0,0,2009,0
0,260000,1.75,4,3,1.0,7,1410,600,2010,1610,10816,9360,0,0,1955,0
0,528000,1.75,5,3,1.0,8,1390,1390,2780,2130,7786,7918,0,0,1966,0
0,275000,1.0,2,3,1.0,7,1480,700,2180,1800,12875,7447,0,0,1959,0
0,153500,1.0,3,3,1.0,6,890,0,890,1230,4810,6057,0,0,1910,0
0,645000,2.25,3,3,1.0,10,3280,0,3280,1860,79279,24008,0,0,2001,0
0,325000,2.5,3,4,1.0,7,1480,850,2330,1940,8627,9607,0,0,1980,0
0,470000,2.5,4,3,2.0,8,2470,0,2470,1690,8536,8840,0,0,2002,0
0,440000,1.0,2,4,1.0,7,990,200,1190,1180,3400,4000,0,0,1917,0
0,299999,2.5,4,3,2.0,8,1981,0,1981,1981,4828,3783,0,0,2013,0
0,255000,1.75,3,4,1.0,7,1590,0,1590,1470,7810,7810,0,0,1959,0
0,415950,1.75,3,3,1.0,7,1150,0,1150,1650,7700,8000,0,0,1957,0
0,402000,2.75,5,3,1.5,7,1220,940,2160,1900,7200,7200,0,0,1955,0
0,462370,2.25,2,4,2.0,8,1860,0,1860,1860,2670,2531,0,0,1986,0
0,171500,1.0,3,4,1.5,5,1150,0,1150,1100,6480,7300,0,0,1946,0
0,675000,3.0,5,4,1.0,8,1870,1540,3410,2390,9600,9679,0,0,1968,0
0,320000,1.5,4,4,1.0,8,1890,0,1890,2376,43560,5820,0,0,1974,0
0,359800,2.5,4,3,2.0,9,2390,0,2390,2520,6426,6700,0,0,1999,0
0,239900,2.0,3,3,1.0,7,1410,0,1410,1570,7566,7210,0,0,1985,0
0,234500,2.5,4,3,1.0,7,1220,740,1960,2030,7875,7650,0,0,1978,0
0,230000,2.0,3,5,1.0,7,1030,680,1710,1390,5200,5200,0,0,1977,0
0,500000,1.5,3,3,1.0,7,1680,0,1680,1680,17409,9101,0,0,1962,0
0,485000,1.75,4,3,1.0,7,1330,720,2050,1290,8913,8550,0,0,1968,0
1,105000,1.0,3,4,1.0,6,880,0,880,940,18109,11193,0,0,1970,0
0,294000,2.75,5,4,1.0,7,1400,900,2300,1750,7600,8500,0,0,1969,0
0,400000,2.5,4,4,2.0,9,3140,0,3140,2510,12792,12792,0,0,1977,0
0,770000,2.5,3,3,1.0,10,1490,1410,2900,2900,23550,19604,0,0,1987,0
0,156000,1.0,3,3,1.0,7,970,0,970,1430,8580,11907,0,0,1959,0
0,996000,3.25,3,4,2.0,10,2730,890,3620,2040,8131,3776,0,0,1988,0
0,325250,2.75,4,3,1.0,7,1330,800,2130,2090,9339,7628,0,0,1991,0
0,557500,1.75,3,4,1.0,7,1900,0,1900,2030,11165,11165,0,0,1959,0
0,1260500,2.5,4,3,2.0,10,3730,0,3730,3200,16950,16950,0,0,1990,0
0,260000,2.75,4,4,1.0,8,1320,930,2250,1800,7345,6950,0,0,1984,0
0,1989000,2.5,3,5,1.0,8,1520,1360,2880,3710,13500,20486,4,0,1950,0
0,475000,2.25,3,3,1.0,7,1200,380,1580,1660,12177,11374,0,0,1981,0
0,365000,2.75,5,3,2.0,8,3260,0,3260,2770,9253,8067,0,0,2004,0
0,780000,2.5,4,3,2.0,9,3180,0,3180,2440,9603,15261,2,0,2002,0
0,330000,2.5,4,3,2.0,8,1940,0,1940,1940,3784,4499,0,0,2003,0
0,322000,2.5,4,3,2.0,8,2280,0,2280,2250,7200,7200,0,0,1994,0
0,380000,3.25,5,3,1.0,7,2490,1310,3800,2000,15500,13980,0,0,1965,0
0,400000,1.75,3,5,1.0,7,1560,0,1560,2230,8456,13109,0,0,1970,0
0,895000,3.0,4,3,1.5,9,2630,940,3570,3640,10273,15324,3,0,1935,2007
0,165000,1.0,3,4,1.0,6,1010,0,1010,1010,7690,7619,0,0,1958,0
0,255000,1.0,3,4,1.0,6,1010,0,1010,1010,7690,7619,0,0,1958,0
0,335750,3.0,3,3,1.0,7,1440,960,2400,1060,7260,7200,0,0,1955,0
0,95000,1.0,2,3,1.0,4,960,0,960,1850,7000,8120,0,0,1918,0
0,525000,3.0,3,3,1.5,9,1890,710,2600,2220,5238,4853,3,0,1989,0
0,417000,1.5,3,4,1.0,7,1340,0,1340,1340,10224,10440,0,0,1956,0
0,984000,2.25,4,5,1.0,9,2390,0,2390,2870,12292,12337,0,0,1962,0
0,657000,2.5,4,4,2.0,8,2640,0,2640,2630,25038,16668,0,0,1995,0
0,234950,2.5,2,3,2.0,8,1720,0,1720,1740,3132,4220,0,0,1999,0
0,706000,2.5,5,3,2.0,9,2890,0,2890,2590,15891,10556,0,0,1990,0
0,485000,1.75,3,3,2.0,7,2200,0,2200,1170,7706,70973,2,0,1908,1988
0,242050,2.5,3,3,1.0,7,1690,480,2170,1420,9900,10614,0,0,1980,0
0,246000,1.75,3,4,1.0,8,1440,0,1440,1440,11325,20000,0,0,1966,0
0,194000,2.0,4,4,1.0,7,1760,0,1760,1870,7700,7316,0,0,1962,0
0,449000,1.0,2,3,1.0,6,1040,210,1250,1550,4576,5000,0,0,1925,0
0,1000000,2.0,4,5,1.5,8,1780,0,1780,2320,15648,14963,0,0,1918,0
0,406000,1.0,4,4,1.5,7,1580,0,1580,1700,8475,5650,2,0,1928,0
0,309000,2.0,4,3,1.0,7,1120,1120,2240,2040,9240,8250,0,0,1968,0
0,333000,1.75,4,4,1.0,8,1880,0,1880,1880,9880,9600,0,0,1967,0
0,666000,2.5,3,3,2.0,8,1770,370,2140,2140,2868,2527,0,0,2007,0
0,310000,2.75,4,3,2.0,7,2370,0,2370,1960,7320,7320,0,0,1989,0
0,855000,2.0,3,5,1.0,9,1820,1300,3120,2770,9400,9500,0,0,1978,0
0,229000,2.5,3,3,2.0,7,1190,0,1190,1190,3000,3000,0,0,2002,0
0,260000,2.0,3,5,1.0,6,1170,0,1170,1340,5450,6384,0,0,1902,0
0,267000,1.75,4,3,1.0,7,1100,900,2000,1720,7350,7350,0,0,1963,0
0,335000,2.5,4,4,1.0,7,1240,510,1750,1660,8476,7875,0,0,1983,0
0,1098000,3.25,6,4,1.5,8,2760,800,3560,3210,107362,35001,0,0,1963,0
0,1442500,2.5,2,3,1.0,10,2160,560,2720,2880,16637,7320,3,0,1953,0
0,335000,2.5,4,3,2.0,7,1830,0,1830,2080,4500,5100,0,0,2004,0
0,340000,1.0,3,4,1.0,7,1600,0,1600,1430,7324,7249,0,0,1958,0
0,545000,2.0,3,4,1.5,7,1340,0,1340,1630,7200,5760,0,0,1923,0
0,1378000,3.5,5,3,2.0,9,3680,0,3680,2020,8680,8847,0,0,2003,0
0,183750,2.5,3,3,2.0,7,1770,0,1770,1490,3451,2138,0,0,2004,0
0,290000,3.0,4,3,2.0,7,2390,0,2390,1320,4500,4500,0,0,1974,0
0,560000,2.5,4,4,1.0,8,1690,1580,3270,1520,24750,13480,0,0,1979,0
0,320000,1.75,4,4,1.5,6,1710,0,1710,1750,10480,10480,0,0,1969,0
0,454800,2.25,4,4,1.0,7,1400,1090,2490,3080,10720,10720,1,0,1979,0
0,177000,1.0,3,5,1.0,6,870,0,870,870,5200,5200,0,0,1969,0
0,275000,1.75,3,4,1.0,7,1860,0,1860,1860,15681,22979,0,0,1971,0
0,460000,2.0,3,3,2.0,8,2240,690,2930,2110,29136,29362,0,0,1990,0
0,935000,3.25,4,3,2.0,11,4110,0,4110,4190,15488,14973,2,0,1995,0
0,274000,1.75,3,4,1.0,7,1400,0,1400,1210,8364,8160,0,0,1958,0
0,168500,1.0,2,4,1.0,6,1020,0,1020,1510,7742,7742,0,0,1935,1978
0,220000,1.75,3,3,1.0,7,1290,0,1290,1410,8250,7823,0,0,1983,0
0,295000,2.0,3,4,1.0,7,1100,730,1830,1450,17321,10706,0,0,1948,0
0,1475000,4.0,5,3,2.0,12,4770,0,4770,4520,31570,32070,0,0,1990,0
0,285000,1.0,3,4,1.0,6,950,0,950,1520,10723,10723,0,0,1959,0
1,230000,2.0,3,3,1.0,7,1410,0,1410,1410,10625,9744,0,0,1980,0
0,569950,3.5,4,3,1.5,8,2700,0,2700,3210,443440,298182,0,0,1948,1997
0,438000,1.75,3,4,1.0,7,1030,960,1990,1560,9885,10000,0,0,1978,0
0,405000,2.5,4,3,2.0,8,1850,0,1850,1930,9136,7873,0,0,1997,0
0,282000,2.5,3,3,1.0,7,1240,440,1680,1420,15711,8588,0,0,1994,0
0,1080000,3.5,5,3,2.0,10,3740,0,3740,2040,11340,8715,0,0,2013,0
0,295000,2.5,3,3,2.0,7,1570,0,1570,1570,6932,6271,0,0,1993,0
0,242000,2.25,3,3,1.0,7,1250,440,1690,1670,7292,7747,0,0,1985,0
0,352500,1.5,3,5,1.0,7,1470,0,1470,2300,17577,13832,0,0,1967,0
0,239950,1.0,4,4,1.0,7,730,730,1460,1190,6000,6000,0,0,1941,0
0,1160000,3.75,4,4,2.0,9,3560,0,3560,3320,13959,11834,0,0,1972,0
0,199000,2.0,4,3,1.0,5,1440,0,1440,1440,9477,9546,0,0,1943,0
0,797000,2.75,4,3,2.0,8,2650,0,2650,1680,8610,8316,0,0,1959,2007
0,350000,2.25,4,4,2.0,8,2220,0,2220,2240,6953,6716,0,0,1999,0
0,270000,2.75,4,3,1.0,7,1270,720,1990,2100,7252,7535,0,0,1999,0
0,236000,2.25,4,4,1.0,7,1200,630,1830,1730,9485,10109,0,0,1989,0
0,989900,2.25,5,5,1.0,8,1660,1660,3320,3320,11350,11085,0,0,1963,0
0,299000,2.25,4,4,2.0,8,2050,0,2050,2330,26000,31100,0,0,1977,0
0,110000,1.0,2,3,1.0,6,800,0,800,1170,15000,15000,0,0,1927,0
0,410000,2.5,4,3,2.0,7,2510,0,2510,2570,5258,5119,0,0,2001,0
0,355000,2.25,4,3,2.0,8,2200,0,2200,2200,3404,3449,0,0,2005,0
0,765000,2.25,4,4,1.0,8,1760,800,2560,2240,12100,12100,0,0,1976,0
0,716000,2.25,4,4,1.0,8,1900,580,2480,2640,9780,9780,0,0,1975,0
0,605000,3.5,5,3,2.0,8,3060,0,3060,2680,8862,8398,0,0,1989,0
0,312200,2.5,4,3,2.0,8,2910,0,2910,2770,8596,8602,0,0,2004,0
0,229950,1.75,4,4,1.0,7,1300,0,1300,2120,21000,9920,0,0,1969,0
0,160000,1.5,3,3,1.0,7,1000,480,1480,1470,7000,7022,0,0,1980,0
0,255000,1.0,3,4,1.0,6,1250,0,1250,1590,9472,9600,0,0,1972,0
0,239000,1.5,3,3,1.0,7,900,430,1330,1400,6540,11500,0,0,1971,0
0,285000,2.25,3,4,1.0,7,1270,570,1840,1840,6214,6214,0,0,1983,0
0,213675,2.25,3,3,2.0,7,1560,0,1560,1640,6013,6290,0,0,1990,0
0,530000,2.5,5,4,1.0,7,1690,1220,2910,2830,9636,10385,0,0,1964,0
0,420000,1.0,2,3,1.0,7,1000,0,1000,1380,5375,5000,0,0,1953,0
0,110000,1.0,2,3,1.0,5,600,0,600,1060,6120,6120,0,0,1943,0
0,807500,2.5,4,3,2.0,10,3190,0,3190,2110,24170,26321,0,0,2002,0
0,179000,1.0,2,3,1.0,7,990,0,990,1560,8760,11880,0,0,1977,0
0,1612500,2.75,4,3,2.0,11,3730,1740,5470,3620,18200,15100,4,1,1992,0
0,299000,2.5,4,3,2.0,9,2350,0,2350,2480,6958,6395,0,0,1998,0
0,860000,1.75,3,4,1.0,8,1700,900,2600,2940,15064,14984,0,0,1967,0
0,273950,2.25,3,3,2.0,8,1570,0,1570,1680,3109,3590,0,0,2002,0
0,825000,1.0,2,4,1.0,7,1240,0,1240,1550,42247,12459,1,0,1915,0
0,240000,1.75,3,3,1.0,8,1520,0,1520,2060,9600,9600,0,0,1966,0
0,245000,1.5,3,4,1.0,7,1340,0,1340,1300,7391,7391,0,0,1966,0
0,600000,2.5,4,4,1.0,8,1680,840,2520,2590,10850,10800,0,0,1968,0
0,270000,2.5,3,3,2.0,7,1660,0,1660,1810,5550,5550,0,0,2002,0
0,190000,1.0,2,3,1.0,6,880,0,880,1060,6900,8000,0,0,1943,0
0,998000,3.75,3,3,2.0,10,2910,800,3710,2390,34412,34412,0,0,1978,0
0,725000,1.0,3,4,1.0,7,940,0,940,1710,8377,6900,0,0,1952,0
0,210000,1.0,2,3,1.0,7,970,0,970,1340,8874,8175,0,0,1968,0
0,290000,2.5,5,4,1.0,8,1390,1390,2780,1790,9652,9652,0,0,1967,0
0,1260000,2.5,3,3,1.0,8,1640,1470,3110,3650,9930,14399,1,0,1954,0
0,330000,2.25,3,3,2.0,7,1860,0,1860,1820,11227,8800,0,0,1995,0
0,189000,1.0,3,3,1.0,6,1010,0,1010,1170,7560,7560,0,0,1958,0
0,1050000,3.0,4,5,2.0,8,3080,0,3080,2810,10757,10757,3,0,1961,0
0,250000,1.5,3,4,1.0,7,1310,720,2030,1330,14400,14400,0,0,1969,0
0,925000,2.75,3,4,1.0,9,2060,1580,3640,3110,10300,10625,0,0,1979,0
0,545000,2.5,3,3,2.0,9,2760,0,2760,1940,17377,8504,0,0,2002,0
0,1900000,4.5,5,3,2.0,12,5160,0,5160,4760,44315,44315,0,0,1996,0
0,260000,2.0,4,4,1.0,7,1480,0,1480,2130,8625,8502,0,0,1974,0
0,219900,1.0,3,3,1.0,6,860,0,860,1150,6664,6857,0,0,1944,0
0,373500,2.5,4,3,2.0,8,2610,0,2610,2470,4978,5024,0,0,2004,0
0,1060000,2.5,4,3,2.0,11,4570,0,4570,4490,16015,17668,2,0,1990,0
0,2600000,3.0,3,4,2.0,10,2220,1190,3410,3760,16015,16572,4,1,1973,0
0,450000,2.25,3,4,2.0,8,1760,0,1760,1810,10013,9768,0,0,1983,0
0,379950,1.75,3,3,1.0,8,2040,0,2040,2010,12065,11717,0,0,1987,0
0,295000,2.5,3,3,2.0,7,2030,0,2030,2030,4867,5000,0,0,2003,0
0,215500,2.0,3,2,2.0,7,1380,0,1380,1460,9000,9732,0,0,1946,1982
0,375000,1.5,5,3,1.0,7,1520,530,2050,1840,9360,9383,0,0,1968,0
0,1070000,2.5,4,3,2.0,11,3270,0,3270,4180,35445,32130,0,0,1989,0
0,305950,2.5,4,3,2.0,9,2007,0,2007,2189,4968,5852,0,0,2009,0
0,289000,1.75,2,4,1.0,7,1048,1008,2056,2220,52333,6458,0,0,1980,0
0,420000,2.5,2,3,3.0,7,1480,0,1480,1390,1369,1337,0,0,2009,0
0,389000,1.75,2,4,2.0,7,1160,0,1160,1990,4848,7440,1,0,1949,0
0,345000,1.0,2,3,1.0,8,1220,550,1770,2790,16660,20504,3,0,1957,0
0,327000,2.5,3,3,1.0,8,1310,500,1810,2240,7350,7350,0,0,1984,0
0,375000,1.5,3,3,1.0,7,1520,480,2000,2000,7294,6000,0,0,1965,0
0,235000,1.75,3,4,1.0,7,1080,400,1480,1660,6592,7150,0,0,1978,0
0,240000,2.5,4,3,2.0,7,2040,0,2040,1730,11841,8808,0,0,1994,0
0,575000,2.25,4,4,1.0,8,2060,0,2060,2360,12155,8625,0,0,1968,0
0,1520000,3.5,6,3,2.0,10,3720,0,3720,3030,11690,11686,0,0,2003,0
0,394500,2.5,4,3,2.0,8,3002,0,3002,2566,6042,6390,0,0,2004,0
0,174950,1.0,3,5,1.0,6,1060,0,1060,1380,5200,5200,0,0,1970,0
0,383000,2.0,4,4,1.0,7,1060,770,1830,1950,21183,6120,0,0,1966,0
0,431000,2.5,3,3,2.0,8,1690,0,1690,1690,2752,2855,0,0,1979,0
0,459900,1.75,3,4,1.0,7,1290,1290,2580,2280,11000,17643,0,0,1951,0
0,234950,2.0,4,3,1.0,7,1450,0,1450,1430,7560,7560,0,0,1967,0
0,419000,2.5,4,3,2.0,8,2690,0,2690,2160,7947,8328,0,0,1993,0
0,910000,3.25,4,3,1.5,9,2240,1100,3340,2880,10890,9794,0,0,1963,2000
0,392000,2.5,4,3,2.0,8,2600,0,2600,2550,8921,8683,0,0,1991,0
0,915000,2.5,3,3,2.0,9,2500,640,3140,2370,9808,10014,0,0,2001,0
0,416100,1.75,4,3,1.0,8,1160,1160,2320,2240,5490,7200,3,0,1956,0
0,285000,2.5,4,4,1.0,7,1440,920,2360,1450,7350,7305,0,0,1965,0
0,297950,2.0,3,3,1.0,8,1390,0,1390,1960,5127,5019,0,0,1990,0
0,205000,1.75,5,4,1.0,7,1050,680,1730,1350,5200,5200,0,0,1978,0
0,1030000,2.5,5,4,1.0,8,1650,1400,3050,2970,8200,8792,4,0,1962,0
0,300000,2.5,4,3,2.0,8,1840,0,1840,2030,5550,5500,0,0,2004,0
0,610000,2.25,4,4,2.0,8,1960,0,1960,1960,9021,9975,0,0,1973,0
0,1042031,5.0,4,4,2.0,11,4110,0,4110,3650,43560,43995,0,0,1978,0
0,600000,2.0,5,5,1.0,7,1110,1080,2190,1660,9072,8327,0,0,1965,0
0,263950,1.75,3,5,1.0,7,1180,520,1700,1500,11613,12377,0,0,1977,0
0,740000,2.5,3,4,2.0,9,2960,0,2960,2960,9350,11745,2,0,1978,0
0,234999,1.0,3,3,1.0,6,1330,0,1330,1200,8912,8913,0,0,1948,0
0,380000,2.5,4,3,2.0,8,1940,0,1940,1900,3200,3200,0,0,2004,0
0,367000,2.5,4,3,2.0,8,2350,0,2350,2330,8182,7000,0,0,1997,0
0,462600,2.0,3,4,1.0,6,1020,300,1320,2410,4000,6212,0,0,1940,0
0,875000,2.5,3,3,1.0,8,1690,0,1690,2260,10592,9945,0,0,1973,2009
0,335000,2.25,3,4,1.0,8,1600,460,2060,1870,47318,19663,2,0,1976,0
0,505000,2.0,4,4,1.0,8,1410,1320,2730,2730,12000,9039,0,0,1998,0
0,920000,2.5,4,3,2.0,9,3550,0,3550,3310,10233,9157,0,0,1996,0
0,450000,2.0,4,4,1.0,7,1570,0,1570,1530,7320,8800,0,0,1960,0
0,280000,2.25,4,4,1.0,7,1360,570,1930,1760,7207,7207,0,0,1988,0
0,1375000,4.0,5,4,1.0,11,1910,1850,3760,3730,22763,11201,3,0,1969,0
0,795000,1.75,3,3,1.0,8,1930,0,1930,2350,9600,9840,0,0,1958,0
0,699900,2.5,4,4,1.0,8,1430,760,2190,2580,11500,9700,0,0,1972,0
0,839000,2.75,4,4,1.0,8,1760,640,2400,2400,12469,10400,2,0,1958,0
0,365000,2.25,3,3,2.0,7,2860,0,2860,1760,8458,8458,0,0,1983,0
0,440000,2.25,3,3,1.0,8,1220,680,1900,1900,7225,7399,0,0,1970,0
0,405000,2.5,4,3,2.0,8,2090,0,2090,2250,6667,6165,0,0,1997,0
0,295000,1.0,2,3,1.0,6,820,0,820,1580,288367,8154,0,0,1930,1986
0,1500000,3.5,5,3,2.0,11,3270,1100,4370,2980,12240,12800,0,0,1990,0
0,650000,3.5,5,4,2.0,8,2490,990,3480,2540,36615,35910,0,0,1983,0
0,790100,2.5,4,3,2.0,8,2590,0,2590,2280,9341,9510,0,0,1985,0
0,220000,2.5,4,3,2.0,7,2160,0,2160,1790,8005,8016,0,0,1993,0
0,799000,3.5,4,3,2.0,9,2500,1000,3500,2350,8547,10270,0,0,1994,0
0,367300,2.75,4,3,2.0,8,2190,0,2190,1920,14937,11360,0,0,1993,0
0,898000,2.5,3,3,2.0,10,3530,0,3530,3220,9753,9234,0,0,1997,0
0,308000,2.5,4,3,2.0,7,1960,0,1960,1870,5642,5250,0,0,1998,0
0,240000,1.75,3,3,1.0,7,1260,0,1260,1530,7362,7232,0,0,1984,0
0,217000,1.5,3,4,1.0,7,1860,0,1860,1810,8505,8262,0,0,1967,0
0,935000,4.5,5,3,2.0,10,4230,0,4230,4130,9701,12253,0,0,1999,0
0,169950,1.0,3,4,1.0,6,840,0,840,840,8470,8450,0,0,1961,0
0,585000,2.5,3,3,2.0,9,2290,0,2290,2290,5089,7984,0,0,2001,0
0,585000,2.5,3,3,2.0,9,2290,0,2290,2290,5089,7984,0,0,2001,0
0,480000,3.5,5,3,2.0,10,2890,590,3480,3400,12821,9870,2,0,2004,0
0,316500,2.5,3,3,2.0,7,1770,0,1770,2280,3873,4330,0,0,2005,0
0,152500,1.0,4,4,1.5,6,1730,0,1730,1440,7350,7752,0,0,1970,0
0,267950,1.0,4,4,1.5,6,1730,0,1730,1440,7350,7752,0,0,1970,0
0,269950,2.5,4,5,2.0,7,2540,0,2540,1600,8400,8050,0,0,1977,0
0,240000,1.5,3,3,1.0,7,1190,700,1890,2060,9000,9000,0,0,1959,0
0,525000,2.5,3,3,1.0,9,1770,1200,2970,2990,11985,12049,0,0,1995,0
0,745000,2.5,3,3,1.0,9,1770,1200,2970,2990,11985,12049,0,0,1995,0
0,625000,2.25,4,4,2.0,8,1920,0,1920,2030,8259,8910,0,0,1979,0
0,535000,2.0,3,3,2.0,10,2740,0,2740,2800,23505,16400,4,0,1988,0
0,270000,2.25,3,3,1.0,7,1380,360,1740,1770,7345,8250,0,0,1973,0
0,915000,2.5,5,4,1.0,9,1840,1650,3490,2690,18850,11625,4,0,1958,0
1,412000,1.75,4,4,1.0,7,1130,300,1430,2070,10500,8640,0,0,1960,0
0,265000,1.75,4,4,1.0,7,1110,750,1860,1570,9112,9112,0,0,1963,0
0,266000,2.25,4,3,1.0,8,1140,720,1860,1950,12693,8740,0,0,1978,0
0,310000,1.75,3,3,1.0,8,1580,550,2130,2180,7140,7906,0,0,1979,0
0,2450000,4.25,7,3,2.0,11,4670,0,4670,3240,23115,13912,2,0,1992,0
0,250000,1.5,4,4,1.0,7,1500,1000,2500,1720,6300,8925,0,0,1961,0
0,633000,2.5,4,3,2.0,8,2020,0,2020,2320,8044,7328,0,0,1990,0
0,270000,2.5,3,4,1.0,7,1720,0,1720,1460,8550,8550,0,0,1968,0
0,299500,1.75,3,3,2.0,7,1820,0,1820,1780,8813,7349,0,0,1994,0
0,227000,1.0,3,4,1.0,6,1130,0,1130,1770,10018,7700,0,0,1954,0
0,735000,2.75,4,3,2.0,8,3040,0,3040,2620,2415,2433,4,1,1966,0
0,699000,2.5,4,4,1.0,9,1660,780,2440,2810,14470,15564,0,0,1970,0
0,229000,1.0,3,3,1.0,7,1030,0,1030,1630,7800,12664,0,0,1954,0
0,200000,1.0,3,4,1.0,6,940,540,1480,1350,5600,11100,0,0,1947,0
0,522500,1.75,3,4,1.0,8,1710,0,1710,1820,9707,8700,0,0,1966,0
0,267000,2.5,3,3,2.0,8,1580,0,1580,1560,12250,9900,0,0,1993,0
0,402000,2.75,4,4,1.0,8,2120,830,2950,2840,15540,17136,0,0,1974,0
0,475000,1.75,3,4,1.0,7,1850,0,1850,2110,26445,23280,0,0,1962,1977
0,429900,3.25,4,3,2.0,8,2740,1020,3760,3280,4675,4033,0,0,2007,0
0,1081000,2.25,4,5,1.0,9,2100,0,2100,2400,12172,10713,0,0,1961,0
0,360000,2.5,4,3,2.0,8,2610,0,2610,2280,7333,9033,0,0,1988,0
0,159000,1.0,3,3,1.0,7,1320,0,1320,2140,6534,7405,0,0,1952,0
0,1050000,2.75,5,3,1.0,8,1660,860,2520,3000,18625,16624,0,0,1959,0
0,840000,2.25,4,4,2.0,9,2720,0,2720,2470,8712,8714,0,0,1976,0
0,499000,2.5,4,3,2.0,9,3100,0,3100,3060,5700,6000,0,0,2011,0
0,340000,2.5,4,3,1.0,7,1210,700,1910,1690,7201,7554,0,0,1987,0
0,723000,2.25,4,4,1.0,8,1290,670,1960,2160,8680,8680,0,0,1959,0
0,430000,3.25,8,4,2.0,8,2800,1500,4300,1780,10441,10457,0,0,1979,0
0,1580000,2.75,4,4,2.0,10,2630,850,3480,3770,19991,20271,2,0,1979,0
0,358800,2.5,4,3,2.0,8,2155,0,2155,2155,8140,7245,0,0,1996,0
0,288000,2.75,5,4,1.5,7,2140,650,2790,1056,4807,4807,0,0,1949,0
0,209950,1.5,3,4,1.0,7,1180,0,1180,2030,7300,8424,0,0,1968,0
0,283748,2.25,3,3,2.0,7,1940,0,1940,1800,9560,9560,0,0,1989,0
0,399950,2.75,4,4,1.0,8,1610,1600,3210,2100,41689,41384,0,0,1989,0
0,360000,2.5,5,3,1.0,8,1680,1200,2880,2080,6902,5586,0,0,1976,2007
0,321000,2.5,3,3,2.0,7,2014,0,2014,2014,4500,4500,0,0,2005,0
0,245000,2.0,3,3,1.0,7,1440,0,1440,1680,7008,7200,0,0,1985,0
0,257000,2.75,4,3,1.0,8,1800,530,2330,2320,7642,7933,0,0,1990,0
0,485000,2.25,4,4,1.0,7,1850,0,1850,1650,9911,8670,0,0,1957,0
0,500000,2.5,4,3,2.0,8,2230,0,2230,2400,8560,7756,0,0,2002,0
0,194000,1.0,3,3,1.0,6,820,360,1180,1070,6050,6050,0,0,1944,0
0,410000,2.25,3,3,2.0,7,1450,0,1450,1710,19206,21485,0,0,1989,0
0,1034500,2.5,4,3,2.0,9,2370,0,2370,2510,10858,21673,0,0,2003,0
0,235000,2.0,3,4,1.0,7,1110,0,1110,1390,8724,7750,0,0,1990,0
0,268000,1.75,3,3,1.0,7,1600,0,1600,2100,7711,7711,0,0,1999,0
0,525000,1.0,3,4,1.0,8,950,500,1450,1880,4000,4000,1,0,1948,0
0,370000,1.75,3,4,1.5,6,1150,0,1150,1530,6600,6600,0,0,1970,0
0,299000,2.25,4,3,2.0,7,1870,0,1870,1650,6693,6518,0,0,1996,0
0,345000,1.75,3,4,1.0,7,1260,600,1860,1850,7191,7490,0,0,1975,0
0,351000,2.5,4,3,2.0,7,2370,0,2370,2090,7274,7656,0,0,1997,0
0,745000,2.25,4,3,2.0,8,2290,0,2290,2040,10409,10409,0,0,1972,0
0,555700,2.0,3,4,1.0,7,1810,0,1810,2230,12420,12330,0,0,1957,0
0,340000,2.5,4,3,2.0,9,2665,0,2665,2665,5868,6092,0,0,2006,0
0,725126,2.5,4,3,2.0,10,3200,0,3200,3770,12369,12960,0,0,1998,0
0,135000,1.0,3,3,1.0,5,840,0,840,1010,3000,6000,0,0,1943,0
0,230000,1.5,6,4,1.5,8,2140,0,2140,1710,36509,12000,0,0,1903,1979
0,1770000,2.5,3,4,1.0,9,2580,0,2580,2410,14603,14347,2,0,1951,0
0,239000,1.75,3,4,1.0,7,1340,0,1340,1520,16480,10451,0,0,1968,0
0,345000,2.25,4,3,2.0,8,2320,0,2320,2170,7350,7350,0,0,1973,0
0,289000,2.5,3,4,1.0,7,2110,0,2110,1680,8304,7508,0,0,1985,0
0,285000,1.5,5,4,1.5,7,1840,0,1840,1690,8050,8151,0,0,1962,0
0,245000,2.25,3,3,1.0,7,1540,670,2210,2230,10794,10753,0,0,1967,0
0,520000,2.25,3,3,1.0,7,1540,670,2210,2230,10794,10753,0,0,1967,0
0,448000,3.5,5,3,2.0,9,2760,980,3740,2880,24684,26023,0,0,1998,0
0,270000,2.75,4,3,1.0,7,1200,1240,2440,1790,7150,7150,0,0,1963,1985
0,225000,1.5,3,3,1.0,7,980,680,1660,1770,7221,8083,0,0,1962,0
0,169000,1.75,3,3,1.0,8,1720,0,1720,1970,9775,8400,0,0,1978,0
0,279950,1.75,3,3,1.0,8,1720,0,1720,1970,9775,8400,0,0,1978,0
0,1950000,2.75,4,4,2.0,10,2830,1190,4020,3150,18745,20897,4,0,1989,0
0,975000,2.5,4,4,2.0,9,3240,0,3240,3340,35083,24501,0,0,1978,0
1,650000,2.0,10,4,2.0,7,3010,600,3610,2040,11914,11914,0,0,1958,0
0,225000,1.0,3,3,1.0,6,1250,0,1250,1800,10200,8283,0,0,1965,0
0,230000,2.5,3,3,2.0,7,1340,0,1340,1060,3011,3232,0,0,1995,0
0,370000,2.5,4,3,2.0,8,2570,0,2570,2140,7753,7615,0,0,1987,0
0,225000,1.0,2,3,1.0,7,940,0,940,1450,15000,15000,0,0,1960,0
0,335000,2.5,3,3,2.0,8,2588,0,2588,2389,5701,5702,0,0,2008,0
0,972800,3.25,5,3,2.0,11,3500,0,3500,3500,10457,11734,0,0,2001,0
0,415000,1.5,3,4,1.0,7,1090,0,1090,1320,8400,8400,0,0,1966,0
0,490000,2.75,5,3,2.0,8,2990,0,2990,2710,7200,7620,0,0,1997,0
0,374000,2.5,4,3,2.0,7,2580,0,2580,2160,6260,3600,0,0,2004,0
0,435000,3.0,4,3,1.0,7,1410,860,2270,1740,7245,7571,0,0,1979,0
0,1051000,3.0,4,5,1.0,8,1460,1460,2920,2970,33976,15210,3,0,1964,0
0,157500,1.0,3,3,1.0,6,960,140,1100,1280,27008,8890,0,0,1935,0
0,244000,1.75,3,4,1.0,8,1500,0,1500,1940,7475,7475,0,0,1976,0
0,289950,2.5,3,3,1.0,8,1770,0,1770,2200,9450,8582,0,0,1988,0
0,1900000,2.75,4,3,2.0,9,3900,380,4280,3590,12668,12670,0,0,1947,2008
0,250000,2.75,4,3,2.0,8,1830,0,1830,2400,6643,6472,0,0,2001,0
0,155000,1.5,3,3,1.0,7,970,0,970,1230,8400,8400,0,0,1966,0
0,336600,2.25,3,3,2.0,7,1654,0,1654,1975,8464,8515,0,0,1995,0
0,1300000,1.75,4,4,1.0,8,2610,0,2610,2920,21600,20330,0,0,1966,0
0,175000,1.0,3,3,1.0,7,1070,0,1070,1320,6164,7920,0,0,1967,0
0,475000,3.0,4,4,2.0,7,1600,800,2400,2400,5400,5400,2,0,1965,0
0,390000,1.0,2,3,1.0,5,670,0,670,2180,11505,11505,0,0,2003,0
0,752000,2.5,4,3,1.0,8,1710,860,2570,2050,8178,7500,2,0,1961,0
0,678700,1.75,3,4,1.0,8,1300,670,1970,2500,10548,8548,0,0,1973,0
0,603000,2.25,4,3,2.0,9,2110,0,2110,2660,11155,11900,0,0,1975,0
1,450000,2.25,3,4,1.0,7,2450,0,2450,1440,42180,42180,0,0,1978,2000
0,1031000,2.5,3,3,2.0,7,4110,0,4110,2710,35741,8865,0,0,1976,0
0,283500,2.5,4,3,2.0,7,1990,0,1990,2020,5577,6400,0,0,1999,0
0,370000,2.5,4,3,2.0,8,2320,0,2320,2320,9264,9129,0,0,1994,0
0,1150000,2.5,3,3,2.0,10,4190,0,4190,3650,9624,8321,0,0,1999,0
0,265000,1.0,4,3,1.0,7,1080,860,1940,1940,9533,8839,0,0,1962,0
0,1398000,2.5,3,4,2.0,10,2910,0,2910,2420,10044,12287,0,0,1989,0
0,2300000,4.75,7,3,2.0,10,3650,1660,5310,2920,8816,10610,0,0,2013,0
0,439800,1.5,3,5,1.0,7,1120,0,1120,1300,6900,7000,0,0,1956,0
0,775000,2.5,4,4,1.0,8,1250,820,2070,2070,8473,9499,0,0,1976,0
0,684680,2.25,4,4,2.0,8,2370,0,2370,2370,9360,9720,0,0,1979,0
0,250000,2.5,3,3,2.0,7,1610,0,1610,1660,6600,7689,0,0,1994,0
0,360000,2.0,4,5,1.0,8,2680,0,2680,1230,18768,15750,0,0,1965,0
0,675000,2.0,5,3,1.5,8,2420,0,2420,1940,21000,8085,0,0,1966,0
0,237000,2.0,3,4,1.0,7,1210,0,1210,1560,6634,7200,0,0,1985,0
0,295000,2.5,4,3,2.0,7,1850,0,1850,1850,8198,7924,0,0,1993,0
0,329000,1.0,3,3,1.5,7,1200,0,1200,1610,5650,5650,0,0,1928,0
0,339999,2.5,3,3,2.0,8,2360,0,2360,1860,8093,6762,0,0,1995,0
0,250000,2.0,3,3,1.0,7,1060,440,1500,1640,5200,5200,0,0,1977,0
0,635250,2.25,3,5,1.0,8,1510,700,2210,2470,22040,14258,0,0,1976,0
0,78000,1.0,2,1,1.0,5,780,0,780,1700,16344,10387,0,0,1942,0
0,330490,2.75,3,4,1.0,7,1040,400,1440,1510,7350,7350,0,0,1980,0
0,325000,2.5,3,3,2.0,7,1740,0,1740,2180,5267,5000,0,0,1999,0
0,335000,2.5,3,3,2.0,7,1740,0,1740,2180,5267,5000,0,0,1999,0
0,314000,2.75,5,5,1.0,7,1460,750,2210,1590,13500,10850,0,0,1963,0
0,809000,2.5,3,3,2.0,9,2590,0,2590,2600,7720,9490,0,0,1988,0
0,535000,2.5,3,3,2.0,9,2790,0,2790,2580,19485,17859,0,0,1990,0
0,275000,1.75,5,3,1.0,7,1140,1040,2180,2140,9178,9261,0,0,1963,0
0,358000,2.75,4,4,1.0,7,1620,960,2580,1570,11900,9375,0,0,1967,0
0,297975,2.25,3,4,1.0,7,1720,1100,2820,1040,8100,8100,0,0,1947,0
0,190000,1.75,3,5,1.0,7,1390,0,1390,1260,7700,7700,0,0,1965,0
0,340000,2.5,4,3,2.0,8,2380,0,2380,2190,9362,9840,0,0,2000,0
0,147000,1.0,3,3,1.0,7,1070,0,1070,920,14000,12500,0,0,1960,0
0,334000,2.25,3,4,2.0,7,2000,0,2000,1950,7225,7464,0,0,1985,0
0,605000,2.5,4,3,1.0,8,1420,1380,2800,2140,10786,10788,0,0,1970,0
0,365000,1.75,3,4,1.0,8,1450,0,1450,2256,61419,82328,0,0,1976,0
0,345000,1.0,3,4,1.0,6,1620,0,1620,1680,10610,10795,0,0,1958,0
0,599000,2.75,5,3,1.0,7,2080,650,2730,2260,22572,15458,0,0,1968,1992
0,255000,2.25,3,5,1.0,7,1740,0,1740,1420,10378,10167,0,0,1977,0
0,295000,1.75,4,4,1.0,7,1800,0,1800,1800,28650,5234,0,0,1975,0
0,550000,3.5,4,3,2.0,10,4150,0,4150,3618,16197,15210,0,0,2006,0
0,225000,1.0,2,4,1.0,5,1070,0,1070,1910,6000,6000,0,0,1922,0
0,520000,0.75,4,4,1.0,7,1320,640,1960,1940,8277,8402,4,1,1923,1986
0,497500,1.5,5,4,1.0,7,1230,940,2170,1670,8610,8610,0,0,1959,0
0,307000,2.0,4,3,2.0,7,1720,670,2390,1950,23972,22750,0,0,1949,0
0,223000,1.75,3,4,1.0,7,1340,0,1340,1510,7473,8240,0,0,1973,0
0,425000,2.75,3,3,2.0,9,2600,0,2600,2800,10874,11504,0,0,1994,0
0,190000,2.25,3,4,1.0,7,1220,420,1640,1560,7730,7566,0,0,1989,0
0,275000,1.75,4,4,1.0,8,1960,0,1960,2010,6177,8162,0,0,1967,0
0,1468000,3.25,4,3,2.0,12,5010,0,5010,4760,34460,34460,0,0,1988,0
0,900000,3.0,6,3,2.0,8,3020,0,3020,1720,13783,13500,0,0,1952,2002
0,290000,2.0,2,3,1.0,7,910,680,1590,1560,9375,8524,0,0,1983,0
0,780000,2.5,4,4,1.0,8,1730,1290,3020,2600,15164,11556,0,0,1976,0
0,572500,2.0,3,3,2.0,9,2290,0,2290,2250,11200,10000,0,0,1979,0
0,389000,1.75,3,4,1.0,7,1090,1090,2180,2050,9220,22400,0,0,1938,0
0,476000,2.5,4,3,2.0,9,2740,0,2740,2740,33158,36074,0,0,1993,0
0,287000,2.25,3,4,1.0,8,1550,750,2300,2000,7200,7350,0,0,1978,0
0,319000,2.5,3,5,2.0,7,1610,0,1610,1840,8544,8190,0,0,1994,0
0,120750,1.75,3,4,1.0,7,1140,0,1140,1510,9628,9633,0,0,1969,0
0,195000,1.75,3,4,1.0,7,1140,0,1140,1510,9628,9633,0,0,1969,0
0,530000,1.75,3,4,1.0,8,1690,0,1690,1840,8190,8705,0,0,1958,0
0,344500,1.75,3,3,1.0,7,1210,680,1890,2040,9535,11108,0,0,1976,0
0,330000,2.5,4,3,2.0,8,2105,0,2105,1930,6093,8022,0,0,2003,0
0,840500,2.25,4,3,1.0,7,1490,800,2290,2290,12174,9379,4,1,1948,0
0,679000,2.5,3,3,2.0,8,2770,0,2770,2660,9350,9695,3,0,1957,2000
0,757500,2.25,5,3,2.0,8,3160,0,3160,2540,8065,7917,0,0,1977,0
0,551100,1.0,3,5,1.0,7,1430,0,1430,1430,8640,9840,0,0,1954,0
0,421000,2.0,3,5,1.0,7,1420,0,1420,2020,12655,9655,0,0,1968,0
0,281000,2.25,4,3,2.0,7,1677,0,1677,1677,3600,3600,0,0,2012,0
1,655275,1.75,3,3,1.0,7,1460,590,2050,2670,11856,11856,0,0,1962,0
0,850000,3.5,3,4,2.0,9,2060,560,2620,2590,11148,10796,4,0,1977,0
0,246000,2.5,3,3,1.0,8,1290,360,1650,1880,6675,6675,0,0,1990,0
0,990000,2.5,4,3,2.0,10,3140,0,3140,2750,11049,11049,0,0,1988,0
0,273000,3.0,4,3,2.0,7,1990,0,1990,1910,6180,6180,0,0,1990,0
0,200000,1.0,2,4,1.0,6,930,0,930,1630,8665,12375,0,0,1938,0
0,839000,1.0,3,3,1.0,7,1230,0,1230,2100,12305,7960,0,0,1955,1990
0,502000,2.5,3,3,1.0,7,1250,620,1870,1550,9135,9100,0,0,1984,0
0,305000,2.25,3,4,1.0,7,1360,750,2110,1660,7665,8436,0,0,1973,0
0,1650000,2.25,3,5,1.0,7,1620,1130,2750,2570,6203,7009,4,1,1959,0
0,387000,1.0,3,5,1.0,7,1230,0,1230,1270,9568,9575,0,0,1962,0
0,248000,2.5,4,3,2.0,7,1770,0,1770,1790,5855,5679,0,0,2003,0
0,279000,2.5,3,3,2.0,7,1660,0,1660,2240,7388,6228,0,0,2003,0
0,361500,2.75,4,3,2.0,7,2190,0,2190,1950,6740,7150,0,0,1995,0
0,404000,1.75,3,3,1.0,7,1720,0,1720,1720,7202,7625,0,0,1995,0
0,319000,3.25,4,3,2.0,8,2360,0,2360,1860,8344,8410,0,0,1990,0
0,320000,1.5,3,4,1.0,6,1490,0,1490,1720,10132,9915,0,0,1969,0
0,1000000,2.75,3,4,1.0,9,1670,700,2370,2840,8900,8956,4,0,1971,0
0,660000,2.5,4,4,2.0,8,2290,0,2290,2290,9120,9120,0,0,1977,0
0,500000,1.5,2,4,1.0,7,1760,0,1760,2200,12000,12088,0,0,1964,0
0,381500,2.5,4,4,2.0,8,2430,0,2430,2430,5556,5556,0,0,2003,0
0,990000,2.25,3,4,2.0,9,2630,0,2630,3140,12899,15320,0,0,1966,0
0,305000,2.5,4,3,1.0,8,1520,990,2510,2210,12000,8320,0,0,1977,0
0,299980,1.5,4,3,1.0,6,790,790,1580,1130,10230,6955,0,0,1945,2008
0,290000,2.5,4,3,2.0,7,1850,0,1850,1750,5674,6875,0,0,1993,0
0,657000,2.75,4,3,1.0,9,1810,1250,3060,1980,35380,10425,0,0,1982,0
0,254500,1.0,2,3,1.0,6,1150,0,1150,1100,11250,11400,0,0,1920,0
0,100000,1.0,2,3,1.0,6,910,0,910,1326,22000,9891,0,0,1956,0
0,208000,1.0,3,4,1.0,6,1300,0,1300,1250,7420,7420,0,0,1960,0
0,405000,3.5,5,3,2.0,9,3006,666,3672,2140,9742,9118,0,0,2006,0
0,568000,2.5,3,3,2.0,9,2740,0,2740,2710,22499,22499,0,0,1994,0
0,235000,2.0,3,4,1.0,6,1090,0,1090,1100,8400,10850,0,0,1961,0
0,175000,1.0,2,3,1.0,7,1410,0,1410,1540,7000,6000,0,0,1968,0
0,335000,1.0,2,3,1.0,7,1410,0,1410,1540,7000,6000,0,0,1968,0
0,619850,2.5,4,5,1.0,8,1500,770,2270,2270,9247,9163,0,0,1972,0
0,225900,1.0,3,4,1.0,7,1010,500,1510,1290,8800,8470,0,0,1963,0
0,215000,2.25,4,4,1.0,7,1900,0,1900,2040,9600,9600,0,0,1967,0
0,802000,2.5,3,3,2.0,9,2580,0,2580,2580,13096,7988,0,0,1986,0
0,330000,2.5,4,3,2.0,9,2340,0,2340,2250,11784,10760,0,0,1997,0
0,549800,2.25,3,4,1.0,7,1580,0,1580,2270,11680,10948,0,0,1958,0
0,195500,1.0,4,4,1.5,6,1230,0,1230,1168,8636,8316,0,0,1954,0
0,338000,2.5,3,3,2.0,7,1590,0,1590,1790,7819,7733,0,0,1992,0
0,3200000,3.25,4,4,1.0,12,3500,3500,7000,4913,28206,14663,4,1,1991,0
0,383000,2.5,4,3,1.0,7,1200,650,1850,1840,8310,10080,0,0,1962,0
0,257000,1.75,3,3,1.0,7,1430,0,1430,1220,7210,7777,0,0,1975,0
0,335000,2.75,4,4,2.0,8,2190,0,2190,2430,9209,6687,0,0,1996,0
0,422000,2.5,4,3,2.0,8,2310,0,2310,1800,6650,9819,2,0,2012,0
0,560000,1.75,3,5,1.0,7,1400,600,2000,2050,10182,10182,0,0,1963,0
0,680000,2.75,4,3,2.0,10,3620,0,3620,3310,35429,54193,0,0,2006,0
0,665000,2.5,3,3,1.0,10,2330,0,2330,3320,15536,17461,2,0,1996,0
0,320000,2.75,6,5,1.0,7,1310,1100,2410,1310,10763,10746,0,0,1957,0
0,250000,2.0,4,3,1.0,7,1470,0,1470,1390,7412,7825,0,0,1967,0
0,423000,1.75,3,5,1.0,7,1100,0,1100,1340,10005,9709,0,0,1964,0
0,601002,2.5,4,3,1.0,8,1050,1000,2050,1990,8094,9020,0,0,1976,0
0,1075000,2.75,4,4,2.0,8,1780,800,2580,2840,8100,10006,1,0,1964,0
0,349950,2.5,3,3,2.0,7,2390,0,2390,2180,6441,7346,0,0,2002,0
0,395000,2.5,4,3,2.0,9,2250,0,2250,2480,6840,7386,0,0,1987,0
0,273500,1.5,3,3,1.0,8,1540,460,2000,1920,15265,15265,0,0,1967,0
0,699000,2.5,3,4,2.0,9,2370,0,2370,2380,10968,8144,0,0,1985,0
0,266750,2.25,3,3,2.0,7,1650,0,1650,1420,10000,10000,0,0,1988,0
0,365000,1.75,4,4,1.5,7,3080,0,3080,1980,32997,5711,0,0,1950,1982
0,242000,1.0,2,3,1.0,6,960,0,960,1020,21850,21850,0,0,1947,0
0,1110000,3.25,4,4,1.0,9,2010,1510,3520,2630,19354,19354,2,0,1978,0
0,265000,1.75,2,5,1.0,8,1090,0,1090,1160,3272,5475,0,0,1970,0
0,1190000,2.5,4,5,2.0,10,3160,0,3160,3490,13194,13194,0,0,1965,0
0,295000,1.75,3,4,1.0,7,1170,350,1520,1520,6559,6095,0,0,1992,0
0,503000,2.0,3,3,2.0,8,1980,610,2590,3170,108900,108900,0,0,1988,0
0,135000,1.0,2,3,1.0,5,600,0,600,1090,6120,6120,0,0,1943,1989
0,259000,1.5,4,5,1.5,7,1260,0,1260,1300,7248,7732,0,0,1955,0
0,210000,2.25,3,4,1.0,7,1470,670,2140,2050,9775,8625,0,0,1978,0
0,375000,1.75,3,4,1.0,7,1800,730,2530,2460,35150,36386,0,0,1977,0
0,339950,2.25,4,3,1.0,8,2170,500,2670,1880,9040,2648,0,0,1955,0
0,320000,2.5,5,4,1.0,8,1510,1510,3020,1610,21441,16445,0,0,1978,0
0,237000,1.5,3,3,1.0,7,960,0,960,1640,7400,8060,0,0,1962,0
0,745000,2.75,3,4,1.0,8,1890,1120,3010,2500,12432,12432,0,0,1970,0
0,1825000,3.75,3,3,2.0,11,4440,1590,6030,4040,39317,12333,0,0,1991,0
0,180000,2.25,3,3,2.0,7,1990,0,1990,1220,6350,6250,0,0,1967,0
0,309950,2.25,3,3,2.0,7,1990,0,1990,1220,6350,6250,0,0,1967,0
0,330000,2.5,3,3,2.0,7,1990,0,1990,1680,9995,7511,0,0,1996,0
0,294000,2.5,4,3,1.0,8,1490,720,2210,2210,8465,7917,0,0,1990,0
0,320900,2.0,3,4,1.0,8,1770,0,1770,2560,7251,7210,0,0,1990,0
0,369950,2.5,4,3,2.0,7,2050,0,2050,2480,4502,4504,0,0,2005,0
0,565000,2.75,4,4,2.0,9,3130,0,3130,2720,139392,104544,0,0,1981,0
0,458000,2.25,3,3,1.0,8,1450,700,2150,2170,9900,9500,0,0,1977,0
0,310000,2.0,3,5,1.0,6,1290,0,1290,1960,6150,6150,1,0,1950,0
0,398000,2.5,5,3,2.0,9,3004,0,3004,2665,5700,5700,0,0,2006,0
0,1005000,3.25,5,3,2.0,12,4050,0,4050,4770,35600,33880,0,0,1990,0
0,250000,2.25,3,3,1.0,7,1300,600,1900,1900,9990,9990,0,0,1961,0
0,1681000,5.25,5,5,2.0,9,3930,900,4830,2880,18707,10520,1,0,1952,1998
0,330000,2.5,4,3,2.0,8,2210,0,2210,2200,5929,5901,0,0,2004,0
0,558000,3.25,4,3,2.0,9,2460,700,3160,2900,8876,10000,0,0,1997,0
0,275000,2.0,3,3,2.0,7,1380,0,1380,1620,3500,3900,0,0,1971,0
0,275000,2.5,3,3,2.0,7,1870,0,1870,1970,6821,6821,0,0,1989,0
0,140000,1.75,3,3,2.0,7,1270,0,1270,1270,8991,8993,0,0,1981,0
0,275000,1.75,4,4,1.0,7,1560,120,1680,2000,19405,12900,0,0,1959,0
0,370000,2.75,3,4,1.0,7,2120,0,2120,1180,7650,7650,0,0,1958,0
0,312000,1.0,4,4,1.0,7,1010,720,1730,1369,8706,8418,0,0,1962,0
0,260000,1.0,2,3,1.5,6,1410,0,1410,1430,5650,5650,0,0,1918,0
0,329950,2.25,3,3,1.0,7,1350,720,2070,1620,7995,6799,0,0,1987,0
0,220000,2.25,3,3,1.0,7,1160,310,1470,1720,7518,8300,0,0,1985,0
0,249950,2.0,5,4,1.0,6,1730,0,1730,1550,7375,7125,0,0,1944,0
0,705000,1.75,4,4,1.0,8,1690,0,1690,2300,11739,11600,0,0,1959,0
0,590000,2.5,4,4,1.5,8,3220,0,3220,1600,7875,7875,0,0,1966,0
0,506000,2.5,3,3,1.0,8,2100,0,2100,1330,213008,214315,0,0,1990,0
0,907500,2.5,4,4,2.0,9,2770,0,2770,2670,8642,9000,0,0,1987,0
0,2271150,3.25,4,4,1.0,9,4040,0,4040,3000,18916,18831,0,0,1954,0
0,237000,1.0,3,3,1.0,7,1130,0,1130,1320,10650,10650,0,0,1954,0
0,235000,1.0,5,5,1.5,6,1500,0,1500,1520,9282,9639,0,0,1966,0
0,334950,2.5,4,3,2.0,7,2230,0,2230,1910,5500,5500,0,0,1999,0
0,253000,2.5,4,3,2.0,7,2230,0,2230,2800,4541,4860,0,0,2006,0
0,675000,2.5,4,3,1.0,8,920,1500,2420,2690,18470,13800,0,0,1968,0
0,267000,1.5,3,3,1.0,7,1090,0,1090,1260,8160,7560,0,0,1967,2014
0,368000,2.5,4,3,2.0,9,2689,0,2689,2665,5724,5700,0,0,2006,0
0,252000,1.75,4,4,1.0,8,1940,0,1940,2405,13370,11769,0,0,1974,0
0,247200,1.0,3,4,1.0,7,1590,0,1590,1560,11200,9750,0,0,1961,0
0,160000,1.0,3,4,1.0,6,880,0,880,990,8976,8760,0,0,1966,0
0,355900,2.5,3,3,2.0,7,2090,0,2090,2040,3821,4200,0,0,2008,0
0,710000,2.5,4,4,1.0,9,1700,930,2630,2430,8580,10240,0,0,1977,0
0,518000,1.75,4,3,1.0,7,1880,680,2560,2210,15000,15150,0,0,1974,0
0,585000,1.75,3,3,1.0,7,2170,0,2170,2840,153767,49500,0,0,1976,0
0,355000,2.5,4,3,2.0,7,2150,0,2150,2220,3600,3915,0,0,2010,0
1,390000,1.5,3,4,1.0,7,1180,0,1180,1510,7700,8800,0,0,1959,0
0,128000,1.0,3,3,1.0,7,1400,0,1400,1280,9690,9600,0,0,1969,0
0,265000,1.0,3,5,1.0,6,1010,0,1010,1510,14948,9600,0,0,1969,0
0,305000,2.25,3,4,1.0,8,1100,530,1630,1830,10962,8470,0,0,1977,0
0,407000,2.5,2,4,2.0,8,1700,0,1700,1700,6635,6635,0,0,1976,0
0,613000,2.5,5,4,1.0,7,1340,730,2070,2090,12000,12000,0,0,1967,0
1,1160000,3.5,4,3,2.0,10,3360,1320,4680,2800,9700,12343,0,0,2005,0
0,450000,2.5,3,3,2.0,10,2730,1070,3800,2980,13071,11110,0,0,1994,0
0,250000,2.5,3,3,2.0,7,1650,0,1650,1490,2802,2084,0,0,2004,0
0,500000,3.0,4,3,3.0,7,3720,0,3720,2020,15048,15180,0,0,1979,2014
0,465000,2.5,4,3,2.0,8,2590,0,2590,2320,16437,15625,0,0,1986,0
0,276900,2.5,3,3,2.0,7,1620,0,1620,1550,7320,7686,0,0,1989,0
0,480000,2.5,3,3,2.0,9,2450,0,2450,2440,28185,33541,0,0,1990,0
0,925000,1.75,3,3,1.0,7,1070,540,1610,1940,10796,10796,0,0,1951,0
0,825000,3.0,3,3,1.0,9,2960,770,3730,2280,35900,16026,0,0,1979,0
0,205000,1.0,3,4,1.0,7,1300,0,1300,2140,9880,9600,0,0,1959,0
0,150000,1.0,2,1,1.5,4,850,0,850,1550,54000,14440,0,0,1950,0
0,593567,2.5,3,3,2.0,9,1770,0,1770,2120,3205,4134,0,0,2005,0
0,751000,2.5,3,3,2.0,10,3090,0,3090,2980,13316,14437,0,0,1992,0
0,295000,1.75,2,4,1.5,6,1050,0,1050,1320,6500,10075,2,0,1925,0
0,480000,1.0,3,4,1.0,7,1160,0,1160,1750,8800,8400,0,0,1959,0
0,672500,2.75,4,3,2.0,9,2620,0,2620,2590,6707,6530,0,0,2000,0
0,1675000,3.25,5,5,1.0,9,2490,2070,4560,3390,19080,20140,0,0,1963,0
0,725000,1.75,4,3,1.0,8,1720,630,2350,2220,7574,8496,0,0,1979,0
0,595000,1.5,4,4,1.0,7,1350,0,1350,1930,8113,8113,0,0,1959,0
0,850000,2.5,4,3,2.0,9,3180,0,3180,3110,11652,15183,1,0,1977,0
0,300000,2.5,4,3,2.0,8,2400,0,2400,2220,7215,7760,0,0,1992,0
0,234950,1.0,3,3,1.0,6,1360,0,1360,1670,9948,8475,0,0,1977,0
0,538000,2.75,3,5,1.0,7,1250,750,2000,2480,7204,17633,0,0,1960,0
0,260000,2.25,3,4,1.0,7,1300,620,1920,1500,9680,9516,0,0,1961,0
0,500000,1.0,4,4,1.0,6,820,340,1160,1670,20100,10200,0,0,1913,0
0,356000,2.25,3,3,2.0,8,2280,0,2280,1920,8765,8265,0,0,1977,0
0,962800,2.75,4,3,2.0,10,3630,0,3630,3800,11775,12451,0,0,1999,0
0,315000,2.5,4,3,2.0,8,2040,0,2040,2260,6300,5877,0,0,2003,0
0,965800,1.75,4,4,1.0,8,1500,1000,2500,1900,8725,8998,0,0,1966,0
0,182200,1.0,4,3,1.5,6,1130,0,1130,1800,13927,8274,0,0,1929,0
0,525000,3.25,5,4,2.0,9,2690,1270,3960,2360,321908,96703,0,0,1989,0
0,443000,3.0,4,3,2.0,9,2620,0,2620,2920,35124,35807,0,0,1987,0
0,1256500,2.5,4,4,2.0,9,3150,0,3150,3200,13700,11900,0,0,1966,0
0,520000,1.75,3,3,1.0,8,1540,0,1540,1540,7558,7863,0,0,1964,0
0,265000,2.75,5,5,1.5,7,1800,1120,2920,1220,5250,5250,0,0,1911,0
0,259500,1.5,4,4,1.0,7,1300,0,1300,1420,7200,7200,0,0,1970,0
0,359950,3.25,4,3,2.0,9,2290,0,2290,2290,4785,4785,0,0,2007,0
0,517000,1.75,3,3,1.0,7,1740,0,1740,1350,10000,7500,0,0,1976,2009
0,579000,1.0,3,3,1.0,8,1280,310,1590,2140,5400,7161,1,0,1948,0
0,320000,2.5,4,3,1.0,7,1500,630,2130,2000,9653,7988,0,0,1978,0
0,635000,1.75,4,4,1.0,8,1370,580,1950,2120,13320,12051,0,0,1969,0
0,400000,2.5,4,3,2.0,8,2150,0,2150,2260,5397,5080,0,0,1998,0
0,455000,1.75,3,4,1.0,7,1270,0,1270,1510,7700,7700,0,0,1968,0
0,572000,1.75,3,5,1.5,6,1850,0,1850,2700,22767,17906,4,0,1908,0
0,162500,1.5,3,3,1.0,7,1390,0,1390,1390,7417,7665,0,0,1967,0
0,342000,1.75,3,3,1.0,7,1280,500,1780,1780,10409,7415,0,0,1981,0
0,315000,2.5,4,3,2.0,7,3130,0,3130,3020,5999,5997,0,0,2006,0
0,277500,2.5,4,3,1.0,8,1750,800,2550,2260,7500,8800,0,0,1976,0
0,392000,2.75,4,3,2.0,8,1940,0,1940,1840,6555,6912,0,0,1990,0
0,133000,2.0,5,3,1.5,6,1430,0,1430,1860,5600,5980,0,0,1947,0
0,440000,2.0,5,3,1.5,6,1430,0,1430,1860,5600,5980,0,0,1947,0
0,335000,2.5,4,3,2.0,8,2520,0,2520,2350,7205,7632,0,0,1987,0
0,292000,2.75,4,3,2.0,8,2414,0,2414,1500,7693,7177,0,0,2006,0
0,525000,2.75,4,3,1.0,7,1700,830,2530,2530,11549,10000,0,0,1942,0
0,435000,2.5,3,3,2.0,9,2530,0,2530,2370,16102,14957,0,0,1989,0
0,359900,2.75,5,4,1.5,7,2790,0,2790,1480,7600,7600,0,0,1965,0
0,700000,1.75,4,3,1.0,7,1150,800,1950,1600,7139,13122,4,1,1957,0
0,655000,2.5,4,3,2.0,9,3110,0,3110,3080,24466,22185,0,0,1997,0
0,2480000,5.0,4,3,1.0,12,3090,2220,5310,5220,16909,15701,4,0,1992,0
0,499950,2.5,3,3,2.0,9,2580,0,2580,1660,23925,8460,0,0,2001,0
0,970000,2.75,4,3,2.0,11,3980,0,3980,3800,9209,9333,0,0,2002,0
0,330000,2.5,4,4,1.0,8,1400,680,2080,2090,7000,7082,0,0,1989,0
0,670000,1.75,4,4,1.0,9,1930,0,1930,2110,9310,10290,0,0,1968,0
0,1160000,2.5,4,4,2.0,10,2940,920,3860,3720,10361,13155,2,0,1985,0
0,440000,2.5,4,3,2.0,9,2880,0,2880,2650,8061,7660,0,0,1988,0
0,255000,2.0,3,3,1.0,7,1290,0,1290,1290,13282,12357,0,0,1978,0
0,1520000,3.5,5,3,2.0,11,3920,2010,5930,3860,13288,12062,2,0,1996,0
0,322000,2.5,4,3,2.0,7,1950,0,1950,1780,4553,4598,0,0,2000,0
0,205000,1.0,4,4,1.0,7,1340,0,1340,1090,7920,9600,0,0,1970,0
0,183000,1.0,2,4,1.0,7,760,0,760,1370,7272,7866,0,0,1980,0
0,409000,2.75,4,4,2.0,8,3230,0,3230,2550,12651,12081,0,0,2002,0
0,280000,2.5,3,3,2.0,7,1600,0,1600,1830,7936,7936,0,0,1996,0
0,286000,1.0,3,3,1.0,7,950,0,950,1250,8400,8400,0,0,1958,0
0,570000,3.5,4,3,1.0,10,2300,1690,3990,3410,23544,15932,2,0,1999,0
0,362000,2.5,3,3,2.0,8,2310,0,2310,2310,7485,8142,0,0,1986,0
0,172500,1.0,3,3,1.0,7,1140,0,1140,1270,8800,13560,0,0,1972,0
0,840000,2.5,4,4,1.0,8,1650,520,2170,2350,9796,9796,0,0,1980,0
0,282500,1.0,4,4,1.0,7,1650,0,1650,1650,9750,10112,0,0,1964,0
0,265000,2.25,3,4,1.0,7,1140,240,1380,1640,7226,7823,0,0,1987,0
0,300499,2.5,4,3,2.0,8,2150,0,2150,2170,7944,8319,0,0,1990,0
0,865000,1.5,3,3,1.0,7,1790,0,1790,2080,7526,10943,0,0,1953,2014
0,1565000,2.75,4,4,1.5,7,2130,840,2970,1980,12750,15300,1,0,1918,1986
0,245000,2.25,4,3,2.0,7,2190,0,2190,1570,9113,8306,0,0,1986,0
0,379950,2.5,4,3,2.0,8,2680,0,2680,2010,4500,4500,0,0,2011,0
0,415000,3.5,4,3,2.0,8,2240,800,3040,2220,7125,7800,1,0,2002,0
0,427500,2.5,4,3,2.0,9,2460,0,2460,2490,5091,4750,0,0,2003,0
0,339300,2.0,3,5,1.0,7,970,0,970,1230,10000,7500,0,0,1972,0
0,275000,1.5,3,4,1.0,6,1400,0,1400,1160,9750,9750,0,0,1964,0
0,299250,2.5,3,3,2.0,9,2530,0,2530,2530,8669,9469,0,0,1990,0
0,431000,2.5,4,3,2.0,7,2300,0,2300,1770,6087,5907,0,0,2001,0
0,285000,1.75,3,3,1.0,7,1090,900,1990,2150,6500,6500,0,0,1961,0
0,778000,3.0,3,4,1.0,9,2630,0,2630,2660,10156,10455,0,0,1987,0
0,415000,1.0,3,4,1.0,7,1300,0,1300,1570,7975,9075,0,0,1958,0
0,910000,2.25,3,4,1.0,8,1660,520,2180,2600,9865,10034,0,0,1966,0
0,860000,2.5,3,3,2.0,10,2770,0,2770,2890,9136,8442,0,0,1991,0
0,782000,2.5,4,3,2.0,10,1980,850,2830,2830,20345,13732,0,0,1979,0
0,345000,1.75,3,3,1.0,7,1320,670,1990,2130,5650,5650,1,0,1963,0
0,279000,2.25,3,3,1.0,7,1170,900,2070,1570,7800,8400,0,0,1964,0
0,237000,1.0,3,4,1.0,7,1300,0,1300,1290,8160,8970,0,0,1960,0
0,200500,1.75,3,4,1.0,7,1260,0,1260,1800,9346,9705,0,0,1963,0
0,305000,2.0,3,4,1.0,7,1430,0,1430,1200,12430,8250,0,0,1957,0
0,981000,2.5,4,3,1.0,8,2110,0,2110,2230,10100,10100,2,0,1968,2005
0,276000,2.5,4,4,2.0,7,2068,0,2068,1560,7242,7524,0,0,1976,0
0,555000,2.75,5,3,1.0,8,1440,1370,2810,2480,13144,13144,0,0,1964,0
0,264500,1.5,3,3,1.0,7,1050,530,1580,2240,14040,12000,0,0,1980,0
0,240000,2.5,3,3,2.0,8,1620,0,1620,1650,5250,5250,0,0,1987,0
0,294950,2.25,4,3,1.0,7,1160,580,1740,1630,9600,9600,2,0,1957,0
0,693000,2.25,3,4,2.0,9,1420,700,2120,2950,13644,17060,1,0,1973,0
0,478000,2.5,4,3,2.0,8,2780,0,2780,2450,7290,7738,0,0,1989,0
0,635000,2.5,4,3,2.0,8,2070,0,2070,2440,11286,10826,0,0,1996,0
0,350000,2.5,4,3,2.0,8,2610,0,2610,2480,5866,5188,0,0,2005,0
0,279950,2.25,3,4,2.0,7,1340,0,1340,1470,7202,7395,0,0,1989,0
0,620000,1.75,5,3,1.0,7,1000,1000,2000,2040,8713,8449,2,0,1962,0
0,325000,2.25,4,4,2.0,7,1920,0,1920,1840,11603,7350,0,0,1967,0
0,475000,1.75,3,5,1.0,8,2270,0,2270,2440,13000,10000,0,0,1968,0
0,154000,3.0,3,3,1.0,6,1020,510,1530,1410,9997,9997,0,0,1992,0
0,1190000,3.0,5,4,2.0,11,2610,720,3330,3330,19126,16893,0,0,1977,0
0,376950,2.5,4,3,2.0,8,2643,0,2643,2406,5750,5772,0,0,2012,0
0,230000,1.0,3,4,1.0,6,880,0,880,1440,9035,10350,0,0,1967,0
0,185000,1.75,3,3,1.0,7,1130,0,1130,1830,7000,8880,0,0,1978,0
0,274950,1.0,3,3,1.0,6,1050,400,1450,1510,8820,8820,0,0,1958,0
0,129000,1.0,2,3,1.0,6,1150,0,1150,1670,30184,19684,0,0,1950,0
0,436000,3.0,5,4,2.0,8,2720,0,2720,1420,9856,9685,0,0,1969,0
0,225000,1.0,3,3,1.0,6,1080,0,1080,1610,16000,10007,0,0,1952,0
0,265000,2.5,3,3,2.0,7,1890,0,1890,1700,6088,6600,0,0,1996,0
0,762450,1.75,4,4,1.0,8,2570,0,2570,2520,8640,8800,0,0,1958,0
0,465950,2.5,4,3,2.0,7,2340,0,2340,2950,6896,6775,0,0,2001,0
0,325000,1.75,3,3,1.0,7,1210,570,1780,1780,11096,10640,0,0,1979,0
0,500000,1.75,3,3,1.0,7,1210,570,1780,1780,11096,10640,0,0,1979,0
0,450000,2.5,4,3,1.0,8,1410,1040,2450,2450,20348,50094,0,0,1978,0
0,1346400,1.75,5,4,1.0,8,1690,1690,3380,3260,20021,19809,0,0,1963,0
0,215000,2.0,3,5,1.0,7,1100,660,1760,1730,9282,7500,0,0,1947,0
0,540000,2.5,4,3,2.0,8,3000,0,3000,2730,5471,5471,0,0,2013,0
0,392500,1.75,3,4,1.0,7,1540,0,1540,1620,8925,10397,0,0,1957,0
0,987000,2.0,3,3,1.0,8,2160,0,2160,2260,15788,9787,0,0,1951,0
0,1190000,2.0,3,3,1.0,8,2160,0,2160,2260,15788,9787,0,0,1951,0
0,252500,2.0,3,3,2.0,8,1810,0,1810,2140,10684,9657,0,0,1987,0
0,730000,3.5,3,3,2.0,7,1970,470,2440,2440,3502,3417,0,0,2000,0
0,580000,2.0,5,3,1.0,7,1190,1100,2290,1460,7125,7920,0,0,1964,0
0,300000,2.5,4,3,2.0,8,2080,0,2080,1630,2999,3148,0,0,1998,0
0,301950,1.75,3,4,1.0,7,1370,0,1370,1500,9288,9864,0,0,1988,0
0,455000,2.5,4,3,2.0,9,3170,0,3170,3100,10688,12610,2,0,2001,0
0,470000,2.5,4,3,2.0,9,2700,0,2700,2880,6769,7968,0,0,1999,0
0,374990,2.5,3,3,2.0,8,1300,0,1300,1380,10484,7868,0,0,1983,0
0,782500,2.5,3,3,2.0,9,3750,0,3750,3210,7821,8405,0,0,2001,0
0,264000,2.25,3,3,2.0,7,1552,0,1552,1677,3677,3677,0,0,2012,0
0,1365000,3.5,5,3,2.0,12,4210,0,4210,4630,17258,17909,3,0,1995,0
0,389950,2.5,3,3,2.0,9,2170,0,2170,2390,8140,8100,0,0,1994,0
0,390000,1.75,3,5,1.0,7,1870,0,1870,1870,40250,40250,0,0,1959,0
0,300000,1.75,3,3,2.0,7,1700,0,1700,1830,8481,6600,0,0,1993,0
0,399000,1.75,3,5,1.5,6,1620,0,1620,1880,10000,10000,0,0,1918,0
0,247500,2.0,4,4,1.0,7,910,800,1710,1560,5200,5200,0,0,1977,0
0,530000,2.75,5,4,1.0,7,1250,1250,2500,2230,7140,8400,0,0,1968,0
0,270000,2.25,3,3,1.0,7,1380,700,2080,1770,26574,8140,2,0,1993,0
0,575000,1.75,3,3,1.0,8,1760,0,1760,1970,10349,10933,0,0,1957,0
0,278000,2.5,4,3,2.0,7,1940,0,1940,1870,6887,6144,0,0,1990,0
0,568500,2.5,4,3,2.0,9,3010,0,3010,2960,6181,6515,0,0,2000,0
0,280000,3.0,4,3,1.0,8,2460,0,2460,1730,9606,7500,0,0,2012,0
0,247500,0.75,3,3,1.0,6,680,620,1300,3080,72309,8395,0,0,1950,1987
0,1250000,2.75,5,4,1.5,9,2340,1370,3710,3370,13874,13874,3,0,1977,0
0,340000,2.5,4,3,2.0,8,2181,0,2181,2333,5521,5143,0,0,2006,0
0,329950,1.0,3,3,1.0,7,1000,0,1000,1610,9170,9170,0,0,1980,0
0,500000,2.5,3,3,2.0,9,2760,0,2760,2720,35171,35171,0,0,1990,0
0,385000,2.5,4,3,2.0,9,2960,0,2960,2960,5054,5000,0,0,2006,0
0,210000,2.0,3,3,1.0,7,1230,600,1830,2050,4992,7740,0,0,1953,0
0,449000,2.25,3,3,1.0,7,1130,830,1960,1970,44634,44634,0,0,1984,0
0,325000,1.75,2,3,1.0,7,1670,0,1670,1600,10725,10725,0,0,1965,0
0,180000,2.0,3,4,1.0,7,1670,0,1670,1330,7056,8415,0,0,1958,0
0,549000,2.5,5,4,1.0,9,1760,1680,3440,3440,12350,12763,2,0,1976,0
0,450000,2.5,3,3,2.0,10,2450,0,2450,2650,19744,19597,0,0,1990,0
0,305000,1.75,3,4,1.0,7,1400,0,1400,1780,10350,10457,0,0,1976,0
0,250000,1.0,4,5,1.0,6,1320,0,1320,1060,11212,6766,0,0,1914,0
0,180000,1.0,2,2,1.0,6,890,0,890,1100,6000,6000,0,0,1919,0
0,616950,3.5,3,3,2.0,8,2020,470,2490,2490,2722,2755,0,0,1999,0
0,372000,1.75,4,5,1.0,7,1010,880,1890,1930,10550,7291,0,0,1969,0
0,1550000,3.25,5,5,1.0,10,2000,1370,3370,4240,17458,15202,2,0,1982,0
0,240000,2.25,4,4,1.0,8,1720,0,1720,2010,8300,8000,0,0,1973,0
0,382500,1.5,3,3,1.0,8,1090,0,1090,1710,9862,9862,0,0,1987,0
0,550000,3.5,4,3,2.0,8,2770,0,2770,1720,24140,16011,0,0,1967,0
0,367500,2.0,4,3,1.0,7,1960,0,1960,1960,16015,16015,0,0,1980,0
0,323000,2.0,3,4,1.0,8,1830,0,1830,2010,6925,7350,0,0,1979,0
0,270000,2.5,4,3,2.0,7,1600,0,1600,2140,9921,5806,0,0,2009,0
0,1320000,1.75,3,3,1.0,10,2040,0,2040,2640,42693,11957,2,0,1980,0
0,560000,2.5,4,3,2.0,9,2710,0,2710,2710,6583,6583,0,0,2003,0
0,354000,2.0,3,3,1.0,8,1010,0,1010,1700,21340,13045,0,0,1980,0
0,229900,1.0,3,3,1.0,7,1440,0,1440,1440,11925,10425,0,0,1968,0
0,437400,1.75,3,4,1.0,7,2150,0,2150,1100,8925,7875,0,0,1960,0
0,570000,2.0,3,3,1.0,7,1470,420,1890,2580,29185,11600,0,0,1949,2013
0,239950,1.75,3,4,1.0,7,1230,0,1230,1330,9600,8250,0,0,1984,0
0,329000,2.75,5,3,2.0,8,2570,0,2570,2200,7260,7421,0,0,1996,0
0,915000,1.0,3,3,1.0,7,1560,0,1560,1930,8232,8286,0,0,1952,0
0,205000,1.0,3,5,1.0,6,960,0,960,990,7314,7314,0,0,1960,0
0,314000,2.5,4,3,2.0,8,1870,0,1870,2160,8449,8113,0,0,1992,0
0,329950,1.0,4,3,1.0,7,1280,770,2050,2050,7590,7800,0,0,1957,0
0,683000,2.5,3,3,2.0,9,2300,0,2300,2730,9218,9930,2,0,1998,0
0,250500,2.0,3,4,2.0,7,1710,0,1710,1710,7225,7225,0,0,1988,0
0,218000,1.0,3,4,1.0,6,880,0,880,1110,18205,16115,0,0,1945,0
0,1300000,1.75,5,3,1.0,8,1500,630,2130,3650,19180,19180,0,0,1968,0
0,590000,2.5,3,3,2.0,10,2520,0,2520,2630,10223,10091,0,0,1988,0
0,264500,2.5,3,3,1.0,8,1630,0,1630,2110,8346,8619,0,0,1990,0
0,1815000,4.5,4,3,2.0,12,4510,0,4510,2200,12873,8528,2,0,1998,0
0,416000,1.0,3,4,1.0,7,1110,0,1110,1490,12150,8200,0,0,1957,0
0,585083,2.75,5,3,1.0,8,1590,1320,2910,2910,36250,37376,0,0,1977,0
0,81000,1.0,2,1,1.0,5,730,0,730,860,9975,9000,0,0,1943,0
0,326000,1.75,4,3,1.0,7,1390,900,2290,1170,7380,7381,0,0,1963,0
0,185000,1.0,3,4,1.5,7,940,0,940,1170,7125,7125,0,0,1958,0
0,485000,2.5,4,4,2.0,7,2100,0,2100,1840,8886,9058,0,0,1964,0
0,287500,2.5,4,4,1.0,8,1590,980,2570,2120,9000,8571,0,0,1979,0
0,260000,3.0,4,3,2.0,7,1530,0,1530,1930,8306,6925,0,0,2010,0
0,190000,1.0,3,4,1.0,6,1260,0,1260,1090,10900,8137,0,0,1943,0
0,275000,2.5,3,3,2.0,7,1830,0,1830,1820,7062,6434,0,0,1990,0
0,300000,2.5,4,3,2.0,8,1960,0,1960,2130,9898,7662,0,0,2001,0
0,439000,2.25,3,5,1.5,8,1450,780,2230,2060,4551,7200,2,0,1928,0
0,277554,2.25,5,3,1.0,7,2350,0,2350,1570,13000,11440,0,0,1961,0
0,215000,2.0,3,3,1.0,6,1340,0,1340,1370,8505,9000,0,0,1931,0
0,202500,2.0,3,5,1.0,6,1540,0,1540,1250,8316,8316,0,0,1954,0
0,535000,2.5,4,3,2.0,8,3250,0,3250,3030,6933,5308,0,0,2009,0
0,260000,1.75,4,4,1.0,7,1360,0,1360,1321,7700,7756,0,0,1966,0
0,254000,2.0,3,4,1.0,7,1480,0,1480,1680,7480,7146,0,0,1992,0
0,165000,1.0,3,3,1.0,6,1200,0,1200,1960,13100,11285,0,0,1943,0
0,216500,1.0,2,4,1.0,6,710,0,710,940,6960,7680,0,0,1943,0
0,387990,2.5,4,3,2.0,8,2640,0,2640,1840,5595,5011,0,0,2011,0
0,323400,3.0,4,3,1.0,8,1430,630,2060,2250,9138,7820,0,0,1992,0
0,300000,2.5,3,3,2.0,7,1880,0,1880,2090,4200,4200,0,0,2007,0
0,255000,1.75,4,3,1.0,7,1100,550,1650,1620,7200,7374,0,0,1977,0
0,660000,1.75,3,4,2.0,7,2030,0,2030,2350,9032,8937,2,0,1963,0
0,534000,2.25,4,5,1.0,7,1330,800,2130,1310,7210,7896,0,0,1965,0
0,215000,1.0,3,4,1.0,7,1690,0,1690,1590,7700,7700,0,0,1969,0
0,1400000,4.25,5,3,2.0,10,3530,0,3530,1750,7924,9226,0,0,2001,0
0,212000,1.75,3,3,1.0,7,1470,0,1470,1590,8350,8182,0,0,1990,0
0,265000,1.75,3,3,1.0,8,1840,0,1840,1920,7300,8010,0,0,1966,0
0,311500,2.5,4,3,2.0,8,1940,0,1940,1940,10133,7265,0,0,1992,0
0,2328000,3.5,4,3,2.0,11,4420,0,4420,3020,20759,20666,0,0,2003,0
0,225000,1.0,2,4,1.0,6,800,0,800,880,6050,6050,0,0,1944,0
0,1250000,2.5,4,3,1.0,11,2620,1080,3700,3480,21755,13786,4,0,1988,0
0,600000,2.25,3,4,2.0,9,2230,0,2230,2390,9053,8038,0,0,1987,0
0,1058000,2.0,4,4,1.0,8,2290,0,2290,2300,11137,10463,0,0,1955,0
0,1620000,2.25,4,4,2.0,9,2350,0,2350,3360,17709,19855,0,0,1977,0
0,664000,1.75,2,3,1.0,6,860,860,1720,1680,5785,5184,0,0,1948,2002
0,454450,3.0,4,3,2.0,9,2810,0,2810,2790,6000,6000,0,0,2007,0
0,185000,1.0,2,4,1.0,7,1390,0,1390,1200,11340,10224,0,0,1969,0
0,160000,2.5,2,3,2.0,7,1660,0,1660,1740,2258,2390,0,0,1981,0
0,270000,2.5,4,3,2.0,8,1920,0,1920,1940,8497,8436,0,0,1998,0
0,645000,2.5,4,3,2.0,9,3160,0,3160,2970,11380,10385,0,0,1983,0
0,855000,2.25,4,4,2.0,9,2480,0,2480,3160,36974,35070,0,0,1973,0
0,289950,2.5,3,3,2.0,8,2070,0,2070,1670,5013,5013,0,0,1987,0
0,565000,2.75,4,3,2.0,9,3260,0,3260,3260,4900,6132,0,0,2013,0
0,792000,2.5,3,3,2.0,8,2250,0,2250,2940,19270,19541,0,0,1999,0
0,260000,2.25,3,4,1.0,7,1200,750,1950,1760,9600,8850,0,0,1987,0
0,295500,1.75,3,3,1.0,7,1000,330,1330,1320,10523,8775,0,0,1981,0
0,750000,1.75,3,3,1.0,8,1570,1200,2770,2340,15232,11400,0,0,1976,0
0,615000,2.25,4,4,1.0,8,1450,880,2330,2330,7020,8500,0,0,1973,0
0,887000,2.25,6,5,1.0,9,2440,1390,3830,2500,11180,10400,2,0,1962,0
0,753000,1.75,4,4,1.0,8,1660,500,2160,2430,39430,35329,0,0,1974,0
0,3710000,3.5,4,4,2.0,12,3350,2200,5550,2980,28078,19602,2,0,2000,0
0,870000,2.75,4,4,2.0,10,3410,0,3410,2490,23000,15512,0,0,1982,0
0,321000,2.5,4,3,2.0,7,1830,0,1830,1830,9601,5892,0,0,2003,0
0,280000,2.5,3,3,2.0,7,1550,0,1550,1700,4486,4487,0,0,2000,0
0,288000,2.5,3,3,2.0,7,1520,0,1520,1610,3593,3612,0,0,2004,0
0,248500,2.0,3,3,1.0,7,620,620,1240,1560,12285,11564,0,0,1939,1991
0,330000,2.5,4,3,2.0,7,2380,0,2380,1230,13550,9450,0,0,1999,0
0,740000,3.5,5,3,2.0,9,1830,890,2720,2920,11454,11310,0,0,1988,0
0,198500,1.0,2,4,1.0,6,1050,0,1050,990,9600,8880,0,0,1959,0
0,280000,2.5,7,3,2.0,7,1940,0,1940,1710,5458,5688,0,0,1994,0
0,274950,1.75,3,3,1.0,8,1840,0,1840,1910,16679,15571,0,0,1989,0
0,299000,1.0,3,4,1.5,7,1390,0,1390,1440,9624,9624,0,0,1954,0
0,575950,2.25,3,3,1.0,7,1180,460,1640,1620,12000,12000,0,0,1967,0
0,180000,1.5,4,3,1.0,7,1020,720,1740,1740,7292,7573,0,0,1962,0
0,261350,1.75,3,4,1.0,7,1390,0,1390,1810,18200,9675,0,0,1962,0
0,390000,1.75,3,4,1.0,8,1435,0,1435,2030,8960,9450,0,0,1969,0
0,253500,1.0,3,4,1.0,7,1090,550,1640,1550,12384,11200,0,0,1954,0
0,255000,2.5,4,4,1.0,7,1580,0,1580,1320,7800,7800,0,0,1959,0
0,257000,2.5,3,3,2.0,8,1740,0,1740,2030,3721,3794,0,0,2009,0
0,869000,1.75,2,3,1.0,7,1100,800,1900,1650,13122,13160,4,1,1954,0
0,1350000,3.5,4,3,2.0,10,3500,0,3500,2630,9525,9525,0,0,1999,0
0,175000,1.0,2,3,1.0,7,830,0,830,1030,2699,3574,0,0,1996,0
0,280000,2.5,3,3,2.0,7,1600,0,1600,1700,4271,4746,0,0,2000,0
0,486000,2.5,4,3,2.0,10,3560,0,3560,3420,12047,11250,0,0,1988,0
0,1185000,3.25,4,3,2.0,11,3960,0,3960,3870,12895,12040,0,0,2001,0
0,201000,1.0,3,4,1.0,6,900,0,900,1220,7576,7452,0,0,1959,0
0,295000,2.5,3,3,1.0,7,1420,520,1940,1810,10350,7800,0,0,1979,0
0,190000,1.0,3,4,1.0,6,1510,0,1510,1040,8760,7828,0,0,1946,0
0,875000,3.5,6,3,2.0,9,3000,1430,4430,2730,11453,5661,0,0,2001,0
0,1387000,3.5,4,4,2.0,11,3150,860,4010,3530,10880,17310,3,0,1990,0
0,207000,1.5,3,3,1.0,7,1460,0,1460,1460,11100,11100,0,0,1956,0
0,139000,1.5,4,4,1.0,7,1410,0,1410,1410,10648,10522,0,0,1966,0
0,230000,1.0,3,4,1.0,7,940,440,1380,1240,10112,10112,0,0,1963,0
0,332100,3.5,5,3,2.0,8,1980,680,2660,2220,6978,7294,0,0,1996,0
0,817000,2.25,4,4,2.0,8,2600,0,2600,3150,10660,10660,0,0,1979,0
0,1200000,3.0,4,3,2.0,8,2150,0,2150,1590,8119,8119,0,0,1953,2004
0,189000,1.0,3,5,1.5,6,1380,0,1380,860,7282,4826,0,0,1915,0
0,781000,1.5,3,4,1.0,7,820,470,1290,2130,8175,8577,0,0,1952,0
0,575000,2.5,4,3,1.0,9,1600,1420,3020,2500,17810,15815,0,0,1979,0
0,1660000,3.25,4,3,2.0,10,4240,0,4240,3390,11189,12540,2,0,2006,0
0,302300,2.75,5,4,1.0,8,1580,1550,3130,1900,9450,9000,0,0,1973,0
0,926250,1.75,4,4,1.0,8,2390,0,2390,2390,17717,10730,0,0,1964,0
0,616000,1.5,3,4,1.0,8,1740,0,1740,1930,9840,9840,0,0,1963,0
0,206000,1.0,3,4,1.0,6,1060,0,1060,1060,9600,9604,0,0,1962,0
0,706000,2.5,4,3,1.0,9,2190,1090,3280,1570,16575,13209,0,0,1972,0
0,341950,3.0,5,3,2.0,8,3070,0,3070,2760,5252,5203,0,0,2005,0
0,305000,1.0,3,2,1.0,7,1150,0,1150,1550,9048,8207,0,0,1922,0
0,225000,1.0,2,3,1.0,6,700,0,700,1320,6000,6000,0,0,1943,0
0,779000,2.25,5,4,2.0,8,2830,0,2830,2300,7738,9840,0,0,1977,0
0,321000,1.0,4,4,1.0,7,1300,0,1300,1540,18836,8498,0,0,1941,0
0,424950,2.5,4,3,2.0,8,2480,0,2480,2460,8563,8660,0,0,1992,0
0,558000,2.5,4,3,2.0,9,2420,800,3220,1770,5120,7680,0,0,2000,0
0,865000,4.0,4,4,2.0,9,2790,0,2790,2740,16117,25369,0,0,1999,0
0,1750000,4.25,6,3,2.0,10,4150,1710,5860,5790,13928,13928,3,0,2013,0
0,688000,3.0,3,3,2.0,10,3450,0,3450,3130,16200,12150,0,0,1983,0
0,399950,2.5,4,3,2.0,8,2350,0,2350,2190,5100,5100,0,0,2003,0
0,539000,2.0,3,3,1.0,8,1780,480,2260,2250,9568,9744,0,0,1985,0
0,472000,2.25,2,4,2.0,9,1800,0,1800,1800,2748,2755,0,0,1979,0
0,755000,2.5,3,3,1.0,9,1620,800,2420,2650,8856,9750,3,0,1957,0
0,1220000,2.25,3,3,1.0,10,2640,0,2640,2650,7544,7904,0,0,1995,0
0,315000,1.0,3,4,1.0,7,1010,0,1010,1250,7500,10000,0,0,1975,0
0,227000,1.0,4,3,1.5,6,1200,0,1200,1070,7200,6050,0,0,1944,0
0,822600,2.5,4,3,1.0,9,1510,1500,3010,2780,9600,10000,2,0,1979,0
0,175000,1.0,3,3,1.0,7,1080,400,1480,1780,8415,8512,0,0,1967,0
0,254000,1.0,3,5,1.0,6,1010,0,1010,1010,7384,8000,2,0,1943,0
0,405000,1.0,3,3,1.5,7,1460,0,1460,1910,10000,10000,0,0,2002,0
0,200000,2.75,4,4,1.0,7,1430,480,1910,1750,7210,7446,0,0,1980,0
0,397000,1.75,2,3,1.0,7,950,660,1610,1510,4104,5284,0,0,1996,0
0,815000,3.75,3,3,2.0,10,2780,0,2780,3110,5002,5717,0,0,1999,0
0,305500,2.5,4,4,2.0,7,1850,0,1850,1940,7199,7432,0,0,1989,0
0,340000,2.25,3,3,1.0,8,2120,0,2120,1400,13090,12039,0,0,1997,0
0,269000,2.5,4,3,2.0,7,2060,0,2060,2060,3608,3608,0,0,2004,0
0,414000,3.0,5,3,2.0,8,3045,0,3045,3045,5030,5322,0,0,1999,0
0,253000,1.5,3,5,1.0,6,880,0,880,1020,6600,6600,0,0,1945,0
0,157500,1.0,2,3,1.0,5,740,0,740,1230,9003,8050,0,0,1949,0
0,627000,2.0,4,4,1.0,8,2030,0,2030,1800,9300,9018,0,0,1976,0
0,249500,1.0,3,4,1.0,7,1180,0,1180,1180,7200,7200,0,0,1968,0
0,1125000,3.0,5,4,1.0,9,2070,1620,3690,3160,10260,14000,4,0,1967,0
0,314500,1.75,3,3,1.0,7,1200,500,1700,1900,17355,9528,0,0,1978,0
0,542500,2.5,4,4,2.0,8,2330,0,2330,2210,14289,12823,0,0,1978,0
0,298500,2.0,3,4,1.0,7,1420,1000,2420,1546,8800,8666,0,0,1959,0
0,305000,2.25,2,5,2.0,7,1610,0,1610,1950,1968,1968,0,0,1979,0
0,253000,1.75,2,5,1.0,7,860,360,1220,1120,5000,5000,0,0,1921,0
0,395000,1.75,4,4,1.0,7,1070,990,2060,1830,7900,8000,0,0,1957,0
0,265000,2.5,3,4,1.0,7,1140,200,1340,1760,10290,7903,0,0,1981,0
0,225000,1.0,2,4,1.0,6,1030,0,1030,1030,9192,9190,0,0,1959,0
0,338500,2.5,4,3,2.0,8,2717,0,2717,2550,4513,4841,0,0,2005,0
0,255000,1.0,2,3,2.0,6,1260,0,1260,1260,7810,7755,0,0,1945,0
0,324900,2.25,3,3,2.0,8,2080,0,2080,2080,9740,8705,0,0,1988,0
0,821000,2.75,3,4,1.0,8,1690,1070,2760,2610,8476,9835,0,0,1967,0
0,376000,1.0,2,3,1.0,6,760,120,880,1180,2400,6300,0,0,1918,0
0,425000,1.5,4,3,1.0,7,1620,0,1620,1890,7875,8400,0,0,1956,0
0,585000,1.75,3,3,1.0,8,1370,470,1840,1920,7350,8518,0,0,1974,0
0,1400000,4.0,5,3,2.0,11,4700,0,4700,4730,22326,27110,0,0,2002,0
0,1980000,3.5,4,3,1.0,12,3340,1160,4500,2540,44384,26287,0,0,1990,0
0,250000,1.75,3,4,1.0,8,1420,360,1780,1950,35233,17334,0,0,1979,0
0,950000,2.75,4,4,2.0,10,3800,0,3800,3710,12200,14796,3,0,1986,0
0,155000,1.0,2,3,1.0,7,810,0,810,1180,4755,4755,0,0,1980,0
0,419625,2.5,4,4,2.0,9,2680,0,2680,2580,11590,8225,0,0,1988,0
0,379000,1.75,4,4,1.0,7,1290,890,2180,1960,7876,7225,0,0,1977,0
0,293000,2.25,4,3,2.0,7,1870,0,1870,2380,5371,4502,0,0,2009,0
0,592100,2.75,4,4,1.0,8,1790,520,2310,2230,7851,7359,0,0,1989,0
0,227000,1.0,3,3,1.0,7,1340,0,1340,2090,10035,10035,0,0,1959,0
0,338000,2.5,5,3,2.0,7,2400,0,2400,1880,4496,4319,0,0,2004,0
0,163500,1.0,3,4,1.0,7,940,0,940,1090,7200,7800,0,0,1954,0
0,199988,1.0,2,3,1.0,7,860,0,860,1130,5000,6000,0,0,1949,0
0,320000,2.5,4,3,2.0,7,3130,0,3130,3020,5200,5200,0,0,2005,0
0,249900,2.0,2,3,2.0,6,1470,0,1470,1310,2541,2721,0,0,2005,0
0,223000,1.0,2,3,1.0,6,910,0,910,1480,9869,9750,0,0,1957,0
0,631000,4.0,4,3,1.0,7,1470,1160,2630,2230,59586,5715,0,0,1963,0
0,350000,2.25,4,5,1.0,7,1060,720,1780,1780,10416,9975,0,0,1963,0
0,310000,2.0,5,5,1.0,7,1510,1220,2730,1730,7344,7700,0,0,1962,0
0,365000,2.5,4,3,2.0,9,2905,0,2905,2900,4874,5271,0,0,2003,0
0,345000,1.5,3,4,1.0,7,1240,0,1240,1240,11200,11008,0,0,1954,0
0,438500,2.25,3,4,2.0,9,3050,0,3050,2697,10689,10925,0,0,1988,0
0,109500,1.0,2,3,1.0,6,800,0,800,1130,10625,10625,0,0,1942,0
0,968000,1.75,4,4,1.0,9,2630,0,2630,2690,9645,10439,0,0,1963,0
0,256500,2.5,5,4,1.0,7,1360,600,1960,1900,7350,7350,0,0,1969,0
0,1810000,2.5,5,4,1.0,11,2490,1760,4250,3620,20441,16304,1,0,1984,0
0,269000,2.25,3,4,1.0,8,1950,0,1950,1950,8661,8800,0,0,1966,0
0,885000,2.25,3,4,1.0,9,1610,450,2060,2930,9552,11212,0,0,1975,0
0,620000,2.5,4,3,2.0,9,2500,0,2500,2500,8282,8046,0,0,2013,0
0,289950,2.5,3,3,2.0,7,2070,0,2070,2070,6145,5297,0,0,2003,0
0,252500,2.5,3,4,1.0,7,1250,530,1780,1870,7192,8500,0,0,1974,0
0,376000,2.25,4,5,1.0,8,1480,720,2200,2710,6750,6750,0,0,1959,0
0,635700,2.5,4,3,1.0,9,1860,1380,3240,3150,13978,12767,0,0,1977,0
0,439000,2.5,3,3,1.0,8,1810,1370,3180,1950,7904,7800,0,0,2006,0
0,455000,1.5,2,3,1.5,6,1310,0,1310,2970,12196,12196,0,0,1970,0
0,225000,1.0,2,4,1.0,7,910,0,910,1410,9612,9611,0,0,1981,0
0,250000,1.0,3,4,1.0,7,1460,0,1460,1490,10914,8314,0,0,1959,0
0,275000,2.0,4,4,1.0,7,1480,0,1480,1450,15000,8768,0,0,1957,0
0,270000,2.0,3,3,1.0,7,1390,940,2330,1570,8000,7227,0,0,1986,0
0,665000,2.0,5,4,1.0,8,1400,1400,2800,1760,17788,18282,0,0,1963,0
0,355500,2.0,5,4,1.0,7,2360,0,2360,1860,19899,19998,0,0,1968,0
0,369000,2.5,4,3,2.0,9,2370,0,2370,2370,6557,7378,0,0,1998,0
0,256000,1.0,3,3,1.0,7,780,170,950,1230,4000,4000,0,0,1949,0
0,369950,2.75,4,3,1.0,8,1400,1360,2760,2340,7533,7943,0,0,1997,0
0,1200688,3.0,5,3,2.0,10,3640,0,3640,3330,28531,17186,0,0,1996,0
0,187000,1.0,2,3,1.0,6,840,0,840,1610,11600,9120,0,0,1952,0
0,598000,2.25,5,3,2.0,9,2890,0,2890,2570,12478,11880,0,0,1977,0
0,429950,2.25,3,4,1.0,8,1340,720,2060,2320,10160,11186,0,0,1967,0
0,225000,2.25,3,4,1.0,7,1110,480,1590,1880,9200,9200,0,0,1979,0
0,705000,2.25,4,3,1.0,8,1520,1100,2620,2760,10536,12431,0,0,1979,0
0,535000,2.5,5,3,2.0,8,3190,0,3190,2480,6178,7548,0,0,2003,0
0,339000,2.25,3,4,1.0,8,1380,590,1970,1970,7210,7350,0,0,1978,0
0,367000,1.0,3,3,1.0,7,810,0,810,1820,7000,7589,0,0,1968,0
0,305000,1.0,4,4,1.0,7,1050,1050,2100,1600,9288,8550,0,0,1968,0
0,283000,2.25,3,3,1.0,8,1270,860,2130,1960,8800,8075,0,0,1978,0
0,245000,2.5,4,3,2.0,7,1700,0,1700,1700,4268,4488,0,0,2000,0
0,355500,2.5,3,3,2.0,8,2600,0,2600,2600,5540,5540,0,0,2004,0
0,324900,2.25,4,4,2.0,8,2010,0,2010,1660,7280,7579,0,0,1988,0
0,1100000,1.75,2,4,1.0,8,2050,0,2050,2980,11900,11900,0,0,1950,0
0,237000,1.5,3,4,1.0,7,1800,0,1800,1400,9216,10022,0,0,1950,0
0,190500,2.0,3,3,1.0,7,1130,260,1390,1790,10155,10155,0,0,1980,0
0,808000,2.75,4,3,2.0,9,3340,0,3340,3230,7230,7529,0,0,1996,0
0,448000,2.5,4,3,2.0,9,2510,0,2510,3400,6853,6965,2,0,2006,0
0,430000,2.25,4,4,1.0,7,1110,680,1790,2270,7203,9000,0,0,1973,0
0,433000,1.5,4,4,1.0,7,1180,370,1550,1450,5053,5639,0,0,1963,0
0,255000,1.0,3,4,1.0,7,1170,0,1170,1430,7395,7920,0,0,1969,0
0,347500,2.5,4,3,2.0,9,2460,0,2460,2390,7350,8568,0,0,1989,0
0,900000,2.5,4,3,2.0,11,3690,0,3690,3370,11468,10751,0,0,1987,0
0,221000,1.75,4,3,1.0,7,1260,280,1540,1540,7200,8416,0,0,1966,0
0,1150000,2.5,3,4,1.0,8,2100,0,2100,3070,15120,16078,0,0,1953,0
0,588000,1.75,4,4,1.0,8,1510,420,1930,1880,7245,7245,0,0,1972,0
0,234950,2.0,3,3,1.0,7,1430,0,1430,1610,10850,8015,0,0,1994,0
0,637000,3.0,5,3,1.0,9,1840,620,2460,2530,7240,7885,0,0,1991,0
0,210000,1.0,2,5,1.0,6,880,0,880,1220,9750,9406,0,0,1938,0
0,213500,1.5,2,4,1.5,7,2060,0,2060,1780,7713,7713,0,0,1930,0
0,550000,2.75,3,4,1.0,8,1460,770,2230,2200,14400,13280,0,0,1977,0
0,239000,2.0,4,2,1.5,6,1980,0,1980,1360,10585,7810,0,0,1924,0
0,184900,1.0,3,3,1.0,6,1040,0,1040,1000,10080,8736,0,0,1959,0
0,386000,2.25,4,3,1.0,8,1610,1200,2810,2400,8560,7600,0,0,1979,0
0,422000,1.0,2,4,1.0,6,750,0,750,1120,4000,5038,0,0,1926,0
0,1355000,3.5,5,3,2.0,10,4770,1190,5960,2810,13703,17320,2,0,1984,0
0,336000,2.5,4,3,2.0,8,2530,0,2530,2220,8169,8013,0,0,1993,0
0,290000,2.5,3,3,2.0,7,1580,0,1580,1580,6860,7050,0,0,1995,0
0,146300,1.0,3,5,1.0,6,1200,0,1200,1200,9668,9800,0,0,1975,0
0,554000,1.75,3,3,1.0,8,1760,0,1760,2090,10780,10780,0,0,1977,0
0,1348000,3.5,4,3,2.0,10,3210,1430,4640,3810,9827,8207,2,0,2007,0
0,244500,1.75,3,3,1.0,7,1210,0,1210,1510,8864,8062,0,0,1985,0
0,206000,2.5,2,3,2.0,7,1280,0,1280,1460,1566,1845,0,0,2005,0
0,425000,2.5,4,3,2.0,9,2689,0,2689,2665,6688,5700,0,0,2006,0
0,208000,1.0,2,3,1.0,7,960,0,960,1630,13438,11656,0,0,1951,0
0,476000,1.75,3,4,1.0,7,1650,0,1650,2040,9600,12220,0,0,1977,0
0,277500,2.5,3,3,2.0,8,1690,0,1690,2550,5171,5025,0,0,2003,0
0,205000,1.0,3,3,1.0,6,1230,0,1230,1230,8750,8750,0,0,1965,0
0,330000,2.5,3,3,2.0,7,3040,0,3040,2760,7232,6926,0,0,2003,0
0,449400,3.0,4,3,2.0,7,2490,0,2490,2470,5064,5064,0,0,2007,0
0,310000,1.75,3,5,1.0,7,1490,0,1490,1340,9120,8040,0,0,1959,0
0,600000,2.25,5,4,2.0,8,3000,0,3000,2270,13899,10763,0,0,1975,0
0,589950,2.5,4,3,2.0,10,3190,0,3190,3400,8195,7607,0,0,2006,0
0,327000,1.5,3,3,1.0,7,1320,0,1320,1730,13200,13200,0,0,1970,0
0,750000,2.25,4,3,1.0,8,1080,1080,2160,2780,9525,9525,0,0,1961,0
0,240000,1.5,3,4,1.0,7,1450,0,1450,1460,9477,9477,0,0,1963,0
0,400000,1.75,3,4,1.0,8,1830,0,1830,1990,9620,8280,0,0,1978,0
0,230000,1.5,3,5,1.0,7,980,650,1630,1440,6625,7145,0,0,1980,0
0,372000,2.5,4,3,2.0,8,2500,0,2500,2360,8215,7801,0,0,1990,0
0,582000,2.5,3,4,2.0,8,2380,0,2380,2450,19860,10220,0,0,1995,0
0,386000,2.0,3,3,1.0,9,2120,0,2120,2660,7560,7700,0,0,1991,0
0,546000,2.5,3,3,2.0,8,1530,0,1530,1530,3464,3446,0,0,1998,0
0,278000,1.75,3,4,1.0,7,2060,650,2710,1690,9088,10454,0,0,1965,0
0,210000,1.0,3,3,1.0,7,1430,300,1730,1820,7210,7210,0,0,1963,0
0,561600,2.5,4,3,2.0,9,2350,0,2350,2590,6624,11240,0,0,1990,0
0,300000,5.25,6,3,2.0,7,2860,0,2860,1390,5682,5956,0,0,1978,0
0,1017100,3.75,4,3,2.0,10,4060,0,4060,4020,19290,13250,0,0,2002,0
0,150000,1.0,3,3,1.0,7,960,350,1310,1310,9612,9812,0,0,1962,0
0,620000,2.25,4,3,2.0,9,2210,0,2210,2330,8101,8842,0,0,1985,0
0,299950,1.75,4,4,1.0,7,1560,0,1560,2460,31299,44907,0,0,1965,0
0,150000,1.0,2,3,1.0,6,840,0,840,1480,12750,6969,0,0,1925,0
0,175000,1.0,2,3,1.0,6,840,0,840,1480,12750,6969,0,0,1925,0
0,305000,2.0,3,3,1.0,8,1830,0,1830,2490,10873,8976,0,0,1989,0
0,610000,2.5,3,3,2.0,10,2910,0,2910,2680,12283,22499,2,0,1993,0
0,381000,2.75,5,3,2.0,8,3060,0,3060,2590,6895,6895,0,0,2003,0
0,2500000,4.5,4,3,2.0,11,4300,0,4300,3070,19844,19845,0,0,1985,1999
0,605000,1.0,2,3,1.0,7,860,0,860,1740,6510,10800,0,0,1952,0
0,1395000,3.5,4,3,2.0,10,2560,1000,3560,3100,16782,18047,0,0,2014,0
0,315000,1.75,3,4,1.0,7,1240,620,1860,1940,9629,9629,0,0,1961,0
0,265000,2.25,4,3,1.0,7,1280,1020,2300,1640,9100,9100,0,0,1977,0
0,446000,2.75,5,5,1.0,7,1370,820,2190,2280,12687,10784,0,0,1978,0
0,260000,1.0,3,3,1.0,7,1300,0,1300,1260,10139,10139,0,0,1962,2007
0,820000,2.5,5,4,1.0,7,1580,1580,3160,2440,8000,8079,0,0,1960,0
0,546800,2.25,4,3,1.0,8,1420,750,2170,2390,10000,11000,0,0,1975,0
0,825000,2.75,4,3,1.0,7,1560,660,2220,2500,11925,11377,0,0,1953,1985
0,280000,2.5,3,3,2.0,8,1970,0,1970,1970,8426,9197,0,0,1992,0
0,585000,2.5,4,3,2.0,8,2250,0,2250,2290,4119,3115,0,0,2001,0
0,435000,2.0,4,4,1.0,8,1330,1300,2630,1900,9663,8894,1,0,1956,0
0,199950,1.5,1,3,1.0,7,1048,0,1048,950,4800,4800,0,0,1942,0
0,515000,2.25,3,4,1.0,8,1640,0,1640,2110,8400,8400,0,0,1962,0
0,813500,2.0,4,5,1.0,8,2220,310,2530,2500,15520,13300,0,0,1964,0
0,490000,2.25,3,3,1.5,8,2330,0,2330,2050,3600,4275,0,0,1971,0
0,407500,2.5,3,3,2.0,8,1930,0,1930,2290,10460,8228,0,0,1996,0
0,264500,2.25,3,3,2.0,7,1370,0,1370,1400,7087,6600,0,0,1993,0
0,507500,2.0,3,3,1.0,7,1020,1000,2020,1670,8118,8118,0,0,1963,0
0,300000,1.0,2,3,1.0,7,1340,0,1340,2550,7788,7788,2,0,1947,0
0,986000,3.5,4,3,2.0,10,1920,920,2840,1300,5900,4900,0,0,1910,2008
0,315000,2.5,4,3,1.0,7,1680,400,2080,1270,5650,5650,0,0,1950,0
0,320000,2.5,4,3,2.0,7,2070,0,2070,2130,7007,8100,0,0,1996,0
0,972000,3.25,4,3,2.0,11,4010,0,4010,3980,13797,12120,0,0,2003,0
0,760000,2.5,3,4,1.0,7,1540,650,2190,2880,10000,11782,0,0,1957,0
0,265000,3.0,4,3,2.0,6,1730,0,1730,1500,7264,12104,0,0,1920,0
0,437500,1.0,3,3,1.0,7,1630,0,1630,1880,16393,23497,0,0,1969,0
0,237600,1.0,2,4,1.0,6,1370,0,1370,1330,11584,8012,0,0,1950,0
0,162950,1.0,2,4,1.0,8,950,0,950,1080,2784,3899,0,0,1972,0
0,635000,2.5,3,4,1.0,8,1210,570,1780,2310,11000,9700,0,0,1980,0
0,137000,1.0,3,4,1.0,6,1300,0,1300,1300,10125,10125,0,0,1959,0
0,830000,2.25,5,4,2.0,9,2780,0,2780,2740,10192,9900,0,0,1978,0
0,358000,1.0,3,4,1.0,7,890,0,890,1270,9870,9861,0,0,1960,0
0,501000,1.75,3,5,1.0,7,740,740,1480,1600,8667,10644,0,0,1954,0
0,609000,2.5,4,3,1.0,9,1840,1400,3240,2290,23870,13340,0,0,1972,0
0,734950,3.25,4,3,2.0,10,3050,1230,4280,2820,47179,43401,0,0,2002,0
0,725000,2.5,5,4,1.0,8,1830,1380,3210,2450,12000,12000,0,0,1968,0
0,1388000,2.25,4,4,2.0,9,2940,0,2940,3410,20384,19910,0,0,1970,0
0,240000,2.0,3,5,1.0,7,1030,0,1030,1300,11118,7920,0,0,1970,0
0,615000,1.75,4,4,1.0,9,1960,340,2300,2840,11700,12000,0,0,1977,0
0,191000,1.0,2,5,1.0,6,700,0,700,1040,5000,5200,0,0,1952,0
0,129000,1.0,1,4,1.0,5,650,0,650,1630,15364,7952,0,0,1967,0
0,284000,1.5,3,4,1.0,7,1500,0,1500,1500,10018,10937,0,0,1957,0
0,218000,1.5,3,4,1.0,7,1330,0,1330,1500,7600,7776,0,0,1968,0
0,499950,2.5,4,3,2.0,9,2910,0,2910,1730,20067,21420,0,0,2001,0
0,152500,1.0,3,4,1.0,6,1090,0,1090,1030,3523,3200,0,0,1969,0
0,325000,2.5,4,3,2.0,8,2160,0,2160,2020,6825,7035,0,0,1994,0
0,3100000,5.25,5,3,2.0,12,5090,0,5090,3830,23669,22605,0,0,2006,0
0,288000,2.25,3,4,1.0,7,1280,810,2090,1800,7500,7350,0,0,1977,0
0,580000,2.5,3,3,2.0,8,2040,0,2040,2230,4627,4500,0,0,1992,0
0,325000,2.25,4,3,2.0,7,1770,0,1770,1770,7799,7778,0,0,1998,0
0,421000,1.75,3,5,1.0,7,1100,0,1100,1100,8662,9240,0,0,1964,0
0,316000,2.5,3,3,2.0,8,1490,0,1490,1310,4078,2767,0,0,1998,0
0,539950,1.75,3,4,1.0,8,1820,0,1820,2670,9875,10000,0,0,1966,0
0,650000,2.0,4,4,1.0,8,1610,0,1610,1930,8976,8976,0,0,1966,0
0,295000,2.25,3,3,2.0,9,1850,0,1850,2360,7800,8000,0,0,1974,0
0,296500,1.5,3,4,1.0,7,1580,0,1580,1650,10100,10032,0,0,1961,0
0,302000,2.5,3,3,2.0,8,2140,0,2140,2180,9492,9184,0,0,1994,0
0,350000,1.75,4,4,1.0,8,1770,0,1770,2030,7336,8183,0,0,1986,0
0,430000,2.75,4,4,1.0,7,1220,600,1820,1630,5400,5400,0,0,1988,0
0,420000,1.0,3,3,1.0,7,1240,0,1240,1240,7300,8260,0,0,1968,0
0,2187730,4.5,4,3,2.0,10,4240,0,4240,3010,13162,12163,0,0,2004,0
0,298000,1.75,3,3,1.0,8,1340,280,1620,2076,12825,11200,0,0,1962,0
0,370000,2.5,4,3,2.0,9,2650,0,2650,2760,5706,5749,0,0,2005,0
0,230000,1.0,5,5,1.0,7,1410,0,1410,1200,9000,8346,0,0,1967,0
0,420000,2.25,4,4,1.0,8,1560,1370,2930,2800,9840,8374,0,0,1977,0
0,917000,2.5,4,3,2.0,10,3500,0,3500,3820,10891,13521,2,0,1995,0
0,482000,2.25,3,3,2.0,7,1710,0,1710,1680,21485,21485,0,0,1989,0
0,760369,2.5,5,3,2.0,9,2870,0,2870,2870,4712,6768,0,0,2014,0
0,170000,1.0,2,3,1.0,8,1500,0,1500,1700,18540,9355,0,0,1950,0
0,625000,2.5,3,4,1.0,8,1230,890,2120,2690,10021,10183,0,0,1976,0
0,173250,2.0,3,4,1.0,7,1210,0,1210,1360,9097,10125,0,0,1954,0
0,537000,2.0,3,3,1.5,8,1550,0,1550,2400,27003,27003,0,0,1982,0
0,425000,2.25,3,5,1.0,8,1740,0,1740,2100,9682,9536,0,0,1969,0
0,445000,2.0,4,4,1.0,6,1080,620,1700,2070,21780,12054,0,0,1940,0
0,179950,1.0,2,3,1.0,6,1200,0,1200,1040,9000,9600,0,0,1958,0
0,275000,2.5,3,3,2.0,7,1710,0,1710,1720,7230,6537,0,0,1996,0
0,190000,2.5,4,3,2.0,7,1840,0,1840,1430,13493,11463,0,0,1994,0
0,165000,1.0,3,4,1.0,6,970,0,970,1230,7503,9504,0,0,1967,0
0,710000,2.25,3,4,2.0,8,3130,0,3130,3130,65775,72309,0,0,1978,0
0,370000,1.5,3,2,1.0,7,1430,260,1690,1930,161913,12548,0,0,1952,0
0,360000,1.75,3,3,1.0,7,1500,0,1500,1650,7200,7392,0,0,1957,0
0,247500,2.0,4,3,1.0,7,1060,700,1760,1280,8400,8415,0,0,1962,0
0,314000,2.5,4,3,2.0,8,2340,0,2340,2980,8990,6718,0,0,2003,0
0,550000,1.75,3,4,1.0,7,1440,0,1440,1340,8957,8780,0,0,1957,0
0,530000,2.25,4,3,2.0,8,1980,0,1980,2100,15086,10927,0,0,1981,0
0,637500,1.75,3,4,1.0,7,1680,0,1680,3340,10685,10390,0,0,1966,0
0,132825,1.5,3,5,1.0,6,1210,0,1210,1120,5200,5200,0,0,1969,0
0,219950,1.5,3,5,1.0,6,1210,0,1210,1120,5200,5200,0,0,1969,0
0,415000,2.5,3,3,2.0,8,2090,0,2090,2040,6045,6392,0,0,2000,0
0,390000,1.5,3,4,1.0,7,1000,0,1000,1520,13991,11465,0,0,1956,0
0,251000,1.75,3,3,1.0,8,1350,0,1350,1520,10125,9720,0,0,1967,0
1,675000,1.0,2,3,1.0,6,930,0,930,2800,36478,11141,2,0,1951,0
0,250000,1.75,3,4,1.0,7,1290,620,1910,1590,10230,10800,0,0,1964,0
0,268500,2.5,4,3,2.0,8,2100,0,2100,2100,4237,4575,0,0,2006,0
0,295000,2.5,4,3,2.0,7,2290,0,2290,1710,4539,7200,0,0,2001,0
0,780000,2.25,3,4,1.0,8,1590,540,2130,2700,11782,11782,0,0,1977,0
0,354000,2.5,3,3,2.0,8,2160,0,2160,1990,15817,15817,0,0,1999,0
0,640000,2.75,4,4,1.0,8,1720,380,2100,2390,11894,9450,0,0,1968,0
0,840000,2.5,4,3,1.0,8,1630,730,2360,2140,9600,6300,2,0,1973,0
0,625000,2.75,4,4,1.0,7,1680,0,1680,2400,11180,9627,0,0,1966,0
1,660000,1.0,3,3,1.0,8,1210,0,1210,1580,9622,9714,1,0,1955,2009
0,375900,1.5,6,4,1.0,8,1750,800,2550,2010,33740,28200,0,0,1958,0
0,272000,3.0,3,4,1.0,8,2150,280,2430,1670,10500,9800,0,0,1983,0
0,233000,1.75,3,2,1.0,7,1040,420,1460,1310,7800,7865,0,0,1979,0
0,712000,2.5,3,3,2.0,9,2375,0,2375,2095,4094,4442,0,0,2002,0
0,425000,2.5,4,3,2.0,7,2480,0,2480,2950,4504,4504,0,0,2005,0
0,242000,1.75,3,5,1.0,7,790,790,1580,1330,6099,6099,0,0,1944,0
0,415000,1.75,4,4,2.0,7,1920,0,1920,1310,7700,7700,0,0,1970,0
0,375000,2.75,3,4,1.0,8,1570,630,2200,2680,9600,9896,3,0,1977,0
0,182500,1.0,3,4,1.0,7,910,0,910,1530,7194,7200,0,0,1971,0
0,342000,2.25,4,3,2.0,9,1964,0,1964,1757,3541,3547,0,0,2013,0
0,770000,2.5,4,3,2.0,10,3210,0,3210,3280,14910,14910,0,0,1995,0
0,280000,1.5,3,3,1.0,7,1430,0,1430,1080,8861,9425,0,0,1956,0
0,315000,3.0,4,3,2.0,7,2210,0,2210,890,4191,4288,0,0,2004,0
0,294999,2.5,4,3,2.0,7,1660,0,1660,1580,9760,9614,0,0,1994,0
0,175000,1.75,3,4,1.5,8,1910,0,1910,1820,17003,14806,0,0,1963,0
0,299000,1.75,3,4,1.5,8,1910,0,1910,1820,17003,14806,0,0,1963,0
0,146000,1.0,2,3,1.0,6,780,0,780,1670,9750,9750,0,0,1937,0
0,367500,1.0,2,3,1.0,6,810,0,810,1040,4800,4800,0,0,1919,0
0,1298000,3.5,4,5,1.5,8,2790,0,2790,2570,10125,10125,0,0,1985,0
0,297950,2.0,3,3,1.0,7,1240,0,1240,1480,10800,8840,0,0,1967,2010
0,204250,2.25,3,4,1.0,7,1490,470,1960,1580,7708,8063,0,0,1984,0
0,490000,2.5,4,4,1.0,9,1980,1500,3480,3480,12696,14175,0,0,1977,0
0,2500000,3.75,4,3,1.0,9,1870,1610,3480,4780,14850,18480,4,0,1951,2013
0,405000,2.5,4,3,2.0,9,2330,340,2670,2440,20894,15815,0,0,2002,0
0,209995,1.0,2,5,1.0,5,700,0,700,960,7303,6060,0,0,1953,0
0,505000,2.75,4,4,1.0,8,1100,1100,2200,2140,9778,11321,0,0,1962,0
0,429900,3.25,4,3,2.0,9,2380,930,3310,2490,8897,8638,0,0,1991,0
0,231000,2.0,3,4,1.0,7,1040,600,1640,1640,4875,5200,0,0,1977,0
0,420000,2.5,3,3,2.0,8,2720,0,2720,1950,8622,8603,0,0,2002,0
0,745000,1.75,3,5,1.5,9,2050,0,2050,2530,11041,11041,0,0,1959,0
0,250000,2.5,3,4,2.0,7,1730,0,1730,1770,7200,7396,0,0,1985,0
0,435000,3.0,6,4,1.0,7,1780,1780,3560,3040,4290,6000,0,0,1957,0
0,399950,2.5,3,3,2.0,9,2570,0,2570,2590,10431,10078,0,0,1989,0
0,752000,2.5,4,4,2.0,9,2940,0,2940,2980,10382,10547,0,0,1991,0
0,564450,2.5,3,3,2.0,9,2710,0,2710,2730,6174,7266,0,0,1998,0
0,286000,2.5,3,3,2.0,8,1680,0,1680,1800,4226,5559,0,0,2003,0
0,993500,2.25,4,4,2.0,10,4070,0,4070,2820,23321,10871,0,0,1968,0
0,450000,1.0,3,4,1.0,7,1350,0,1350,1450,10000,10000,0,0,1954,0
0,187250,1.0,2,5,1.0,6,710,0,710,1320,14700,14700,0,0,1926,0
0,305000,2.0,3,3,1.0,7,1490,0,1490,1540,7697,7529,0,0,1994,0
0,212000,1.0,3,3,1.0,6,1000,0,1000,1300,9450,13500,0,0,1962,0
0,1380000,4.25,5,4,1.0,10,2150,1900,4050,3600,18827,25120,2,0,1979,0
0,695000,2.75,3,3,2.0,10,2590,0,2590,2850,12063,8469,0,0,1993,0
0,796500,2.75,3,3,2.0,10,2590,0,2590,2850,12063,8469,0,0,1993,0
0,625000,2.5,5,4,1.0,8,1950,750,2700,2550,21208,20409,0,0,1955,0
0,620000,1.75,3,4,1.0,8,1670,0,1670,2410,9900,8800,0,0,1957,0
0,1450000,2.75,5,4,1.0,9,3090,0,3090,2970,19865,19862,0,0,1953,0
0,275000,2.0,4,3,1.0,5,1440,0,1440,1500,10920,11902,0,0,1943,0
0,197000,1.75,3,4,1.0,7,1060,630,1690,1580,7735,7503,0,0,1976,0
0,265000,1.75,3,3,1.0,8,1420,0,1420,1730,8126,7954,0,0,1991,0
0,207500,1.75,3,4,1.0,7,1320,0,1320,1340,12528,11039,0,0,1970,0
0,268000,2.0,3,3,1.0,7,1610,0,1610,1600,8416,8308,0,0,1994,0
0,760000,2.25,4,4,2.0,8,2500,0,2500,2470,8500,9100,0,0,1979,0
0,620000,2.5,4,3,2.0,8,1910,0,1910,1980,7683,8485,0,0,1987,0
0,315000,2.5,3,3,2.0,7,2340,0,2340,1850,6837,6209,0,0,1992,0
0,299900,2.75,4,4,1.0,8,1560,770,2330,2350,7200,7600,0,0,1977,0
0,1880000,2.75,4,4,1.0,10,2170,1090,3260,3480,19542,19863,0,0,1968,0
0,265000,1.75,4,5,1.0,6,1900,0,1900,1530,10588,10587,0,0,1958,0
0,124740,1.0,3,4,1.0,6,1340,0,1340,1320,15600,9800,0,0,1978,0
0,1085000,2.75,3,5,1.0,9,3170,0,3170,3920,34850,36740,0,0,1957,0
0,219000,1.0,4,4,1.5,6,1370,0,1370,1280,5339,7048,0,0,1948,0
0,680000,2.25,3,5,1.0,7,1320,500,1820,1780,8316,8400,0,0,1960,0
0,690000,2.5,4,3,2.0,8,2780,0,2780,2670,6235,4410,0,0,2001,0
0,1288000,2.5,3,3,2.0,11,3240,0,3240,3470,12625,12331,0,0,1987,0
0,640000,3.5,3,3,2.0,8,2480,0,2480,2380,10800,11310,0,0,1998,0
0,499950,2.5,5,3,1.0,9,3180,0,3180,2500,23809,15778,0,0,1978,0
0,490000,2.5,4,3,2.0,10,3630,0,3630,3370,8387,8869,0,0,1997,0
0,254950,2.0,4,5,1.0,7,1170,1010,2180,1630,8800,8800,0,0,1977,0
0,255000,1.75,3,3,1.0,7,1050,500,1550,1550,9720,9750,0,0,1976,0
0,279000,1.75,4,3,1.0,7,1090,750,1840,1840,7275,7275,0,0,1976,0
0,274950,1.75,3,3,1.0,7,1320,350,1670,1650,7415,8585,0,0,1987,0
0,305000,1.75,4,3,1.0,7,1460,910,2370,1450,10140,7800,0,0,1968,0
0,232000,1.75,3,3,1.0,7,1290,0,1290,1440,6604,6682,0,0,1984,0
0,220000,1.75,3,4,1.0,7,1230,0,1230,1420,8917,7938,0,0,1966,0
0,206325,2.5,5,3,1.5,7,1720,0,1720,1720,10202,8478,0,0,1970,0
0,339000,2.5,5,3,1.5,7,1720,0,1720,1720,10202,8478,0,0,1970,0
0,399000,2.5,4,5,1.0,7,2100,0,2100,1750,7355,7200,0,0,1969,0
0,515500,2.75,4,3,2.0,8,2830,0,2830,2830,8126,7916,0,0,2005,0
0,440000,2.5,4,3,2.0,8,2250,0,2250,1980,7526,7526,0,0,1989,0
0,518000,2.5,4,3,1.0,8,1370,700,2070,2070,10244,9683,0,0,1969,0
0,147500,1.75,3,3,1.0,7,1010,0,1010,1010,6552,6552,0,0,1969,0
0,555000,2.25,4,4,1.0,8,1450,770,2220,1980,8125,8700,0,0,1965,0
0,265950,2.5,3,3,2.0,7,1490,0,1490,2060,3840,4384,0,0,2002,0
0,379000,2.5,4,3,2.0,9,2570,0,2570,2770,10155,10155,0,0,1994,0
0,1629000,2.5,5,4,2.0,9,3090,0,3090,3740,16583,17853,0,0,1964,0
0,189950,1.0,3,5,1.0,6,920,0,920,920,6460,4770,0,0,1969,0
0,209950,1.0,3,4,1.0,7,960,700,1660,1370,8800,10112,0,0,1963,0
0,376000,2.75,4,3,2.0,8,2420,0,2420,2420,5773,6200,0,0,2005,0
0,600000,3.5,5,3,2.0,9,2650,720,3370,3330,16846,13000,1,0,1998,0
0,370000,3.0,4,3,2.0,8,2580,0,2580,2010,5511,5600,0,0,1999,0
0,335000,1.0,4,4,1.5,7,1480,0,1480,2380,6500,6000,0,0,1914,0
0,425000,2.75,3,3,2.0,9,2650,720,3370,2150,13929,14048,0,0,1986,0
0,420000,2.5,5,3,1.0,7,1140,960,2100,1830,14395,8700,0,0,1983,0
0,435000,1.0,2,4,1.0,7,1120,1120,2240,1390,7200,6000,0,0,1940,0
0,425500,2.5,3,3,2.0,8,1970,0,1970,1850,2752,2778,0,0,1978,0
0,398000,1.0,2,3,1.5,5,590,0,590,2020,10945,15180,0,0,1983,0
0,180000,1.0,4,3,1.5,6,1470,0,1470,1770,18581,18581,0,0,1924,0
0,286000,1.75,4,2,2.0,8,2190,0,2190,2410,8400,7700,0,0,1978,0
0,390000,3.0,3,3,1.0,8,1500,980,2480,2480,14141,10667,0,0,1994,0
0,739000,2.5,4,3,2.0,9,2780,0,2780,2750,6737,7950,0,0,2002,0
0,836500,2.5,3,3,3.0,9,2230,0,2230,2230,7200,7200,3,0,1996,0
0,179900,1.0,3,3,1.0,6,1010,0,1010,1270,9920,9680,0,0,1977,0
0,310000,2.5,3,3,2.0,7,1890,0,1890,2100,6300,6525,0,0,2003,0
0,780000,2.25,3,3,1.0,6,866,1340,2206,2590,82031,53024,2,0,1983,0
0,365000,1.75,2,4,1.0,7,1270,0,1270,1280,7500,7500,0,0,1982,0
0,179950,1.0,3,5,1.0,6,920,0,920,960,4875,5200,0,0,1969,0
0,331000,3.0,4,3,2.0,8,2483,0,2483,2075,5701,5720,0,0,2005,0
0,225000,2.25,3,3,1.0,8,1290,360,1650,1650,7739,6033,0,0,1986,0
0,199000,1.0,3,3,1.0,7,1510,0,1510,1180,9100,7220,0,0,1966,0
0,261000,1.5,3,3,1.0,7,950,860,1810,1790,29308,37531,0,0,1983,0
0,1802750,3.25,5,3,1.0,10,2260,1630,3890,3450,20005,20176,0,0,1977,0
0,135000,1.0,3,3,1.0,7,830,0,830,1240,9600,9198,0,0,1959,0
0,648752,2.25,3,5,1.0,8,1070,990,2060,2340,9953,9600,0,0,1964,0
0,1388000,3.0,4,3,1.0,9,2020,2020,4040,2990,20001,20098,0,0,1972,2001
0,250000,1.0,3,5,1.0,6,1220,0,1220,1140,5038,5038,0,0,1942,0
0,219000,1.0,3,3,1.5,7,1080,0,1080,1470,10639,10600,0,0,1953,0
0,179000,1.0,2,3,1.0,6,720,0,720,1100,8914,8916,0,0,1949,0
0,302000,2.75,4,4,1.0,7,2030,0,2030,1790,9120,7627,0,0,1988,0
0,565000,2.0,4,3,2.0,7,2040,0,2040,2560,8281,8281,1,0,1961,0
0,281700,1.0,3,3,1.0,7,1070,500,1570,2030,8316,8295,0,0,1962,0
0,300000,3.0,3,3,1.0,8,2240,610,2850,1800,9375,9375,0,0,1977,0
0,364950,2.5,4,3,2.0,8,2070,0,2070,1900,2992,2957,0,0,2002,0
0,410000,3.25,3,4,1.0,8,1760,890,2650,2400,7819,7727,2,0,1956,0
0,231000,1.75,3,3,1.0,7,1220,0,1220,2000,8817,8028,0,0,1978,0
0,445000,2.0,3,3,1.0,9,1630,0,1630,2250,8702,9890,0,0,1987,0
0,530000,2.5,2,3,2.0,7,1595,190,1785,1780,779,794,0,0,1975,0
0,209950,1.5,3,3,1.0,7,1380,0,1380,1380,11130,9200,0,0,1960,0
0,650000,1.75,3,4,1.0,8,1320,1010,2330,1820,7200,7200,0,0,1950,0
0,257000,2.25,3,3,1.0,8,1180,550,1730,1870,9516,8165,0,0,1978,0
0,337000,2.5,4,4,2.0,7,2230,0,2230,1970,5970,4919,0,0,2002,0
0,750000,3.0,5,3,1.0,8,1150,1080,2230,2040,8560,8560,0,0,1960,2014
0,235000,1.75,4,4,1.0,7,1000,920,1920,1910,9350,8400,0,0,1977,0
0,795000,3.0,5,4,1.0,7,1730,1020,2750,2520,10000,10000,0,0,1957,0
0,465000,2.5,4,4,1.0,9,1930,0,1930,2100,9653,10454,0,0,1968,0
0,287600,2.5,3,3,2.0,7,1950,0,1950,1540,8251,8588,0,0,1990,0
0,630000,3.0,6,3,2.0,8,2470,0,2470,2470,9328,9454,0,0,1982,0
0,463000,2.75,4,3,1.0,7,1300,600,1900,2230,6000,6000,2,0,1961,0
0,1870000,4.0,5,3,2.0,10,4510,0,4510,3510,15175,13500,0,0,1969,2002
0,219500,1.0,3,5,1.5,5,1090,0,1090,1170,6710,6708,0,0,1912,0
0,304500,2.5,4,3,2.0,8,2030,0,2030,2260,5202,5232,0,0,2001,0
0,307000,1.0,3,3,1.0,6,1020,0,1020,1180,8484,9660,0,0,1949,0
0,485000,2.5,3,3,1.0,7,770,770,1540,1000,7120,6638,0,0,1938,2013
0,1562000,3.0,5,4,1.0,9,2890,1020,3910,3620,16200,16200,0,0,1960,0
0,650500,4.25,5,3,2.0,7,3920,0,3920,1400,11412,9750,0,0,1955,2005
0,960000,2.5,4,4,2.0,9,3180,0,3180,2670,10105,10355,0,0,1986,0
0,710000,2.5,3,3,2.0,9,2330,0,2330,2460,9160,9160,0,0,1997,0
0,463828,1.75,5,3,1.0,8,1650,1600,3250,2620,13702,11328,2,0,1965,0
0,365000,2.5,4,4,2.0,7,2800,0,2800,2060,6820,6820,0,0,1997,0
0,339900,2.5,4,3,1.0,8,1610,730,2340,2070,9748,8241,1,0,1981,0
0,959750,3.0,4,4,1.0,8,2460,600,3060,2740,50002,16181,2,0,1957,0
0,258000,2.0,3,3,1.5,7,1790,0,1790,1790,7879,7879,0,0,1998,0
0,468000,1.5,3,5,1.0,7,1830,0,1830,1830,9848,8168,0,0,1962,0
0,241500,2.0,3,3,1.0,7,870,440,1310,1690,7349,6580,0,0,1995,0
0,982000,2.5,4,3,2.0,9,2790,0,2790,2650,10289,10126,0,0,1987,0
0,248500,2.5,3,3,2.0,8,1360,0,1360,1540,7293,7353,0,0,1988,0
0,220000,2.0,3,4,1.0,7,1410,0,1410,1780,7998,8278,0,0,1940,0
0,870000,2.5,4,4,2.0,9,2650,0,2650,2880,12001,14054,0,0,1984,0
0,265000,1.0,2,3,1.0,6,820,0,820,1960,8423,9140,2,0,1957,0
0,1200000,2.5,4,3,1.0,10,1760,1590,3350,4240,11688,10804,2,0,1995,0
0,199500,1.0,3,4,1.0,7,920,0,920,1188,9812,9812,0,0,1962,0
0,340000,2.5,4,3,2.0,9,2690,0,2690,2520,6099,6168,0,0,1998,0
0,220000,1.5,3,3,2.0,7,1660,0,1660,1660,15600,14400,0,0,1981,0
0,368500,1.75,5,4,1.0,7,1520,1290,2810,1770,9360,9360,0,0,1965,0
0,439950,2.25,4,4,1.0,8,1720,740,2460,2460,14600,14600,0,0,1977,0
0,179900,1.75,3,3,1.0,6,1230,0,1230,1550,12000,12000,0,0,1970,0
0,425000,1.75,4,2,1.0,7,980,750,1730,2100,11890,12325,0,0,1955,0
0,768000,2.75,5,4,2.0,8,3030,0,3030,2500,13640,13225,0,0,1980,0
0,285000,1.75,3,3,1.5,7,1320,1060,2380,1290,6000,6000,0,0,1935,0
0,337000,2.5,4,3,2.0,8,3200,0,3200,3010,5772,5772,0,0,2003,0
0,419950,2.5,4,3,2.0,7,2220,0,2220,2220,6800,5303,0,0,2002,0
0,349950,1.75,2,4,1.0,7,1040,600,1640,1460,4176,5200,0,0,1948,0
1,330000,1.5,3,4,1.0,7,1170,0,1170,1570,4950,7700,0,0,1960,0
0,665000,2.5,4,3,2.0,9,2600,0,2600,2950,17388,11553,0,0,1996,0
0,265000,1.75,3,4,1.5,7,1630,0,1630,1540,5999,7500,0,0,1985,0
0,545400,2.0,3,3,1.0,8,2340,510,2850,2860,19200,18240,3,0,2004,0
0,350000,3.0,4,3,2.0,9,2560,0,2560,2667,5606,7334,0,0,2004,0
0,355000,2.0,3,3,1.5,8,2160,0,2160,2190,8091,8297,0,0,2000,0
0,261590,1.0,2,3,1.0,6,760,0,760,1050,6407,8580,0,0,1943,0
0,970000,3.0,5,4,2.0,8,3480,0,3480,3030,15185,14257,0,0,1964,0
0,316000,2.25,3,4,2.0,7,1900,0,1900,1520,7479,6559,0,0,1992,0
0,397500,3.0,4,3,1.0,9,1650,700,2350,2440,9952,9100,0,0,1989,0
0,270000,1.0,2,4,1.0,9,1780,0,1780,1780,81021,26723,3,0,1954,0
0,312900,2.5,4,3,2.0,7,1630,0,1630,1830,4473,5082,0,0,2003,0
0,415000,2.25,3,3,1.0,7,1240,580,1820,1820,9694,9694,0,0,1977,0
0,90000,1.0,2,3,1.0,5,580,0,580,1700,7500,11250,0,0,1943,0
0,220000,1.0,2,3,1.0,5,580,0,580,1700,7500,11250,0,0,1943,0
0,770000,3.0,4,3,1.0,7,1260,1060,2320,1760,7200,7200,0,0,1943,2000
0,754999,2.5,4,3,2.0,10,3010,0,3010,2840,9323,8413,0,0,1992,0
0,406500,2.0,3,3,1.0,8,1780,0,1780,2470,8621,8542,0,0,1992,0
0,160000,1.0,2,3,1.0,6,830,0,830,1092,4500,5350,0,0,1920,0
0,1284000,4.25,5,3,2.0,11,5040,0,5040,4300,9466,9417,0,0,2004,0
0,183000,1.0,3,5,1.0,6,870,0,870,870,5200,5200,0,0,1969,0
0,527000,2.5,4,3,2.0,9,2830,0,2830,2730,6163,6202,0,0,2000,0
0,245000,2.0,3,3,1.0,6,810,1230,2040,1460,13125,10582,0,0,1910,0
0,320000,1.75,3,4,1.0,7,1370,0,1370,1490,9900,9600,0,0,1983,0
0,293000,2.5,3,3,2.0,7,1990,0,1990,1900,7577,7152,0,0,1990,0
0,447000,1.0,3,4,1.0,7,1310,0,1310,1280,7000,7300,0,0,1958,0
0,226500,1.75,3,3,1.0,7,1130,510,1640,1680,10762,10259,0,0,1988,0
0,292500,1.0,2,4,1.0,5,880,0,880,1217,17743,13000,0,0,1951,0
0,329900,2.5,3,3,2.0,8,2170,0,2170,2300,4905,4935,0,0,2004,0
0,725000,1.75,3,3,1.0,7,1380,500,1880,3550,13300,10883,0,0,1967,0
0,280000,2.5,3,3,2.0,7,1610,0,1610,1820,10022,10017,0,0,1996,0
0,230000,1.0,4,3,1.5,6,1090,780,1870,1650,14703,6045,0,0,1928,0
0,440000,2.5,4,3,2.0,9,2800,0,2800,2530,28254,4694,0,0,2001,0
0,858450,2.75,5,3,2.0,9,3460,0,3460,3390,7977,6630,0,0,2011,0
0,253000,1.0,3,4,1.0,7,1040,540,1580,1480,8240,9200,0,0,1978,0
0,246000,2.25,3,3,1.0,8,1130,310,1440,1510,10500,8125,0,0,1983,0
0,746000,2.5,3,3,2.0,9,2620,0,2620,2850,8950,8809,0,0,1992,0
0,598555,2.5,3,3,2.0,9,3040,0,3040,3040,7880,7880,0,0,2004,0
0,820000,2.5,3,3,1.0,9,1560,1430,2990,2870,10711,11476,4,1,1976,1991
0,266500,2.25,3,3,1.0,7,1210,530,1740,1740,5460,7500,0,0,1998,0
0,243500,2.0,4,4,1.0,7,1610,0,1610,1610,6200,7500,0,0,1979,0
0,315000,2.75,3,3,1.0,7,1080,700,1780,1792,15114,10155,0,0,1980,0
0,710000,2.25,4,5,2.0,8,2000,0,2000,2080,8068,7837,0,0,1976,0
0,217500,2.0,2,4,1.0,7,1070,0,1070,1430,8400,8190,0,0,1980,0
0,500000,2.25,4,3,2.0,8,1960,0,1960,1960,12436,12436,0,0,1984,0
0,599000,2.0,3,3,1.0,8,1330,1230,2560,2390,14680,13848,0,0,1987,0
0,425000,2.25,4,3,1.0,8,910,330,1240,1760,21190,8200,0,0,1974,0
0,389900,2.5,3,3,1.0,7,2160,0,2160,2290,59241,125017,0,0,2007,0
0,710000,2.5,4,3,2.0,9,3060,0,3060,2870,5000,5548,0,0,2006,0
0,295000,2.5,3,4,2.0,7,1690,0,1690,1690,8564,7532,0,0,1992,0
0,275250,2.25,3,4,2.0,7,1520,0,1520,1410,7199,6751,0,0,1992,0
0,250000,2.5,4,3,2.0,7,2040,0,2040,1570,5770,6753,0,0,1994,0
0,225000,2.5,3,4,2.0,7,2000,0,2000,1750,9202,7827,0,0,1992,0
0,364900,3.0,3,3,2.0,8,2500,0,2500,2290,8304,7855,0,0,1997,0
0,356000,1.5,3,3,1.0,7,1140,0,1140,1380,7500,7500,0,0,1976,0
0,755000,2.75,3,3,2.0,8,2870,0,2870,2570,6600,7925,2,0,1984,0
0,605000,2.25,3,3,2.0,8,1960,0,1960,2080,10139,9753,0,0,1984,0
0,179950,1.5,4,3,1.0,6,1130,0,1130,1140,5200,5200,0,0,1968,0
0,633000,2.75,5,3,2.0,11,3630,0,3630,3620,30570,41965,0,0,2000,0
0,349950,2.0,4,5,1.0,7,1764,0,1764,1490,15600,22387,0,0,1942,0
0,425000,2.5,3,3,2.0,9,2650,0,2650,2920,12247,8965,0,0,2002,0
0,590000,2.25,3,4,2.0,8,2490,0,2490,2690,8800,10000,0,0,1975,0
0,242000,1.75,3,3,1.0,7,1500,0,1500,1500,7560,7560,0,0,1979,0
0,775000,2.0,3,5,1.0,5,580,580,1160,2961,13747,16320,0,0,1931,0
0,217000,2.5,3,3,2.0,7,1340,0,1340,990,4200,4520,0,0,2002,0
0,395000,2.5,3,3,2.0,8,1960,0,1960,1690,3953,3593,0,0,1999,0
0,572500,2.25,3,4,1.0,8,1500,530,2030,2030,9791,11031,0,0,1984,0
0,241000,2.0,3,3,1.0,8,1520,0,1520,1890,7131,7379,0,0,1993,0
0,455000,2.75,4,4,1.0,8,1680,1350,3030,2060,117378,110957,0,0,1959,0
0,475000,1.5,4,4,1.0,7,1030,550,1580,1520,10260,7000,0,0,1955,0
0,263000,1.75,3,4,1.0,8,1330,460,1790,1970,7485,8097,0,0,1979,0
0,322000,1.75,3,4,1.0,7,1250,950,2200,2200,12231,9825,0,0,1964,0
0,809950,2.5,4,3,2.0,10,3280,0,3280,3110,6181,7570,0,0,2001,0
0,635000,3.5,5,3,2.0,11,4150,0,4150,3840,13232,15121,0,0,2006,0
0,272450,2.25,3,3,2.0,7,1780,0,1780,1510,7332,7625,0,0,1987,0
0,427000,1.75,4,4,1.0,7,1460,0,1460,1820,9750,9840,0,0,1967,0
0,261500,1.0,3,3,1.0,8,1410,0,1410,1500,8174,8058,0,0,1958,0
0,488800,2.25,4,4,1.0,8,1300,870,2170,2170,9665,12054,0,0,1976,0
0,398950,3.0,4,3,2.0,8,3000,0,3000,2520,10297,8366,0,0,2003,0
0,217000,1.0,3,5,1.0,6,870,0,870,1020,5200,5200,0,0,1969,0
0,160000,1.0,4,4,1.0,6,770,770,1540,910,7350,8000,0,0,1969,0
0,447000,1.0,3,3,1.0,7,1270,0,1270,1560,8800,8250,0,0,1968,0
0,1320000,3.5,4,3,2.0,11,4410,0,4410,4760,36200,35860,0,0,1989,0
0,310000,1.0,3,3,1.0,8,1170,340,1510,1125,6000,6000,0,0,1953,0
0,380000,1.75,2,4,1.0,7,990,810,1800,1940,7191,7400,3,0,1952,0
0,345000,2.75,4,4,1.0,8,1480,770,2250,2070,7412,7632,0,0,1975,0
0,590000,2.5,4,5,1.0,8,1920,1780,3700,2020,12500,8350,0,0,1973,0
0,187000,1.75,2,4,1.0,8,1050,0,1050,1150,2926,3802,0,0,1974,0
0,270000,2.0,3,4,1.0,7,1690,0,1690,1690,9583,9583,0,0,1969,0
0,1210000,1.75,3,4,1.0,8,1900,0,1900,2510,13600,16600,0,0,1956,0
0,253500,1.5,3,4,1.0,7,1440,0,1440,1720,12040,12040,0,0,1959,0
0,475000,1.5,3,4,1.0,7,1750,0,1750,1740,12632,12196,0,0,1952,0
0,390000,2.5,4,3,2.0,8,1940,0,1940,1900,3864,3864,0,0,2003,0
0,296500,2.5,3,4,2.0,7,1770,0,1770,1590,6033,6510,0,0,1987,0
0,386000,2.5,4,3,2.0,8,2810,0,2810,1770,11897,4240,0,0,2003,0
0,389000,2.5,4,3,2.0,10,2420,0,2420,1400,9147,7200,0,0,1998,0
0,270000,1.5,4,5,1.0,7,1930,0,1930,1620,15000,7500,0,0,1946,0
0,287500,2.5,4,3,1.0,7,1310,930,2240,1780,6944,7477,2,0,1979,0
0,508450,1.75,4,4,1.0,7,1000,520,1520,1510,9600,9000,0,0,1955,0
0,380000,1.5,3,1,1.0,7,1430,0,1430,1520,11173,11659,0,0,1955,0
0,510000,4.0,4,3,2.0,10,3530,0,3530,3360,10935,11250,0,0,1992,0
0,315000,2.0,3,3,1.0,6,1220,0,1220,1980,14645,24960,0,0,1970,0
0,206000,1.0,3,4,1.0,7,1320,0,1320,1260,7000,7455,0,0,1967,0
0,592500,3.0,4,4,1.0,8,1370,800,2170,2020,8240,7944,0,0,1968,0
0,334500,2.5,3,3,2.0,8,1990,0,1990,2110,3694,3842,0,0,1989,0
0,600000,2.5,4,4,1.0,8,1780,580,2360,2780,13500,12400,0,0,1973,0
0,170000,1.75,3,3,1.0,7,1370,0,1370,1370,10780,10317,0,0,1959,0
0,950000,2.5,4,3,2.0,10,3320,0,3320,3320,7644,9472,0,0,1995,0
0,623000,2.5,4,4,1.0,8,1690,1290,2980,2690,9235,10046,0,0,1977,0
0,555000,2.5,4,3,2.0,9,2920,0,2920,2760,24074,26023,0,0,1997,0
0,245000,2.25,3,4,2.0,7,1780,0,1780,1820,9598,7533,0,0,1985,0
0,638150,2.5,4,3,1.0,8,1820,350,2170,2390,7275,7275,0,0,1978,0
0,1650000,4.5,4,3,2.0,9,3880,1670,5550,3470,16065,16488,0,0,2003,0
0,269950,2.5,4,3,1.0,7,1260,800,2060,1610,13500,10714,0,0,1968,0
0,195000,1.5,3,5,1.0,6,1050,0,1050,1100,5525,5200,0,0,1969,0
0,159100,1.0,2,3,1.0,6,790,0,790,1150,7095,7200,0,0,1944,0
0,550000,1.0,3,3,1.0,6,1010,0,1010,1260,6120,5977,0,0,1942,0
0,249500,1.0,2,3,1.0,6,900,0,900,860,4500,4500,0,0,1951,0
0,480000,2.25,3,3,1.0,8,1220,600,1820,2050,13362,15000,0,0,1977,0
0,515000,2.25,3,3,1.0,8,1220,600,1820,2050,13362,15000,0,0,1977,0
0,420000,2.5,4,3,2.0,8,3040,0,3040,2420,24123,10026,0,0,1999,0
0,610000,3.25,5,4,1.0,8,1890,1600,3490,2660,23400,12400,0,0,1957,0
0,295000,2.25,3,4,1.0,9,1560,420,1980,2360,8000,8000,0,0,1974,0
0,430000,3.75,3,3,1.0,8,2390,1500,3890,1820,7140,7320,2,0,1943,2007
0,752888,2.5,3,4,2.0,9,2420,0,2420,2630,9000,9000,0,0,1987,0
0,335000,2.5,4,3,2.0,8,2370,0,2370,2190,6000,6070,0,0,2001,0
0,285000,1.75,3,3,1.0,8,1580,1300,2880,1380,18296,9592,0,0,1958,0
0,731000,2.5,5,3,1.5,8,3670,0,3670,2340,8960,9425,0,0,1973,0
0,517000,1.0,4,3,1.0,7,1650,0,1650,2240,8250,9776,0,0,1966,0
0,217000,1.0,2,5,1.0,5,720,0,720,840,4760,4760,0,0,1942,0
0,615000,2.25,5,3,2.0,9,2480,0,2480,2570,12070,12000,0,0,1978,0
0,2458000,5.25,4,3,2.0,11,5180,1320,6500,2270,14986,8119,0,0,2001,0
0,219000,2.0,3,4,1.0,7,1090,0,1090,1490,7350,7741,0,0,1990,0
0,715000,2.25,4,4,1.0,9,1460,440,1900,2040,8272,8479,0,0,1966,0
0,950000,2.5,4,4,2.0,10,2790,0,2790,3520,15653,15653,0,0,1964,0
0,239000,1.0,3,3,1.0,7,1510,0,1510,1510,15022,12970,0,0,1962,0
0,415000,4.0,4,4,2.0,9,2740,0,2740,2290,8250,8250,0,0,1990,0
0,292000,1.75,3,3,1.0,7,1370,900,2270,1210,7156,7156,0,0,1948,0
0,227000,1.75,3,4,1.0,8,1680,0,1680,2040,7455,8214,0,0,1968,0
0,675000,2.25,3,3,1.0,9,2260,0,2260,2820,13209,12534,0,0,1977,0
0,206000,1.5,2,3,2.0,7,1820,0,1820,1430,8867,9288,0,0,1921,0
0,427500,2.5,4,3,2.0,8,2430,0,2430,2650,3249,3844,0,0,2010,0
0,1350000,2.0,3,3,1.0,7,1590,480,2070,3000,9600,16215,1,0,1946,0
0,213000,1.75,4,2,1.0,7,1480,500,1980,1980,9000,9360,0,0,1978,0
0,390000,2.5,4,3,2.0,8,2560,0,2560,2130,43560,10150,0,0,1989,0
0,1320000,3.25,4,3,1.0,11,2270,1200,3470,3910,11843,13247,3,0,1989,0
0,550000,3.0,4,3,2.0,11,4180,0,4180,3010,35169,35190,0,0,1986,1998
0,289000,1.75,3,3,1.0,7,1690,0,1690,1530,3449,4093,0,0,1987,0
0,411000,2.75,4,5,1.0,8,1240,910,2150,1980,9915,9325,0,0,1976,0
0,400000,2.0,4,4,2.0,7,2350,330,2680,1430,13680,11000,2,0,1943,1965
0,185000,1.0,3,3,1.0,7,1010,0,1010,1820,6400,6500,0,0,1971,0
0,850000,3.25,6,4,1.0,9,2730,2190,4920,3700,20590,14994,3,0,1960,0
0,240000,1.5,3,3,1.0,7,1010,0,1010,1640,10350,7700,0,0,1969,0
0,260000,3.0,3,3,2.0,8,1680,710,2390,1820,8993,10362,0,0,1988,0
0,450000,2.75,3,3,1.0,9,2200,640,2840,2840,39324,39413,0,0,1988,0
0,458450,1.0,4,4,1.0,7,970,360,1330,1590,9715,8400,0,0,1957,0
0,200000,1.0,3,2,1.5,7,1200,0,1200,1380,10703,8068,0,0,1918,0
0,311000,2.5,4,3,1.0,7,1200,890,2090,1450,11645,9481,0,0,1962,0
0,2027000,3.75,4,5,1.5,11,2540,1560,4100,3880,22798,18730,3,0,1934,1979
1,400000,1.5,3,4,1.0,7,1200,0,1200,1510,4800,7668,0,0,1962,0
0,440000,2.5,4,3,2.0,8,2400,0,2400,2040,8038,7756,0,0,2002,0
0,298000,2.5,4,3,2.0,8,1960,0,1960,2360,11798,11785,0,0,1999,0
0,253000,1.0,2,4,1.0,7,940,370,1310,1400,7128,7161,0,0,1980,0
0,216000,1.0,2,4,1.0,7,1130,0,1130,1270,12500,10798,0,0,1953,0
0,1321625,2.75,5,3,2.0,10,2290,120,2410,2980,19447,19447,2,0,1968,0
0,1444000,2.75,4,3,1.0,8,1930,730,2660,2410,9547,10001,1,0,1968,2006
0,305000,1.0,3,3,1.0,7,1030,0,1030,1030,5350,5250,0,0,1924,2009
0,550000,2.75,3,3,2.0,8,1730,600,2330,1100,4780,5336,3,0,1930,1988
0,301500,1.0,3,3,1.0,7,1050,360,1410,1800,7419,8000,0,0,1969,0
0,340000,2.5,3,3,2.0,7,3040,0,3040,2670,6255,6259,0,0,1999,0
0,255000,2.75,3,4,1.0,7,1900,0,1900,1640,16117,19166,0,0,1958,0
0,315000,2.5,3,3,2.0,8,1600,0,1600,1890,7982,9830,0,0,1993,0
0,285500,1.75,4,4,1.0,8,1960,0,1960,1960,7950,8400,0,0,1967,0
0,607000,2.5,4,4,1.0,8,1300,800,2100,2160,8220,8348,0,0,1975,0
0,326995,2.5,3,3,2.0,7,1860,0,1860,1940,5321,5205,0,0,2000,0
0,372500,2.25,4,4,1.0,8,1920,0,1920,1890,9660,7800,0,0,1968,0
0,400000,1.5,3,3,1.0,7,2390,0,2390,1370,32109,32109,0,0,1975,2007
0,409950,3.0,4,3,2.0,8,2430,0,2430,2430,7163,6028,0,0,2003,0
0,381500,2.0,2,3,1.0,9,2160,0,2160,2450,35183,34992,0,0,1985,0
0,215000,1.75,3,4,1.0,7,900,530,1430,1720,13399,6415,0,0,1946,0
0,345000,1.75,5,4,2.0,7,2840,0,2840,2170,12870,9612,2,0,1925,0
0,363000,0.75,3,4,2.0,7,2510,0,2510,2130,20000,20000,0,0,1961,0
0,240000,1.0,3,4,1.5,7,1690,0,1690,1700,20063,15899,0,0,1913,0
0,247000,1.0,1,3,1.0,4,460,0,460,990,4120,4120,0,0,1937,0
0,525000,1.75,3,3,1.0,8,1260,860,2120,2040,9146,10485,0,0,1981,0
0,1250000,2.25,4,3,1.5,8,2820,480,3300,3250,15375,15375,3,0,1933,1984
0,320000,1.5,4,4,1.5,7,1310,0,1310,1310,137214,9450,0,0,1926,0
0,210000,1.5,3,4,1.0,7,1250,0,1250,1320,9484,9600,0,0,1969,0
0,220000,2.5,4,3,1.0,8,1290,840,2130,1770,9100,7700,0,0,1978,0
0,1735000,3.5,4,3,2.0,10,4010,0,4010,1870,9654,9873,0,0,2007,0
0,915557,3.25,5,4,2.0,9,2540,1200,3740,2920,11536,11258,0,0,1984,0
0,259000,1.5,4,3,1.5,7,1810,0,1810,1520,9000,9780,0,0,1960,0
0,363000,2.5,3,3,2.0,8,2390,0,2390,2070,8000,7585,0,0,1995,0
0,230000,3.0,4,3,1.0,7,1150,530,1680,1820,6003,6207,0,0,1997,0
0,180500,1.0,2,3,1.0,6,850,0,850,1160,5000,5000,0,0,1976,0
0,315000,2.5,4,3,2.0,7,2780,0,2780,2260,3969,4160,0,0,2005,0
0,279950,1.75,3,4,1.0,7,1330,600,1930,1600,7267,7698,0,0,1977,0
0,1680000,3.25,5,4,2.0,11,3820,1040,4860,4040,23723,13860,2,0,1989,0
0,176000,2.25,3,2,1.0,7,1180,360,1540,1460,5449,6740,0,0,1989,0
0,290000,2.5,3,3,1.0,7,1190,0,1190,2230,8175,9520,0,0,1986,0
0,295000,1.75,3,4,2.0,7,1060,0,1060,1410,8100,8100,0,0,1983,0
0,1096500,3.25,5,3,2.0,11,4010,0,4010,4010,12110,12334,0,0,2003,0
0,257500,2.0,3,4,1.0,7,1140,0,1140,1460,7078,7078,0,0,1991,0
0,456000,1.5,4,3,1.0,8,1270,950,2220,2030,12385,8831,0,0,1978,0
0,253400,2.0,3,5,1.0,7,1400,0,1400,1270,8640,9375,0,0,1968,0
0,292000,2.5,3,3,2.0,7,1600,0,1600,2020,3580,4327,0,0,2000,0
0,271500,2.5,3,3,1.0,7,1090,400,1490,1880,8005,7905,0,0,1976,0
0,382880,2.0,3,4,1.0,7,1620,0,1620,1660,9566,10011,0,0,1968,0
0,852500,2.5,3,4,1.0,9,1580,1050,2630,2400,10100,9700,0,0,1967,0
0,475000,1.5,3,3,1.0,7,1240,0,1240,1440,8738,9344,0,0,1959,0
0,762400,1.75,3,3,1.0,8,1230,1200,2430,2750,14607,17425,1,0,1949,1970
0,473000,2.25,3,3,1.0,8,1890,0,1890,2390,12236,12323,0,0,1978,0
0,550000,1.5,3,3,1.0,7,2440,0,2440,1920,7200,6900,0,0,1949,0
1,317950,2.5,3,3,2.0,7,1980,0,1980,2200,4500,4500,0,0,2012,0
0,490000,1.75,3,3,1.0,8,1490,0,1490,2350,11360,10320,0,0,1975,0
0,1702500,4.5,5,3,2.0,11,3390,1800,5190,4460,23716,22748,2,0,1987,2000
0,435000,2.75,3,3,2.0,9,2692,0,2692,2336,6197,5700,0,0,2007,0
0,412000,1.5,3,3,1.0,7,1320,0,1320,1720,8000,8100,0,0,1957,0
0,376000,2.5,6,4,1.0,7,1420,1000,2420,1630,11662,11662,2,0,1965,0
0,552500,1.0,3,4,1.5,7,1520,500,2020,1200,4120,4635,0,0,1929,0
0,315000,2.25,4,4,1.0,8,2550,0,2550,1770,9736,9686,0,0,1967,0
0,262500,2.0,4,3,1.0,7,1540,0,1540,1540,5110,5110,0,0,1957,0
0,340000,2.5,4,3,2.0,7,2450,0,2450,3300,6941,6941,0,0,2006,0
0,230000,1.0,2,3,1.5,4,1470,0,1470,1670,25661,43301,0,0,1932,0
0,252000,1.0,3,3,1.0,7,1170,0,1170,1680,9730,10125,0,0,1968,1986
0,158000,1.0,3,3,1.0,6,1140,0,1140,1190,10477,9750,0,0,1942,0
0,262500,1.0,3,4,1.0,7,970,0,970,1480,7854,7800,0,0,1980,0
0,1100000,3.5,4,3,2.0,9,4170,390,4560,2990,41636,11381,0,0,1995,0
0,343500,2.0,3,3,1.0,7,1660,0,1660,2380,7509,8598,0,0,2002,0
0,273500,1.0,4,4,1.0,6,1020,340,1360,1230,6000,6000,0,0,1944,0
0,225000,1.0,3,3,1.0,7,1100,560,1660,1660,7210,7245,0,0,1963,0
0,760000,3.5,5,5,2.0,10,3180,0,3180,3670,14000,14450,0,0,1997,0
0,390000,1.5,2,4,1.5,6,1350,520,1870,1380,12960,7800,0,0,1926,0
0,3300000,3.25,3,4,1.0,11,2460,1760,4220,3810,41300,30401,4,1,1958,1987
0,355000,2.5,3,3,1.0,9,2400,0,2400,2400,9701,8258,0,0,1990,0
0,2367000,2.25,3,3,1.0,9,1840,1690,3530,3530,17450,17310,3,1,1930,1993
0,1211000,2.5,4,3,2.0,10,3430,0,3430,3920,35120,35230,0,0,1984,0
0,255950,2.5,3,3,2.0,7,1720,0,1720,1720,3676,3510,0,0,1992,0
0,362950,1.75,4,4,1.0,7,1140,1000,2140,1830,159865,15569,0,0,1960,0
0,452000,1.75,3,4,1.0,7,1110,0,1110,1800,9012,8679,0,0,1966,0
0,315000,1.75,3,3,1.0,7,1270,700,1970,1890,8200,8348,0,0,1964,0
0,312000,2.0,4,3,1.0,7,1890,0,1890,1600,8362,9257,0,0,1966,0
0,305000,2.25,3,4,2.0,7,1370,0,1370,1370,6600,6600,0,0,1993,0
0,270000,2.5,3,3,2.0,7,1770,0,1770,1770,7336,7349,0,0,1996,0
0,587100,1.0,2,3,1.0,7,1190,0,1190,1700,6967,6968,0,0,1946,0
0,451000,1.75,4,3,1.0,7,1330,350,1680,1680,7800,7210,0,0,1966,0
0,250000,1.0,2,3,1.0,6,1110,0,1110,2240,26051,12255,0,0,1951,0
0,235000,1.5,4,4,1.0,7,1920,0,1920,1400,11595,10550,0,0,1962,0
1,230000,1.5,3,5,1.0,7,1330,0,1330,1420,9548,9548,0,0,1967,0
0,415000,1.0,3,3,1.0,7,1520,0,1520,1470,9030,8712,0,0,1956,0
0,522500,1.0,3,3,1.0,7,1520,0,1520,1470,9030,8712,0,0,1956,0
0,383000,1.5,3,4,1.0,8,1340,0,1340,1990,7725,7725,0,0,1967,0
0,315000,1.75,3,4,1.0,7,1250,1250,2500,1710,8289,8205,0,0,1958,0
0,750000,2.25,4,3,2.0,9,3140,0,3140,2370,12150,12054,0,0,1979,0
0,270000,2.25,3,4,2.0,8,1810,0,1810,1820,8262,8262,0,0,1981,0
0,395000,2.5,4,4,2.0,9,2740,0,2740,2460,8336,9189,0,0,1990,0
0,400000,1.0,3,3,1.0,8,1140,270,1410,1910,9704,13639,0,0,1983,0
0,225000,2.5,3,4,1.0,7,1410,760,2170,1860,11745,8643,0,0,1967,0
0,260000,2.75,4,3,1.0,7,1140,1100,2240,1580,7200,7416,0,0,1967,0
0,469900,2.5,4,4,2.0,9,2990,0,2990,2740,8913,8030,0,0,1991,0
0,148900,1.75,4,3,1.0,7,1700,0,1700,1280,6000,6000,0,0,1967,0
0,229500,1.0,3,4,1.0,7,1230,0,1230,1240,6000,6000,0,0,1967,0
0,1355000,3.75,5,3,2.0,11,3760,1200,4960,5200,13990,18116,2,0,2001,0
0,385000,2.5,4,3,1.0,7,1330,700,2030,1500,11375,9160,0,0,1969,0
0,230000,2.25,3,3,1.0,7,1250,580,1830,2240,11331,16433,0,0,1965,0
0,189900,1.0,2,5,1.0,5,1000,0,1000,1010,4179,6327,0,0,1914,0
0,968060,2.5,4,4,1.0,7,1570,1050,2620,3050,16200,11875,2,0,1950,1993
0,921000,1.5,4,4,1.0,7,1490,730,2220,1800,9496,8286,0,0,1954,0
0,380000,1.75,5,5,1.0,7,1500,1500,3000,2230,6000,7125,0,0,1958,0
0,449000,2.5,4,3,2.0,8,1980,0,1980,1980,5400,5400,0,0,1998,0
0,318989,2.25,4,4,1.0,8,2000,0,2000,2190,9000,8374,0,0,1978,0
0,750000,1.0,3,3,1.0,7,1120,0,1120,1440,8549,8640,0,0,1952,0
0,330000,2.5,3,3,2.0,9,2370,0,2370,2530,9102,9883,0,0,1990,0
0,556000,2.25,3,3,2.0,8,2020,0,2020,2070,3600,3699,0,0,1998,0
0,637000,3.5,4,3,2.0,10,4083,0,4083,2430,68377,41382,0,0,2005,0
0,182500,1.0,2,3,1.0,6,1040,0,1040,1100,13920,7575,0,0,1973,0
0,3300000,6.25,5,3,2.0,11,8020,0,8020,4160,21738,18969,0,0,2001,0
0,250000,1.75,4,4,1.0,7,1090,770,1860,1710,7350,7350,0,0,1977,0
0,440000,2.5,4,4,2.0,9,2880,0,2880,2420,7386,7663,0,0,1987,0
0,625000,2.5,4,3,1.0,8,1410,340,1750,2120,9000,9600,0,0,1977,2003
0,430000,1.5,4,4,1.0,7,1560,0,1560,1560,6534,6969,0,0,1962,0
0,835000,2.5,3,3,2.0,10,2960,0,2960,3320,6856,6856,0,0,2009,0
0,218250,1.5,3,3,1.0,7,1080,0,1080,1190,9774,9611,0,0,1968,0
0,255000,2.0,3,3,1.0,7,1490,0,1490,1560,7599,7710,0,0,1990,0
0,424305,2.5,3,5,2.0,8,1600,0,1600,1410,5960,13056,2,0,1910,0
0,285000,1.75,4,4,1.0,7,1330,800,2130,1600,8151,8587,0,0,1967,0
0,372000,2.5,3,3,2.0,8,2430,0,2430,2910,5000,5620,0,0,2001,0
0,330000,2.5,4,4,2.0,8,2510,0,2510,2290,8580,7809,0,0,1991,2012
0,280000,2.0,3,3,1.0,7,1640,0,1640,1640,13249,9240,0,0,1995,0
0,345000,2.5,3,3,2.0,8,1870,0,1870,1900,3584,3920,0,0,2003,0
0,685000,1.5,3,3,2.0,8,2230,0,2230,2200,8558,8558,0,0,1960,0
0,273148,1.75,3,4,1.0,7,1240,470,1710,1840,7210,7245,0,0,1974,0
0,246500,2.5,3,3,2.0,7,1620,0,1620,1370,7686,7686,0,0,1989,0
0,349950,2.5,5,3,1.0,7,1310,940,2250,1550,7176,9081,0,0,1983,0
0,299950,2.5,4,3,2.0,7,1900,0,1900,2520,4054,4085,0,0,2003,0
0,337000,2.5,3,5,1.0,7,990,1245,2235,1460,43560,29621,0,0,1975,0
0,542000,2.25,2,4,2.0,9,1800,0,1800,1800,2819,2755,2,0,1979,0
0,260000,1.75,3,3,1.0,7,1340,330,1670,1580,8511,7218,0,0,1985,0
0,975000,3.5,5,3,2.0,11,4590,880,5470,3600,35071,35074,0,0,1976,0
0,343000,2.5,4,3,2.0,7,2070,0,2070,2760,4500,5173,0,0,2004,0
0,290000,2.5,3,3,2.0,7,1600,0,1600,1700,6848,7210,0,0,2000,0
0,1500000,3.0,3,4,1.0,10,1590,1520,3110,3150,9015,11447,4,0,1980,0
0,230000,2.25,3,3,1.0,7,1150,350,1500,1500,7210,7210,0,0,1984,0
0,306000,1.5,3,4,1.0,7,1250,0,1250,1300,8700,8700,0,0,1959,0
0,1065000,2.25,4,4,2.0,9,2730,510,3240,2610,12930,12884,0,0,1968,0
0,235000,1.0,4,3,1.5,6,1500,0,1500,1190,6360,6360,0,0,1944,0
0,265000,1.0,4,4,1.0,7,1860,0,1860,1560,8505,8505,0,0,1955,0
0,1250000,3.25,4,4,2.0,11,3310,510,3820,2900,24166,18786,1,0,1990,0
0,784500,5.0,4,3,2.0,11,3750,2070,5820,2980,13906,13000,0,0,1993,0
0,850000,2.0,3,3,2.0,9,2470,0,2470,2340,8800,10980,0,0,1961,2004
0,410000,2.5,3,3,2.0,9,3040,0,3040,2650,6054,6054,0,0,2005,0
0,252000,1.75,4,4,1.0,7,1120,0,1120,1330,8250,7975,0,0,1966,0
0,618000,1.75,5,4,1.0,7,1880,0,1880,2180,18295,20674,0,0,1955,0
0,217000,1.0,3,3,1.0,7,1000,0,1000,1490,12000,14940,0,0,1959,0
0,274000,2.0,2,4,1.0,7,950,750,1700,1700,7992,8030,0,0,1980,0
0,1415000,5.25,4,3,2.0,12,4670,0,4670,4900,43950,35000,0,0,1989,0
0,400000,2.0,3,3,1.0,8,1010,0,1010,1840,12252,11497,0,0,1980,0
0,1728000,3.0,4,4,1.0,10,1850,1850,3700,3080,20570,17595,0,0,1976,0
0,261000,1.75,3,3,1.0,7,1350,0,1350,1370,7686,7686,0,0,1987,0
0,230000,1.75,3,4,1.0,7,1140,580,1720,1120,9125,7506,0,0,1981,0
0,524000,2.25,4,3,2.0,8,2190,0,2190,2090,15491,15039,0,0,1981,0
0,270000,2.0,3,3,1.0,8,1820,0,1820,2080,7750,8084,0,0,1992,0
0,170500,1.0,2,3,1.0,7,820,240,1060,1370,7700,8833,0,0,1981,0
0,2700000,3.25,4,3,2.0,11,3150,1270,4420,2760,7850,8525,4,1,2001,0
0,305000,2.5,4,3,2.0,8,2430,0,2430,2100,5959,5414,0,0,2002,0
0,905000,3.5,5,3,2.0,10,2570,930,3500,2940,10155,10753,0,0,1996,0
0,219200,2.0,3,4,1.5,7,1680,0,1680,1540,7000,7480,0,0,1968,0
0,455000,1.5,3,3,1.0,7,1250,0,1250,1450,8004,7931,0,0,1965,0
0,83000,1.0,2,3,1.0,5,900,0,900,2060,8580,6533,0,0,1918,0
0,174500,2.5,2,3,2.0,7,1240,0,1240,1430,2689,3609,0,0,1986,0
0,255000,1.5,3,3,1.0,7,1020,0,1020,1290,11410,8400,0,0,1959,0
0,539000,2.25,5,3,1.0,8,1510,1080,2590,1930,7245,7245,0,0,1973,0
0,571500,1.0,3,4,1.0,6,1300,0,1300,1630,6710,9946,0,0,1952,0
0,186950,2.0,2,3,2.0,7,1390,0,1390,1390,1302,1302,0,0,1986,0
0,210000,0.75,2,2,1.0,6,840,0,840,1240,49658,11000,0,0,1948,0
0,3650000,3.75,5,3,2.0,12,3970,1050,5020,4190,8694,11275,1,0,2007,0
0,808000,2.25,4,4,2.0,9,2500,0,2500,2630,8866,8847,0,0,1987,0
0,206000,1.0,3,3,1.0,7,920,0,920,1260,8400,8400,0,0,1963,0
0,550000,1.5,3,4,1.0,7,1340,0,1340,1590,6000,9000,0,0,1960,0
0,359000,2.0,3,4,1.0,7,1560,1525,3085,1480,7280,7900,0,0,1959,0
0,340000,1.75,3,5,1.0,6,1730,0,1730,2490,11986,9264,3,0,1918,0
0,545000,2.0,3,5,1.0,7,1090,520,1610,1510,8069,8803,0,0,1955,0
0,705640,2.25,3,4,1.0,8,1420,980,2400,2615,12350,12043,0,0,1968,0
0,1650000,2.75,4,4,1.0,9,1940,1250,3190,2600,14904,11195,3,0,1949,1992
0,280000,1.75,3,5,1.5,7,1550,0,1550,1250,7410,7467,0,0,1944,0
0,245000,1.75,4,4,1.0,8,1280,650,1930,1860,7650,8800,0,0,1981,0
0,287500,2.25,4,3,2.0,8,2250,0,2250,2140,12000,11871,0,0,1985,0
0,482000,2.5,3,3,2.0,8,2950,0,2950,2400,6545,6550,0,0,2003,0
0,206000,2.0,4,3,1.0,6,1700,0,1700,1320,6025,5956,0,0,1978,0
0,390000,2.75,4,3,1.0,8,2120,380,2500,2370,12848,12497,1,0,1975,0
0,393000,2.5,4,3,2.0,7,2641,0,2641,2641,8091,8535,0,0,1998,0
0,287000,1.0,3,3,1.0,7,1250,0,1250,1530,26862,24463,0,0,1965,0
0,580000,2.0,5,4,1.0,7,1540,1160,2700,2040,10875,7464,0,0,1962,0
0,930000,2.5,3,3,2.0,10,3290,0,3290,3200,6830,6227,0,0,2000,0
0,625000,1.75,3,4,1.0,7,2110,590,2700,2260,18893,17494,0,0,1948,1983
0,325000,2.0,3,3,1.0,8,1570,0,1570,2010,5600,5600,0,0,1999,0
0,235000,1.75,3,3,1.0,7,1950,0,1950,1820,8712,11520,0,0,1960,0
0,223000,2.0,4,4,1.0,7,1200,0,1200,1110,8470,8400,0,0,1961,0
0,339000,1.5,3,4,1.0,7,1740,0,1740,1400,21980,16100,0,0,1973,0
0,839000,4.0,5,3,2.0,10,2710,1570,4280,3080,11307,11307,0,0,1996,0
0,269000,2.0,3,3,1.0,7,1410,0,1410,1660,10577,6757,0,0,1994,0
0,382000,2.0,2,4,1.0,8,1350,0,1350,1800,2560,2560,0,0,1974,0
0,675000,2.25,4,4,2.0,9,2760,0,2760,2850,12100,12410,0,0,1976,0
0,165000,1.0,4,3,1.5,6,1220,0,1220,1210,7980,7920,0,0,1944,0
0,260000,1.0,4,3,1.5,6,1220,0,1220,1210,7980,7920,0,0,1944,0
0,365650,2.25,4,4,2.0,8,2380,0,2380,2100,7700,7700,0,0,1977,0
0,299000,2.0,3,3,1.0,8,1730,0,1730,2000,6007,6245,0,0,2004,0
0,768000,2.5,3,3,2.0,9,1830,830,2660,2800,10928,10025,0,0,1988,0
0,315000,1.0,3,3,1.0,7,890,0,890,1420,5200,6000,0,0,1957,0
0,160000,1.75,3,3,2.0,7,1370,0,1370,1530,8006,8006,0,0,1990,0
0,450000,2.5,5,4,1.0,8,1410,1100,2510,2170,10240,10500,0,0,1984,0
0,250200,1.5,3,5,1.0,7,1180,0,1180,1150,7384,7455,0,0,1959,0
0,1100000,2.25,3,5,1.0,7,1080,480,1560,2660,8570,9621,0,0,1977,0
0,732500,2.5,3,3,2.0,9,2470,0,2470,2450,10321,8440,0,0,1988,0
0,194250,2.25,3,3,1.0,7,1390,800,2190,1490,8834,8766,0,0,1987,0
0,526000,2.0,4,3,1.0,7,1190,420,1610,1560,8000,7896,0,0,1966,0
0,202000,1.0,2,4,1.0,6,920,0,920,1280,7569,7627,0,0,1950,0
0,570000,1.0,1,4,1.0,6,720,0,720,1120,7540,9736,4,1,1905,0
0,192000,1.75,3,3,1.0,6,1240,0,1240,1240,10361,8834,0,0,1987,0
0,283450,2.75,5,3,1.0,7,1490,1280,2770,1920,6116,6486,0,0,1979,0
0,245000,1.0,2,5,1.0,6,1020,0,1020,1280,7679,6497,0,0,1942,0
0,1315000,3.0,4,4,1.0,8,2860,0,2860,1840,10292,10273,0,0,1953,1999
0,1156000,3.5,4,3,2.0,10,4270,0,4270,4190,12305,13137,2,0,1994,0
0,299500,2.5,4,3,2.0,8,2010,0,2010,1910,12085,12133,0,0,1986,0
0,515000,3.5,5,3,2.0,8,1560,750,2310,1900,5249,7296,0,0,2000,0
0,377000,2.5,4,3,2.0,8,2170,0,2170,1900,11511,8961,0,0,1992,0
0,588000,2.25,4,3,2.0,8,2580,0,2580,2390,7344,7507,0,0,1977,0
0,260000,1.5,3,3,2.0,8,1750,0,1750,1840,7000,9305,0,0,1983,0
0,179950,1.0,2,3,1.0,7,780,320,1100,1410,7323,7227,0,0,1982,0
0,683000,2.5,4,3,2.0,9,2620,0,2620,2430,10489,7701,0,0,1990,0
0,222400,2.0,3,3,1.0,7,1200,0,1200,1590,9566,9518,0,0,1995,0
0,430000,1.75,3,5,1.5,8,3440,0,3440,2160,10428,8400,0,0,1974,0
0,797500,2.5,4,3,2.0,10,3270,0,3270,3460,8223,8872,0,0,1998,0
0,379000,1.5,4,5,1.5,7,1080,200,1280,1470,5460,5934,0,0,1920,0
0,247500,1.0,3,4,1.0,7,1110,550,1660,1890,11060,11060,0,0,1962,0
0,385000,2.75,4,3,2.0,9,2700,0,2700,2700,37011,37457,0,0,1984,0
0,693000,2.25,3,5,1.0,8,1280,810,2090,3090,45535,12889,2,0,1952,0
0,465000,1.75,5,3,1.0,7,1200,800,2000,2340,10246,9030,2,0,1953,0
1,665000,3.0,6,3,2.0,8,2480,0,2480,2480,9720,9200,0,0,1972,0
0,237950,1.75,3,5,1.0,6,1310,0,1310,1010,7314,7314,0,0,1960,0
0,572000,2.25,3,5,1.5,7,1020,840,1860,1180,4000,4000,0,0,1920,0
0,249000,2.5,3,3,1.0,7,1500,350,1850,2140,7200,7500,0,0,1979,0
0,275000,2.5,3,3,2.0,7,2030,0,2030,1810,6326,6825,0,0,1993,0
0,300000,2.25,3,4,1.0,8,1730,0,1730,2090,10030,8823,0,0,1985,0
0,1052000,1.0,3,4,1.0,6,1860,0,1860,2000,44431,44431,0,0,1947,0
0,330000,2.0,4,3,1.0,7,1040,550,1590,1670,9100,9100,0,0,1967,2014
0,537000,1.75,4,4,1.0,7,2230,0,2230,2230,7957,8040,0,0,1967,0
0,250000,2.0,3,5,1.0,7,910,650,1560,1470,32137,29150,0,0,1976,0
0,835000,2.5,4,3,2.0,10,2950,0,2950,2870,48351,34417,0,0,1986,0
0,335000,1.75,3,3,1.0,7,1560,830,2390,1750,30409,13500,0,0,1953,0
0,350000,1.75,3,4,1.0,7,1740,0,1740,1560,29597,20741,0,0,1965,0
0,788000,2.5,4,4,2.0,8,2680,0,2680,2680,8778,10020,0,0,1977,0
0,388000,2.5,4,3,2.0,8,2440,0,2440,2450,7155,8109,0,0,1993,0
0,280000,2.25,3,4,1.0,7,1250,450,1700,2070,7210,7300,0,0,1974,0
0,215000,2.0,3,3,1.5,7,1470,0,1470,1390,2052,2052,0,0,1986,0
0,306000,2.5,3,3,2.0,8,1680,0,1680,2080,11193,8084,0,0,1984,0
1,534000,1.75,5,3,1.0,7,1200,920,2120,1930,8625,8625,0,0,1959,0
0,946000,3.0,4,3,1.0,9,2140,1000,3140,2760,9058,10018,0,0,1989,0
0,475000,1.0,2,3,1.0,6,920,0,920,1700,5157,5150,0,0,1909,0
0,1225000,2.5,4,4,2.0,9,2590,530,3120,2030,49456,32181,4,1,1974,1989
0,183500,1.0,3,4,1.0,6,1010,0,1010,1370,7520,8469,0,0,1975,0
0,707000,4.5,5,4,2.0,8,2940,600,3540,1290,21217,12040,0,0,1926,0
0,192500,1.0,3,4,1.0,7,1100,0,1100,1190,9750,9750,0,0,1966,0
0,309000,2.5,3,3,2.0,7,1990,0,1990,1980,3614,3800,0,0,2005,0
0,1115000,3.75,4,3,2.0,11,4040,0,4040,3940,14212,14212,0,0,2002,0
1,462000,1.75,5,4,1.0,7,1250,0,1250,1560,10530,8190,0,0,1966,0
0,325000,2.0,5,4,1.0,5,1730,0,1730,1940,10532,8501,0,0,1943,0
0,410000,2.75,5,3,2.0,7,2910,0,2910,2910,5802,5000,0,0,2006,0
0,325000,2.25,4,4,1.0,7,1600,530,2130,1890,8499,11368,0,0,1975,0
0,685000,2.5,3,3,1.0,8,1630,890,2520,2220,10175,8388,0,0,1979,0
0,247500,2.25,3,3,1.0,7,1280,340,1620,1710,6000,6318,0,0,1998,0
0,199950,1.5,3,3,1.5,6,1370,0,1370,1370,10317,9884,0,0,1958,0
0,670000,3.0,5,3,2.0,8,2010,510,2520,2170,13001,8215,1,0,1973,0
0,275000,2.0,3,4,1.0,7,1540,0,1540,1590,10410,7725,0,0,1967,0
0,255000,2.0,3,3,1.5,7,1490,0,1490,1350,8371,7846,0,0,1984,0
1,465000,1.75,3,3,1.0,7,1380,1380,2760,1980,9137,9137,0,0,1960,0
1,259000,1.75,3,3,1.0,7,1260,0,1260,1430,3604,3767,0,0,2012,0
0,999000,2.75,4,3,2.0,10,2800,0,2800,2010,19168,16020,0,0,1992,0
0,529941,2.0,3,4,1.0,7,1010,650,1660,2020,10000,9720,0,0,1961,0
0,310000,1.0,3,3,1.5,6,1330,0,1330,1330,3740,5053,0,0,1903,0
0,389000,1.0,3,3,1.5,6,1330,0,1330,1330,3740,5053,0,0,1903,0
0,443000,1.75,3,4,1.0,7,1810,0,1810,1680,7950,7725,0,0,1968,0
0,585000,2.5,4,3,1.0,8,1660,710,2370,2360,15200,13879,0,0,1975,0
0,1027000,2.5,3,3,2.0,9,2430,0,2430,3440,10500,12842,1,0,1989,0
0,315000,2.5,3,3,2.0,8,1880,0,1880,1880,7000,7000,0,0,1993,0
0,180000,1.0,2,4,1.0,6,1150,0,1150,1150,5695,5695,0,0,1958,0
0,1085000,2.25,5,4,1.0,10,1850,1800,3650,2760,13068,13927,0,0,1976,0
0,239000,1.0,2,4,1.0,7,1130,0,1130,1490,15190,16920,0,0,1954,0
0,330000,1.75,5,3,1.0,7,1070,1030,2100,2170,7347,9418,0,0,1981,0
0,465000,2.5,4,3,2.0,9,3060,0,3060,3040,6000,6000,0,0,2012,0
0,1700000,2.75,3,4,2.0,10,2810,0,2810,3120,18731,14810,4,1,1974,0
0,2680000,3.0,5,4,2.0,11,4290,0,4290,3620,20445,22325,0,0,1985,0
0,244950,2.5,4,4,1.0,7,1790,0,1790,1760,19177,11726,0,0,1966,0
0,361000,2.75,5,3,1.0,7,1300,1080,2380,2400,7500,6000,0,0,1984,0
0,650000,2.25,5,5,1.0,7,1200,1200,2400,1950,13450,10361,0,0,1957,0
0,230005,1.0,2,2,1.0,7,830,200,1030,1770,6000,5000,0,0,1951,0
0,625000,1.75,3,4,1.0,8,2160,1000,3160,1990,76230,45789,0,0,1978,0
0,239950,1.75,3,3,1.0,7,1440,0,1440,1640,7200,9167,0,0,1986,0
0,335000,1.5,3,3,1.0,7,1340,700,2040,1190,6000,6000,0,0,1957,0
0,345000,1.75,3,4,1.0,8,1670,1470,3140,2590,8571,7949,0,0,1985,0
0,208000,1.5,3,4,1.0,7,1210,0,1210,1370,7247,7869,0,0,1967,0
0,519000,2.75,5,5,1.0,8,1350,1270,2620,1940,8861,10800,0,0,1979,0
0,474950,2.25,3,3,2.0,9,1850,0,1850,1080,2575,4120,0,0,2013,0
1,539000,2.25,7,4,2.0,7,2620,0,2620,2070,6890,7910,0,0,1961,0
0,732000,2.0,3,5,1.0,9,1940,0,1940,2330,55756,10018,0,0,1954,0
0,919950,2.75,5,3,2.0,9,3170,0,3170,3210,7062,6891,0,0,2014,0
0,835000,2.25,3,4,2.0,9,2120,0,2120,3280,54014,50690,0,0,1964,0
0,310000,2.5,4,3,2.0,8,2130,0,2130,2350,9013,8982,0,0,1988,0
0,202500,1.0,3,3,1.0,6,1120,0,1120,1050,8576,8812,0,0,1943,0
0,295000,2.5,4,3,2.0,8,1810,0,1810,1850,4871,5003,0,0,1999,0
0,518000,1.0,3,3,1.5,7,1270,0,1270,2100,6612,7680,3,0,1927,0
0,250000,1.75,2,3,1.0,7,1350,0,1350,1370,4023,3570,0,0,2005,0
0,570000,1.75,5,3,1.5,8,2510,0,2510,1900,9750,9750,0,0,1969,0
0,265000,2.5,3,4,2.0,8,1660,0,1660,1630,5250,5505,0,0,1988,0
0,790000,2.5,4,4,2.0,9,2690,0,2690,2420,8036,8087,0,0,1987,0
0,520000,1.75,5,4,1.0,7,1020,1020,2040,1720,5280,7344,0,0,1961,0
0,335000,1.75,4,4,1.0,7,1390,610,2000,1520,10890,9250,0,0,1961,0
0,270000,2.25,3,4,1.0,8,2140,0,2140,2060,9990,9990,0,0,1962,0
0,1298888,2.25,5,4,1.0,8,2020,670,2690,3380,10800,9134,3,0,1956,0
0,925850,3.25,6,3,2.0,10,3140,0,3140,2980,14923,10758,0,0,1991,0
0,450000,2.5,3,3,2.0,10,2910,0,2910,2910,17172,20048,0,0,1989,0
0,245000,2.25,4,4,2.0,7,2140,0,2140,2060,8800,9790,0,0,1963,0
0,1945000,4.0,4,3,2.0,11,3480,1210,4690,2800,6900,11240,0,0,2001,0
0,1500000,1.5,3,1,1.0,8,1910,0,1910,2850,21374,16167,0,0,1955,0
0,232603,1.75,3,4,2.0,7,1750,0,1750,2140,11461,11276,0,0,1976,0
0,239000,2.5,3,3,2.0,7,1360,0,1360,1360,5754,7050,0,0,1994,0
0,380000,1.5,3,5,1.0,7,1540,0,1540,1690,8400,7689,0,0,1968,0
0,410000,2.5,5,3,1.0,8,1410,1260,2670,1860,184140,35719,0,0,1980,0
0,1050000,2.5,4,4,1.5,10,3030,0,3030,2980,12590,11635,0,0,1988,0
0,1410000,2.25,4,3,2.0,9,3250,0,3250,2890,16684,16927,0,0,1979,0
0,325000,2.5,4,4,1.0,7,1220,600,1820,1860,9161,7650,0,0,1975,0
0,385000,1.75,3,3,1.0,7,1280,1090,2370,1990,6360,6360,3,0,1954,0
0,550000,1.0,4,4,2.0,7,2420,0,2420,1630,15520,9965,0,0,1945,0
0,676000,2.5,4,3,2.0,8,2800,0,2800,2790,5368,5368,0,0,2003,0
0,180000,1.0,3,4,1.5,7,940,0,940,1420,11055,9100,0,0,1959,0
0,234000,2.0,3,5,1.5,6,1640,0,1640,1160,5280,7875,0,0,1910,0
0,920000,3.25,3,3,2.0,10,3660,0,3660,3660,66211,107153,0,0,2003,0
0,224000,1.75,3,4,1.0,7,1100,0,1100,1520,10125,10125,0,0,1969,0
0,1400000,2.75,3,3,1.0,8,1690,1440,3130,2980,19530,18782,4,1,1947,1984
0,185000,1.0,3,4,1.0,6,1320,0,1320,1070,7155,8100,0,0,1961,0
0,268000,1.75,3,3,1.0,7,980,500,1480,1790,8009,7678,0,0,1980,0
0,675000,2.25,4,4,1.0,8,1530,730,2260,2220,8715,8650,0,0,1976,0
0,620000,2.25,4,4,1.0,8,1710,500,2210,2070,10039,10965,0,0,1967,0
0,565000,1.75,5,4,1.0,7,1390,520,1910,1750,9720,9720,0,0,1955,0
0,716125,2.25,3,4,1.0,9,2110,0,2110,2130,7279,7279,0,0,1984,0
0,415000,2.0,4,5,1.0,7,1160,620,1780,1780,12161,8170,0,0,1950,0
0,465000,2.5,4,4,2.0,9,2820,0,2820,2910,39413,39413,0,0,1989,0
0,254999,1.0,3,4,1.0,7,1000,580,1580,1580,7560,7560,0,0,1976,0
0,279000,2.5,4,3,2.0,7,2040,0,2040,2040,8076,8408,0,0,1994,0
0,460000,2.5,3,3,2.0,8,2720,0,2720,2250,40813,40511,0,0,2001,0
0,291000,1.75,3,3,1.0,7,1560,0,1560,1840,9788,11180,0,0,1964,0
0,90000,1.0,3,4,2.0,6,980,0,980,980,2490,3154,0,0,1969,0
0,329000,1.75,3,4,1.0,8,1360,620,1980,1880,7000,7200,0,0,1977,0
0,909000,2.5,4,3,2.0,10,3680,0,3680,2830,11648,11251,0,0,1986,0
0,187000,1.0,2,4,1.0,5,860,0,860,960,5400,5400,0,0,1953,0
0,497000,2.5,4,3,2.0,8,2240,0,2240,1860,7200,6600,0,0,1995,0
0,313500,1.75,3,3,1.0,8,1610,0,1610,2120,7350,7350,0,0,1974,0
0,309000,2.25,3,4,1.0,7,1300,680,1980,2030,8755,8671,0,0,1963,0
0,259000,1.0,3,4,1.0,7,1320,0,1320,1370,8625,8295,0,0,1957,0
0,295000,2.0,4,5,1.0,7,1030,680,1710,1710,8814,7272,0,0,1975,0
0,410000,2.25,4,5,2.0,8,2150,0,2150,2200,27345,11923,0,0,1976,0
0,308900,2.5,3,3,2.0,8,2250,0,2250,2140,7294,7363,0,0,1994,0
0,955000,2.25,5,3,2.0,8,2510,0,2510,2510,9887,10006,0,0,1972,0
0,1240000,5.5,7,3,2.0,10,4930,1700,6630,4470,13782,8639,0,0,2004,0
0,335000,2.25,4,3,2.0,8,3220,0,3220,2120,7889,7651,0,0,1978,0
0,552000,2.5,3,3,1.0,9,1840,0,1840,2730,9900,9900,0,0,1978,0
0,203700,2.0,3,3,1.0,7,1130,530,1660,1550,7958,7647,0,0,1983,0
0,412000,3.5,4,3,2.0,9,2450,910,3360,2580,9767,8757,0,0,1990,0
0,237500,2.0,3,4,1.0,7,1350,0,1350,1470,8960,8288,0,0,1986,0
0,200000,2.0,3,3,1.0,7,1190,0,1190,1540,6833,8000,0,0,1995,0
0,280000,1.75,3,3,1.0,7,990,680,1670,1230,6034,6034,0,0,1957,0
0,140000,1.5,3,3,2.0,8,1200,0,1200,1270,2002,1848,0,0,1966,0
0,370000,2.5,5,3,1.0,8,1280,970,2250,2140,10400,9592,0,0,1973,0
0,1411600,2.5,2,5,2.0,10,2610,570,3180,3760,9400,9450,4,0,1985,0
0,1505000,2.5,2,5,2.0,10,2610,570,3180,3760,9400,9450,4,0,1985,0
0,510000,1.5,4,4,1.0,7,1020,1020,2040,1490,8800,8800,0,0,1961,0
0,270000,1.0,3,5,1.0,7,1010,0,1010,2020,14510,44866,0,0,1974,0
0,540000,2.5,3,4,1.0,7,1820,1280,3100,2430,100188,104979,0,0,1981,0
0,365000,2.0,3,3,1.0,7,2030,0,2030,1760,8649,7200,0,0,1998,0
0,810000,2.75,6,4,1.0,10,2180,1790,3970,2490,9500,9775,0,0,1970,0
0,225000,2.0,3,3,1.0,6,1100,0,1100,1050,5200,5330,0,0,1969,2014
0,315000,2.5,3,3,2.0,7,1730,0,1730,1780,6368,6597,0,0,1993,0
1,550000,2.25,3,4,1.0,8,1570,380,1950,2160,26500,12751,0,0,1965,0
0,565000,1.75,3,3,1.0,8,1400,980,2380,2150,10450,9600,0,0,1977,0
0,623000,1.75,3,2,1.0,8,2050,0,2050,3180,16313,10264,0,0,1973,0
0,770000,2.5,3,3,2.0,10,2730,0,2730,2800,11380,10070,0,0,1995,0
0,310000,2.5,4,4,1.0,8,1820,1320,3140,2700,22100,25500,0,0,1960,0
0,720000,2.25,4,5,2.0,8,2410,0,2410,1910,8400,8056,0,0,1965,0
0,512000,2.5,4,3,2.0,9,2600,0,2600,2470,4506,6041,0,0,2005,0
0,299000,2.5,5,4,1.0,7,1110,1110,2220,1780,9360,7704,0,0,1968,0
0,285000,2.5,3,3,2.0,8,1660,0,1660,2190,6263,6192,0,0,2003,0
0,680000,1.75,3,4,1.0,8,1590,740,2330,2420,9652,9631,0,0,1968,0
0,707000,2.25,4,4,1.0,9,1690,1230,2920,2710,17023,10681,0,0,1977,0
0,925000,2.75,3,4,1.0,9,2040,1240,3280,3150,10558,9998,2,0,1979,0
0,725000,1.75,3,4,1.0,7,1690,0,1690,1850,8489,8536,0,0,1959,0
0,135900,1.0,2,3,1.0,6,760,0,760,1220,3800,7410,0,0,1950,0
0,1225000,2.25,4,3,1.0,9,1870,1200,3070,3070,16028,19822,3,0,1976,0
0,218000,1.0,4,3,1.0,7,1620,0,1620,2400,17500,17394,0,0,1962,0
0,289999,2.0,3,3,1.0,8,1490,0,1490,2040,9285,6681,0,0,1995,0
0,324950,1.0,3,4,1.0,7,1240,0,1240,1240,7500,9750,0,0,1976,0
0,260000,2.0,6,3,1.0,7,2220,0,2220,1170,8797,5123,0,0,1977,0
0,430000,1.5,4,4,1.0,7,1070,850,1920,1450,10000,10836,0,0,1954,0
0,250000,2.25,3,3,2.0,7,1765,0,1765,1765,7652,7719,0,0,1996,0
1,665000,2.75,3,4,1.0,7,1320,480,1800,1890,9550,9902,0,0,1966,0
0,425000,2.5,3,3,1.0,8,2650,0,2650,1940,144183,41210,0,0,1967,0
0,205000,1.0,3,4,1.0,7,1180,0,1180,1180,8240,7840,0,0,1967,0
0,191000,1.5,3,4,1.0,6,800,0,800,820,8850,8775,0,0,1959,0
0,789888,3.5,5,3,2.0,9,2410,890,3300,2540,7860,9920,0,0,2001,0
0,352750,2.75,4,4,1.0,7,1360,910,2270,2050,24237,8016,0,0,1977,0
0,250000,1.0,3,5,1.0,6,1010,0,1010,1250,8711,8053,0,0,1944,0
0,962800,2.5,4,3,2.0,9,3780,0,3780,3370,23623,10210,0,0,1997,0
0,299500,1.75,3,4,1.0,7,1880,0,1880,2230,11700,35200,0,0,1968,0
0,450000,2.25,3,3,2.0,8,2530,0,2530,2160,27227,30192,0,0,1987,0
0,420000,2.5,4,3,2.0,11,3360,0,3360,3530,11637,11205,0,0,1990,0
0,400000,1.0,3,4,1.0,7,1300,0,1300,2440,14138,12196,0,0,1943,0
0,463000,1.0,3,4,1.0,7,1250,0,1250,1520,7700,7700,0,0,1955,0
0,980000,4.25,4,3,2.0,8,2360,890,3250,1800,11780,9000,0,0,1944,2001
0,359500,3.75,6,3,2.0,8,3190,0,3190,2680,4700,5640,0,0,2003,0
0,715000,2.5,4,3,2.0,9,2570,0,2570,2760,7980,6866,0,0,1998,0
0,240000,1.75,3,4,1.0,7,980,440,1420,1430,6984,7875,0,0,1980,0
0,283500,1.75,3,3,1.0,7,1250,0,1250,1320,5375,6258,0,0,1985,0
0,235000,1.0,2,3,1.5,7,1260,890,2150,1590,4500,5010,0,0,1917,0
0,827000,2.5,4,3,1.0,9,1870,1360,3230,2670,12100,10200,0,0,1977,0
0,747500,2.5,4,4,2.0,9,2810,0,2810,2990,11902,10754,0,0,1993,0
0,182000,1.0,3,2,1.0,5,1160,0,1160,1340,18055,10324,0,0,1950,0
0,250000,2.0,3,3,2.0,6,1470,0,1470,1360,2781,3008,0,0,2003,0
0,390000,1.75,4,3,1.0,7,1100,920,2020,1670,9750,9600,0,0,1975,0
0,920000,2.75,4,5,1.0,8,1570,1570,3140,2430,9085,9350,2,0,1961,0
0,325000,1.75,3,4,1.0,7,1290,520,1810,1550,8048,9081,0,0,1983,0
0,315000,2.5,5,3,2.0,7,2090,0,2090,2070,4698,4698,0,0,1998,0
0,179000,1.75,4,3,1.5,6,1410,380,1790,1790,7175,8417,0,0,1900,0
0,266490,2.5,3,3,2.0,7,1810,0,1810,1880,4113,4465,0,0,2004,0
0,885000,2.5,3,4,2.0,9,2880,0,2880,2840,11443,12530,0,0,1986,0
0,450000,2.5,3,3,2.0,8,1460,0,1460,1910,7573,7668,0,0,1983,0
0,3635000,6.0,5,3,2.0,12,5490,0,5490,2910,19897,17600,0,0,2005,0
0,375000,2.5,3,3,2.0,8,1830,0,1830,1940,13042,6996,0,0,1990,0
0,190000,2.0,5,4,1.0,5,1750,0,1750,1560,10284,9010,0,0,1943,0
0,252000,2.0,3,4,2.0,7,1540,0,1540,1500,7210,7210,0,0,1984,0
0,423800,2.5,3,3,2.0,8,1940,0,1940,1940,7415,8425,0,0,1965,0
0,460000,2.25,3,4,2.0,8,1453,0,1453,1860,2225,2526,0,0,1986,0
0,244000,1.0,3,3,1.0,6,1000,1000,2000,1760,15900,10500,0,0,1948,0
0,230000,1.0,3,4,1.0,6,1390,0,1390,1420,16000,10000,0,0,1960,0
0,400000,1.0,3,3,1.0,7,1060,0,1060,1920,12690,10200,0,0,1969,0
0,205950,1.0,3,4,1.0,6,970,0,970,1210,11963,11963,0,0,1970,0
0,873000,2.25,3,3,2.0,11,2720,0,2720,3170,54450,60548,0,0,1997,0
0,325000,1.75,3,4,1.0,7,1090,1090,2180,2130,10230,7200,0,0,1961,0
0,279000,2.75,4,4,1.0,7,1330,850,2180,1500,8475,7140,0,0,1987,0
0,660000,2.25,4,3,2.0,9,3180,0,3180,2910,13653,12350,0,0,1978,0
0,400000,1.5,3,3,1.0,7,1510,0,1510,2180,7642,8357,0,0,1959,0
0,374000,1.75,4,5,1.0,7,1140,1080,2220,1670,15600,4800,0,0,1963,0
0,257500,2.0,3,5,1.0,7,1300,0,1300,2210,9334,9636,0,0,1981,0
0,216500,1.75,2,4,1.0,8,1390,0,1390,1390,4482,4680,0,0,1980,0
0,1185000,2.25,3,5,2.0,10,2760,0,2760,3030,40946,42253,0,0,1978,0
0,360000,2.5,4,3,2.0,9,3200,0,3200,3030,7282,7290,0,0,2007,0
0,925000,2.5,4,3,2.0,10,3540,0,3540,4130,18168,11180,0,0,1996,0
0,319000,2.25,3,3,1.0,7,1200,600,1800,1700,9597,13502,2,0,1963,0
0,265000,2.5,6,4,1.5,7,1790,210,2000,1710,7650,7650,0,0,1960,0
0,2000000,4.25,5,4,2.0,11,3940,2550,6490,3290,10862,14080,3,0,1991,0
0,229500,1.75,3,4,1.0,8,1770,0,1770,1690,33224,22069,0,0,1968,0
0,218250,1.0,3,3,1.0,7,970,300,1270,1290,7344,7300,0,0,1967,0
0,231750,1.0,3,3,1.0,7,1020,0,1020,1470,7615,9515,0,0,1981,0
0,263000,2.75,4,5,1.0,7,1250,580,1830,1730,7315,7208,0,0,1979,0
0,279950,1.5,3,4,1.0,7,1160,360,1520,1460,7200,7200,0,0,1990,0
0,252500,2.0,3,3,1.0,7,1900,0,1900,1900,8002,6086,0,0,1991,0
0,205000,1.0,3,3,1.0,7,1370,0,1370,1770,10708,14482,0,0,1969,0
0,654000,2.5,5,4,1.0,8,1640,1320,2960,1890,8968,9077,0,0,1965,0
0,2720000,3.25,4,4,2.0,11,3990,0,3990,3450,18115,16087,0,0,1989,0
0,270000,2.5,3,3,2.0,7,1780,0,1780,2010,5015,5250,0,0,2010,0
0,340000,2.25,3,4,2.0,9,2630,0,2630,2470,9916,10810,0,0,1988,0
0,690000,2.5,4,3,2.0,9,2780,0,2780,3000,4688,6029,0,0,2003,0
0,178500,1.0,3,5,1.0,7,1200,0,1200,1200,8470,7952,0,0,1961,0
0,260000,1.75,3,3,1.0,7,1360,0,1360,1610,15210,7800,0,0,1987,0
0,339950,2.5,5,4,2.0,8,2990,0,2990,2150,7292,8190,0,0,1990,0
0,680000,3.5,3,3,1.0,10,2050,1600,3650,2550,103672,16140,0,0,2011,0
0,1225000,3.5,3,3,2.0,11,3680,0,3680,3710,11491,10030,2,0,1999,0
0,550000,2.0,3,5,1.0,8,1830,0,1830,1770,9152,9220,0,0,1959,0
0,675000,2.75,5,3,2.0,8,2570,0,2570,2580,12906,12927,0,0,1987,0
0,981000,3.25,3,3,2.0,10,1900,830,2730,2730,9588,12736,1,0,1984,0
0,168000,1.0,3,4,1.5,6,1150,0,1150,1170,8000,9600,0,0,1913,1957
0,959000,3.25,6,4,1.0,9,2220,2220,4440,2660,17424,10768,1,0,1959,0
0,685000,2.5,3,4,2.0,10,3290,0,3290,2700,90796,55023,0,0,1992,0
0,365000,2.5,4,3,2.0,7,1620,0,1620,2240,219542,217800,0,0,1980,0
0,280000,1.0,2,3,1.0,6,1150,0,1150,1170,12861,7574,0,0,1959,0
0,781500,2.5,4,3,2.0,10,3440,0,3440,3310,6332,6528,0,0,2001,0
0,295000,1.75,3,4,1.0,7,1300,700,2000,1900,7560,8301,0,0,1968,0
0,249900,2.0,3,4,1.0,7,1310,0,1310,1290,6738,8067,0,0,1990,0
0,190000,1.0,3,3,1.0,7,880,400,1280,1360,5100,6120,0,0,1961,0
0,650000,1.5,3,3,1.0,8,1320,0,1320,2110,8114,8114,0,0,1951,0
0,565000,2.5,4,3,1.0,9,2500,0,2500,3380,12090,12760,0,0,1983,0
0,234000,1.0,3,3,1.0,7,960,0,960,1540,9624,9624,0,0,1953,0
0,315000,2.5,3,3,2.0,7,2200,0,2200,2200,5954,5046,0,0,2004,0
0,225000,1.0,3,3,1.0,7,1250,0,1250,1300,7820,7920,0,0,1967,0
0,272500,2.0,3,4,1.0,7,1410,0,1410,1830,7622,8330,0,0,1983,0
0,342000,2.5,4,3,2.0,8,2380,0,2380,2260,7792,7378,0,0,1993,0
0,539950,2.5,4,3,2.0,9,2960,0,2960,2800,37430,36384,0,0,1990,0
0,221347,2.0,3,3,1.0,6,790,790,1580,1090,6655,6655,0,0,1944,0
0,330000,2.5,3,3,2.0,8,1870,0,1870,2290,4657,4795,0,0,2000,0
0,746000,1.75,3,4,1.0,7,1100,810,1910,1910,12321,11761,0,0,1952,0
0,820000,3.0,3,3,2.0,10,3850,0,3850,2970,38830,14050,1,0,2000,0
0,159000,1.0,3,4,1.0,7,1360,0,1360,1530,20000,9997,0,0,1953,0
0,242000,2.5,4,4,2.0,7,1750,0,1750,1890,11400,9024,0,0,1975,0
0,289000,2.25,3,4,2.0,7,1670,0,1670,1670,6600,6801,0,0,1990,0
0,400000,2.0,3,3,1.0,9,1860,0,1860,2500,12944,29279,0,0,2002,0
0,1550000,2.5,3,3,2.0,12,4460,0,4460,3770,26027,26027,0,0,1992,0
0,770126,2.75,4,3,1.0,8,1430,960,2390,1910,9300,9348,0,0,1979,0
0,710000,2.5,4,5,1.0,8,1870,1000,2870,2670,8995,9672,0,0,1968,0
0,820000,2.5,3,3,2.0,9,2970,0,2970,2970,9600,9707,0,0,1994,0
0,160000,1.5,3,4,1.0,7,960,0,960,1160,6497,7080,0,0,1970,0
0,365000,2.25,3,3,1.0,7,1300,500,1800,1950,9010,10240,0,0,1975,0
0,215000,1.0,3,4,1.0,7,1200,0,1200,1200,7280,8400,0,0,1967,0
0,1950000,3.5,4,4,2.0,10,4065,0,4065,3070,18713,18713,0,0,1987,0
0,390000,2.5,4,5,2.0,7,2570,0,2570,2460,22215,6533,0,0,1958,0
0,370000,3.0,4,3,2.0,9,2490,0,2490,2650,5706,5880,0,0,2005,0
0,371000,1.75,4,3,1.0,7,1690,0,1690,2390,10854,7000,0,0,1977,0
0,530000,1.75,3,3,1.0,7,1430,0,1430,1890,10350,10350,0,0,1959,0
0,290000,2.5,4,2,2.0,8,2340,0,2340,2480,52272,40500,0,0,1978,0
0,225000,1.75,3,4,1.0,7,1100,510,1610,1510,14182,8400,0,0,1978,0
0,199900,1.75,4,5,1.0,6,1790,0,1790,1550,12000,9840,0,0,1944,0
0,224000,1.75,3,3,1.0,7,1060,700,1760,1340,6300,7300,0,0,1963,0
0,244000,1.75,3,4,1.0,7,1440,100,1540,1540,8885,12734,0,0,1980,0
0,330000,2.5,4,3,2.0,8,2240,0,2240,2250,7589,7300,0,0,1994,0
0,440000,2.5,4,3,2.0,8,2350,0,2350,2260,7203,7274,0,0,1989,0
0,211000,1.0,4,3,1.0,7,1050,1050,2100,1540,9200,10033,0,0,1959,0
0,133400,1.0,3,4,1.0,6,900,0,900,1120,2550,2550,0,0,1978,0
0,539000,2.5,3,3,2.0,8,1570,140,1710,2120,2300,2856,0,0,2005,0
0,296475,2.5,3,3,2.0,7,1520,0,1520,1560,4170,4237,0,0,2004,0
0,846000,3.25,4,3,2.0,10,2070,650,2720,1450,4000,4000,1,0,2014,0
0,369000,2.5,4,3,2.0,9,2550,0,2550,2400,7349,8508,0,0,1989,0
0,625000,1.75,3,3,1.0,8,1390,820,2210,2050,16200,16200,0,0,1958,0
0,229950,1.5,4,5,1.0,6,1570,0,1570,1140,6717,6716,0,0,1911,0
0,229999,1.75,3,4,1.0,7,1310,0,1310,1580,6960,7200,0,0,1974,0
0,401000,1.0,3,4,1.0,6,1120,0,1120,1980,8321,8671,0,0,1941,1987
0,470000,3.5,3,4,1.0,8,1370,700,2070,1930,11658,8744,0,0,1977,0
0,620000,2.25,3,4,1.0,8,1570,440,2010,2050,7495,8402,0,0,1979,0
0,215000,1.0,2,3,1.0,7,1240,0,1240,1130,7200,9200,0,0,1967,0
0,205000,1.0,3,4,1.0,7,1120,0,1120,1190,8342,6660,0,0,1976,0
0,557000,1.75,4,4,2.0,8,2660,0,2660,1980,11315,11315,0,0,1983,0
0,320000,2.25,4,3,2.0,8,2310,0,2310,2310,7490,8480,0,0,1980,0
0,356000,1.0,3,3,1.0,6,920,0,920,1080,3863,5150,0,0,1970,0
0,349000,1.75,3,3,1.0,7,1590,0,1590,2980,9620,9398,0,0,1988,0
0,193000,1.0,3,4,1.0,6,960,0,960,960,10761,10761,0,0,1962,0
0,700000,1.5,3,3,2.0,9,1440,800,2240,3150,7227,16150,1,0,1977,0
0,565000,3.25,5,4,1.0,7,1800,1060,2860,1920,20790,9612,0,0,1965,0
0,333000,2.0,4,3,1.0,8,2750,0,2750,1340,9001,11050,0,0,2008,0
0,289950,1.75,4,3,1.0,7,1200,300,1500,1780,8400,9913,0,0,1956,0
0,505000,3.0,2,5,1.5,8,1910,860,2770,2140,10800,10800,0,0,1984,0
0,324950,1.75,3,3,1.0,7,1050,1000,2050,2380,6720,7260,2,0,1939,0
0,595000,2.75,3,4,2.0,8,3290,0,3290,2750,22649,6119,0,0,1993,0
0,1900000,3.25,4,3,2.0,11,5080,0,5080,4730,27755,22326,0,0,2001,0
0,310000,1.0,2,3,1.0,7,1020,0,1020,1770,8102,7291,0,0,1956,0
0,450000,1.0,3,2,1.0,6,1200,150,1350,1860,92721,8096,0,0,1946,0
0,539000,1.5,3,3,2.0,9,1740,0,1740,2580,12000,12224,0,0,1974,0
0,269950,2.5,3,3,1.0,7,1080,440,1520,1720,8720,7551,0,0,1981,0
0,780000,3.25,2,3,1.0,10,2410,590,3000,4270,24004,24506,0,0,1952,0
0,278000,2.25,3,3,2.0,7,2120,0,2120,2120,9804,7200,0,0,1994,0
0,190000,1.75,4,4,1.0,7,1900,0,1900,1720,9861,7967,0,0,1967,0
0,279950,2.25,3,3,2.0,7,1850,0,1850,1870,7480,7480,0,0,1978,0
0,550000,4.5,6,3,2.0,9,3580,940,4520,2870,40164,13068,0,0,1953,2008
0,480000,2.5,5,4,1.0,8,1870,862,2732,2720,9500,10000,2,0,1975,0
0,600000,2.5,4,5,1.0,8,1420,670,2090,2110,7290,8436,0,0,1966,0
0,305000,1.0,3,3,1.0,7,1010,570,1580,1710,7424,7772,0,0,1962,0
0,1388000,1.75,5,3,1.0,8,2650,0,2650,2780,11340,13204,0,0,1955,0
0,216500,1.0,3,4,1.0,6,1020,0,1020,1690,11652,11652,0,0,1971,0
0,277500,2.0,4,3,2.0,7,1700,0,1700,1960,12048,7650,0,0,1990,0
0,278000,1.5,5,5,1.0,7,1090,730,1820,1820,8712,8712,0,0,1960,0
0,185000,1.75,3,3,1.0,7,1080,0,1080,1090,9262,9262,0,0,1968,0
0,440000,3.0,5,3,1.0,8,1470,1260,2730,2590,6000,6000,0,0,1979,0
0,2395000,3.25,4,3,2.0,10,3800,0,3800,3940,19798,18975,0,0,1969,2009
0,299000,2.25,3,4,1.0,8,1320,1220,2540,1870,9961,10251,0,0,1969,0
0,299500,1.75,3,3,1.0,8,1230,580,1810,2090,34500,9735,0,0,1980,0
0,234000,1.0,4,3,1.0,7,1390,0,1390,1390,18000,18000,0,0,1955,2013
0,370000,2.5,3,5,2.0,8,1980,0,1980,2090,6922,7697,0,0,1991,0
0,410000,1.5,3,5,1.0,7,1250,0,1250,1430,7700,7700,0,0,1968,0
0,229500,1.75,2,3,1.0,7,960,910,1870,1680,6625,6000,0,0,1948,0
0,518000,2.5,4,3,2.0,8,2560,0,2560,2190,5672,6788,1,0,2005,0
0,565000,2.5,4,3,2.0,8,2620,0,2620,2620,10016,10016,0,0,1996,0
0,445000,2.5,4,3,2.0,7,2760,0,2760,2760,8558,7703,0,0,2001,0
0,968000,2.5,5,3,1.0,8,1450,1450,2900,2810,9799,9687,0,0,1959,0
0,315500,1.75,3,3,1.0,7,990,880,1870,1750,8400,8400,0,0,1977,0
0,349900,2.5,5,3,2.0,7,2530,0,2530,2070,4229,4879,0,0,2004,0
0,425000,1.5,3,4,1.0,7,1390,0,1390,1460,9680,10050,0,0,1956,0
0,268000,3.0,4,5,2.0,8,1840,0,1840,1650,7510,7957,0,0,1988,2013
0,147000,1.5,3,4,1.0,7,1100,380,1480,1600,9606,9619,0,0,1964,0
0,1980000,4.0,4,3,2.0,10,4360,0,4360,2180,12081,10800,0,0,2007,0
0,1280000,3.5,4,3,2.0,11,4660,0,4660,5080,17398,24913,2,0,2003,0
0,210000,1.75,3,3,2.0,7,1590,0,1590,1490,7617,7450,0,0,1986,0
0,450000,1.0,2,4,1.0,7,1180,0,1180,1420,10720,10750,0,0,1955,0
0,875000,1.75,4,3,1.0,7,1320,1040,2360,1680,8286,7630,0,0,1952,0
0,529950,2.75,4,5,1.0,8,1220,640,1860,2020,7500,8137,0,0,1967,0
0,175000,1.0,2,3,1.0,6,770,190,960,1280,5508,5304,0,0,1951,0
0,359900,2.25,5,3,1.0,7,1290,1000,2290,1660,7420,7526,0,0,1973,0
0,419950,2.5,4,3,2.0,8,2260,0,2260,2260,5164,5866,0,0,1996,0
0,255000,2.25,3,3,2.0,7,1850,0,1850,1710,7151,6827,0,0,1989,0
1,481000,1.75,4,4,1.0,7,1470,450,1920,1820,9500,10091,0,0,1966,0
1,719521,1.75,4,4,1.0,7,1470,450,1920,1820,9500,10091,0,0,1966,0
0,1080000,3.0,3,4,2.0,10,4000,910,4910,3540,43560,12288,0,0,1989,0
0,334000,2.5,4,4,1.0,8,1410,800,2210,2210,6080,6175,2,0,1965,0
0,321000,2.25,4,4,2.0,8,1800,0,1800,2010,4500,5050,0,0,2004,0
0,171000,2.0,4,3,1.0,6,1020,500,1520,1810,19672,7840,0,0,1920,0
0,226000,1.5,4,5,1.0,7,1200,0,1200,1250,10890,10139,0,0,1972,0
0,640000,2.5,4,3,2.0,9,2320,0,2320,2820,11259,11770,0,0,1982,0
0,383962,2.5,4,3,2.0,8,2700,0,2700,2350,6998,10550,0,0,2001,0
0,541338,2.5,3,3,2.0,8,1010,1050,2060,1760,8123,6170,0,0,1977,0
0,650000,3.0,4,4,1.0,7,1870,1030,2900,2330,15535,10217,2,0,1961,0
0,269950,1.5,3,4,1.0,7,1740,0,1740,1780,9547,9936,0,0,1962,0
0,340768,1.5,3,4,1.0,8,1510,0,1510,2110,11200,12070,0,0,1960,0
0,820000,2.5,4,3,2.0,10,3670,0,3670,3680,7000,7437,0,0,2005,0
0,263000,1.75,4,3,1.5,6,1340,0,1340,1240,8700,8700,0,0,1958,0
0,257000,1.75,3,3,1.0,7,1397,0,1397,1950,18000,31294,0,0,1965,2014
0,725000,2.5,4,3,2.0,10,3750,0,3750,2540,218506,39413,0,0,1991,0
0,300000,2.25,3,3,1.0,7,1400,600,2000,2040,7560,6949,0,0,1979,0
0,328000,2.0,3,3,1.5,8,2250,0,2250,2460,7904,8622,0,0,1998,0
0,187500,1.0,3,3,1.0,6,840,0,840,1030,8400,8640,0,0,1959,0
0,235000,1.0,3,3,1.0,7,1460,0,1460,1460,8400,9600,0,0,1958,0
0,540000,3.0,5,3,2.0,8,3610,0,3610,2800,9775,8582,0,0,2003,0
0,1200000,3.25,4,3,2.0,11,3180,670,3850,4320,19842,19500,3,0,1989,0
0,370000,2.25,3,3,2.0,9,3230,0,3230,2760,35306,35285,0,0,1987,0
0,338000,2.0,3,3,1.0,6,1640,800,2440,1630,23512,19613,0,0,1933,0
0,450000,1.0,3,4,1.0,7,1010,140,1150,2460,35415,11781,0,0,1950,0
0,785000,2.5,4,3,1.5,11,3210,0,3210,3280,24527,24527,0,0,1984,0
0,235000,1.0,3,2,1.0,7,1240,0,1240,1240,18000,18000,0,0,1943,0
0,880000,3.5,5,3,2.0,10,3180,1420,4600,3210,8764,9431,0,0,2007,0
0,421500,3.0,4,3,2.0,9,2793,0,2793,2793,5703,5704,0,0,2009,0
0,329900,2.75,4,3,2.0,7,2475,0,2475,2475,4000,4000,0,0,2014,0
0,363990,2.5,4,3,2.0,8,2240,0,2240,2530,3712,4315,0,0,2014,0
0,338900,2.25,3,3,1.0,8,1936,0,1936,1410,9495,12770,0,0,2013,0
0,419950,2.5,3,3,2.0,9,3120,0,3120,2670,6000,6000,0,0,2007,0
0,493000,2.5,4,3,2.0,8,2070,0,2070,2070,4270,4610,0,0,2010,0
0,1264000,3.75,4,3,2.0,9,3490,0,3490,1810,9170,8470,0,0,2012,0
0,319500,2.5,4,3,2.0,8,2730,0,2730,2150,4962,3802,0,0,2006,0
0,274000,2.5,3,3,2.0,8,1830,0,1830,1610,2517,2762,0,0,2005,0
0,429000,2.5,5,3,2.0,7,2340,0,2340,2190,4500,4500,0,0,2009,0
0,480000,5.0,6,3,2.0,7,3028,0,3028,1400,18055,34575,0,0,2005,0
0,440000,3.5,4,3,2.0,8,2390,790,3180,2850,4869,4500,0,0,2007,0
0,275000,2.5,4,3,2.0,7,1830,0,1830,2330,3868,3868,0,0,2007,0
0,460000,3.5,4,3,2.0,9,2070,800,2870,1770,3225,6450,3,0,2006,0
0,359000,2.5,4,3,2.0,8,2575,0,2575,2575,4725,5323,0,0,2011,0
0,575000,2.5,5,3,2.0,8,3070,0,3070,2590,7200,7200,0,0,2005,0
0,1850000,3.25,4,3,2.0,10,4160,0,4160,1840,10335,10333,0,0,2014,0
0,915000,3.75,6,3,2.0,9,2930,0,2930,3210,14980,10787,3,0,2013,0
0,375000,2.5,4,3,2.0,8,2310,0,2310,2310,7800,7140,0,0,2011,0
0,319000,2.5,4,3,2.0,7,2020,0,2020,2300,5100,5685,0,0,2010,0
0,340000,2.5,4,3,2.0,7,2320,0,2320,2150,4142,4140,0,0,2010,0
0,250000,2.5,3,3,2.0,7,1750,0,1750,1398,6351,6092,0,0,2012,0
0,349500,2.5,4,3,2.0,8,2030,0,2030,2040,4596,4705,0,0,2014,0
0,359950,3.5,4,3,2.0,7,2690,0,2690,2210,5564,4046,0,0,2007,0
0,319900,2.75,4,3,2.0,7,2475,0,2475,2475,4276,4000,0,0,2014,0
0,1450000,3.5,5,3,2.0,10,4170,0,4170,1930,9090,13635,0,0,2008,0
0,780000,4.25,6,3,2.0,8,2950,1360,4310,2100,10000,10000,0,0,2008,0
0,263000,2.5,3,3,2.0,7,1584,0,1584,1584,3200,2800,0,0,2011,0
0,505000,2.5,4,3,2.0,8,2420,0,2420,2750,5006,5471,0,0,2013,0
0,400000,2.5,3,3,2.0,8,2393,0,2393,2439,4788,5477,0,0,2012,0
0,495000,2.5,4,3,1.0,8,1910,1070,2980,2240,12075,12075,0,0,2007,0
0,549995,3.5,4,3,2.0,8,2260,710,2970,2970,6587,5690,0,0,2014,0
0,327555,2.5,3,3,2.0,8,2329,0,2329,2197,5720,5720,0,0,2010,0
0,384435,2.5,3,3,2.0,9,2029,0,2029,2029,3906,3920,0,0,2014,0
0,442000,4.0,4,3,2.0,10,3222,946,4168,4362,8485,8100,0,0,2007,0
0,220000,1.5,2,3,2.0,7,1030,0,1030,1030,2850,3000,0,0,1995,0
0,489000,2.5,3,3,2.0,8,3080,0,3080,3080,5598,5303,0,0,2006,0
0,250000,1.5,3,3,2.0,7,1072,0,1072,1443,4339,4341,0,0,2009,0
0,450000,2.5,3,3,2.0,8,2280,0,2280,2070,4557,4610,0,0,2010,0
0,949950,3.75,4,3,2.0,10,4120,0,4120,3730,8258,8332,0,0,2012,0
0,355000,2.75,4,3,2.0,8,2050,0,2050,2050,4000,4000,0,0,2014,0
0,745000,2.5,4,3,2.0,9,3170,0,3170,1580,5100,5100,0,0,2012,0
0,282000,2.5,4,3,2.0,8,1785,0,1785,1691,2552,2700,0,0,2009,0
0,292000,3.0,4,3,2.0,7,1984,0,1984,2095,4460,3402,0,0,2012,0
0,1583000,4.0,4,3,3.0,11,4750,860,5610,4560,11063,11063,0,0,2006,0
0,719000,3.5,3,3,2.0,9,2010,530,2540,3240,10578,9831,1,0,2014,0
0,331210,2.5,4,3,2.0,8,2240,0,2240,2240,4800,5040,0,0,2014,0
0,328000,2.5,4,3,2.0,8,1850,0,1850,2140,5388,5086,0,0,2009,0
0,408000,2.75,3,3,2.0,8,2670,0,2670,2340,4800,5000,0,0,2014,0
0,2641100,4.25,5,3,2.0,11,4660,0,4660,3340,16200,16200,2,0,2005,0
0,538000,2.5,3,3,2.0,8,3010,0,3010,3030,7014,6180,0,0,2009,0
0,450000,3.5,5,3,2.0,10,2650,1281,3931,3510,9497,9497,0,0,2014,0
0,290000,2.5,4,3,2.0,8,2423,0,2423,2495,7292,7489,0,0,2005,0
0,349900,2.5,4,3,2.0,8,2052,0,2052,2052,3723,5250,0,0,2014,0
0,509900,2.5,3,3,2.0,8,1790,0,1790,1890,2700,3078,0,0,2010,0
0,282000,2.5,3,3,2.0,7,2010,0,2010,2280,5399,5141,0,0,2006,0
0,387865,2.5,3,3,2.0,8,2370,0,2370,2370,4200,4200,0,0,2014,0
0,385000,2.5,4,3,2.0,8,2560,0,2560,2560,6238,6240,0,0,2007,0
0,545000,2.75,4,3,2.0,10,2650,0,2650,2740,6717,7923,0,0,2014,0
0,710000,2.5,3,3,2.0,9,2440,0,2440,2030,4153,4143,0,0,2003,0
0,949990,4.0,4,3,2.0,9,3970,0,3970,3560,7314,5258,0,0,2014,0
0,326989,2.5,3,3,2.0,8,2060,0,2060,2370,4200,4200,0,0,2014,0
0,335606,2.5,3,3,2.0,8,2538,0,2538,2570,4600,4800,0,0,2013,0
0,962000,2.75,4,3,2.0,11,3340,0,3340,3340,5700,6940,0,0,2013,0
0,419354,2.75,5,3,2.0,8,2710,0,2710,2710,4500,4626,0,0,2014,0
0,2320000,3.5,4,3,2.0,11,3610,1440,5050,2430,9520,9248,0,0,2007,0
0,530000,2.5,4,3,2.0,9,2590,0,2590,1400,7891,7891,0,0,2006,0
0,610360,2.5,4,3,2.0,9,2610,0,2610,2720,5562,7400,0,0,2013,0
0,925000,2.75,4,3,2.0,10,3730,0,3730,3670,8014,8279,0,0,2012,0
0,760000,2.5,4,3,2.0,9,3330,0,3330,2640,7399,8601,0,0,2009,0
0,293000,2.25,3,3,2.0,8,1910,0,1910,1714,3481,3177,0,0,2009,0
0,285000,2.5,3,3,2.0,7,2437,0,2437,2437,5136,4614,0,0,2011,0
0,300000,2.5,4,3,2.0,7,2090,0,2090,2090,5195,5236,0,0,2007,0
0,272000,2.5,4,3,2.0,7,2789,0,2789,2547,3960,3960,0,0,2007,0
0,418395,2.5,4,3,2.0,9,2906,0,2906,2680,5893,4950,0,0,2014,0
0,659950,2.75,4,3,2.0,9,3550,0,3550,3550,9400,9421,0,0,2014,0
0,359000,2.25,3,4,2.0,7,1160,790,1950,1950,1968,1968,0,0,1979,0
0,519000,2.5,4,3,2.0,8,3250,0,3250,3030,4500,4518,0,0,2009,0
0,1710000,4.5,5,3,2.0,10,4590,0,4590,3030,14685,9486,0,0,2009,0
0,535000,2.75,4,3,2.0,9,3070,0,3070,2880,7201,8364,0,0,2006,0
0,515000,2.5,3,3,2.0,8,2610,0,2610,2810,5845,5000,0,0,2005,0
0,330000,3.5,4,3,2.0,7,3150,0,3150,2950,6202,5940,0,0,2005,0
0,1079000,3.25,4,3,2.0,10,4800,0,4800,4750,12727,13602,0,0,2011,0
0,435000,2.5,4,3,2.0,9,3100,0,3100,2450,4699,5130,0,0,2010,0
0,328000,2.5,3,3,2.0,8,2242,0,2242,2009,4800,4800,0,0,2013,0
0,435000,2.5,4,3,2.0,7,2150,0,2150,2640,3143,3200,0,0,2010,0
0,320000,1.0,3,5,1.0,7,1400,0,1400,1440,9000,8400,0,0,1959,0
0,333500,2.5,3,3,2.0,8,2196,0,2196,1860,7475,6755,0,0,2006,0
0,210000,2.0,3,3,2.0,7,1580,0,1580,2280,4961,5000,0,0,2006,0
0,350000,2.5,3,3,2.0,8,2040,0,2040,1850,13590,12485,0,0,2009,0
0,907687,2.5,4,3,2.0,9,2930,630,3560,3560,6786,5886,0,0,2014,0
0,559950,2.75,5,3,2.0,8,2990,0,2990,2730,6370,5740,0,0,2014,0
0,215000,2.5,4,3,2.0,7,1847,0,1847,1847,8000,8000,0,0,2008,0
0,1330000,3.5,4,3,2.0,10,3440,0,3440,2400,9776,11000,0,0,2006,0
0,389950,2.5,4,3,2.0,8,2240,0,2240,700,5500,5500,0,0,2013,0
0,432500,3.0,3,3,2.0,8,2500,0,2500,2130,6000,6000,0,0,2012,0
0,400000,3.5,4,3,2.5,8,2370,0,2370,2520,3692,5425,0,0,2013,0
0,804995,1.5,5,3,2.0,9,3360,0,3360,3360,5402,5415,0,0,2014,0
0,411605,2.5,4,3,2.0,9,2658,0,2658,2578,3960,4200,0,0,2014,0
0,409950,2.5,3,3,2.0,8,2655,0,2655,2879,5080,5232,0,0,2013,0
0,408000,2.25,3,4,1.0,8,1950,0,1950,2310,7221,8125,0,0,2006,0
0,820000,2.5,4,3,3.0,8,3170,0,3170,2840,3862,4181,0,0,2008,0
0,339990,2.5,3,3,2.0,8,2570,0,2570,2570,4600,5000,0,0,2014,0
0,320000,2.5,4,3,2.0,8,2223,0,2223,1690,5780,7766,0,0,2010,0
0,740000,2.75,5,3,2.0,8,3050,0,3050,2180,7520,10800,0,0,2014,0
0,450000,2.75,5,3,2.0,8,2710,0,2710,2530,6220,4759,0,0,2014,0
0,530000,2.75,4,3,2.0,10,2740,0,2740,1220,7872,6300,0,0,2015,0
0,829995,3.25,5,3,2.0,9,3360,0,3360,3230,6120,5398,0,0,2014,0
0,859990,2.75,4,3,2.0,9,3520,0,3520,3340,5500,5500,0,0,2014,0
0,345000,2.25,3,3,1.0,7,1390,1340,2730,2255,9388,5701,0,0,1975,0
0,260000,2.5,3,3,2.0,7,1427,0,1427,1443,4337,4347,0,0,2009,0
0,810000,2.5,4,3,2.0,9,2910,0,2910,2910,6555,10419,0,0,2005,0
0,570000,2.75,4,3,2.0,8,3250,0,3250,2730,5600,5667,0,0,2011,0
0,1563100,3.5,5,3,2.0,10,3630,0,3630,1730,8100,8246,0,0,2008,0
0,1695000,4.75,5,3,2.0,10,3230,710,3940,1910,7067,7735,0,0,2008,0
0,711000,2.5,3,3,2.0,9,2550,0,2550,2250,5376,4050,0,0,2004,0
0,320000,2.5,4,3,2.0,7,2300,0,2300,2110,3825,3825,0,0,2012,0
0,430236,3.25,4,3,2.0,8,2714,730,3444,2848,5166,5182,0,0,2014,0
0,1266525,2.5,3,3,2.0,10,3060,0,3060,3060,9576,9579,0,0,2005,0
0,447055,2.5,4,3,2.0,9,2448,0,2448,2815,4949,5446,0,0,2014,0
0,1898000,2.5,3,3,3.0,10,2830,0,2830,2830,4334,38211,4,1,2006,0
0,249900,2.5,3,3,2.0,8,1610,0,1610,1830,3517,2889,0,0,2005,0
0,1100000,2.5,4,3,2.0,9,2570,0,2570,2570,9470,10663,0,0,2006,0
0,260000,2.25,3,3,2.0,7,1489,0,1489,1584,2800,3200,0,0,2011,0
0,279000,2.5,5,3,2.0,7,2690,0,2690,2090,5557,10500,0,0,2012,0
0,287000,2.5,3,3,2.0,8,1600,0,1600,1608,6315,4300,0,0,2013,0
0,460940,2.5,4,3,2.0,9,3202,0,3202,2425,4964,4886,0,0,2014,0
0,887250,3.5,5,3,2.0,9,3500,820,4320,3250,7502,7538,0,0,2012,0
0,240000,2.25,3,3,2.0,7,1481,0,1481,1481,2820,3028,0,0,2012,0
0,572115,3.25,4,3,2.0,9,3230,0,3230,2980,4838,5094,0,0,2014,0
0,918000,3.5,5,3,2.0,9,2820,1100,3920,3170,5150,5530,0,0,2004,0
0,399440,2.5,4,3,2.0,9,2311,0,2311,2458,4396,4616,0,0,2014,0
0,580000,2.5,4,3,2.0,8,3250,0,3250,3230,5000,5507,0,0,2008,0
0,415000,2.5,4,3,2.0,9,2544,0,2544,2358,4071,4179,0,0,2013,0
0,429900,3.5,4,3,2.0,8,2584,0,2584,2767,5005,5201,0,0,2014,0
0,275000,2.5,3,3,2.0,7,2217,0,2217,1470,8019,8037,0,0,2009,0
0,498000,2.5,3,3,2.0,8,2480,0,2480,2510,4136,4314,0,0,2009,0
0,580000,3.25,4,3,2.0,10,3569,0,3569,2550,8327,5251,0,0,2013,0
0,379900,2.5,4,3,2.0,8,3181,0,3181,2056,5831,24393,0,0,2014,0
0,245000,2.5,4,3,2.0,7,1921,0,1921,1921,4888,9140,0,0,2009,0
0,555000,2.5,3,3,2.0,8,1940,0,1940,1880,3211,3078,0,0,2009,0
0,555000,2.5,3,3,2.0,8,1940,0,1940,1880,3211,3078,0,0,2009,0
0,353000,2.5,4,3,2.0,8,2210,0,2210,1850,13721,12951,0,0,2009,0
0,379950,2.5,4,3,2.0,8,2612,0,2612,2419,5850,8984,0,0,2014,0
0,379000,1.5,4,4,1.0,7,2020,0,2020,1410,7560,8080,0,0,1960,0
0,485000,3.5,4,3,2.0,8,2671,602,3273,2996,5115,5100,0,0,2014,0
0,428900,2.5,4,3,2.0,9,2598,0,2598,2502,5553,4900,0,0,2014,0
0,329900,2.5,3,3,2.0,8,2242,0,2242,1798,4995,4942,0,0,2011,0
0,449950,2.75,4,3,2.0,8,2320,0,2320,2310,4344,3770,0,0,2012,0
0,388000,2.5,4,3,2.0,9,2090,0,2090,1430,5040,12000,0,0,2014,0
0,1060000,3.5,4,3,3.0,10,4220,0,4220,3730,8417,8435,0,0,2012,0
0,971971,3.75,4,3,2.0,11,3460,0,3460,3340,6738,6120,0,0,2013,0
0,355000,2.75,4,3,2.0,8,3000,0,3000,2420,5470,4891,0,0,2005,0
0,551500,2.5,4,3,2.0,9,2950,0,2950,2790,10003,9323,0,0,2006,0
0,417838,2.5,4,3,2.0,8,2530,0,2530,2530,5048,4359,0,0,2014,0
0,1750000,4.5,4,3,2.0,11,3640,1010,4650,1710,7660,8400,0,0,2008,0
0,2250000,5.25,5,3,2.0,11,3410,0,3410,3410,8118,16236,0,0,2006,0
0,920000,2.5,4,3,2.0,9,3540,0,3540,2150,7009,10290,0,0,2007,0
0,307000,2.5,4,3,2.0,8,1714,0,1714,1714,3080,3250,0,0,2009,0
0,460458,2.5,4,3,2.0,8,3284,0,3284,2555,6516,5008,0,0,2014,0
0,859000,2.25,4,3,1.0,8,1830,1720,3550,2770,13900,12200,0,0,2010,0
0,310000,2.5,3,3,2.0,7,2540,0,2540,2270,4775,5000,0,0,2006,0
0,939000,2.75,4,3,2.0,9,3270,0,3270,2420,12880,7505,0,0,2014,0
0,424950,3.25,4,3,2.0,8,3266,0,3266,3087,5398,5152,0,0,2014,0
0,635000,2.25,4,3,2.0,8,2240,0,2240,1760,5000,7500,0,0,2013,0
0,351000,2.5,3,3,2.0,8,2594,0,2594,2981,4455,4950,0,0,2012,0
0,252000,2.5,3,3,2.0,7,1670,0,1670,1670,4020,4020,0,0,2009,0
0,925000,2.5,4,3,2.0,9,3190,0,3190,2110,10034,9300,0,0,2007,0
0,388500,2.5,4,3,2.0,8,2718,0,2718,2667,6197,5000,0,0,2006,0
0,254950,2.5,3,3,2.0,7,1794,0,1794,3557,4769,4807,0,0,2005,0
0,554950,2.5,3,3,2.0,9,2950,0,2950,2800,10254,9323,0,0,2006,0
0,550000,2.5,4,3,2.0,9,2700,0,2700,3160,5150,7620,0,0,2007,0
0,1575000,2.0,3,3,2.0,8,3220,400,3620,2370,14250,14250,0,0,2007,0
0,309000,2.75,5,3,2.0,8,2481,0,2481,2363,4045,4175,0,0,2014,0
0,248000,2.5,3,3,2.0,7,1870,0,1870,2130,4046,4800,0,0,2007,0
0,1481000,3.5,4,3,2.0,11,3550,1670,5220,3110,15411,14124,3,0,2006,0
0,379000,2.5,4,3,2.0,8,2260,0,2260,2240,5824,5561,0,0,2011,0
0,970000,3.5,5,3,2.0,9,2550,850,3400,2380,9804,7440,0,0,2008,0
0,310000,2.5,4,3,2.0,8,2310,0,2310,2310,7384,7800,0,0,2010,0
0,995000,3.25,5,3,2.0,10,4130,0,4130,3730,7197,7202,0,0,2012,0
0,370228,3.0,4,3,2.0,8,2050,0,2050,2050,4000,4000,0,0,2014,0
0,383000,2.5,4,3,2.0,9,2050,0,2050,2340,4953,6175,0,0,2014,0
0,1750000,3.5,4,3,2.0,10,3845,0,3845,1710,8400,8400,0,0,2013,0
0,569995,2.5,4,3,2.0,8,2650,0,2650,2650,6875,5831,0,0,2014,0
0,550000,2.5,3,3,2.0,8,2430,0,2430,2640,5400,11990,0,0,2007,0
0,440000,2.5,4,3,2.0,7,2730,0,2730,2190,4526,4572,0,0,2009,0
0,261950,2.5,3,3,2.0,7,1880,0,1880,2260,5000,5000,0,0,2010,0
0,551000,3.75,5,3,2.0,10,3090,0,3090,3191,4943,5561,0,0,2010,0
0,665000,3.5,3,3,2.0,8,1900,560,2460,2440,14155,14080,0,0,2014,0
0,260000,2.25,3,3,2.0,8,1413,0,1413,1763,3403,3719,0,0,2009,0
0,429900,3.25,4,3,2.5,8,2880,0,2880,2880,5929,5846,0,0,2014,0
0,385000,2.5,4,3,2.0,7,2630,0,2630,2770,5701,5939,0,0,2010,0
0,860000,2.75,4,3,2.0,9,3160,0,3160,2200,8097,8097,0,0,2014,0
0,1104500,4.0,4,3,2.0,10,2940,830,3770,3300,8899,8308,0,0,2006,0
0,430760,2.75,5,3,2.0,8,2710,0,2710,2710,4685,4449,0,0,2014,0
0,454950,2.5,4,3,2.0,8,2413,0,2413,2380,5701,5725,0,0,2014,0
0,475000,2.5,4,3,2.0,7,2500,0,2500,2230,4500,4500,0,0,2010,0
0,347500,3.0,5,3,1.0,7,1330,900,2230,2230,6551,9476,0,0,2014,0
0,205000,2.5,4,3,2.0,8,1767,0,1767,1949,4500,4636,0,0,2006,0
0,718000,2.75,5,3,2.0,9,2930,0,2930,2750,7663,10335,0,0,2013,0
0,515805,2.75,5,3,2.0,8,2710,0,2710,2590,4136,4136,0,0,2014,0
0,1029275,3.25,4,3,2.0,10,3000,600,3600,3970,18645,10957,1,0,2013,0
0,565997,2.75,5,3,2.0,8,2730,0,2730,2730,5820,5700,0,0,2014,0
0,2150000,5.5,4,3,2.0,11,5060,0,5060,3010,10320,10080,0,0,2008,0
0,588000,2.5,4,3,2.0,9,3060,0,3060,3040,7710,7840,0,0,2009,0
0,392440,2.5,4,3,2.0,9,2547,0,2547,2598,4800,4800,0,0,2014,0
0,280000,2.25,4,3,2.0,8,1834,0,1834,1979,7460,9008,0,0,2012,0
0,1300000,2.5,3,3,1.0,9,2180,1170,3350,2570,7752,7988,0,0,2009,0
0,278000,2.25,2,4,2.0,7,1610,0,1610,1950,1968,1968,0,0,1979,0
0,221000,2.5,3,3,2.0,7,880,440,1320,3040,1780,6000,0,0,2005,0
0,834995,1.5,5,3,2.0,9,3360,0,3360,3230,5225,5368,0,0,2014,0
0,649000,2.75,4,3,2.0,9,3130,0,3130,1570,9711,10500,0,0,2014,0
0,300000,2.5,3,3,2.0,8,1741,0,1741,2002,5701,5700,0,0,2012,0
0,349990,2.5,4,3,2.0,8,2220,0,2220,2530,3561,4449,0,0,2014,0
0,313200,2.5,3,3,2.0,7,1950,0,1950,2300,4197,4178,0,0,2013,0
0,803100,2.5,4,3,2.0,9,3310,0,3310,2600,5404,4730,0,0,2004,0
0,415000,2.5,4,3,2.0,7,2020,0,2020,2020,5501,5494,0,0,2010,0
0,499950,2.5,4,3,2.0,9,2798,0,2798,2358,4473,4593,0,0,2012,0
0,216000,2.5,4,3,2.0,7,1847,0,1847,1767,8000,8000,0,0,2008,0
0,380000,2.5,4,3,2.0,9,2420,0,2420,2420,4981,5000,0,0,2009,0
0,345000,2.5,4,3,2.0,7,2020,0,2020,2210,3600,3800,0,0,2012,0
0,456500,2.5,4,3,2.0,8,2400,0,2400,2710,6811,5314,0,0,2007,0
0,382495,2.5,3,3,1.0,8,1760,0,1760,2310,5390,5117,0,0,2014,0
0,324950,2.5,4,3,2.0,7,2110,0,2110,2300,4178,4142,0,0,2013,0
0,436472,2.5,4,3,2.0,9,2692,0,2692,2574,8392,14446,0,0,2014,0
0,919990,3.25,5,3,2.0,10,3960,0,3960,2930,6352,9875,0,0,2014,0
0,316475,2.5,4,3,2.0,7,1740,0,1740,1950,4642,4642,0,0,2012,0
0,425000,2.5,4,3,1.0,8,1190,750,1940,1910,4517,10410,0,0,2010,0
0,298000,2.5,3,3,2.0,7,1852,0,1852,2166,4000,4000,0,0,2014,0
0,3204000,4.0,4,3,2.0,11,4810,0,4810,3970,18851,19929,3,0,2007,0
0,950000,4.0,4,3,2.0,10,4360,1275,5635,3726,9695,9765,3,0,2011,0
0,333000,2.5,3,3,2.0,7,1520,0,1520,1820,3041,3229,0,0,2009,0
0,289950,2.5,3,3,2.0,7,2099,0,2099,2099,4275,4275,0,0,2010,0
0,498445,2.5,4,3,2.0,9,3216,0,3216,2815,5902,4916,0,0,2014,0
0,849990,2.75,4,3,2.0,9,3300,0,3300,3520,4987,5453,0,0,2014,0
0,870515,3.5,4,3,2.0,9,2940,660,3600,3490,5697,5911,0,0,2014,0
0,390000,2.5,4,3,2.0,9,2154,0,2154,2154,4153,4091,0,0,2012,0
0,255000,2.5,4,3,2.0,7,1660,0,1660,1544,6724,6054,0,0,2009,0
0,415000,2.5,4,3,2.0,9,2891,0,2891,2550,6499,8383,0,0,2014,0
0,324747,2.5,3,3,2.0,8,2060,0,2060,2370,4742,4725,0,0,2014,0
0,270000,2.25,3,3,2.0,7,1400,0,1400,2110,3825,3825,0,0,2012,0
0,1240000,4.0,5,3,2.0,11,4410,0,4410,2720,14380,11454,0,0,2006,0
0,310000,2.5,3,3,2.0,8,1760,0,1760,2000,10137,6935,0,0,2010,0
0,3000000,3.5,3,3,2.0,11,3430,980,4410,3550,10756,5634,4,1,2014,0
0,2350000,4.25,6,3,2.0,11,4270,1280,5550,3480,11547,11547,2,0,2014,0
0,427000,2.5,3,3,2.0,9,2432,0,2432,2912,9391,8932,2,0,2005,0
0,389950,2.5,3,3,2.0,8,2283,0,2283,1760,3996,3992,0,0,2008,0
0,399895,2.5,4,3,2.0,9,2701,0,2701,2570,4500,4800,0,0,2014,0
0,442515,2.5,4,3,2.0,9,2930,0,2930,2815,4875,4900,0,0,2014,0
0,309780,2.5,3,3,2.0,8,2242,0,2242,2009,4500,4500,0,0,2014,0
0,356250,2.5,3,3,2.0,9,2060,0,2060,2648,5115,4500,0,0,2014,0
0,362865,2.5,4,3,2.0,8,2245,0,2245,2530,4301,4478,0,0,2014,0
0,855000,3.5,4,3,2.0,9,2370,520,2890,3490,5911,6093,0,0,2014,0
0,1385000,3.5,4,3,2.0,11,4010,0,4010,3550,15365,13429,1,0,2006,0
0,400200,3.5,4,3,2.0,7,2260,0,2260,1270,30250,16350,0,0,2013,0
0,349950,2.0,3,3,1.0,8,1640,0,1640,1770,4714,4802,0,0,2009,0
0,659950,2.75,4,3,2.0,9,3510,0,3510,3550,9400,9429,0,0,2014,0
0,263900,2.5,3,3,2.0,8,1658,0,1658,1658,2700,2700,0,0,2014,0
0,342000,2.5,3,3,2.0,8,1960,0,1960,1840,3540,3825,0,0,2012,0
0,367899,2.5,3,3,2.0,8,2420,0,2420,2370,4725,4200,0,0,2014,0
0,279000,2.5,4,3,2.0,8,2009,0,2009,1798,4800,4800,0,0,2012,0
0,420000,3.0,5,3,2.0,8,1670,960,2630,2240,3149,4825,0,0,2013,0
0,570000,2.5,4,3,2.0,9,3230,0,3230,2950,7187,6537,0,0,2008,0
0,310000,2.5,3,3,2.0,8,2242,0,2242,2009,5744,5712,0,0,2012,0
0,745000,2.5,4,3,2.0,10,3190,210,3400,3400,4840,5710,0,0,2006,0
0,600000,2.75,5,3,2.0,9,3380,0,3380,2840,8179,8179,0,0,2011,0
0,889950,3.5,5,3,2.0,9,3700,0,3700,3170,7055,6527,0,0,2014,0
0,342000,2.0,3,3,1.0,8,1640,0,1640,1940,4802,4802,0,0,2010,0
0,274000,1.5,3,3,2.0,7,1450,0,1450,1870,4694,4198,0,0,2011,0
0,300000,3.0,6,3,2.0,7,2744,0,2744,2470,9926,9926,0,0,2006,0
0,734000,4.25,5,3,2.0,10,2970,1140,4110,2730,42755,12750,2,0,2000,0
0,480000,2.75,5,3,2.0,8,2670,0,2670,2560,4780,5380,0,0,2013,0
0,459950,2.75,5,3,2.0,9,3078,0,3078,1979,6371,19030,0,0,2014,0
0,437000,2.75,3,3,2.0,8,2580,0,2580,2700,5200,5602,0,0,2008,0
0,729000,3.5,4,3,3.0,9,3065,0,3065,2210,5440,8400,0,0,2014,0
0,359950,2.75,4,3,2.0,8,2260,0,2260,2260,5705,5727,0,0,2014,0
0,929000,3.25,5,3,2.0,10,4150,0,4150,3560,7100,7214,0,0,2013,0
0,267000,2.25,3,3,2.0,7,1584,0,1584,1584,2800,2800,0,0,2012,0
0,324500,2.5,4,3,2.0,7,2110,0,2110,2110,3825,3825,0,0,2012,0
0,998000,3.5,4,3,2.0,9,2850,650,3500,3640,43560,40545,0,0,2014,0
0,262000,2.5,4,3,2.0,7,2070,0,2070,2170,8685,9715,0,0,2006,0
0,339989,2.5,3,3,2.0,8,2060,0,2060,2370,4200,4200,0,0,2014,0
0,491000,3.5,5,3,2.0,9,2815,0,2815,2798,4900,4900,0,0,2011,0
0,530000,2.5,4,3,2.0,8,3250,0,3250,3030,4500,4598,0,0,2008,0
0,290500,3.25,4,3,2.0,9,2510,0,2510,2510,7686,6732,0,0,2003,0
0,2998000,4.0,5,3,2.0,12,4960,1710,6670,4800,16481,16607,0,0,2007,0
0,500012,2.5,4,3,1.0,8,1230,1170,2400,2430,9612,5539,0,0,1962,2009
0,837219,2.75,5,3,2.0,9,3030,0,3030,3080,7679,6341,0,0,2014,0
0,798800,2.75,3,3,1.0,10,1720,950,2670,2610,3738,3734,0,0,2013,0
0,950000,2.5,3,3,2.0,9,2700,0,2700,2500,6947,6947,3,0,2013,0
0,1267500,3.5,4,3,2.0,10,4640,0,4640,4690,13404,13590,0,0,2007,0
0,3345000,3.75,5,3,1.0,11,3040,2310,5350,3740,15360,15940,1,0,2008,0
0,510000,2.5,3,3,2.0,8,2730,0,2730,2130,7136,8932,0,0,2012,0
0,432500,2.5,4,3,2.0,8,3172,0,3172,2704,5033,5232,0,0,2014,0
0,650000,2.5,4,3,2.0,9,3160,0,3160,3160,8530,6460,0,0,2006,0
0,479349,3.0,5,3,2.0,9,3223,0,3223,1979,6371,9008,0,0,2014,0
0,416000,2.5,4,3,2.0,8,2890,0,2890,2380,6322,5738,0,0,2011,0
0,576000,2.5,4,3,2.0,8,3340,0,3340,3030,6924,6119,0,0,2009,0
0,399000,2.5,4,3,2.0,8,2480,0,2480,2480,4334,5632,0,0,2012,0
0,847093,2.75,4,3,2.0,10,2760,0,2760,2760,5670,6600,0,0,2014,0
0,1699990,3.75,4,3,2.0,10,3320,0,3320,1560,8234,8240,0,0,2014,0
0,515000,2.5,4,3,2.0,9,2670,0,2670,2880,8765,8765,0,0,2006,0
0,319900,2.75,4,3,2.0,7,2475,0,2475,2166,4000,4000,0,0,2014,0
0,280000,2.5,3,3,2.0,8,1608,0,1608,2009,4818,5200,0,0,2012,0
0,324950,2.5,4,3,2.0,7,2229,0,2229,2738,5723,5742,0,0,2012,0
0,530000,2.5,3,3,2.0,8,1790,0,1790,1890,3078,3078,0,0,2010,0
0,719950,2.75,5,3,2.0,10,3240,0,3240,2360,6863,6002,0,0,2013,0
0,292000,2.5,3,3,2.0,8,1610,0,1610,1610,3848,3049,0,0,2006,0
0,572000,2.75,4,3,2.0,9,2700,0,2700,2840,7992,7992,0,0,2012,0
0,374500,2.5,4,3,2.0,9,3135,0,3135,3008,5811,5799,0,0,2005,0
0,1898000,4.5,4,3,2.0,10,4020,0,4020,1960,9656,9520,0,0,2007,0
0,250000,2.0,3,3,1.0,7,1060,530,1590,1590,8100,8100,0,0,1996,0
0,265000,2.25,3,3,2.0,7,1489,0,1489,1584,2800,2800,0,0,2012,0
0,430000,2.5,3,3,1.0,7,2075,0,2075,1960,39553,9047,0,0,2012,0
0,286800,2.5,3,3,2.0,8,1413,0,1413,2150,3600,3869,0,0,2011,0
0,298450,3.0,5,3,1.0,8,1200,900,2100,1270,9752,10200,0,0,2007,0
0,344000,2.5,4,3,2.0,8,2400,0,2400,1980,4848,5199,0,0,2004,0
0,379500,2.5,4,3,2.0,8,2560,0,2560,2586,5102,5059,0,0,2013,0
0,485230,2.5,4,3,2.0,9,2714,0,2714,2873,12558,8269,0,0,2014,0
0,1240415,3.25,5,3,2.0,10,4430,1360,5790,5790,13726,13726,3,0,2014,0
0,467000,2.75,4,3,2.0,8,2170,0,2170,2460,5024,5024,0,0,2012,0
0,305000,2.25,4,3,2.0,8,1763,0,1763,1763,3717,3666,0,0,2012,0
0,1180000,6.5,6,3,2.0,11,4840,1420,6260,2710,10955,12550,0,0,2007,0
0,250000,2.25,3,3,2.0,7,1400,0,1400,1610,3814,3814,0,0,2012,0
0,552500,2.5,4,3,2.0,8,3260,0,3260,3130,6902,6588,0,0,2008,0
0,333000,1.5,3,3,2.0,7,1260,0,1260,3090,5758,10142,0,0,1999,0
0,415000,2.5,4,3,2.0,7,2550,0,2550,2340,4500,4526,0,0,2009,0
0,445000,3.25,4,3,2.0,8,3450,0,3450,1420,5000,5000,0,0,2008,0
0,273500,2.5,3,3,2.0,7,1550,0,1550,2095,3402,3402,0,0,2009,0
0,795000,2.5,4,3,2.0,9,2890,0,2890,3300,7798,30950,0,0,2005,0
0,453000,2.5,4,3,2.0,9,2502,0,2502,2597,8306,6983,0,0,2013,0
0,469995,2.5,4,3,2.0,8,2350,0,2350,2670,3800,4180,0,0,2014,0
0,297000,2.5,4,3,2.0,8,2230,0,2230,2030,4952,3721,0,0,2011,0
0,320000,2.5,4,3,2.0,8,1970,0,1970,1980,4558,5123,0,0,2005,0
0,375000,2.5,3,3,2.0,9,2424,0,2424,2424,5931,6036,0,0,2014,0
0,300000,2.5,4,3,2.0,8,2303,0,2303,2516,3826,4500,0,0,2006,0
0,284000,2.5,3,3,2.0,7,1880,0,1880,2180,6008,5185,0,0,2009,0
0,982000,2.75,4,3,2.0,9,3610,0,3610,2360,8580,8580,0,0,2014,0
0,1510000,3.25,5,3,2.0,10,4390,0,4390,2160,11250,9249,0,0,2007,0
0,255900,2.5,3,3,2.0,7,1489,0,1489,1537,3266,3273,0,0,2014,0
0,852880,3.25,4,3,2.0,9,3450,0,3450,3020,6184,5369,0,0,2014,0
0,305000,2.5,4,3,2.0,8,1914,0,1914,1714,3150,3164,0,0,2009,0
0,261000,2.25,3,3,2.0,7,1584,0,1584,1584,2800,2800,0,0,2012,0
0,384950,2.5,4,3,2.0,8,2380,0,2380,2580,4913,5311,0,0,2006,0
0,418000,3.25,4,3,2.0,8,3266,0,3266,3087,5969,5169,0,0,2014,0
0,552900,3.5,4,3,2.5,9,3828,0,3828,2120,18900,18900,0,0,2014,0
0,524225,2.5,4,3,2.0,9,3056,0,3056,2849,11385,8607,0,0,2014,0
0,625000,2.5,3,3,2.0,9,3220,0,3220,3330,6409,6231,0,0,2008,0
0,398096,2.5,3,3,2.0,8,2370,0,2370,2370,5321,4357,0,0,2014,0
0,674000,2.5,3,3,2.0,9,1920,0,1920,1930,3624,3533,0,0,2003,0
0,306000,2.5,4,3,2.0,7,2267,0,2267,2056,3577,3577,0,0,2014,0
0,2321000,4.75,5,3,2.0,11,4260,1520,5780,3460,17004,10855,0,0,2006,0
0,914154,3.5,3,3,2.0,10,2940,0,2940,2760,6431,6695,0,0,2014,0
0,349950,3.5,4,3,2.5,8,2796,0,2796,2040,3520,5195,0,0,2013,0
0,1054712,3.5,4,3,2.0,9,3260,950,4210,3920,6481,5331,3,0,2014,0
0,828950,3.5,4,3,2.0,9,2820,1110,3930,3700,5680,5816,1,0,2013,0
0,274950,2.5,3,3,2.0,8,1608,0,1608,2009,4000,4983,0,0,2014,0
0,293000,2.25,2,4,2.0,7,1610,0,1610,1950,1968,1968,0,0,1979,0
0,282900,2.5,4,3,2.0,7,1710,0,1710,1710,3500,3500,0,0,2014,0
0,922755,3.5,4,3,2.0,9,3560,0,3560,3540,4951,5500,0,0,2014,0
0,424000,2.5,4,3,2.0,9,2650,0,2650,2650,8685,7932,0,0,2006,0
0,275000,2.25,3,3,2.0,7,1450,0,1450,1610,4040,4040,0,0,2010,0
0,370000,2.5,4,3,2.0,8,1812,0,1812,2440,5026,6007,0,0,2011,0
0,500000,2.5,4,3,2.0,10,3630,0,3630,1600,7482,15716,0,0,2008,0
0,360000,1.75,4,4,1.0,7,1150,860,2010,1720,12188,8475,0,0,1960,0
0,317500,2.5,4,3,2.0,7,2233,0,2233,1544,6025,6036,0,0,2012,0
0,333700,2.5,3,3,2.0,7,2230,0,2230,2260,5050,5050,0,0,2006,0
0,1480000,3.25,3,3,2.0,11,2280,1420,3700,3930,2264,2567,0,0,1998,0
0,380000,3.5,5,3,2.0,7,2420,0,2420,1430,4670,4468,0,0,2013,0
0,305000,2.5,4,3,2.0,8,1714,0,1714,1714,3250,3250,0,0,2010,0
0,440000,2.5,4,3,2.0,7,2230,0,2230,1590,5650,7241,0,0,2011,0
0,600000,2.75,4,3,2.0,8,3110,0,3110,2610,11225,8535,0,0,2012,0
0,275000,2.5,4,3,2.0,8,2150,0,2150,2150,3721,3721,0,0,2007,0
0,507950,2.5,4,3,2.0,9,2630,0,2630,2630,6283,7210,0,0,2006,0
0,750000,3.5,3,3,2.0,10,3040,350,3390,3290,10078,12332,0,0,2012,0
0,380000,2.5,4,3,2.0,8,2110,0,2110,2250,5306,5306,0,0,2012,0
0,603000,3.5,4,3,2.0,9,2370,1240,3610,3010,6345,29279,0,0,2008,0
0,259950,2.5,3,3,2.0,7,1578,0,1578,1850,7340,7200,0,0,2010,0
0,1135000,3.75,5,3,2.0,10,2930,1770,4700,3180,11237,13140,0,0,2006,0
0,345500,2.5,3,3,2.0,8,1930,0,1930,2050,4000,4000,0,0,2014,0
0,478000,2.5,3,3,2.0,9,3040,0,3040,2670,4535,4666,0,0,2007,0
0,391500,2.5,3,3,2.0,9,2424,0,2424,2381,6143,6036,0,0,2014,0
0,298900,2.5,3,3,2.0,7,1852,0,1852,2475,4000,4000,0,0,2014,0
0,348000,2.0,3,3,1.0,8,2360,0,2360,2304,6145,5880,0,0,2011,0
0,358000,2.5,5,3,2.0,8,2460,0,2460,2210,5604,6395,0,0,2011,0
0,260000,2.5,5,3,2.0,7,2025,0,2025,1664,7760,9000,0,0,2007,0
0,462000,2.5,4,3,2.0,9,3070,0,3070,2910,6432,5106,0,0,2006,0
0,380000,2.5,4,3,1.0,8,1564,420,1984,1390,32400,9152,0,0,1962,0
0,770000,3.5,5,3,2.0,10,3350,1400,4750,2160,8234,14496,2,0,2013,0
0,641000,3.25,4,3,2.0,8,1900,860,2760,2760,4104,5186,0,0,2014,0
0,2300000,4.0,4,3,2.5,10,3940,420,4360,2670,8175,8525,4,1,2007,0
0,479950,2.0,3,3,1.0,9,2260,0,2260,2340,7163,6730,0,0,2012,0
0,800000,2.5,4,3,2.0,9,2760,170,2930,3230,5000,5778,0,0,2007,0
0,253101,2.0,3,3,1.0,7,1239,0,1239,2060,6036,5746,0,0,2009,0
0,425996,2.5,4,3,2.0,9,2568,0,2568,2547,5000,4500,0,0,2014,0
0,760005,2.75,4,3,2.0,9,3090,0,3090,2960,5859,5250,0,0,2010,0
0,272000,2.5,3,3,2.0,7,1528,0,1528,1850,7616,7340,0,0,2011,0
0,499160,2.5,4,3,2.0,9,2628,0,2628,2849,11466,10909,0,0,2014,0
0,419900,3.5,5,3,2.0,8,2260,620,2880,2590,5000,4800,0,0,2012,0
0,374000,2.5,3,3,2.0,9,2185,0,2185,2297,6042,5876,0,0,2009,0
0,334888,2.5,3,3,2.0,9,1769,0,1769,2502,7324,6017,0,0,2012,0
0,799900,4.0,4,3,2.0,9,3330,320,3650,3220,18223,11022,3,0,2013,0
0,383000,2.5,4,3,2.0,8,2160,0,2160,2160,6223,5555,0,0,2010,0
0,351999,2.5,3,3,2.0,8,2370,0,2370,2370,4200,4200,0,0,2014,0
0,312000,2.5,3,3,2.0,8,1780,0,1780,1970,4077,4077,0,0,2011,0
0,1105000,2.75,5,3,2.0,10,3300,0,3300,3150,7560,8580,0,0,2007,0
0,208800,2.5,3,3,2.0,7,1390,0,1390,1390,2450,2450,0,0,2009,0
0,1600000,3.75,5,3,2.0,10,3570,0,3570,1760,10125,10125,0,0,2014,0
0,369946,2.5,3,3,2.0,8,2420,0,2420,2370,4725,4200,0,0,2014,0
0,530000,2.75,3,3,2.0,9,2470,930,3400,1580,7200,8676,2,0,2009,0
0,386000,2.5,4,3,2.0,8,2478,0,2478,2279,6079,6079,0,0,2012,0
0,735000,3.5,4,3,2.0,9,2500,700,3200,2240,7605,4416,2,0,2013,0
0,1750000,3.25,5,3,2.0,10,4430,1360,5790,5790,12739,13928,3,0,2014,0
0,329995,2.5,4,3,2.0,8,2303,0,2303,2303,3680,3760,0,0,2013,0
0,402395,2.5,4,3,2.0,9,2669,0,2669,2669,5385,4645,0,0,2014,0
0,475000,3.5,5,3,2.0,8,2180,600,2780,2640,3583,3850,0,0,2005,0
0,353000,2.5,4,3,2.0,8,1912,0,1912,2020,5000,5000,0,0,2012,0
0,329950,2.5,4,3,2.0,8,2300,0,2300,1200,9690,9085,0,0,2006,0
0,367000,2.5,3,3,2.0,8,2828,0,2828,2513,4050,4507,0,0,2013,0
0,447500,2.5,4,3,2.0,9,2425,0,2425,2725,9017,7019,0,0,2013,0
0,399500,2.5,4,3,2.0,8,2560,0,2560,1260,7492,11541,0,0,2014,0
0,299000,2.25,3,3,2.0,8,1350,0,1350,1940,3582,3860,0,0,2010,0
0,409000,2.5,3,3,2.0,7,1890,0,1890,2340,6500,7500,0,0,2012,0
0,798500,3.0,3,3,3.0,9,1610,340,1950,2040,1833,2131,0,0,2009,0
0,375000,2.25,6,3,2.0,7,3206,0,3206,2527,5793,5804,0,0,2012,0
0,775000,3.5,4,3,2.0,10,4130,0,4130,4130,77832,87476,2,0,2011,0
0,639983,3.0,5,3,2.0,8,2800,0,2800,2910,5700,5349,0,0,2014,0
0,300000,3.0,4,3,2.0,7,1984,0,1984,2440,4419,4418,0,0,2010,0
0,627000,2.5,4,3,2.0,9,2750,0,2750,2310,11830,11830,0,0,2014,0
0,270500,2.5,5,3,2.0,8,2406,0,2406,1767,7093,7093,0,0,2006,0
0,457000,2.5,4,3,2.0,9,2820,0,2820,2597,6983,7222,0,0,2013,0
0,562500,2.75,5,3,2.0,8,2920,0,2920,2520,6327,5026,0,0,2007,0
0,790000,3.0,4,3,2.0,10,3500,1870,5370,4443,69848,94403,0,0,2005,0
0,274500,2.25,3,3,2.0,7,1450,0,1450,1660,4050,3800,0,0,2010,0
0,1940000,3.5,5,3,2.0,10,4230,0,4230,3000,16526,12362,0,0,2008,0
0,335000,2.5,4,3,2.0,7,1900,0,1900,1960,3301,3379,0,0,2007,0
0,519990,3.25,4,3,2.0,8,1320,370,1690,3080,1321,4558,0,0,2014,0
0,274900,2.0,3,3,2.0,7,1936,0,1936,1620,6612,21600,0,0,2014,0
0,350000,2.5,4,3,2.0,7,2040,0,2040,2020,22653,20502,0,0,2011,0
0,311850,2.5,4,3,2.0,8,1890,0,1890,2720,4158,4549,0,0,2014,0
0,375000,2.5,4,3,2.0,8,2250,0,2250,2250,5306,5306,0,0,2012,0
0,303000,2.5,3,3,2.0,7,2056,0,2056,2056,3564,3577,0,0,2014,0
0,329950,2.5,3,3,2.0,8,2456,0,2456,2478,7566,7212,0,0,2012,0
0,1175000,3.25,4,3,1.0,11,2240,1540,3780,3120,10099,10669,1,0,2006,0
0,561000,2.75,5,3,2.0,9,3370,0,3370,3010,10315,8296,0,0,2006,0
0,287000,2.5,4,3,2.0,7,2660,0,2660,2390,4082,4876,0,0,2010,0
0,286950,2.5,4,3,2.0,7,1610,0,1610,2110,4052,4034,0,0,2013,0
0,880000,2.5,4,3,2.0,10,3550,0,3550,1310,8618,9746,0,0,2007,0
0,405000,2.75,5,3,2.0,8,2400,0,2400,2110,4900,5696,0,0,2011,0
0,609000,3.5,4,3,2.0,9,2930,1060,3990,1980,11270,11328,3,0,2007,0
0,294500,2.5,3,3,2.0,7,1760,0,1760,1760,2688,2329,0,0,2005,0
0,280000,2.5,4,3,2.0,8,1934,0,1934,1919,5677,5049,0,0,2013,0
0,720000,1.75,2,3,3.0,9,1570,0,1570,1940,1108,1160,0,0,2007,0
0,427000,2.5,3,3,2.0,8,3192,0,3192,3000,5653,5134,0,0,2014,0
0,379950,2.5,4,3,2.0,8,2580,0,2580,2570,4818,5386,0,0,2005,0
0,269800,2.75,4,3,2.0,8,1830,0,1830,1813,3420,3420,0,0,2012,0
0,407000,2.5,4,3,2.0,7,2927,0,2927,2533,6000,6000,0,0,2011,0
0,110000,1.0,2,3,1.0,6,828,0,828,828,4524,5402,0,0,1968,2007
0,324500,2.5,3,3,2.0,7,1660,0,1660,1670,3990,4050,0,0,2009,0
0,193000,1.75,2,3,1.0,6,910,0,910,1310,2550,2550,0,0,2004,0
0,370950,2.5,3,3,2.0,7,2529,0,2529,2533,9653,6125,0,0,2012,0
0,1242000,3.5,4,3,1.0,11,2660,2040,4700,3770,10183,9000,2,0,2002,0
0,888990,2.75,4,3,2.0,9,3540,0,3540,3540,5500,5500,0,0,2014,0
0,305450,2.5,3,3,2.0,7,1600,0,1600,1500,3573,11089,0,0,2013,0
0,303210,2.5,4,3,2.0,8,2009,0,2009,2009,5000,5182,0,0,2014,0
0,343000,5.0,6,3,2.0,7,2732,0,2732,3078,7655,69993,0,0,2009,0
0,300000,2.5,3,3,2.0,7,2090,0,2090,2190,4590,4060,0,0,2005,0
0,477500,3.5,5,3,2.0,9,2815,0,2815,2583,5619,5295,0,0,2012,0
0,910000,2.5,3,3,3.0,9,1970,60,2030,1950,1160,1160,0,0,2007,0
0,414000,2.5,3,3,2.5,8,2490,0,2490,2640,4540,3844,0,0,2012,0
0,525000,2.5,3,3,2.0,8,3030,0,3030,3030,4500,4501,0,0,2009,0
0,1270000,3.0,4,3,2.0,9,3570,1950,5520,3770,8313,8278,3,0,2008,0
0,353500,3.0,4,3,2.0,8,2050,0,2050,2050,4000,4000,0,0,2014,0
0,388598,2.5,3,3,2.0,8,2370,0,2370,2370,4200,4370,0,0,2014,0
0,757500,2.5,4,3,2.0,9,3420,0,3420,2800,6845,5715,0,0,2009,0
0,284000,2.5,3,3,2.0,7,1660,0,1660,1800,4083,4087,0,0,2013,0
0,294900,2.5,3,3,2.0,8,1860,0,1860,2000,5025,5550,0,0,2010,0
0,395000,3.0,4,3,2.0,9,2750,0,2750,2750,7965,6000,0,0,2012,0
0,260000,2.5,4,3,2.0,8,2150,0,2150,2150,3721,3721,0,0,2006,0
0,810000,2.5,4,3,2.0,9,3340,0,3340,1560,8384,9429,0,0,2014,0
0,730000,2.5,4,3,2.0,8,2460,0,2460,1850,7930,9000,0,0,2005,0
0,327000,2.5,4,3,2.0,7,2110,0,2110,1950,3825,3825,0,0,2013,0
0,2900000,4.0,5,3,2.0,11,5190,0,5190,3840,14600,19250,1,0,2013,0
0,365000,2.5,4,3,2.0,8,2420,0,2420,2440,8404,4822,0,0,2013,0
0,255000,2.5,4,3,2.0,7,1987,0,1987,1880,6000,9589,0,0,2011,0
0,518380,2.5,4,3,2.0,9,2810,0,2810,2980,4500,5046,0,0,2014,0
0,549950,3.5,4,3,2.0,9,3906,0,3906,2673,9674,6500,2,0,2014,0
0,900000,6.0,5,3,2.0,12,5480,1640,7120,3440,40806,36859,4,0,2007,0
0,1075000,3.5,5,3,2.0,10,3230,0,3230,3230,7560,8580,0,0,2007,0
0,510000,2.5,4,3,2.0,8,4073,0,4073,1780,17334,9625,0,0,2008,0
0,471275,2.5,4,3,2.0,9,3361,0,3361,2316,5038,4105,0,0,2014,0
0,288000,2.25,4,3,2.0,7,1610,0,1610,1760,3560,3692,0,0,2010,0
0,664950,3.0,5,3,1.0,9,1890,1300,3190,2270,7081,7623,2,0,2013,0
0,400950,2.5,4,3,2.0,9,2578,0,2578,2647,4554,4554,0,0,2014,0
0,389517,2.5,4,3,2.0,8,2640,0,2640,2370,4725,4725,0,0,2014,0
0,636230,2.5,4,3,2.0,9,2840,0,2840,2790,6284,7168,0,0,2013,0
0,374950,2.5,4,3,2.0,8,2090,0,2090,2160,3777,3993,0,0,2012,0
0,294570,1.0,3,4,1.0,7,1140,0,1140,1400,8400,9000,0,0,1960,0
0,300000,2.5,3,3,2.0,7,1670,290,1960,1980,1477,1467,0,0,2012,0
0,395950,3.5,5,3,2.0,8,2738,0,2738,2738,6031,5201,0,0,2014,0
0,800000,2.5,4,3,2.0,8,3691,0,3691,3190,11088,11270,1,0,2013,0
0,223990,2.25,2,3,2.0,7,1061,0,1061,1481,2884,2887,0,0,2013,0
0,498000,2.5,4,3,2.0,10,2846,556,3402,3402,14355,8487,0,0,2014,0
0,359950,2.5,4,3,2.0,8,2542,0,2542,2419,6120,8984,0,0,2014,0
0,530000,2.5,4,3,2.0,8,3010,0,3010,3250,9000,5531,0,0,2008,0
0,295000,2.5,3,3,2.0,7,1660,0,1660,1810,4898,4462,0,0,2011,0
0,255500,2.5,3,3,2.0,7,1770,0,1770,2230,5000,5200,0,0,2009,0
0,277950,2.5,4,3,2.0,7,1889,0,1889,1990,6000,6350,0,0,2012,0
0,431000,2.5,4,3,2.0,9,3040,0,3040,2640,6000,6000,0,0,2007,0
0,277140,1.5,3,3,2.0,8,920,270,1190,2820,785,5626,0,0,2014,0
0,363000,2.5,4,3,2.0,10,3336,417,3753,3494,7204,9375,0,0,2008,0
0,1274950,2.75,4,3,2.0,10,3820,0,3820,2330,8850,12000,0,0,2014,0
0,333490,2.5,4,3,2.0,8,2250,0,2250,2156,3916,3920,0,0,2014,0
0,424950,3.5,5,3,2.5,8,2760,0,2760,2590,3865,4587,0,0,2013,0
0,307635,2.5,3,3,2.0,8,1820,0,1820,2370,4200,4200,0,0,2014,0
0,834538,2.5,3,3,2.0,10,2760,0,2760,2760,6187,6600,0,0,2014,0
0,769995,2.75,5,3,2.0,9,3010,0,3010,3360,5398,5407,0,0,2014,0
0,450000,2.5,4,3,2.0,10,3236,0,3236,3236,9608,9660,0,0,2005,0
0,300000,2.0,3,3,1.0,7,1451,0,1451,2303,7159,6126,0,0,2010,0
0,486940,2.5,4,3,2.0,9,3250,0,3250,2612,13360,14448,0,0,2014,0
0,525000,2.75,4,3,2.0,8,3030,0,3030,3030,6625,9620,0,0,2011,0
0,345000,2.5,4,3,2.0,9,1983,0,1983,2502,6002,4750,0,0,2012,0
0,370000,2.5,3,3,2.0,9,2313,0,2313,2323,5700,5701,0,0,2011,0
0,398500,2.5,4,3,2.0,9,2820,0,2820,1880,6666,7200,0,0,2007,0
0,250000,2.25,3,3,2.0,7,1481,0,1481,1481,2820,2889,0,0,2012,0
0,695000,1.75,2,3,3.0,9,1570,0,1570,1570,1207,1206,0,0,2007,0
0,864327,3.25,5,3,2.0,9,3480,0,3480,3360,6507,5398,0,0,2014,0
0,525000,2.75,5,3,2.0,9,2880,0,2880,3010,8364,8296,0,0,2006,0
0,1800000,5.0,5,3,2.0,10,3930,560,4490,2490,10279,10279,0,0,2013,0
0,1399950,2.75,4,3,2.0,11,3870,0,3870,3560,10046,10046,0,0,2005,0
0,915000,2.5,4,3,3.0,8,2910,0,2910,2840,4356,4181,0,0,2010,0
0,270000,2.5,4,3,2.0,7,2701,0,2701,2566,5821,5843,0,0,2013,0
0,375900,2.0,3,3,1.0,9,1824,0,1824,2409,7120,6264,0,0,2010,0
0,1839900,3.25,4,3,2.0,10,4140,0,4140,2150,11007,9663,0,0,2013,0
0,215000,2.5,3,3,2.0,7,1322,0,1322,1440,6006,6796,0,0,2009,0
0,235245,2.5,4,3,2.0,8,1954,0,1954,1934,5075,5000,0,0,2007,0
0,770000,2.5,5,3,1.0,9,1610,1390,3000,2700,7912,7205,0,0,2007,0
0,279950,2.5,3,3,2.0,8,1608,0,1608,2009,4800,4800,0,0,2013,0
0,298000,2.5,3,3,2.0,7,1950,0,1950,1870,3600,4184,0,0,2010,0
0,303500,4.5,6,3,2.0,8,2440,950,3390,2040,7200,7214,0,0,2007,0
0,530200,2.5,4,3,2.0,8,1880,0,1880,1890,3853,3078,0,0,2010,0
0,405000,2.5,5,3,2.0,7,3370,0,3370,2910,5092,5092,0,0,2006,0
0,675900,2.5,3,3,2.0,9,2920,0,2920,2930,9096,7995,0,0,2013,0
0,375500,2.5,4,3,2.0,9,2301,0,2301,2650,6452,6054,0,0,2010,0
0,450000,2.75,3,3,2.0,8,2100,140,2240,1790,3360,5873,0,0,2014,0
0,2230000,3.5,3,3,2.0,11,2830,930,3760,3560,5634,5762,4,1,2014,0
0,450800,3.25,4,3,2.0,9,2510,0,2510,1590,5311,9583,0,0,2009,0
0,1061604,3.0,4,3,2.0,10,2990,0,2990,2760,6695,6600,0,0,2014,0
0,478830,2.5,4,3,2.0,9,3274,0,3274,2578,4950,4200,0,0,2014,0
0,1025000,3.5,4,3,2.0,11,4370,0,4370,3560,10860,8070,0,0,2008,0
0,385000,2.5,4,3,2.0,7,2050,0,2050,2480,5276,5447,0,0,2006,0
0,785000,3.0,3,3,3.0,9,1610,340,1950,2040,1983,2131,0,0,2009,0
0,615000,3.25,5,3,2.0,9,3090,0,3090,2480,7069,8000,0,0,2012,0
0,309000,2.5,3,3,2.0,7,1950,0,1950,1950,3825,3825,0,0,2013,0
0,391000,2.25,4,3,2.0,7,2190,0,2190,2190,3850,3980,0,0,2006,0
0,259000,2.5,3,3,2.0,7,1550,0,1550,2095,3569,3402,0,0,2011,0
0,380000,3.25,4,3,3.0,8,2864,0,2864,2419,8035,8984,0,0,2014,0
0,452000,2.5,4,3,2.0,9,2716,0,2716,2580,7850,14448,0,0,2014,0
0,312000,2.5,3,3,2.0,7,1750,0,1750,1810,4076,4090,0,0,2013,0
0,469950,3.0,5,3,2.0,9,3223,0,3223,1979,6371,19030,0,0,2014,0
0,800000,2.5,5,3,2.0,9,3410,0,3410,2810,4726,5129,0,0,2007,0
0,299000,2.5,3,3,2.0,8,1572,0,1572,1608,4000,5175,0,0,2013,0
0,332000,2.5,4,3,2.0,7,2300,0,2300,2300,4482,3825,0,0,2013,0
0,630000,3.0,4,3,2.0,8,2740,900,3640,1910,5096,9189,0,0,2010,0
0,349950,2.5,4,3,2.0,8,2632,0,2632,2040,4117,5195,0,0,2013,0
1,1080000,2.5,3,3,2.0,8,2240,0,2240,2930,21477,21569,2,0,1995,0
0,505000,2.75,4,3,1.0,8,1910,1070,2980,2580,9825,12231,0,0,2007,0
0,471835,2.5,4,3,2.0,9,3281,0,3281,2598,5354,4815,0,0,2014,0
0,424950,3.5,5,3,2.5,8,2760,0,2760,2760,3846,4587,0,0,2013,0
0,1240000,3.5,5,3,2.0,10,4010,1420,5430,4340,10327,10324,2,0,2007,0
0,495000,3.5,4,3,2.0,8,2530,640,3170,2640,3858,3844,0,0,2008,0
0,495000,2.75,4,3,2.0,9,2656,0,2656,1860,21195,16510,0,0,2014,0
0,440000,2.5,4,3,2.0,9,2798,0,2798,2502,5085,5707,0,0,2011,0
0,400000,2.5,4,3,2.0,8,2398,0,2398,2370,5988,5988,0,0,2008,0
0,459995,2.5,4,3,2.0,8,2350,0,2350,2590,3760,4136,0,0,2014,0
0,365000,2.75,5,3,1.0,7,1410,1000,2410,1590,5003,5003,0,0,2008,0
0,950000,2.25,2,3,2.0,9,1760,440,2200,2020,2043,1957,0,0,2007,0
0,378950,2.5,4,3,2.0,9,1867,0,1867,2616,15314,8048,0,0,2013,0
0,335900,2.75,4,3,2.0,7,2475,0,2475,2475,4000,4000,0,0,2014,0
0,300000,2.5,4,3,2.0,8,1914,0,1914,1714,3272,3250,0,0,2009,0
0,392000,2.5,5,3,2.0,7,2340,0,2340,2190,5670,4869,0,0,2009,0
0,549995,3.5,4,3,2.0,8,1920,740,2660,2970,5690,5690,0,0,2014,0
0,355000,2.25,3,3,2.0,7,1430,0,1430,1639,4777,3854,0,0,2010,0
0,831548,2.75,5,3,2.0,9,3010,0,3010,3230,4919,5415,0,0,2014,0
0,279500,2.5,4,3,2.0,7,1613,0,1613,1427,4338,4341,0,0,2009,0
0,445000,2.5,3,3,2.0,8,2380,0,2380,2150,5269,7600,0,0,2008,0
0,435000,2.5,4,3,2.0,7,2550,0,2550,2550,5200,4660,0,0,2009,0
0,612995,3.5,5,3,2.0,8,2760,480,3240,2970,6919,5690,0,0,2014,0
0,465000,1.0,3,5,1.0,7,1150,0,1150,1714,18200,18200,0,0,1959,0
0,2351956,4.25,4,3,2.0,11,4000,1010,5010,3820,19412,17064,1,0,2014,0
0,490000,2.5,4,3,2.0,8,2510,0,2510,2510,4349,4314,0,0,2010,0
0,458000,3.5,4,3,2.0,8,2587,630,3217,2996,4000,5418,0,0,2008,0
0,305000,2.5,4,3,2.0,7,2280,0,2280,2630,3800,4045,0,0,2006,0
0,333000,2.5,4,3,2.0,8,2623,0,2623,2010,7184,4939,0,0,2012,0
0,1999950,3.25,4,3,2.0,11,4900,740,5640,4920,35006,35033,2,0,2015,0
0,559630,2.5,4,3,2.0,9,3370,0,3370,2980,4934,5046,0,0,2014,0
0,417000,2.5,3,3,2.0,7,2000,0,2000,2230,4500,4501,0,0,2010,0
0,563950,2.75,4,3,2.0,8,3050,0,3050,2730,4750,5480,0,0,2014,0
0,495000,2.5,4,3,2.0,8,3390,0,3390,1960,7870,10069,0,0,2014,0
0,345000,2.5,4,3,2.0,7,2280,0,2280,2910,5000,5000,0,0,2006,0
0,519995,3.0,4,3,2.0,8,2590,0,2590,2670,6160,5600,0,0,2014,0
0,924000,2.75,5,3,2.0,9,3210,0,3210,3190,8001,6624,0,0,2014,0
0,295000,2.0,3,3,1.0,7,1230,0,1230,1440,3405,4066,0,0,2010,0
0,553000,2.75,3,3,2.0,9,3160,0,3160,3160,9072,9072,0,0,2005,0
0,2065000,3.75,4,3,2.0,10,4350,0,4350,2190,7965,8557,0,0,2013,0
0,455950,2.5,4,3,2.0,8,2720,0,2720,1940,5771,4184,0,0,2015,0
0,1174660,3.5,6,3,2.0,10,3260,1050,4310,4620,7760,10217,0,0,2013,0
0,542525,2.5,4,3,2.0,8,2650,0,2650,2650,5600,5600,0,0,2014,0
0,1765000,3.25,4,3,2.0,10,3980,0,3980,2450,10249,10912,0,0,2011,0
0,418500,2.5,4,3,2.0,7,2190,0,2190,2190,4866,5670,0,0,2009,0
0,300000,2.5,3,3,2.0,7,2540,0,2540,2280,5050,5050,0,0,2006,0
0,269950,2.5,3,3,2.0,7,2244,0,2244,2077,4079,4078,0,0,2012,0
0,358000,2.5,3,3,2.0,8,2026,0,2026,2270,7611,7611,0,0,2010,0
0,317750,2.5,3,3,2.0,7,1980,0,1980,1980,4500,4500,0,0,2012,0
0,353000,2.25,3,3,2.0,7,1900,0,1900,1950,3800,3800,0,0,2006,0
0,460000,2.5,4,3,2.0,8,2200,0,2200,2600,6400,5870,0,0,2010,0
0,330000,2.5,3,3,2.0,8,2238,0,2238,2456,7209,7212,0,0,2011,0
0,569888,2.5,4,3,2.0,8,2590,0,2590,1960,6474,8679,0,0,2014,0
0,353900,2.5,3,3,2.0,8,2517,0,2517,2390,3900,7108,0,0,2014,0
0,334950,3.0,5,3,1.0,7,1330,900,2230,2100,8642,11056,0,0,2014,0
0,869950,2.75,4,3,2.0,9,3140,0,3140,3500,7928,7055,0,0,2013,0
0,389990,2.5,4,3,2.0,8,2245,0,2245,2530,4330,4478,0,0,2014,0
0,299950,2.5,3,3,2.0,7,1740,0,1740,1950,4497,4486,0,0,2012,0
0,535000,3.25,5,3,2.0,8,2370,480,2850,2850,4551,4849,0,0,2006,0
0,436952,2.5,4,3,2.0,9,2708,0,2708,2502,4772,4900,0,0,2014,0
0,465750,2.5,3,3,2.0,9,2670,0,2670,3040,4534,5079,0,0,2007,0
0,494995,2.75,5,3,2.0,8,2670,0,2670,2670,3800,3800,0,0,2014,0
0,255000,2.5,3,3,2.0,8,2555,0,2555,2844,5720,5769,0,0,2006,0
0,531155,2.75,4,3,2.0,9,2810,0,2810,3060,5046,4934,0,0,2014,0
0,239950,1.75,3,3,1.0,6,1600,0,1600,2520,4888,5700,0,0,2014,0
0,337500,2.5,4,3,2.0,7,2330,0,2330,2300,4907,3836,0,0,2013,0
0,380000,2.5,4,3,2.0,9,3120,0,3120,3120,5001,5244,0,0,2005,0
0,875000,3.0,5,3,2.0,9,2960,0,2960,1850,15152,9453,0,0,2004,0
0,1987500,3.5,5,3,2.0,11,4450,780,5230,2310,8960,9603,0,0,2014,0
0,649500,3.0,4,3,2.0,9,3150,0,3150,2680,6599,9430,0,0,2008,0
0,249000,1.0,3,3,1.0,5,1030,0,1030,2810,24750,28800,2,0,1943,0
0,525000,2.5,4,3,2.0,9,3130,0,3130,2950,5795,5259,0,0,2008,0
0,1750000,2.75,4,3,2.0,10,3560,0,3560,3440,8975,12825,0,0,2014,0
0,330000,2.5,3,3,2.0,7,1520,0,1520,1820,3003,3030,0,0,2009,0
0,312891,3.0,5,3,2.0,8,2300,0,2300,2594,8214,4950,0,0,2013,0
0,819995,2.75,5,3,2.0,9,3030,0,3030,2720,10335,11213,0,0,2013,0
0,1720000,4.0,5,3,2.0,10,4590,0,4590,3350,35046,35857,0,0,2008,0
0,579000,2.75,4,3,2.0,8,3220,0,3220,2820,9825,8566,0,0,2012,0
0,890776,2.75,5,3,2.0,9,3170,0,3170,3210,8093,7062,0,0,2014,0
0,529000,1.75,3,3,1.0,10,2340,0,2340,3040,7724,5787,0,0,2010,0
0,776000,2.5,4,3,2.0,8,3040,0,3040,3040,6425,7800,0,0,2008,0
0,480000,2.5,4,3,2.0,9,2940,0,2940,2660,9172,7955,0,0,2006,0
0,505000,2.5,4,3,2.0,8,2790,0,2790,2790,5602,5309,0,0,2009,0
0,1865000,3.75,4,3,2.0,11,3290,500,3790,2660,8797,12150,0,0,2006,0
0,1378000,3.5,5,3,2.0,10,3700,1450,5150,2940,12230,13462,2,0,2007,0
0,462500,3.0,6,3,2.0,7,2390,0,2390,1680,4000,5000,0,0,2014,0
0,579950,2.75,4,3,2.0,9,2460,0,2460,3110,8643,8626,0,0,2011,0
0,861111,2.5,4,3,2.0,10,3650,0,3650,3860,7090,7272,0,0,2008,0
0,290000,2.25,3,3,2.0,7,1610,0,1610,1610,3764,3825,0,0,2012,0
0,3000000,3.75,4,3,1.0,11,4180,910,5090,3030,14823,12752,0,0,2013,0
0,999999,2.5,3,3,2.0,9,2100,0,2100,1780,4097,4764,0,0,2008,0
0,332000,2.5,4,3,2.0,7,2380,0,2380,2380,5737,5396,0,0,2010,0
0,370000,2.5,4,3,2.0,8,2531,0,2531,2604,6843,6238,0,0,2013,0
0,1881583,3.5,5,3,2.0,10,2920,1490,4410,5790,13000,12969,3,0,2014,0
0,405000,2.5,4,3,2.0,7,1980,0,1980,1980,5020,5064,0,0,2007,0
0,509900,2.5,3,3,2.0,8,3030,0,3030,3010,9053,6026,0,0,2009,0
0,1375000,4.5,5,3,2.0,11,4350,0,4350,3990,13405,7208,0,0,2014,0
0,465000,2.5,3,3,2.0,9,2050,0,2050,1300,15035,15836,0,0,2006,0
0,388000,2.5,3,3,2.0,8,2198,0,2198,2198,6222,7621,2,0,2010,0
0,540000,2.5,5,3,2.0,9,3370,0,3370,2900,4850,5570,0,0,2007,0
0,750000,4.0,5,3,2.0,10,4500,0,4500,2840,8130,8402,0,0,2007,0
0,422000,2.5,4,3,2.0,10,2930,0,2930,3038,5973,7095,0,0,2008,0
0,337000,2.5,4,3,2.0,8,2470,0,2470,2240,5100,5123,0,0,2005,0
0,579950,2.75,5,3,2.0,9,3080,0,3080,3000,5752,4650,0,0,2014,0
0,341780,2.75,4,3,2.0,7,2260,0,2260,2260,4440,4563,0,0,2014,0
0,1700000,3.5,4,3,2.0,10,3120,710,3830,2190,8963,10777,0,0,2014,0
0,608500,3.5,4,3,2.0,8,1950,900,2850,2850,5577,5708,0,0,2014,0
0,399950,2.5,3,3,2.0,8,3087,0,3087,2927,5002,5183,0,0,2014,0
0,3567000,4.5,5,3,2.0,10,3540,1310,4850,3470,10584,18270,4,1,2007,0
0,270000,2.5,3,3,2.0,7,1870,0,1870,2170,5000,5399,0,0,2009,0
0,347500,2.5,3,3,2.0,8,2540,0,2540,2540,4760,4571,0,0,2010,0
0,1222500,3.5,4,3,1.5,11,3110,1800,4910,4560,9444,11063,0,0,2007,0
0,572000,2.75,4,3,2.0,8,2770,0,2770,1810,3852,5641,0,0,2014,0
0,1088000,3.75,5,3,2.0,10,4170,0,4170,3030,8142,7980,2,0,2006,0
0,350000,2.75,4,3,2.0,8,2500,0,2500,2530,5995,5988,0,0,2008,0
0,679950,2.75,5,3,2.0,9,3600,0,3600,3550,9437,9421,0,0,2014,0
0,1575000,3.25,4,3,2.0,10,3410,0,3410,2290,10125,10125,0,0,2007,0
0,541800,2.5,4,3,2.0,9,3118,0,3118,2673,7866,6500,2,0,2014,0
0,1537000,3.75,5,3,2.0,11,4470,0,4470,2780,8088,8964,0,0,2008,0
0,610685,2.5,4,3,2.0,9,2520,0,2520,2520,6023,6023,0,0,2014,0
