bucket_range,min_ate_in_bin,max_ate_in_bin,min_length,best_sequence,count
"(-3039.021, -2938.019]",-2938.0193288079413,-2938.0193288079413,32,"(('bin_equal_frequency_2', 'bedrooms'), ('bin_equal_frequency_5', 'sqft_above'), ('norm_min_max', 'floors'), ('winsorize', 'grade'), ('IQR', 'bathrooms'), ('norm_log', 'grade'), ('norm_log', 'view'), ('bin_equal_frequency_10', 'condition'), ('bin_equal_width_10', 'yr_renovated'), ('winsorize', 'yr_built'), ('bin_equal_frequency_2', 'sqft_lot15'), ('norm_min_max', 'sqft_above'), ('bin_equal_width_5', 'grade'), ('winsorize', 'sqft_basement'), ('bin_equal_width_10', 'sqft_basement'), ('bin_equal_frequency_2', 'yr_built'), ('IQR', 'grade'), ('zscore_filter_3', 'floors'), ('bin_equal_width_10', 'sqft_lot'), ('zscore_filter_3', 'sqft_lot'), ('zscore_filter_3', 'view'), ('bin_equal_frequency_5', 'sqft_living'), ('zscore_filter_3', 'grade'), ('bin_equal_frequency_5', 'sqft_living15'), ('norm_log', 'yr_renovated'), ('drop_duplicates', 'TABLE'), ('zscore_filter_3', 'bedrooms'), ('zscore_filter_3', 'sqft_lot15'), ('norm_min_max', 'sqft_living15'), ('zscore_clip_3', 'yr_renovated'), ('IQR', 'view'), ('zscore_filter_3', 'sqft_basement'))",1
"(2516.094, 2617.097]",2576.903462554113,2576.903462554113,35,"(('bin_equal_frequency_10', 'sqft_living'), ('bin_equal_frequency_5', 'yr_built'), ('IQR', 'bedrooms'), ('IQR', 'sqft_lot'), ('norm_log', 'sqft_living'), ('norm_log', 'grade'), ('drop_duplicates', 'TABLE'), ('bin_equal_frequency_5', 'sqft_basement'), ('zscore_clip_3', 'sqft_living'), ('bin_equal_width_5', 'sqft_above'), ('zscore_filter_3', 'view'), ('norm_log', 'floors'), ('norm_log', 'condition'), ('bin_equal_width_2', 'sqft_living15'), ('norm_log', 'sqft_lot15'), ('IQR', 'sqft_basement'), ('norm_min_max', 'sqft_basement'), ('bin_equal_width_10', 'floors'), ('zscore_filter_3', 'condition'), ('IQR', 'sqft_lot15'), ('bin_equal_width_10', 'bathrooms'), ('zscore_clip_3', 'bedrooms'), ('bin_equal_width_5', 'bedrooms'), ('bin_equal_width_5', 'sqft_lot15'), ('bin_equal_width_5', 'grade'), ('norm_min_max', 'bathrooms'), ('bin_equal_width_5', 'condition'), ('winsorize', 'bathrooms'), ('norm_log', 'yr_renovated'), ('bin_equal_width_5', 'view'), ('zscore_filter_3', 'sqft_lot15'), ('bin_equal_width_2', 'yr_renovated'), ('IQR', 'condition'), ('winsorize', 'sqft_above'), ('bin_equal_width_2', 'sqft_lot'))",1
"(5445.155, 5546.158]",5534.866647406895,5534.866647406895,8,"(('bin_equal_frequency_5', 'yr_built'), ('bin_equal_frequency_5', 'sqft_lot15'), ('IQR', 'bedrooms'), ('bin_equal_frequency_10', 'sqft_living'), ('norm_log', 'sqft_living'), ('norm_log', 'grade'), ('bin_equal_width_5', 'sqft_living15'), ('bin_equal_width_5', 'sqft_basement'))",4
"(5546.158, 5647.16]",5559.998410074974,5559.998410074974,8,"(('bin_equal_frequency_10', 'sqft_living'), ('bin_equal_frequency_5', 'yr_built'), ('bin_equal_frequency_5', 'sqft_lot15'), ('IQR', 'bedrooms'), ('norm_log', 'sqft_living'), ('norm_log', 'grade'), ('bin_equal_width_5', 'sqft_living15'), ('bin_equal_width_5', 'sqft_basement'))",5
"(5647.16, 5748.162]",5692.520517521787,5717.883473465072,8,"(('bin_equal_frequency_5', 'yr_built'), ('IQR', 'bedrooms'), ('bin_equal_frequency_10', 'sqft_living'), ('norm_log', 'sqft_living'), ('norm_log', 'grade'), ('bin_equal_width_5', 'sqft_living15'), ('bin_equal_width_5', 'sqft_basement'), ('bin_equal_frequency_5', 'sqft_lot15'))",10
"(5849.164, 5950.166]",5923.2444242014635,5923.2444242014635,7,"(('bin_equal_frequency_5', 'yr_built'), ('bin_equal_frequency_5', 'sqft_lot15'), ('IQR', 'bedrooms'), ('norm_log', 'grade'), ('bin_equal_width_5', 'sqft_living15'), ('bin_equal_width_5', 'sqft_basement'), ('bin_equal_frequency_10', 'sqft_living'))",6
"(6051.168, 6152.17]",6084.363635284699,6145.491230666647,7,"(('bin_equal_frequency_5', 'yr_built'), ('IQR', 'bedrooms'), ('norm_log', 'grade'), ('bin_equal_width_5', 'sqft_living15'), ('bin_equal_width_5', 'sqft_basement'), ('bin_equal_frequency_10', 'sqft_living'), ('bin_equal_frequency_5', 'sqft_lot15'))",26
"(6152.17, 6253.172]",6204.24027595344,6204.24027595344,8,"(('bin_equal_frequency_5', 'yr_built'), ('bin_equal_frequency_5', 'sqft_lot15'), ('IQR', 'bedrooms'), ('bin_equal_width_5', 'sqft_living15'), ('IQR', 'sqft_lot'), ('norm_log', 'grade'), ('bin_equal_width_5', 'sqft_basement'), ('bin_equal_frequency_10', 'sqft_living'))",3
"(6253.172, 6354.174]",6275.150314006497,6335.11889239659,7,"(('bin_equal_frequency_10', 'sqft_living'), ('bin_equal_frequency_5', 'yr_built'), ('IQR', 'bedrooms'), ('norm_log', 'grade'), ('bin_equal_width_5', 'sqft_living15'), ('bin_equal_width_5', 'sqft_basement'), ('bin_equal_frequency_5', 'sqft_lot15'))",21
"(6354.174, 6455.177]",6367.345526865386,6432.711359667652,8,"(('IQR', 'bedrooms'), ('bin_equal_width_5', 'sqft_living15'), ('bin_equal_frequency_5', 'sqft_lot15'), ('IQR', 'sqft_lot'), ('norm_log', 'grade'), ('bin_equal_width_5', 'sqft_basement'), ('bin_equal_frequency_10', 'sqft_living'), ('bin_equal_frequency_5', 'yr_built'))",11
"(6455.177, 6556.179]",6522.109223894918,6522.109223894918,7,"(('bin_equal_frequency_5', 'sqft_lot15'), ('IQR', 'bedrooms'), ('norm_log', 'grade'), ('bin_equal_width_5', 'sqft_living15'), ('bin_equal_width_5', 'sqft_basement'), ('bin_equal_frequency_10', 'sqft_living'), ('bin_equal_frequency_5', 'yr_built'))",8
"(6657.181, 6758.183]",6658.193885027274,6739.322812925035,7,"(('IQR', 'bedrooms'), ('norm_log', 'grade'), ('bin_equal_width_5', 'sqft_living15'), ('bin_equal_width_5', 'sqft_basement'), ('bin_equal_frequency_10', 'sqft_living'), ('bin_equal_frequency_5', 'yr_built'), ('bin_equal_frequency_5', 'sqft_lot15'))",32
"(6758.183, 6859.185]",6805.753394965811,6831.651609890151,8,"(('bin_equal_width_5', 'sqft_living15'), ('bin_equal_frequency_10', 'sqft_living'), ('bin_equal_frequency_5', 'yr_built'), ('bin_equal_frequency_5', 'sqft_lot15'), ('IQR', 'sqft_lot'), ('IQR', 'bedrooms'), ('norm_log', 'grade'), ('bin_equal_width_5', 'sqft_basement'))",7
"(6859.185, 6960.187]",6889.134669704293,6957.226035600064,7,"(('bin_equal_frequency_10', 'sqft_living'), ('IQR', 'bedrooms'), ('norm_log', 'grade'), ('bin_equal_width_5', 'sqft_living15'), ('bin_equal_width_5', 'sqft_basement'), ('bin_equal_frequency_5', 'yr_built'), ('bin_equal_frequency_5', 'sqft_lot15'))",16
"(6960.187, 7061.189]",6966.294881902545,7035.119310224685,8,"(('bin_equal_frequency_10', 'sqft_living'), ('IQR', 'bedrooms'), ('bin_equal_width_5', 'sqft_living15'), ('bin_equal_frequency_5', 'sqft_lot15'), ('IQR', 'sqft_lot'), ('norm_log', 'grade'), ('bin_equal_width_5', 'sqft_basement'), ('bin_equal_frequency_5', 'yr_built'))",6
"(7061.189, 7162.191]",7079.808068658996,7079.808068658996,8,"(('bin_equal_width_5', 'sqft_living15'), ('bin_equal_frequency_5', 'sqft_lot15'), ('IQR', 'sqft_lot'), ('bin_equal_frequency_10', 'sqft_living'), ('IQR', 'bedrooms'), ('norm_log', 'grade'), ('bin_equal_width_5', 'sqft_basement'), ('bin_equal_frequency_5', 'yr_built'))",4
"(7162.191, 7263.193]",7163.459872297207,7202.509935740603,8,"(('bin_equal_width_5', 'sqft_living15'), ('bin_equal_frequency_5', 'yr_built'), ('bin_equal_frequency_5', 'sqft_lot15'), ('IQR', 'sqft_lot'), ('bin_equal_frequency_10', 'sqft_living'), ('IQR', 'bedrooms'), ('norm_log', 'grade'), ('bin_equal_width_5', 'sqft_basement'))",6
"(7263.193, 7364.195]",7275.740298336658,7275.740298336658,8,"(('bin_equal_frequency_10', 'sqft_living'), ('bin_equal_frequency_5', 'sqft_lot15'), ('IQR', 'bedrooms'), ('bin_equal_width_5', 'sqft_living15'), ('bin_equal_frequency_5', 'yr_built'), ('IQR', 'sqft_lot'), ('norm_log', 'grade'), ('bin_equal_width_5', 'sqft_basement'))",3
"(7364.195, 7465.198]",7429.027000640765,7429.027000640765,8,"(('IQR', 'bedrooms'), ('bin_equal_width_5', 'sqft_living15'), ('bin_equal_frequency_10', 'sqft_living'), ('bin_equal_frequency_5', 'yr_built'), ('bin_equal_frequency_5', 'sqft_lot15'), ('IQR', 'sqft_lot'), ('norm_log', 'grade'), ('bin_equal_width_5', 'sqft_basement'))",3
"(7465.198, 7566.2]",7502.321191419583,7502.321191419583,8,"(('bin_equal_frequency_10', 'sqft_living'), ('IQR', 'bedrooms'), ('bin_equal_width_5', 'sqft_living15'), ('bin_equal_frequency_5', 'yr_built'), ('bin_equal_frequency_5', 'sqft_lot15'), ('IQR', 'sqft_lot'), ('norm_log', 'grade'), ('bin_equal_width_5', 'sqft_basement'))",3
"(7970.208, 8071.21]",8012.717368861558,8067.312488765615,7,"(('bin_equal_frequency_5', 'yr_built'), ('bin_equal_frequency_5', 'sqft_lot15'), ('IQR', 'bedrooms'), ('norm_log', 'grade'), ('bin_equal_width_5', 'sqft_basement'), ('bin_equal_frequency_10', 'sqft_living'), ('bin_equal_frequency_5', 'sqft_living15'))",16
"(8172.212, 8273.214]",8199.93415118408,8269.29952040662,7,"(('bin_equal_frequency_5', 'yr_built'), ('IQR', 'bedrooms'), ('norm_log', 'grade'), ('bin_equal_width_5', 'sqft_basement'), ('bin_equal_frequency_10', 'sqft_living'), ('bin_equal_frequency_5', 'sqft_lot15'), ('bin_equal_frequency_5', 'sqft_living15'))",21
"(8273.214, 8374.217]",8274.275076269741,8278.104766222992,7,"(('bin_equal_frequency_10', 'sqft_living'), ('bin_equal_frequency_5', 'yr_built'), ('bin_equal_frequency_5', 'sqft_lot15'), ('IQR', 'bedrooms'), ('norm_log', 'grade'), ('bin_equal_width_5', 'sqft_basement'), ('bin_equal_frequency_5', 'sqft_living15'))",10
"(8374.217, 8475.219]",8439.959242189996,8441.84494165348,7,"(('bin_equal_frequency_10', 'sqft_living'), ('bin_equal_frequency_5', 'yr_built'), ('IQR', 'bedrooms'), ('norm_log', 'grade'), ('bin_equal_width_5', 'sqft_basement'), ('bin_equal_frequency_5', 'sqft_lot15'), ('bin_equal_frequency_5', 'sqft_living15'))",7
"(8475.219, 8576.221]",8494.471933929992,8540.50879593297,7,"(('bin_equal_frequency_5', 'sqft_lot15'), ('IQR', 'bedrooms'), ('bin_equal_width_5', 'sqft_living15'), ('IQR', 'sqft_lot'), ('bin_equal_width_5', 'sqft_basement'), ('bin_equal_frequency_10', 'sqft_living'), ('bin_equal_frequency_5', 'yr_built'))",13
"(8576.221, 8677.223]",8588.822238054836,8674.932026385131,7,"(('bin_equal_width_5', 'sqft_living15'), ('bin_equal_frequency_5', 'sqft_lot15'), ('IQR', 'sqft_lot'), ('IQR', 'bedrooms'), ('bin_equal_width_5', 'sqft_basement'), ('bin_equal_frequency_10', 'sqft_living'), ('bin_equal_frequency_5', 'yr_built'))",30
"(8677.223, 8778.225]",8681.265423214823,8746.290752807234,7,"(('IQR', 'bedrooms'), ('bin_equal_width_5', 'sqft_living15'), ('bin_equal_frequency_5', 'sqft_lot15'), ('IQR', 'sqft_lot'), ('bin_equal_width_5', 'sqft_basement'), ('bin_equal_frequency_10', 'sqft_living'), ('bin_equal_frequency_5', 'yr_built'))",13
"(8778.225, 8879.227]",8822.677066035343,8826.222088092189,7,"(('IQR', 'bedrooms'), ('norm_log', 'grade'), ('bin_equal_width_5', 'sqft_basement'), ('bin_equal_frequency_10', 'sqft_living'), ('bin_equal_frequency_5', 'yr_built'), ('bin_equal_frequency_5', 'sqft_lot15'), ('bin_equal_frequency_5', 'sqft_living15'))",12
"(8879.227, 8980.229]",8881.103490618294,8961.231565905602,7,"(('bin_equal_frequency_5', 'sqft_lot15'), ('IQR', 'bedrooms'), ('bin_equal_width_5', 'sqft_living15'), ('bin_equal_frequency_10', 'sqft_living'), ('IQR', 'sqft_lot'), ('bin_equal_width_5', 'sqft_basement'), ('bin_equal_frequency_5', 'yr_built'))",21
"(8980.229, 9081.231]",8985.030693377197,9069.268463280196,6,"(('bin_equal_frequency_5', 'yr_built'), ('bin_equal_frequency_5', 'sqft_lot15'), ('IQR', 'bedrooms'), ('bin_equal_width_5', 'sqft_living15'), ('bin_equal_width_5', 'sqft_basement'), ('bin_equal_frequency_10', 'sqft_living'))",53
"(9081.231, 9182.233]",9115.707444894877,9176.772643113838,6,"(('bin_equal_frequency_5', 'yr_built'), ('IQR', 'bedrooms'), ('bin_equal_width_5', 'sqft_living15'), ('bin_equal_width_5', 'sqft_basement'), ('bin_equal_frequency_10', 'sqft_living'), ('bin_equal_frequency_5', 'sqft_lot15'))",40
"(9182.233, 9283.235]",9214.895669615984,9261.863467080506,7,"(('bin_equal_frequency_10', 'sqft_living'), ('IQR', 'bedrooms'), ('bin_equal_width_5', 'sqft_living15'), ('bin_equal_frequency_5', 'sqft_lot15'), ('IQR', 'sqft_lot'), ('bin_equal_width_5', 'sqft_basement'), ('bin_equal_frequency_5', 'yr_built'))",12
"(9283.235, 9384.238]",9322.426798478857,9371.650239879771,6,"(('bin_equal_frequency_10', 'sqft_living'), ('bin_equal_frequency_5', 'yr_built'), ('IQR', 'bedrooms'), ('bin_equal_width_5', 'sqft_living15'), ('bin_equal_width_5', 'sqft_basement'), ('bin_equal_frequency_5', 'sqft_lot15'))",12
"(9384.238, 9485.24]",9428.09366904259,9475.376477799477,7,"(('bin_equal_frequency_5', 'yr_built'), ('IQR', 'bedrooms'), ('bin_equal_frequency_10', 'sqft_living'), ('norm_log', 'sqft_living'), ('norm_log', 'grade'), ('bin_equal_width_5', 'sqft_living15'), ('bin_equal_width_5', 'sqft_basement'))",12
"(9485.24, 9586.242]",9511.104324582038,9581.329392759368,6,"(('bin_equal_frequency_5', 'sqft_lot15'), ('IQR', 'bedrooms'), ('bin_equal_width_5', 'sqft_living15'), ('bin_equal_width_5', 'sqft_basement'), ('bin_equal_frequency_10', 'sqft_living'), ('bin_equal_frequency_5', 'yr_built'))",38
"(9586.242, 9687.244]",9653.962300562083,9682.678747958216,6,"(('bin_equal_frequency_5', 'yr_built'), ('IQR', 'bedrooms'), ('zscore_clip_3', 'view'), ('bin_equal_width_5', 'sqft_living15'), ('bin_equal_width_5', 'sqft_basement'), ('bin_equal_frequency_10', 'sqft_living'))",15
"(9687.244, 9788.246]",9705.272165961684,9765.681547822474,6,"(('IQR', 'bedrooms'), ('bin_equal_width_5', 'sqft_living15'), ('bin_equal_width_5', 'sqft_basement'), ('bin_equal_frequency_10', 'sqft_living'), ('bin_equal_frequency_5', 'yr_built'), ('bin_equal_frequency_5', 'sqft_lot15'))",52
"(9788.246, 9889.248]",9801.336779460578,9865.60807956314,6,"(('bin_equal_frequency_5', 'yr_built'), ('IQR', 'bedrooms'), ('norm_log', 'grade'), ('bin_equal_width_5', 'sqft_living15'), ('bin_equal_width_5', 'sqft_basement'), ('bin_equal_frequency_10', 'sqft_living'))",40
"(9889.248, 9990.25]",9908.906766444361,9964.434962253286,5,"(('bin_equal_width_5', 'sqft_living15'), ('bin_equal_width_5', 'sqft_basement'), ('bin_equal_frequency_10', 'sqft_living'), ('bin_equal_frequency_5', 'yr_built'), ('bin_equal_frequency_2', 'sqft_lot15'))",22
"(9990.25, 10091.252]",10002.505133804927,10065.231069898866,5,"(('bin_equal_frequency_5', 'yr_built'), ('bin_equal_frequency_2', 'sqft_lot15'), ('IQR', 'bedrooms'), ('bin_equal_width_5', 'sqft_living15'), ('bin_equal_frequency_10', 'sqft_living'))",57
"(10091.252, 10192.254]",10098.214799498111,10188.363887951169,7,"(('bin_equal_frequency_10', 'sqft_living'), ('IQR', 'bedrooms'), ('norm_log', 'sqft_living'), ('norm_log', 'grade'), ('bin_equal_width_5', 'sqft_living15'), ('bin_equal_width_5', 'sqft_basement'), ('bin_equal_frequency_5', 'yr_built'))",26
"(10192.254, 10293.257]",10196.912393022712,10284.107902799085,5,"(('bin_equal_frequency_5', 'yr_built'), ('IQR', 'bedrooms'), ('bin_equal_width_5', 'sqft_living15'), ('bin_equal_frequency_10', 'sqft_living'), ('bin_equal_frequency_2', 'sqft_lot15'))",36
"(10293.257, 10394.259]",10310.616739084973,10393.201335036016,5,"(('bin_equal_frequency_10', 'sqft_living'), ('bin_equal_frequency_5', 'yr_built'), ('bin_equal_frequency_2', 'sqft_lot15'), ('IQR', 'bedrooms'), ('bin_equal_width_5', 'sqft_living15'))",36
"(10394.259, 10495.261]",10399.078916121003,10492.994051294672,6,"(('IQR', 'bedrooms'), ('norm_log', 'grade'), ('bin_equal_width_5', 'sqft_living15'), ('bin_equal_width_5', 'sqft_basement'), ('bin_equal_frequency_10', 'sqft_living'), ('bin_equal_frequency_5', 'yr_built'))",57
"(10495.261, 10596.263]",10499.512147453197,10583.419805137528,5,"(('bin_equal_frequency_2', 'sqft_lot15'), ('IQR', 'bedrooms'), ('bin_equal_width_5', 'sqft_living15'), ('bin_equal_frequency_10', 'sqft_living'), ('bin_equal_frequency_5', 'yr_built'))",23
"(10596.263, 10697.265]",10597.911978241025,10686.246649750721,5,"(('bin_equal_frequency_10', 'sqft_living'), ('bin_equal_frequency_5', 'yr_built'), ('IQR', 'bedrooms'), ('bin_equal_width_5', 'sqft_living15'), ('bin_equal_frequency_2', 'sqft_lot15'))",61
"(10697.265, 10798.267]",10697.448854510576,10794.306362880354,5,"(('IQR', 'bedrooms'), ('bin_equal_width_5', 'sqft_living15'), ('bin_equal_frequency_10', 'sqft_living'), ('bin_equal_frequency_5', 'yr_built'), ('bin_equal_frequency_2', 'sqft_lot15'))",41
"(10798.267, 10899.269]",10809.37786411346,10894.864959437571,5,"(('bin_equal_frequency_5', 'yr_built'), ('bin_equal_frequency_2', 'sqft_lot15'), ('IQR', 'bedrooms'), ('bin_equal_width_5', 'sqft_basement'), ('bin_equal_frequency_10', 'sqft_living'))",22
"(10899.269, 11000.271]",10903.451919062965,10964.642725493362,5,"(('bin_equal_frequency_10', 'sqft_living'), ('bin_equal_frequency_2', 'sqft_lot15'), ('IQR', 'bedrooms'), ('bin_equal_width_5', 'sqft_living15'), ('bin_equal_frequency_5', 'yr_built'))",20
"(11000.271, 11101.273]",11018.398817127001,11100.605126634937,5,"(('bin_equal_frequency_5', 'yr_built'), ('IQR', 'bedrooms'), ('bin_equal_width_5', 'sqft_basement'), ('bin_equal_frequency_10', 'sqft_living'), ('bin_equal_frequency_2', 'sqft_lot15'))",46
"(11101.273, 11202.276]",11105.78325009669,11199.876534945366,5,"(('bin_equal_frequency_10', 'sqft_living'), ('IQR', 'bedrooms'), ('bin_equal_width_5', 'sqft_living15'), ('bin_equal_frequency_5', 'yr_built'), ('bin_equal_frequency_2', 'sqft_lot15'))",59
"(11202.276, 11303.278]",11219.580460768932,11303.14690940907,5,"(('bin_equal_frequency_10', 'sqft_living'), ('bin_equal_frequency_5', 'yr_built'), ('IQR', 'bedrooms'), ('bin_equal_width_5', 'sqft_basement'), ('bin_equal_frequency_2', 'sqft_lot15'))",37
"(11303.278, 11404.28]",11305.112819027965,11395.840099870073,6,"(('bin_equal_frequency_5', 'yr_built'), ('IQR', 'bedrooms'), ('norm_log', 'yr_built'), ('bin_equal_width_5', 'sqft_living15'), ('bin_equal_width_5', 'sqft_basement'), ('bin_equal_frequency_10', 'sqft_living'))",45
"(11404.28, 11505.282]",11503.566709282462,11503.566709282462,5,"(('bin_equal_frequency_2', 'sqft_lot15'), ('IQR', 'bedrooms'), ('bin_equal_width_5', 'sqft_basement'), ('bin_equal_frequency_10', 'sqft_living'), ('bin_equal_frequency_5', 'yr_built'))",6
"(11505.282, 11606.284]",11537.157561267744,11575.555668838775,6,"(('IQR', 'bedrooms'), ('zscore_clip_3', 'grade'), ('bin_equal_width_5', 'sqft_living15'), ('bin_equal_width_5', 'sqft_basement'), ('bin_equal_frequency_10', 'sqft_living'), ('bin_equal_frequency_5', 'yr_built'))",52
"(11606.284, 11707.286]",11616.960844439023,11703.725753111343,5,"(('IQR', 'bedrooms'), ('bin_equal_width_5', 'sqft_basement'), ('bin_equal_frequency_10', 'sqft_living'), ('bin_equal_frequency_5', 'yr_built'), ('bin_equal_frequency_2', 'sqft_lot15'))",71
"(11707.286, 11808.288]",11709.06122393229,11792.383493488715,6,"(('bin_equal_frequency_5', 'yr_built'), ('IQR', 'bedrooms'), ('bin_equal_width_5', 'sqft_basement'), ('zscore_clip_3', 'sqft_basement'), ('bin_equal_width_5', 'sqft_living15'), ('bin_equal_frequency_10', 'sqft_living'))",82
"(11808.288, 11909.29]",11825.59554235783,11907.869404409746,5,"(('bin_equal_frequency_10', 'sqft_living'), ('IQR', 'bedrooms'), ('bin_equal_width_5', 'sqft_basement'), ('bin_equal_frequency_5', 'yr_built'), ('bin_equal_frequency_2', 'sqft_lot15'))",106
"(11909.29, 12010.292]",11936.399130646087,11999.352732969977,6,"(('IQR', 'bedrooms'), ('bin_equal_width_5', 'sqft_living15'), ('bin_equal_frequency_10', 'sqft_living'), ('zscore_filter_3', 'sqft_lot15'), ('bin_equal_width_5', 'sqft_basement'), ('bin_equal_frequency_5', 'yr_built'))",72
"(12010.292, 12111.294]",12010.921800972426,12106.535895047009,6,"(('bin_equal_frequency_5', 'yr_built'), ('IQR', 'bedrooms'), ('bin_equal_width_5', 'sqft_basement'), ('norm_log', 'sqft_basement'), ('bin_equal_width_5', 'sqft_living15'), ('bin_equal_frequency_10', 'sqft_living'))",91
"(12111.294, 12212.297]",12114.643048996772,12209.277068863348,6,"(('IQR', 'bedrooms'), ('norm_log', 'bathrooms'), ('bin_equal_width_5', 'sqft_living15'), ('bin_equal_width_5', 'sqft_basement'), ('bin_equal_frequency_10', 'sqft_living'), ('bin_equal_frequency_5', 'yr_built'))",130
"(12212.297, 12313.299]",12222.82262108126,12312.2678894898,6,"(('bin_equal_frequency_5', 'yr_built'), ('IQR', 'bedrooms'), ('norm_log', 'grade'), ('bin_equal_width_5', 'sqft_basement'), ('bin_equal_frequency_10', 'sqft_living'), ('bin_equal_frequency_5', 'sqft_living15'))",96
"(12313.299, 12414.301]",12313.827121036144,12414.041754041762,6,"(('bin_equal_frequency_10', 'sqft_living'), ('IQR', 'bedrooms'), ('norm_log', 'bathrooms'), ('bin_equal_width_5', 'sqft_living15'), ('bin_equal_width_5', 'sqft_basement'), ('bin_equal_frequency_5', 'yr_built'))",92
"(12414.301, 12515.303]",12419.80691119752,12510.084216016643,6,"(('bin_equal_frequency_10', 'sqft_living'), ('bin_equal_frequency_5', 'yr_built'), ('IQR', 'bedrooms'), ('norm_log', 'grade'), ('bin_equal_width_5', 'sqft_basement'), ('bin_equal_frequency_5', 'sqft_living15'))",98
"(12515.303, 12616.305]",12515.362927855786,12614.765700751766,5,"(('bin_equal_frequency_5', 'yr_built'), ('IQR', 'bedrooms'), ('bin_equal_width_5', 'sqft_living15'), ('bin_equal_width_5', 'sqft_basement'), ('bin_equal_frequency_10', 'sqft_living'))",364
"(12616.305, 12717.307]",12625.64993163741,12709.640774835014,6,"(('IQR', 'bedrooms'), ('bin_equal_width_5', 'sqft_basement'), ('norm_log', 'sqft_basement'), ('bin_equal_width_5', 'sqft_living15'), ('bin_equal_frequency_10', 'sqft_living'), ('bin_equal_frequency_5', 'yr_built'))",78
"(12717.307, 12818.309]",12717.42667529983,12817.14438304164,5,"(('bin_equal_frequency_10', 'sqft_living'), ('bin_equal_frequency_5', 'yr_built'), ('IQR', 'bedrooms'), ('bin_equal_width_5', 'sqft_living15'), ('bin_equal_width_5', 'sqft_basement'))",397
"(12818.309, 12919.311]",12825.327094279519,12910.46286982748,5,"(('bin_equal_frequency_2', 'sqft_lot15'), ('IQR', 'bedrooms'), ('bin_equal_width_5', 'sqft_living15'), ('bin_equal_width_5', 'sqft_basement'), ('bin_equal_frequency_10', 'sqft_living'))",150
"(12919.311, 13020.313]",12930.270277407535,13019.560227645163,6,"(('IQR', 'bedrooms'), ('norm_log', 'view'), ('bin_equal_width_5', 'sqft_living15'), ('bin_equal_width_5', 'sqft_basement'), ('bin_equal_frequency_10', 'sqft_living'), ('bin_equal_frequency_5', 'yr_built'))",87
"(13020.313, 13121.316]",13023.378296911493,13120.696533317254,5,"(('IQR', 'bedrooms'), ('bin_equal_width_5', 'sqft_living15'), ('bin_equal_width_5', 'sqft_basement'), ('bin_equal_frequency_10', 'sqft_living'), ('bin_equal_frequency_2', 'sqft_lot15'))",167
"(13121.316, 13222.318]",13121.717260251437,13209.193770607202,5,"(('IQR', 'bedrooms'), ('bin_equal_width_5', 'sqft_living15'), ('bin_equal_width_5', 'sqft_basement'), ('bin_equal_frequency_10', 'sqft_living'), ('bin_equal_frequency_5', 'yr_built'))",446
"(13222.318, 13323.32]",13223.019573236079,13322.93420848755,5,"(('bin_equal_frequency_10', 'sqft_living'), ('IQR', 'bedrooms'), ('bin_equal_width_5', 'sqft_living15'), ('bin_equal_width_5', 'sqft_basement'), ('bin_equal_frequency_2', 'sqft_lot15'))",164
"(13323.32, 13424.322]",13327.843976125465,13423.21933380393,5,"(('bin_equal_frequency_10', 'sqft_living'), ('IQR', 'bedrooms'), ('bin_equal_width_5', 'sqft_living15'), ('bin_equal_width_5', 'sqft_basement'), ('bin_equal_frequency_5', 'yr_built'))",346
"(13424.322, 13525.324]",13425.8471958518,13523.989547367766,6,"(('IQR', 'bedrooms'), ('norm_log', 'bedrooms'), ('bin_equal_width_5', 'sqft_living15'), ('bin_equal_width_5', 'sqft_basement'), ('bin_equal_frequency_10', 'sqft_living'), ('bin_equal_frequency_5', 'yr_built'))",157
"(13525.324, 13626.326]",13525.414456657885,13625.644485125893,6,"(('bin_equal_frequency_10', 'sqft_living'), ('IQR', 'bedrooms'), ('norm_log', 'sqft_lot'), ('bin_equal_width_5', 'sqft_living15'), ('bin_equal_width_5', 'sqft_basement'), ('bin_equal_frequency_5', 'yr_built'))",121
"(13626.326, 13727.328]",13629.410015731906,13725.62469164167,5,"(('bin_equal_frequency_10', 'sqft_living'), ('IQR', 'bedrooms'), ('bin_equal_width_5', 'sqft_living15'), ('bin_equal_width_5', 'sqft_basement'), ('bin_equal_frequency_2', 'yr_built'))",182
"(13727.328, 13828.33]",13727.652359936988,13824.341530639329,6,"(('bin_equal_frequency_5', 'yr_built'), ('IQR', 'bedrooms'), ('norm_log', 'bathrooms'), ('bin_equal_width_5', 'sqft_basement'), ('bin_equal_frequency_10', 'sqft_living'), ('bin_equal_frequency_5', 'sqft_living15'))",174
"(13828.33, 13929.332]",13832.656778815077,13928.136360374692,5,"(('zscore_clip_3', 'grade'), ('bin_equal_width_5', 'sqft_living15'), ('bin_equal_width_5', 'sqft_basement'), ('bin_equal_frequency_10', 'sqft_living'), ('bin_equal_frequency_5', 'yr_built'))",165
"(13929.332, 14030.334]",13932.514158245996,14026.407722921938,6,"(('bin_equal_frequency_10', 'sqft_living'), ('bin_equal_frequency_5', 'yr_built'), ('IQR', 'bedrooms'), ('norm_log', 'bathrooms'), ('bin_equal_width_5', 'sqft_basement'), ('bin_equal_frequency_5', 'sqft_living15'))",176
"(14030.334, 14131.337]",14053.284517567954,14116.233917854925,6,"(('bin_equal_frequency_10', 'sqft_living'), ('IQR', 'bedrooms'), ('zscore_clip_3', 'sqft_living15'), ('bin_equal_width_5', 'sqft_living15'), ('bin_equal_width_5', 'sqft_basement'), ('bin_equal_frequency_5', 'yr_built'))",78
"(14131.337, 14232.339]",14133.418678047514,14228.504587246647,6,"(('bin_equal_frequency_10', 'sqft_living'), ('IQR', 'yr_built'), ('IQR', 'bedrooms'), ('bin_equal_width_5', 'sqft_living15'), ('bin_equal_width_5', 'sqft_basement'), ('bin_equal_frequency_5', 'yr_built'))",143
"(14232.339, 14333.341]",14241.413830380101,14332.000367327795,6,"(('IQR', 'bedrooms'), ('norm_log', 'bathrooms'), ('bin_equal_width_5', 'sqft_basement'), ('bin_equal_frequency_10', 'sqft_living'), ('bin_equal_frequency_5', 'yr_built'), ('bin_equal_frequency_5', 'sqft_living15'))",151
"(14333.341, 14434.343]",14333.660125119988,14429.659666473723,6,"(('bin_equal_frequency_5', 'yr_built'), ('IQR', 'bedrooms'), ('norm_log', 'floors'), ('bin_equal_width_5', 'sqft_basement'), ('bin_equal_frequency_10', 'sqft_living'), ('bin_equal_frequency_5', 'sqft_living15'))",130
"(14434.343, 14535.345]",14434.523253749652,14530.824666972288,5,"(('bin_equal_frequency_5', 'yr_built'), ('IQR', 'bedrooms'), ('bin_equal_width_5', 'sqft_living15'), ('bin_equal_width_5', 'sqft_basement'), ('bin_equal_frequency_5', 'sqft_living'))",160
"(14535.345, 14636.347]",14537.066531000452,14628.316694296313,5,"(('bin_equal_frequency_5', 'yr_built'), ('bin_equal_frequency_5', 'sqft_living'), ('IQR', 'bedrooms'), ('bin_equal_width_5', 'sqft_living15'), ('bin_equal_width_5', 'sqft_basement'))",157
"(14636.347, 14737.349]",14640.833365326253,14736.654081772127,5,"(('bin_equal_frequency_10', 'sqft_living'), ('IQR', 'bedrooms'), ('IQR', 'sqft_lot'), ('bin_equal_width_10', 'sqft_lot15'), ('bin_equal_frequency_5', 'yr_built'))",131
"(14737.349, 14838.351]",14738.476247652456,14836.860928652595,5,"(('bin_equal_frequency_10', 'sqft_living'), ('IQR', 'sqft_lot'), ('IQR', 'bedrooms'), ('bin_equal_width_10', 'sqft_lot15'), ('bin_equal_frequency_5', 'yr_built'))",206
"(14838.351, 14939.353]",14841.314423351401,14936.699168577059,5,"(('bin_equal_frequency_5', 'yr_built'), ('IQR', 'bedrooms'), ('bin_equal_width_5', 'sqft_basement'), ('bin_equal_frequency_10', 'sqft_living'), ('bin_equal_frequency_5', 'sqft_living15'))",749
"(14939.353, 15040.356]",14942.258545744218,15039.898072844599,4,"(('bin_equal_frequency_2', 'sqft_lot15'), ('IQR', 'sqft_lot'), ('isolationForest', 'TABLE'), ('bin_equal_width_5', 'grade'))",152
"(15040.356, 15141.358]",15041.571083525681,15140.488210574717,5,"(('bin_equal_frequency_10', 'sqft_living'), ('bin_equal_frequency_5', 'yr_built'), ('IQR', 'bedrooms'), ('bin_equal_width_5', 'sqft_basement'), ('bin_equal_frequency_5', 'sqft_living15'))",516
"(15141.358, 15242.36]",15142.799755003844,15242.062321344698,5,"(('bin_equal_frequency_5', 'sqft_living'), ('IQR', 'bedrooms'), ('bin_equal_width_5', 'sqft_living15'), ('bin_equal_width_5', 'sqft_basement'), ('bin_equal_frequency_5', 'yr_built'))",209
"(15242.36, 15343.362]",15243.141589141389,15340.366622654381,5,"(('bin_equal_frequency_5', 'yr_built'), ('IQR', 'bedrooms'), ('bin_equal_width_5', 'sqft_basement'), ('bin_equal_frequency_10', 'sqft_living'), ('bin_equal_frequency_2', 'sqft_living15'))",261
"(15343.362, 15444.364]",15343.764977902321,15444.315830940546,4,"(('bin_equal_frequency_2', 'sqft_lot15'), ('bin_equal_frequency_2', 'yr_built'), ('bin_equal_frequency_10', 'sqft_living'), ('bin_equal_width_5', 'sqft_basement'))",365
"(15444.364, 15545.366]",15444.565076562036,15543.944294113364,5,"(('IQR', 'bedrooms'), ('bin_equal_width_5', 'sqft_basement'), ('bin_equal_frequency_10', 'sqft_living'), ('bin_equal_frequency_5', 'yr_built'), ('bin_equal_frequency_5', 'sqft_living15'))",891
"(15545.366, 15646.368]",15545.401948965758,15639.513050988458,5,"(('bin_equal_frequency_10', 'sqft_living'), ('zscore_filter_3', 'bedrooms'), ('bin_equal_width_5', 'sqft_living15'), ('bin_equal_width_5', 'sqft_basement'), ('bin_equal_frequency_5', 'yr_built'))",150
"(15646.368, 15747.37]",15648.285589936488,15746.067898965292,5,"(('bin_equal_frequency_10', 'sqft_living'), ('IQR', 'bedrooms'), ('bin_equal_width_5', 'sqft_basement'), ('bin_equal_frequency_5', 'yr_built'), ('bin_equal_frequency_5', 'sqft_living15'))",575
"(15747.37, 15848.372]",15748.870626289332,15847.94537346788,4,"(('bin_equal_frequency_2', 'sqft_lot15'), ('bin_equal_frequency_2', 'yr_built'), ('bin_equal_frequency_10', 'sqft_living'), ('bin_equal_width_5', 'sqft_living15'))",354
"(15848.372, 15949.374]",15851.15927160109,15947.632765358607,5,"(('IQR', 'bedrooms'), ('zscore_clip_3', 'sqft_basement'), ('bin_equal_width_5', 'sqft_living15'), ('bin_equal_frequency_10', 'sqft_living'), ('bin_equal_frequency_5', 'yr_built'))",211
"(15949.374, 16050.377]",15950.388312066407,16050.189008043822,5,"(('zscore_filter_3', 'bedrooms'), ('bin_equal_width_5', 'sqft_living15'), ('bin_equal_width_5', 'sqft_basement'), ('bin_equal_frequency_10', 'sqft_living'), ('bin_equal_frequency_5', 'yr_built'))",285
"(16050.377, 16151.379]",16050.609138930397,16150.168527313448,4,"(('bin_equal_frequency_2', 'yr_built'), ('IQR', 'bedrooms'), ('bin_equal_frequency_2', 'sqft_lot15'), ('bin_equal_frequency_10', 'sqft_living'))",315
"(16151.379, 16252.381]",16151.380897508323,16251.715998163303,4,"(('bin_equal_frequency_2', 'sqft_lot15'), ('bin_equal_frequency_2', 'yr_built'), ('bin_equal_frequency_10', 'sqft_living'), ('IQR', 'bedrooms'))",249
"(16252.381, 16353.383]",16253.47022710589,16339.638734265873,5,"(('zscore_clip_3', 'sqft_basement'), ('bin_equal_frequency_10', 'sqft_living'), ('IQR', 'bedrooms'), ('bin_equal_width_5', 'sqft_living15'), ('bin_equal_frequency_5', 'yr_built'))",242
"(16353.383, 16454.385]",16357.399213675782,16454.17965407889,4,"(('bin_equal_frequency_2', 'sqft_lot15'), ('isolationForest', 'TABLE'), ('bin_equal_width_5', 'grade'), ('IQR', 'sqft_lot'))",363
"(16454.385, 16555.387]",16458.37319244748,16551.55679063412,5,"(('bin_equal_frequency_5', 'yr_built'), ('IQR', 'bedrooms'), ('bin_equal_width_5', 'sqft_basement'), ('bin_equal_frequency_10', 'sqft_living'), ('bin_equal_frequency_5', 'sqft_lot15'))",518
"(16555.387, 16656.389]",16557.583615894033,16655.79804460137,5,"(('bin_equal_frequency_10', 'sqft_living'), ('bin_equal_frequency_5', 'yr_built'), ('bin_equal_frequency_5', 'sqft_lot15'), ('IQR', 'bedrooms'), ('bin_equal_width_5', 'sqft_basement'))",381
"(16656.389, 16757.391]",16657.180192400345,16756.546980475407,4,"(('bin_equal_frequency_2', 'sqft_lot15'), ('bin_equal_frequency_2', 'yr_built'), ('bin_equal_frequency_10', 'sqft_living'), ('bin_equal_width_2', 'sqft_basement'))",443
"(16757.391, 16858.393]",16757.870988896833,16857.64109323118,5,"(('bin_equal_frequency_10', 'sqft_lot15'), ('bin_equal_frequency_10', 'sqft_living'), ('bin_equal_frequency_5', 'yr_built'), ('IQR', 'bedrooms'), ('bin_equal_width_5', 'sqft_basement'))",332
"(16858.393, 16959.396]",16859.30247638833,16958.872078355715,4,"(('bin_equal_frequency_2', 'sqft_lot15'), ('bin_equal_frequency_5', 'yr_built'), ('bin_equal_frequency_10', 'sqft_living'), ('bin_equal_width_5', 'sqft_living15'))",528
"(16959.396, 17060.398]",16961.636737627472,17059.77289109742,4,"(('bin_equal_frequency_2', 'sqft_lot15'), ('zscore_filter_3', 'view'), ('isolationForest', 'TABLE'), ('bin_equal_width_5', 'grade'))",483
"(17060.398, 17161.4]",17066.358536440202,17158.765180254217,5,"(('IQR', 'bedrooms'), ('bin_equal_width_5', 'sqft_basement'), ('bin_equal_frequency_10', 'sqft_living'), ('bin_equal_frequency_5', 'yr_built'), ('bin_equal_frequency_5', 'sqft_lot15'))",350
"(17161.4, 17262.402]",17161.4563453226,17261.510762454287,5,"(('bin_equal_frequency_5', 'yr_built'), ('IQR', 'bedrooms'), ('zscore_clip_3', 'sqft_living15'), ('bin_equal_width_5', 'sqft_basement'), ('bin_equal_frequency_10', 'sqft_living'))",343
"(17262.402, 17363.404]",17265.02022706816,17356.16694639815,4,"(('bin_equal_frequency_2', 'sqft_lot15'), ('bin_equal_frequency_5', 'yr_built'), ('bin_equal_frequency_10', 'sqft_living'), ('bin_equal_width_5', 'sqft_basement'))",473
"(17363.404, 17464.406]",17365.667643059915,17463.751623485776,4,"(('bin_equal_frequency_2', 'sqft_lot15'), ('bin_equal_frequency_5', 'yr_built'), ('IQR', 'bedrooms'), ('bin_equal_frequency_10', 'sqft_living'))",713
"(17464.406, 17565.408]",17465.05334859688,17562.683153255875,5,"(('zscore_clip_3', 'sqft_living15'), ('bin_equal_frequency_10', 'sqft_living'), ('bin_equal_frequency_5', 'yr_built'), ('IQR', 'bedrooms'), ('bin_equal_width_5', 'sqft_basement'))",299
"(17565.408, 17666.41]",17565.71573273436,17666.13060421415,4,"(('bin_equal_frequency_5', 'yr_built'), ('IQR', 'bedrooms'), ('bin_equal_frequency_10', 'sqft_living'), ('bin_equal_frequency_2', 'sqft_lot15'))",455
"(17666.41, 17767.412]",17672.487446646504,17764.900892072128,4,"(('bin_equal_frequency_2', 'sqft_lot15'), ('bin_equal_frequency_2', 'yr_built'), ('bin_equal_frequency_10', 'sqft_living'), ('zscore_clip_3', 'sqft_basement'))",285
"(17767.412, 17868.415]",17767.551215297863,17864.721831452232,4,"(('bin_equal_frequency_2', 'sqft_living15'), ('bin_equal_frequency_2', 'sqft_lot15'), ('bin_equal_frequency_2', 'yr_built'), ('bin_equal_frequency_10', 'sqft_living'))",319
"(17868.415, 17969.417]",17868.54221435555,17968.20926365962,4,"(('bin_equal_frequency_2', 'sqft_lot15'), ('bin_equal_frequency_10', 'sqft_living'), ('bin_equal_width_5', 'sqft_living15'), ('zscore_clip_3', 'grade'))",366
"(17969.417, 18070.419]",17970.60068674457,18069.442128034276,4,"(('bin_equal_frequency_2', 'sqft_lot15'), ('bin_equal_frequency_2', 'yr_built'), ('bin_equal_frequency_5', 'sqft_living'), ('bin_equal_width_2', 'sqft_basement'))",586
"(18070.419, 18171.421]",18070.833968873587,18170.869904267085,4,"(('IQR', 'bedrooms'), ('bin_equal_frequency_10', 'sqft_living'), ('bin_equal_frequency_5', 'yr_built'), ('bin_equal_frequency_2', 'sqft_lot15'))",1181
"(18171.421, 18272.423]",18172.107052026106,18270.708953932735,4,"(('bin_equal_frequency_2', 'sqft_lot15'), ('bin_equal_frequency_10', 'sqft_living'), ('IQR', 'bedrooms'), ('bin_equal_frequency_5', 'yr_built'))",512
"(18272.423, 18373.425]",18272.512962649987,18372.951823379197,5,"(('bin_equal_frequency_10', 'sqft_living'), ('bin_equal_frequency_5', 'yr_built'), ('IQR', 'bedrooms'), ('norm_log', 'grade'), ('bin_equal_width_5', 'sqft_basement'))",693
"(18373.425, 18474.427]",18373.982207348698,18473.54978938208,4,"(('bin_equal_frequency_10', 'sqft_living'), ('IQR', 'bedrooms'), ('bin_equal_frequency_5', 'yr_built'), ('bin_equal_frequency_2', 'sqft_lot15'))",468
"(18474.427, 18575.429]",18475.634464317594,18574.404885099226,4,"(('bin_equal_frequency_2', 'sqft_lot15'), ('bin_equal_frequency_2', 'yr_built'), ('bin_equal_frequency_10', 'sqft_living'), ('zscore_filter_3', 'bedrooms'))",506
"(18575.429, 18676.431]",18575.689695941222,18675.67456123511,4,"(('bin_equal_frequency_2', 'sqft_lot15'), ('bin_equal_frequency_2', 'yr_built'), ('bin_equal_frequency_10', 'sqft_living'), ('zscore_clip_3', 'grade'))",696
"(18676.431, 18777.433]",18676.55174501955,18776.04248014464,4,"(('bin_equal_frequency_2', 'sqft_lot15'), ('bin_equal_frequency_2', 'yr_built'), ('bin_equal_frequency_5', 'sqft_living15'), ('bin_equal_frequency_10', 'sqft_living'))",620
"(18777.433, 18878.436]",18778.477562192067,18878.33765094727,4,"(('bin_equal_frequency_2', 'sqft_living15'), ('bin_equal_frequency_2', 'sqft_lot15'), ('bin_equal_frequency_5', 'yr_built'), ('bin_equal_frequency_10', 'sqft_living'))",380
"(18878.436, 18979.438]",18879.927022539043,18977.47088768833,4,"(('bin_equal_frequency_2', 'sqft_lot15'), ('bin_equal_frequency_10', 'sqft_living'), ('bin_equal_width_5', 'sqft_living15'), ('IQR', 'bedrooms'))",729
"(18979.438, 19080.44]",18979.528545452707,19080.37612497082,4,"(('bin_equal_frequency_2', 'sqft_lot15'), ('bin_equal_frequency_5', 'yr_built'), ('bin_equal_frequency_10', 'sqft_living'), ('IQR', 'sqft_basement'))",541
"(19080.44, 19181.442]",19081.03936712992,19180.331337420317,4,"(('bin_equal_frequency_2', 'sqft_lot15'), ('bin_equal_frequency_2', 'yr_built'), ('zscore_filter_3', 'bedrooms'), ('bin_equal_frequency_10', 'sqft_living'))",623
"(19181.442, 19282.444]",19182.16510438592,19282.380166965275,4,"(('bin_equal_frequency_2', 'sqft_lot15'), ('bin_equal_frequency_10', 'sqft_living'), ('bin_equal_frequency_10', 'yr_built'), ('bin_equal_width_5', 'sqft_living15'))",1199
"(19282.444, 19383.446]",19283.02838869673,19382.642488898502,4,"(('bin_equal_frequency_2', 'sqft_lot15'), ('bin_equal_frequency_10', 'sqft_living'), ('IQR', 'bedrooms'), ('IQR', 'sqft_lot'))",675
"(19383.446, 19484.448]",19384.63102427976,19484.20695102479,4,"(('bin_equal_frequency_2', 'sqft_lot15'), ('bin_equal_frequency_2', 'yr_built'), ('bin_equal_frequency_10', 'sqft_living'), ('bin_equal_width_10', 'sqft_living15'))",1499
"(19484.448, 19585.45]",19485.360839668378,19584.82908972687,4,"(('bin_equal_frequency_2', 'bedrooms'), ('bin_equal_frequency_2', 'sqft_lot15'), ('bin_equal_frequency_2', 'yr_built'), ('bin_equal_frequency_10', 'sqft_living'))",1529
"(19585.45, 19686.452]",19585.53299337269,19685.924189750644,4,"(('bin_equal_frequency_2', 'grade'), ('bin_equal_frequency_2', 'sqft_lot15'), ('bin_equal_frequency_10', 'sqft_living'), ('bin_equal_width_5', 'sqft_living15'))",1565
"(19686.452, 19787.455]",19686.84313624155,19784.78144503668,4,"(('bin_equal_frequency_2', 'sqft_lot15'), ('bin_equal_frequency_2', 'yr_built'), ('bin_equal_frequency_5', 'sqft_living'), ('bin_equal_width_5', 'sqft_living15'))",1891
"(19787.455, 19888.457]",19787.635629987355,19886.66898602454,4,"(('bin_equal_frequency_2', 'sqft_lot15'), ('bin_equal_frequency_5', 'sqft_above'), ('bin_equal_frequency_5', 'yr_built'), ('isolationForest', 'TABLE'))",2075
"(19888.457, 19989.459]",19889.252722162633,19989.407097155792,4,"(('bin_equal_frequency_2', 'sqft_lot15'), ('bin_equal_frequency_2', 'yr_built'), ('isolationForest', 'TABLE'), ('bin_equal_width_5', 'grade'))",1254
"(19989.459, 20090.461]",19990.10862950467,20090.22802273027,4,"(('bin_equal_frequency_10', 'sqft_living'), ('bin_equal_frequency_5', 'yr_built'), ('IQR', 'bedrooms'), ('bin_equal_width_5', 'sqft_basement'))",1953
"(20090.461, 20191.463]",20090.570253594364,20189.91305514585,4,"(('bin_equal_frequency_2', 'sqft_lot15'), ('bin_equal_frequency_2', 'yr_built'), ('bin_equal_frequency_10', 'sqft_living'), ('norm_log', 'sqft_lot'))",1565
"(20191.463, 20292.465]",20191.816083771682,20291.904415337944,4,"(('bin_equal_frequency_2', 'sqft_living15'), ('bin_equal_frequency_2', 'sqft_lot15'), ('bin_equal_frequency_10', 'sqft_living'), ('bin_equal_width_5', 'sqft_basement'))",1369
"(20292.465, 20393.467]",20292.734240367656,20392.029985441175,4,"(('bin_equal_frequency_2', 'sqft_lot15'), ('bin_equal_frequency_10', 'sqft_living'), ('bin_equal_width_2', 'sqft_basement'), ('bin_equal_width_5', 'sqft_living15'))",2625
"(20393.467, 20494.469]",20393.49427032083,20494.444876942896,4,"(('bin_equal_frequency_2', 'bedrooms'), ('isolationForest', 'TABLE'), ('bin_equal_frequency_2', 'sqft_lot15'), ('bin_equal_width_5', 'grade'))",1902
"(20494.469, 20595.471]",20494.476664777478,20595.35390138401,4,"(('bin_equal_frequency_2', 'sqft_lot15'), ('bin_equal_frequency_10', 'sqft_living'), ('zscore_clip_3', 'yr_built'), ('bin_equal_width_2', 'yr_built'))",828
"(20595.471, 20696.473]",20595.5885327158,20696.407420205705,4,"(('bin_equal_frequency_2', 'grade'), ('bin_equal_frequency_2', 'sqft_lot15'), ('bin_equal_frequency_2', 'yr_built'), ('bin_equal_frequency_10', 'sqft_living'))",1666
"(20696.473, 20797.476]",20696.828369182884,20796.39551799668,4,"(('bin_equal_frequency_2', 'sqft_lot15'), ('bin_equal_frequency_2', 'yr_built'), ('bin_equal_frequency_10', 'sqft_living'), ('zscore_clip_3', 'sqft_living15'))",1709
"(20797.476, 20898.478]",20797.487972101517,20898.23029926339,4,"(('bin_equal_frequency_2', 'sqft_living15'), ('bin_equal_frequency_2', 'sqft_lot15'), ('IQR', 'bedrooms'), ('bin_equal_frequency_10', 'sqft_living'))",1062
"(20898.478, 20999.48]",20899.02703210893,20999.271941053375,4,"(('bin_equal_frequency_2', 'sqft_lot15'), ('bin_equal_frequency_2', 'yr_built'), ('bin_equal_frequency_10', 'sqft_living'), ('winsorize', 'grade'))",1826
"(20999.48, 21100.482]",20999.5240659926,21100.388351318332,4,"(('bin_equal_frequency_2', 'bedrooms'), ('bin_equal_frequency_2', 'sqft_lot15'), ('bin_equal_frequency_5', 'yr_built'), ('bin_equal_frequency_10', 'sqft_living'))",608
"(21100.482, 21201.484]",21100.622091231042,21200.249983224916,4,"(('bin_equal_frequency_2', 'sqft_above'), ('bin_equal_frequency_2', 'sqft_lot15'), ('isolationForest', 'TABLE'), ('bin_equal_frequency_5', 'yr_built'))",1158
"(21201.484, 21302.486]",21201.876534609182,21299.22277367059,4,"(('bin_equal_frequency_2', 'sqft_living15'), ('bin_equal_frequency_2', 'sqft_lot15'), ('bin_equal_frequency_10', 'sqft_living'), ('IQR', 'bedrooms'))",614
"(21302.486, 21403.488]",21304.04057703679,21402.672399504863,4,"(('bin_equal_frequency_2', 'sqft_lot15'), ('bin_equal_frequency_2', 'yr_built'), ('bin_equal_frequency_10', 'sqft_living'), ('winsorize', 'bedrooms'))",922
"(21403.488, 21504.49]",21405.188521379867,21504.181094252584,4,"(('bin_equal_frequency_2', 'sqft_living15'), ('bin_equal_frequency_10', 'sqft_living'), ('IQR', 'bedrooms'), ('bin_equal_frequency_2', 'sqft_lot15'))",545
"(21504.49, 21605.492]",21504.62899344038,21605.4839167809,4,"(('bin_equal_frequency_2', 'sqft_lot15'), ('bin_equal_frequency_2', 'yr_built'), ('zscore_filter_3', 'floors'), ('bin_equal_frequency_10', 'sqft_living'))",984
"(21605.492, 21706.495]",21606.190259626317,21706.01422243354,4,"(('bin_equal_frequency_2', 'bedrooms'), ('IQR', 'sqft_lot15'), ('isolationForest', 'TABLE'), ('bin_equal_width_5', 'grade'))",907
"(21706.495, 21807.497]",21707.47348656278,21807.494417248672,4,"(('bin_equal_frequency_2', 'sqft_living15'), ('bin_equal_frequency_2', 'sqft_lot15'), ('bin_equal_frequency_10', 'sqft_living'), ('IQR', 'sqft_basement'))",1167
"(21807.497, 21908.499]",21808.465635160905,21908.276493842885,4,"(('bin_equal_frequency_2', 'sqft_living15'), ('bin_equal_frequency_2', 'sqft_lot15'), ('bin_equal_frequency_10', 'sqft_living'), ('bin_equal_width_2', 'sqft_basement'))",1423
"(21908.499, 22009.501]",21908.909225697393,22009.4957582781,4,"(('bin_equal_frequency_2', 'bedrooms'), ('bin_equal_frequency_2', 'sqft_lot15'), ('bin_equal_frequency_2', 'yr_built'), ('bin_equal_frequency_5', 'sqft_living'))",1119
"(22009.501, 22110.503]",22009.72964896553,22110.414375089334,4,"(('bin_equal_frequency_2', 'bedrooms'), ('isolationForest', 'TABLE'), ('bin_equal_frequency_5', 'yr_built'), ('bin_equal_width_5', 'grade'))",1169
"(22110.503, 22211.505]",22110.754473068577,22211.432490224648,3,"(('bin_equal_frequency_2', 'sqft_lot15'), ('bin_equal_frequency_2', 'yr_built'), ('bin_equal_frequency_10', 'sqft_living'))",1026
"(22211.505, 22312.507]",22211.50542440707,22311.261252499015,4,"(('bin_equal_frequency_2', 'sqft_lot15'), ('bin_equal_frequency_2', 'yr_built'), ('bin_equal_frequency_5', 'sqft_living'), ('norm_log', 'sqft_living'))",1251
"(22312.507, 22413.509]",22312.529424995566,22413.260764106242,4,"(('bin_equal_frequency_2', 'sqft_living15'), ('bin_equal_frequency_5', 'yr_built'), ('IQR', 'bedrooms'), ('bin_equal_frequency_10', 'sqft_living'))",1361
"(22413.509, 22514.511]",22413.881073238208,22514.481703736452,4,"(('bin_equal_frequency_2', 'grade'), ('bin_equal_frequency_2', 'sqft_lot15'), ('bin_equal_frequency_10', 'sqft_living'), ('bin_equal_width_5', 'sqft_basement'))",855
"(22514.511, 22615.513]",22515.078663206612,22614.64022137773,4,"(('bin_equal_frequency_2', 'bedrooms'), ('bin_equal_frequency_5', 'sqft_lot15'), ('isolationForest', 'TABLE'), ('bin_equal_width_5', 'grade'))",1717
"(22615.513, 22716.516]",22615.59026073195,22716.513780976864,4,"(('bin_equal_frequency_2', 'bedrooms'), ('IQR', 'sqft_lot'), ('isolationForest', 'TABLE'), ('bin_equal_width_5', 'grade'))",1120
"(22716.516, 22817.518]",22717.716269977558,22817.473708655998,4,"(('bin_equal_frequency_2', 'sqft_living15'), ('bin_equal_frequency_5', 'yr_built'), ('bin_equal_frequency_10', 'sqft_living'), ('IQR', 'bedrooms'))",1446
"(22817.518, 22918.52]",22817.602652330017,22918.01013997499,4,"(('bin_equal_frequency_2', 'sqft_living15'), ('IQR', 'bedrooms'), ('bin_equal_frequency_5', 'yr_built'), ('bin_equal_frequency_10', 'sqft_living'))",2035
"(22918.52, 23019.522]",22918.63764435581,23019.13123160028,4,"(('bin_equal_frequency_2', 'sqft_living15'), ('bin_equal_frequency_2', 'sqft_lot15'), ('bin_equal_frequency_5', 'sqft_living'), ('bin_equal_width_2', 'sqft_basement'))",1201
"(23019.522, 23120.524]",23019.534676274747,23120.471972008916,4,"(('bin_equal_frequency_2', 'bedrooms'), ('bin_equal_frequency_2', 'sqft_lot15'), ('bin_equal_frequency_10', 'sqft_living'), ('IQR', 'sqft_lot'))",1406
"(23120.524, 23221.526]",23121.178125942573,23220.41885385607,4,"(('bin_equal_frequency_2', 'sqft_lot15'), ('bin_equal_frequency_2', 'yr_built'), ('bin_equal_frequency_5', 'sqft_living'), ('bin_equal_width_10', 'sqft_living15'))",1317
"(23221.526, 23322.528]",23221.533740844603,23322.181020867425,4,"(('bin_equal_frequency_2', 'bedrooms'), ('bin_equal_frequency_2', 'sqft_lot15'), ('bin_equal_frequency_5', 'sqft_living'), ('bin_equal_frequency_5', 'yr_built'))",2281
"(23322.528, 23423.53]",23322.708280727416,23423.48676519171,4,"(('bin_equal_frequency_2', 'bedrooms'), ('bin_equal_width_5', 'sqft_living15'), ('isolationForest', 'TABLE'), ('bin_equal_width_5', 'grade'))",1520
"(23423.53, 23524.532]",23423.960729846982,23523.788372654435,4,"(('bin_equal_frequency_2', 'bedrooms'), ('bin_equal_frequency_2', 'sqft_lot15'), ('bin_equal_frequency_10', 'sqft_living'), ('zscore_clip_3', 'grade'))",1372
"(23524.532, 23625.535]",23524.790309257885,23625.344040770764,3,"(('bin_equal_frequency_2', 'sqft_lot15'), ('bin_equal_frequency_5', 'yr_built'), ('bin_equal_frequency_10', 'sqft_living'))",1592
"(23625.535, 23726.537]",23625.660154833873,23726.16453795329,4,"(('bin_equal_frequency_2', 'bedrooms'), ('bin_equal_frequency_5', 'yr_built'), ('bin_equal_frequency_10', 'sqft_living'), ('bin_equal_width_5', 'sqft_living15'))",2351
"(23726.537, 23827.539]",23726.5556625239,23827.52072194451,4,"(('bin_equal_frequency_2', 'bedrooms'), ('bin_equal_frequency_2', 'sqft_lot15'), ('bin_equal_frequency_5', 'sqft_living'), ('IQR', 'sqft_lot'))",2703
"(23827.539, 23928.541]",23827.7133493854,23928.29137661409,4,"(('bin_equal_frequency_2', 'bedrooms'), ('bin_equal_frequency_2', 'sqft_living15'), ('bin_equal_frequency_2', 'sqft_lot15'), ('bin_equal_frequency_10', 'sqft_living'))",2416
"(23928.541, 24029.543]",23928.630392007963,24028.73475148429,4,"(('bin_equal_frequency_2', 'bathrooms'), ('bin_equal_frequency_2', 'sqft_lot15'), ('bin_equal_frequency_2', 'yr_built'), ('bin_equal_frequency_10', 'sqft_living'))",2526
"(24029.543, 24130.545]",24029.60782452908,24130.47372811986,4,"(('bin_equal_frequency_2', 'bedrooms'), ('isolationForest', 'TABLE'), ('bin_equal_width_5', 'grade'), ('IQR', 'sqft_lot'))",1960
"(24130.545, 24231.547]",24131.76518893986,24231.35385322604,4,"(('bin_equal_frequency_2', 'bedrooms'), ('bin_equal_frequency_5', 'yr_built'), ('isolationForest', 'TABLE'), ('bin_equal_width_5', 'grade'))",2352
"(24231.547, 24332.549]",24231.58495259659,24332.424965768838,4,"(('bin_equal_frequency_2', 'sqft_living15'), ('IQR', 'sqft_lot15'), ('isolationForest', 'TABLE'), ('bin_equal_width_5', 'grade'))",2960
"(24332.549, 24433.551]",24333.098132906238,24433.316148832615,4,"(('bin_equal_frequency_2', 'bedrooms'), ('bin_equal_frequency_2', 'yr_built'), ('bin_equal_frequency_10', 'sqft_living'), ('bin_equal_width_5', 'sqft_basement'))",1494
"(24433.551, 24534.554]",24433.8442083588,24534.487056882386,3,"(('bin_equal_frequency_2', 'sqft_lot15'), ('bin_equal_frequency_10', 'sqft_living'), ('bin_equal_width_5', 'sqft_living15'))",1441
"(24534.554, 24635.556]",24534.912803620777,24635.47009770016,4,"(('bin_equal_frequency_2', 'bedrooms'), ('bin_equal_frequency_2', 'sqft_lot15'), ('bin_equal_frequency_2', 'yr_built'), ('bin_equal_frequency_5', 'sqft_above'))",2327
"(24635.556, 24736.558]",24635.69465409485,24735.988712454764,4,"(('bin_equal_frequency_2', 'bedrooms'), ('bin_equal_frequency_2', 'yr_built'), ('bin_equal_frequency_10', 'sqft_living'), ('bin_equal_width_5', 'sqft_living15'))",1628
"(24736.558, 24837.56]",24737.08228133792,24837.46447989467,4,"(('bin_equal_frequency_2', 'sqft_above'), ('bin_equal_frequency_2', 'sqft_lot15'), ('isolationForest', 'TABLE'), ('bin_equal_frequency_10', 'yr_built'))",3196
"(24837.56, 24938.562]",24838.789414522424,24938.52713396008,4,"(('bin_equal_frequency_2', 'bedrooms'), ('isolationForest', 'TABLE'), ('bin_equal_frequency_5', 'sqft_lot15'), ('bin_equal_width_5', 'grade'))",1440
"(24938.562, 25039.564]",24938.60583347825,25039.431098695735,4,"(('bin_equal_frequency_2', 'bathrooms'), ('bin_equal_frequency_2', 'sqft_lot15'), ('bin_equal_frequency_10', 'sqft_living'), ('bin_equal_width_5', 'sqft_living15'))",2078
"(25039.564, 25140.566]",25039.963175521254,25140.554785700922,4,"(('bin_equal_frequency_2', 'bedrooms'), ('bin_equal_frequency_2', 'sqft_lot15'), ('IQR', 'sqft_lot'), ('bin_equal_frequency_5', 'sqft_living'))",2456
"(25140.566, 25241.568]",25140.90148014905,25241.52204825035,4,"(('bin_equal_frequency_2', 'grade'), ('bin_equal_frequency_2', 'sqft_lot15'), ('bin_equal_frequency_5', 'sqft_living'), ('bin_equal_width_2', 'sqft_basement'))",2048
"(25241.568, 25342.57]",25241.75384635733,25342.28488462714,4,"(('bin_equal_frequency_2', 'bathrooms'), ('bin_equal_frequency_2', 'sqft_lot15'), ('bin_equal_frequency_5', 'yr_built'), ('bin_equal_frequency_10', 'sqft_living'))",2860
"(25342.57, 25443.572]",25342.890997569357,25443.383610614834,4,"(('bin_equal_frequency_2', 'bedrooms'), ('bin_equal_frequency_2', 'grade'), ('bin_equal_frequency_2', 'sqft_lot15'), ('bin_equal_frequency_10', 'sqft_living'))",1862
"(25443.572, 25544.575]",25443.727547058483,25544.516819634046,4,"(('bin_equal_frequency_2', 'bedrooms'), ('bin_equal_frequency_2', 'sqft_living15'), ('bin_equal_frequency_5', 'yr_built'), ('bin_equal_frequency_10', 'sqft_living'))",2037
"(25544.575, 25645.577]",25545.807192957374,25645.23809168482,4,"(('bin_equal_frequency_2', 'bedrooms'), ('bin_equal_frequency_2', 'sqft_lot15'), ('bin_equal_frequency_5', 'sqft_above'), ('bin_equal_frequency_5', 'yr_built'))",1599
"(25645.577, 25746.579]",25646.04802643826,25746.321939906593,4,"(('bin_equal_frequency_2', 'bathrooms'), ('bin_equal_frequency_2', 'sqft_lot15'), ('bin_equal_frequency_10', 'sqft_living'), ('bin_equal_width_5', 'sqft_basement'))",2306
"(25746.579, 25847.581]",25746.858163313413,25847.423225119044,3,"(('bin_equal_frequency_2', 'sqft_lot15'), ('bin_equal_frequency_2', 'yr_built'), ('bin_equal_frequency_5', 'sqft_living'))",3383
"(25847.581, 25948.583]",25847.703893012203,25948.56304182754,3,"(('bin_equal_frequency_2', 'sqft_lot15'), ('bin_equal_frequency_10', 'sqft_living'), ('bin_equal_width_5', 'sqft_basement'))",2694
"(25948.583, 26049.585]",25948.596218916264,26048.940397827002,3,"(('bin_equal_frequency_5', 'yr_built'), ('bin_equal_frequency_10', 'sqft_living'), ('bin_equal_width_5', 'sqft_basement'))",3728
"(26049.585, 26150.587]",26049.72073736546,26150.575720839195,3,"(('bin_equal_frequency_2', 'sqft_lot15'), ('bin_equal_frequency_10', 'sqft_living'), ('IQR', 'bedrooms'))",2243
"(26150.587, 26251.589]",26150.681220885406,26251.52821671574,3,"(('bin_equal_frequency_2', 'sqft_living15'), ('bin_equal_frequency_2', 'sqft_lot15'), ('bin_equal_frequency_10', 'sqft_living'))",1774
"(26251.589, 26352.591]",26251.767056414552,26351.93179223347,3,"(('bin_equal_frequency_10', 'sqft_living'), ('IQR', 'bedrooms'), ('bin_equal_frequency_2', 'sqft_lot15'))",1562
"(26352.591, 26453.594]",26352.636815041613,26453.54080369639,3,"(('bin_equal_frequency_2', 'sqft_lot15'), ('bin_equal_frequency_10', 'sqft_living'), ('zscore_clip_3', 'grade'))",1784
"(26453.594, 26554.596]",26453.60700556958,26554.57546147189,3,"(('bin_equal_frequency_2', 'sqft_lot15'), ('bin_equal_frequency_10', 'sqft_living'), ('IQR', 'sqft_lot'))",3506
"(26554.596, 26655.598]",26554.77761044113,26655.278247967308,3,"(('bin_equal_frequency_5', 'yr_built'), ('bin_equal_frequency_10', 'sqft_living'), ('bin_equal_width_5', 'sqft_living15'))",2393
"(26655.598, 26756.6]",26655.945136312628,26756.30392563505,3,"(('bin_equal_frequency_2', 'sqft_lot15'), ('bin_equal_frequency_10', 'sqft_living'), ('IQR', 'sqft_basement'))",1678
"(26756.6, 26857.602]",26756.612816508637,26857.322088014535,3,"(('bin_equal_frequency_2', 'yr_built'), ('bin_equal_frequency_10', 'sqft_living'), ('bin_equal_width_5', 'sqft_basement'))",2201
"(26857.602, 26958.604]",26857.83184883672,26958.569595386074,3,"(('bin_equal_frequency_5', 'yr_built'), ('bin_equal_frequency_10', 'sqft_living'), ('IQR', 'bedrooms'))",3721
"(26958.604, 27059.606]",26959.115330688936,27059.594544104573,3,"(('bin_equal_frequency_2', 'sqft_lot15'), ('bin_equal_frequency_5', 'sqft_living'), ('bin_equal_frequency_5', 'yr_built'))",4327
"(27059.606, 27160.608]",27059.69622769827,27160.24343771787,4,"(('bin_equal_frequency_2', 'bedrooms'), ('bin_equal_frequency_2', 'sqft_lot15'), ('bin_equal_frequency_5', 'sqft_above'), ('isolationForest', 'TABLE'))",2677
"(27160.608, 27261.61]",27160.750940717862,27261.218833384843,4,"(('bin_equal_frequency_2', 'bathrooms'), ('bin_equal_frequency_2', 'sqft_lot15'), ('bin_equal_frequency_10', 'sqft_living'), ('bin_equal_frequency_10', 'yr_built'))",2449
"(27261.61, 27362.612]",27261.832307207347,27362.592439934415,3,"(('bin_equal_frequency_2', 'sqft_lot15'), ('bin_equal_frequency_10', 'sqft_living'), ('zscore_clip_3', 'sqft_basement'))",2360
"(27362.612, 27463.615]",27363.64996093306,27463.382117585224,3,"(('bin_equal_frequency_2', 'sqft_lot15'), ('bin_equal_frequency_5', 'sqft_living15'), ('bin_equal_frequency_10', 'sqft_living'))",4054
"(27463.615, 27564.617]",27463.658055296146,27564.195746798156,3,"(('bin_equal_frequency_5', 'yr_built'), ('bin_equal_frequency_10', 'sqft_living'), ('bin_equal_width_2', 'sqft_basement'))",3522
"(27564.617, 27665.619]",27564.81730987839,27664.83454211398,3,"(('bin_equal_frequency_5', 'yr_built'), ('bin_equal_frequency_10', 'sqft_living'), ('zscore_clip_3', 'sqft_basement'))",3167
"(27665.619, 27766.621]",27665.62452588882,27766.611827349836,4,"(('bin_equal_frequency_2', 'bedrooms'), ('bin_equal_frequency_2', 'sqft_living15'), ('bin_equal_frequency_5', 'sqft_living'), ('bin_equal_frequency_5', 'yr_built'))",2466
"(27766.621, 27867.623]",27766.993001374674,27867.562121139094,3,"(('bin_equal_frequency_2', 'sqft_lot15'), ('bin_equal_frequency_10', 'sqft_living'), ('bin_equal_width_2', 'sqft_basement'))",2637
"(27867.623, 27968.625]",27868.290006154548,27968.52858897544,3,"(('bin_equal_frequency_2', 'sqft_lot15'), ('bin_equal_frequency_10', 'sqft_living'), ('norm_log', 'sqft_lot'))",2712
"(27968.625, 28069.627]",27968.788099684374,28069.489917144158,3,"(('bin_equal_frequency_2', 'sqft_lot15'), ('isolationForest', 'TABLE'), ('bin_equal_frequency_5', 'yr_built'))",2230
"(28069.627, 28170.629]",28069.669889689223,28170.589083018072,3,"(('bin_equal_frequency_2', 'sqft_lot15'), ('bin_equal_frequency_10', 'sqft_living'), ('bin_equal_width_10', 'sqft_living15'))",2384
"(28170.629, 28271.631]",28171.001664561623,28271.61739677118,3,"(('bin_equal_frequency_2', 'sqft_lot15'), ('bin_equal_frequency_5', 'sqft_living'), ('IQR', 'sqft_lot'))",2578
"(28271.631, 28372.634]",28271.743509493288,28372.065494012804,3,"(('bin_equal_frequency_2', 'grade'), ('bin_equal_frequency_2', 'sqft_lot15'), ('bin_equal_frequency_10', 'sqft_living'))",2342
"(28372.634, 28473.636]",28372.84953387046,28473.374243286304,3,"(('bin_equal_frequency_2', 'sqft_living15'), ('bin_equal_frequency_5', 'yr_built'), ('bin_equal_frequency_10', 'sqft_living'))",3799
"(28473.636, 28574.638]",28473.73748700165,28574.63499935705,3,"(('bin_equal_frequency_2', 'sqft_lot15'), ('bin_equal_frequency_10', 'sqft_living'), ('bin_equal_width_2', 'sqft_living15'))",2939
"(28574.638, 28675.64]",28574.92893178513,28675.62670092286,3,"(('bin_equal_frequency_2', 'yr_built'), ('bin_equal_frequency_10', 'sqft_living'), ('bin_equal_width_2', 'sqft_basement'))",3023
"(28675.64, 28776.642]",28675.663156734234,28776.484335911577,3,"(('bin_equal_frequency_2', 'sqft_lot15'), ('IQR', 'yr_built'), ('bin_equal_frequency_10', 'sqft_living'))",2778
"(28776.642, 28877.644]",28776.712720401123,28877.34984332353,3,"(('bin_equal_frequency_2', 'yr_built'), ('bin_equal_frequency_10', 'sqft_living'), ('zscore_clip_3', 'sqft_basement'))",2986
"(28877.644, 28978.646]",28877.750631207284,28978.291069110935,3,"(('bin_equal_frequency_2', 'bedrooms'), ('bin_equal_frequency_2', 'sqft_lot15'), ('bin_equal_frequency_10', 'sqft_living'))",3745
"(28978.646, 29079.648]",28978.76826742521,29079.567908616118,3,"(('bin_equal_frequency_2', 'sqft_lot15'), ('bin_equal_frequency_5', 'sqft_living'), ('bin_equal_width_2', 'sqft_basement'))",3114
"(29079.648, 29180.65]",29080.00251325459,29180.41640474096,3,"(('bin_equal_frequency_2', 'sqft_lot15'), ('bin_equal_frequency_2', 'yr_built'), ('norm_log', 'sqft_living'))",2007
"(29180.65, 29281.652]",29180.67009294128,29281.62618740091,3,"(('bin_equal_frequency_2', 'sqft_above'), ('bin_equal_frequency_2', 'sqft_lot15'), ('isolationForest', 'TABLE'))",2389
"(29281.652, 29382.655]",29281.67940342151,29382.638172356816,3,"(('bin_equal_frequency_2', 'sqft_lot15'), ('bin_equal_frequency_5', 'sqft_living'), ('bin_equal_frequency_10', 'yr_built'))",2900
"(29382.655, 29483.657]",29382.81537234981,29483.518262539634,3,"(('bin_equal_frequency_2', 'sqft_lot15'), ('bin_equal_frequency_10', 'sqft_living'), ('zscore_filter_3', 'sqft_lot'))",2825
"(29483.657, 29584.659]",29483.670747438624,29584.447710915007,3,"(('bin_equal_frequency_2', 'sqft_lot15'), ('bin_equal_frequency_5', 'sqft_living'), ('IQR', 'bedrooms'))",2505
"(29584.659, 29685.661]",29584.790054534922,29685.400537128746,3,"(('bin_equal_frequency_2', 'sqft_lot'), ('bin_equal_frequency_2', 'yr_built'), ('bin_equal_frequency_10', 'sqft_living'))",2319
"(29685.661, 29786.663]",29686.19136072665,29786.652489471486,3,"(('bin_equal_frequency_2', 'bedrooms'), ('bin_equal_frequency_5', 'yr_built'), ('bin_equal_frequency_10', 'sqft_living'))",2807
"(29786.663, 29887.665]",29786.882481381428,29887.62656981585,3,"(('bin_equal_frequency_2', 'sqft_living15'), ('bin_equal_frequency_2', 'yr_built'), ('bin_equal_frequency_10', 'sqft_living'))",2504
"(29887.665, 29988.667]",29887.84274581196,29988.619757718217,3,"(('bin_equal_frequency_2', 'sqft_lot15'), ('bin_equal_frequency_10', 'sqft_living'), ('zscore_clip_3', 'view'))",2755
"(29988.667, 30089.669]",29988.692761839713,30089.58494881848,3,"(('bin_equal_frequency_2', 'sqft_living15'), ('bin_equal_frequency_2', 'sqft_lot15'), ('bin_equal_frequency_5', 'sqft_living'))",2880
"(30089.669, 30190.671]",30089.771908232415,30190.57711668719,3,"(('bin_equal_frequency_2', 'sqft_lot15'), ('bin_equal_frequency_10', 'sqft_living'), ('norm_log', 'bathrooms'))",3270
"(30190.671, 30291.674]",30191.102901431936,30291.627933232056,3,"(('bin_equal_frequency_2', 'sqft_lot15'), ('bin_equal_frequency_5', 'yr_built'), ('norm_log', 'sqft_living'))",3674
"(30291.674, 30392.676]",30291.75045015262,30392.635824392346,3,"(('bin_equal_frequency_2', 'sqft_lot'), ('bin_equal_frequency_5', 'yr_built'), ('bin_equal_frequency_10', 'sqft_living'))",3189
"(30392.676, 30493.678]",30392.699155643655,30493.671692383654,3,"(('bin_equal_frequency_2', 'sqft_lot15'), ('bin_equal_frequency_5', 'sqft_living'), ('zscore_clip_3', 'sqft_basement'))",3469
"(30493.678, 30594.68]",30493.824176787217,30594.666614843354,3,"(('bin_equal_frequency_2', 'sqft_lot15'), ('bin_equal_frequency_10', 'sqft_living'), ('norm_log', 'sqft_living'))",3692
"(30594.68, 30695.682]",30594.74859168259,30695.550788475535,3,"(('bin_equal_frequency_2', 'bedrooms'), ('bin_equal_frequency_2', 'yr_built'), ('bin_equal_frequency_10', 'sqft_living'))",3107
"(30695.682, 30796.684]",30695.80679645565,30796.652642435776,3,"(('bin_equal_frequency_2', 'sqft_lot15'), ('bin_equal_frequency_10', 'sqft_living'), ('bin_equal_frequency_10', 'sqft_lot'))",3767
"(30796.684, 30897.686]",30796.699936072702,30897.654210336368,3,"(('bin_equal_frequency_2', 'sqft_lot15'), ('bin_equal_frequency_10', 'sqft_living'), ('norm_log', 'view'))",3814
"(30897.686, 30998.688]",30897.703845075725,30998.49452346432,2,"(('bin_equal_frequency_2', 'sqft_lot15'), ('bin_equal_frequency_10', 'sqft_living'))",3185
"(30998.688, 31099.69]",30998.77004377157,31099.488577638254,3,"(('bin_equal_frequency_2', 'condition'), ('bin_equal_frequency_2', 'sqft_lot15'), ('bin_equal_frequency_10', 'sqft_living'))",3741
"(31099.69, 31200.693]",31099.80674600741,31200.565656234274,3,"(('bin_equal_frequency_2', 'bedrooms'), ('isolationForest', 'TABLE'), ('bin_equal_width_5', 'grade'))",3481
"(31200.693, 31301.695]",31200.71929559194,31301.60537771389,3,"(('bin_equal_frequency_2', 'sqft_lot15'), ('bin_equal_frequency_2', 'yr_built'), ('isolationForest', 'TABLE'))",3895
"(31301.695, 31402.697]",31301.730980179702,31402.42752230675,3,"(('bin_equal_frequency_2', 'bathrooms'), ('bin_equal_frequency_2', 'sqft_lot15'), ('bin_equal_frequency_10', 'sqft_living'))",3741
"(31402.697, 31503.699]",31402.738719732588,31503.446976163134,3,"(('bin_equal_frequency_2', 'bedrooms'), ('bin_equal_frequency_2', 'sqft_lot15'), ('bin_equal_frequency_5', 'sqft_living'))",2959
"(31503.699, 31604.701]",31503.88333096381,31604.60469972619,3,"(('bin_equal_frequency_2', 'bedrooms'), ('bin_equal_frequency_5', 'sqft_living'), ('bin_equal_frequency_5', 'yr_built'))",4281
"(31604.701, 31705.703]",31604.742829979,31705.60063869019,3,"(('bin_equal_frequency_2', 'sqft_lot15'), ('bin_equal_frequency_5', 'sqft_above'), ('IQR', 'sqft_basement'))",4618
"(31705.703, 31806.705]",31705.840934124983,31806.594144892493,3,"(('bin_equal_frequency_2', 'sqft_lot15'), ('bin_equal_frequency_5', 'yr_built'), ('isolationForest', 'TABLE'))",5997
"(31806.705, 31907.707]",31806.93631239643,31907.420041673002,3,"(('bin_equal_frequency_2', 'grade'), ('bin_equal_frequency_2', 'sqft_lot15'), ('bin_equal_frequency_5', 'sqft_living'))",4642
"(31907.707, 32008.709]",31907.723043309546,32008.60179023102,3,"(('bin_equal_frequency_2', 'sqft_lot15'), ('bin_equal_frequency_5', 'sqft_living'), ('zscore_clip_3', 'yr_built'))",4942
"(32008.709, 32109.711]",32008.723636572315,32109.577339627514,3,"(('bin_equal_frequency_5', 'sqft_above'), ('IQR', 'sqft_lot15'), ('isolationForest', 'TABLE'))",7333
"(32109.711, 32210.714]",32109.79431145006,32210.69202626435,3,"(('bin_equal_frequency_2', 'sqft_lot15'), ('bin_equal_frequency_5', 'sqft_living'), ('IQR', 'yr_built'))",5491
"(32210.714, 32311.716]",32210.725712723084,32311.6879389878,3,"(('bin_equal_frequency_2', 'sqft_living15'), ('bin_equal_frequency_5', 'sqft_lot15'), ('bin_equal_frequency_10', 'sqft_living'))",7501
"(32311.716, 32412.718]",32311.805998869768,32412.65576294247,3,"(('bin_equal_frequency_2', 'condition'), ('bin_equal_frequency_5', 'yr_built'), ('bin_equal_frequency_10', 'sqft_living'))",6791
"(32412.718, 32513.72]",32412.748051001457,32513.55350892623,2,"(('bin_equal_frequency_5', 'yr_built'), ('bin_equal_frequency_10', 'sqft_living'))",8078
"(32513.72, 32614.722]",32513.743568987753,32614.721640671858,3,"(('bin_equal_frequency_2', 'sqft_living15'), ('bin_equal_frequency_10', 'sqft_living'), ('bin_equal_width_5', 'sqft_basement'))",5644
"(32614.722, 32715.724]",32614.75371555051,32715.623259016626,3,"(('bin_equal_frequency_2', 'bedrooms'), ('bin_equal_frequency_2', 'yr_built'), ('bin_equal_frequency_5', 'sqft_living'))",5237
"(32715.724, 32816.726]",32715.759232984936,32816.72025086268,3,"(('bin_equal_frequency_2', 'sqft_living15'), ('bin_equal_frequency_2', 'sqft_lot15'), ('norm_log', 'sqft_living'))",5118
"(32816.726, 32917.728]",32816.77449258341,32917.66468072951,3,"(('bin_equal_frequency_2', 'grade'), ('bin_equal_frequency_2', 'sqft_lot15'), ('isolationForest', 'TABLE'))",4308
"(32917.728, 33018.73]",32917.93927549845,33018.69781802827,3,"(('bin_equal_frequency_2', 'sqft_lot15'), ('bin_equal_width_5', 'sqft_basement'), ('norm_log', 'sqft_living'))",4907
"(33018.73, 33119.733]",33018.84984945904,33119.716217848276,3,"(('bin_equal_frequency_2', 'grade'), ('bin_equal_frequency_5', 'yr_built'), ('bin_equal_frequency_10', 'sqft_living'))",4910
"(33119.733, 33220.735]",33119.8240458713,33220.7018286177,3,"(('bin_equal_frequency_2', 'sqft_living15'), ('bin_equal_frequency_10', 'sqft_living'), ('zscore_clip_3', 'grade'))",4815
"(33220.735, 33321.737]",33220.74593736907,33321.66235571628,3,"(('bin_equal_frequency_2', 'condition'), ('bin_equal_frequency_2', 'yr_built'), ('bin_equal_frequency_10', 'sqft_living'))",5833
"(33321.737, 33422.739]",33321.751620319264,33422.73018974029,3,"(('bin_equal_frequency_2', 'sqft_lot'), ('bin_equal_frequency_2', 'sqft_lot15'), ('bin_equal_frequency_10', 'sqft_living'))",5520
"(33422.739, 33523.741]",33422.754908482486,33523.71847946983,2,"(('bin_equal_frequency_2', 'yr_built'), ('bin_equal_frequency_10', 'sqft_living'))",5449
"(33523.741, 33624.743]",33524.01831435084,33624.64402035895,3,"(('bin_equal_frequency_2', 'sqft_living15'), ('bin_equal_frequency_10', 'sqft_living'), ('zscore_clip_3', 'sqft_basement'))",3982
"(33624.743, 33725.745]",33624.89836010389,33725.713032330976,3,"(('bin_equal_frequency_2', 'sqft_lot'), ('bin_equal_frequency_5', 'sqft_living'), ('bin_equal_frequency_5', 'yr_built'))",3942
"(33725.745, 33826.747]",33725.77801861342,33826.68405894484,3,"(('bin_equal_frequency_2', 'sqft_living15'), ('bin_equal_frequency_10', 'sqft_living'), ('IQR', 'sqft_basement'))",6000
"(33826.747, 33927.749]",33826.8042996191,33927.65049900582,3,"(('bin_equal_frequency_2', 'bedrooms'), ('bin_equal_frequency_2', 'sqft_lot15'), ('bin_equal_frequency_5', 'sqft_above'))",5752
"(33927.749, 34028.751]",33927.88335575536,34028.73114829565,3,"(('bin_equal_frequency_2', 'bedrooms'), ('bin_equal_frequency_5', 'sqft_above'), ('bin_equal_frequency_5', 'yr_built'))",3952
"(34028.751, 34129.754]",34028.75622552958,34129.73657739997,3,"(('bin_equal_frequency_2', 'bedrooms'), ('isolationForest', 'TABLE'), ('bin_equal_frequency_2', 'sqft_lot15'))",5161
"(34129.754, 34230.756]",34129.77836240067,34230.736488755334,3,"(('bin_equal_frequency_2', 'bathrooms'), ('bin_equal_frequency_5', 'yr_built'), ('bin_equal_frequency_10', 'sqft_living'))",5170
"(34230.756, 34331.758]",34230.79474652858,34331.75022076082,3,"(('bin_equal_frequency_2', 'sqft_living15'), ('bin_equal_frequency_2', 'sqft_lot'), ('bin_equal_frequency_10', 'sqft_living'))",5321
"(34331.758, 34432.76]",34331.93146856551,34432.75647304752,3,"(('bin_equal_frequency_2', 'bedrooms'), ('bin_equal_frequency_2', 'sqft_lot15'), ('bin_equal_frequency_2', 'yr_built'))",4320
"(34432.76, 34533.762]",34432.854705069505,34533.50180114624,3,"(('bin_equal_frequency_2', 'sqft_lot15'), ('bin_equal_frequency_5', 'sqft_above'), ('IQR', 'sqft_lot'))",4600
"(34533.762, 34634.764]",34533.798177168916,34634.75135556204,2,"(('bin_equal_frequency_2', 'sqft_lot15'), ('bin_equal_frequency_5', 'sqft_living'))",4969
"(34634.764, 34735.766]",34634.846835229524,34735.70484437773,3,"(('bin_equal_frequency_2', 'sqft_living15'), ('bin_equal_frequency_5', 'sqft_living'), ('bin_equal_width_5', 'sqft_basement'))",5234
"(34735.766, 34836.768]",34735.7688206776,34836.761302566694,3,"(('bin_equal_frequency_2', 'bedrooms'), ('bin_equal_frequency_2', 'sqft_lot15'), ('bin_equal_frequency_5', 'yr_built'))",4489
"(34836.768, 34937.77]",34836.82572011043,34937.7584760483,3,"(('bin_equal_frequency_2', 'bathrooms'), ('bin_equal_frequency_2', 'sqft_lot15'), ('bin_equal_frequency_5', 'sqft_living'))",4425
"(34937.77, 35038.773]",34937.83604000279,35038.76303010479,3,"(('bin_equal_frequency_2', 'bedrooms'), ('isolationForest', 'TABLE'), ('bin_equal_frequency_5', 'yr_built'))",4684
"(35038.773, 35139.775]",35038.785079785266,35139.76958653391,2,"(('bin_equal_frequency_10', 'sqft_living'), ('bin_equal_frequency_10', 'yr_built'))",5944
"(35139.775, 35240.777]",35139.77909461151,35240.77354726877,3,"(('bin_equal_frequency_2', 'sqft_living'), ('bin_equal_frequency_5', 'yr_built'), ('bin_equal_width_2', 'sqft_basement'))",5635
"(35240.777, 35341.779]",35240.80272657867,35341.70040182363,3,"(('bin_equal_frequency_2', 'bedrooms'), ('bin_equal_frequency_2', 'sqft_lot15'), ('IQR', 'sqft_lot'))",5245
"(35341.779, 35442.781]",35341.83415752437,35442.78067436919,3,"(('bin_equal_frequency_2', 'bedrooms'), ('IQR', 'sqft_lot15'), ('isolationForest', 'TABLE'))",5386
"(35442.781, 35543.783]",35442.78773834358,35543.7727171673,2,"(('bin_equal_frequency_5', 'sqft_living'), ('bin_equal_frequency_5', 'yr_built'))",5717
"(35543.783, 35644.785]",35543.84253440941,35644.674104777936,3,"(('bin_equal_frequency_2', 'bedrooms'), ('bin_equal_frequency_10', 'sqft_living'), ('bin_equal_width_5', 'sqft_basement'))",5601
"(35644.785, 35745.787]",35644.82046052496,35745.73123740544,3,"(('bin_equal_frequency_2', 'bedrooms'), ('bin_equal_frequency_2', 'sqft_living15'), ('bin_equal_frequency_10', 'sqft_living'))",6307
"(35745.787, 35846.789]",35745.866771815476,35846.69239530522,3,"(('bin_equal_frequency_2', 'bedrooms'), ('bin_equal_frequency_2', 'sqft_lot15'), ('norm_log', 'sqft_living'))",6896
"(35846.789, 35947.791]",35846.79379863835,35947.52966232365,3,"(('bin_equal_frequency_2', 'bedrooms'), ('bin_equal_frequency_10', 'sqft_living'), ('zscore_clip_3', 'grade'))",7589
"(35947.791, 36048.794]",35947.80100809167,36048.76117692514,3,"(('bin_equal_frequency_2', 'sqft_lot'), ('bin_equal_frequency_2', 'yr_built'), ('norm_log', 'sqft_living'))",5784
"(36048.794, 36149.796]",36048.892794885054,36149.79561277127,3,"(('bin_equal_frequency_2', 'bathrooms'), ('bin_equal_frequency_10', 'sqft_living'), ('bin_equal_width_5', 'sqft_basement'))",7807
"(36149.796, 36250.798]",36149.808304964674,36250.796345356684,3,"(('bin_equal_frequency_2', 'bathrooms'), ('bin_equal_frequency_2', 'sqft_lot15'), ('isolationForest', 'TABLE'))",6745
"(36250.798, 36351.8]",36250.80280097268,36351.79145671439,2,"(('bin_equal_frequency_2', 'sqft_lot15'), ('isolationForest', 'TABLE'))",7207
"(36351.8, 36452.802]",36351.895843900515,36452.79652988879,3,"(('bin_equal_frequency_2', 'bathrooms'), ('bin_equal_frequency_10', 'sqft_living'), ('bin_equal_frequency_10', 'yr_built'))",6831
"(36452.802, 36553.804]",36452.816903757186,36553.7127626732,2,"(('bin_equal_frequency_10', 'sqft_living'), ('bin_equal_width_5', 'sqft_living15'))",9259
"(36553.804, 36654.806]",36553.8409403182,36654.79642644331,3,"(('bin_equal_frequency_2', 'bedrooms'), ('bin_equal_frequency_5', 'sqft_living15'), ('bin_equal_frequency_10', 'sqft_living'))",8131
"(36654.806, 36755.808]",36654.814595929456,36755.80458112308,2,"(('bin_equal_frequency_2', 'yr_built'), ('bin_equal_frequency_5', 'sqft_living'))",8410
"(36755.808, 36856.81]",36755.81233250426,36856.79716588292,3,"(('bin_equal_frequency_2', 'condition'), ('bin_equal_frequency_10', 'sqft_living'), ('bin_equal_width_5', 'sqft_basement'))",7878
"(36856.81, 36957.813]",36856.82041812165,36957.74860871293,3,"(('bin_equal_frequency_2', 'bedrooms'), ('bin_equal_frequency_5', 'sqft_above'), ('bin_equal_frequency_10', 'yr_built'))",9025
"(36957.813, 37058.815]",36957.81810924695,37058.81005795316,2,"(('bin_equal_frequency_10', 'sqft_living'), ('bin_equal_width_5', 'sqft_basement'))",10809
"(37058.815, 37159.817]",37058.81693046914,37159.81418774666,2,"(('bin_equal_frequency_5', 'sqft_lot15'), ('bin_equal_frequency_10', 'sqft_living'))",9737
"(37159.817, 37260.819]",37159.84713675488,37260.81279056808,2,"(('bin_equal_frequency_2', 'sqft_lot15'), ('norm_log', 'sqft_living'))",9255
"(37260.819, 37361.821]",37260.841741423006,37361.78554739292,2,"(('IQR', 'bedrooms'), ('bin_equal_frequency_10', 'sqft_living'))",11132
"(37361.821, 37462.823]",37361.86596565059,37462.81468746924,3,"(('bin_equal_frequency_2', 'sqft_living15'), ('bin_equal_frequency_10', 'sqft_living'), ('winsorize', 'bedrooms'))",8439
"(37462.823, 37563.825]",37462.88423537171,37563.81842834657,3,"(('bin_equal_frequency_2', 'bathrooms'), ('bin_equal_frequency_2', 'sqft_lot15'), ('norm_log', 'sqft_living'))",9385
"(37563.825, 37664.827]",37563.84006779524,37664.80301851679,3,"(('bin_equal_frequency_2', 'grade'), ('bin_equal_frequency_5', 'sqft_living15'), ('bin_equal_frequency_10', 'sqft_living'))",8809
"(37664.827, 37765.829]",37664.829732694954,37765.797454556436,2,"(('bin_equal_frequency_10', 'sqft_living'), ('IQR', 'bedrooms'))",11933
"(37765.829, 37866.832]",37765.87254770966,37866.83050318569,3,"(('bin_equal_frequency_2', 'bedrooms'), ('bin_equal_frequency_2', 'yr_built'), ('norm_log', 'sqft_living'))",9041
"(37866.832, 37967.834]",37866.86126106992,37967.740446329284,3,"(('bin_equal_frequency_2', 'bathrooms'), ('bin_equal_frequency_2', 'yr_built'), ('bin_equal_frequency_5', 'sqft_living'))",8198
"(37967.834, 38068.836]",37967.89039112947,38068.75305301305,3,"(('bin_equal_frequency_2', 'condition'), ('bin_equal_frequency_5', 'sqft_living'), ('bin_equal_frequency_10', 'yr_built'))",8492
"(38068.836, 38169.838]",38068.839603729546,38169.77783331083,2,"(('bin_equal_frequency_2', 'sqft_living15'), ('bin_equal_frequency_10', 'sqft_living'))",8443
"(38169.838, 38270.84]",38169.89511312091,38270.78991414916,2,"(('bin_equal_frequency_5', 'sqft_living'), ('bin_equal_frequency_10', 'yr_built'))",9243
"(38270.84, 38371.842]",38270.85895653838,38371.83258561095,2,"(('bin_equal_frequency_10', 'sqft_living'), ('IQR', 'sqft_basement'))",8630
"(38371.842, 38472.844]",38371.86556923398,38472.840883856974,3,"(('bin_equal_frequency_2', 'bedrooms'), ('bin_equal_frequency_2', 'sqft_lot15'), ('zscore_clip_3', 'grade'))",8590
"(38472.844, 38573.846]",38472.84631614766,38573.80943645593,3,"(('bin_equal_frequency_2', 'bathrooms'), ('bin_equal_frequency_10', 'sqft_living'), ('bin_equal_width_2', 'sqft_basement'))",8021
"(38573.846, 38674.848]",38573.867837691396,38674.83737228867,3,"(('bin_equal_frequency_2', 'bedrooms'), ('bin_equal_frequency_2', 'sqft_lot15'), ('isolationForest', 'TABLE'))",8800
"(38674.848, 38775.85]",38674.89790913711,38775.79425378732,3,"(('bin_equal_frequency_2', 'bathrooms'), ('bin_equal_frequency_5', 'sqft_living'), ('bin_equal_width_2', 'sqft_basement'))",9183
"(38775.85, 38876.853]",38775.8816973254,38876.85025865797,2,"(('bin_equal_frequency_5', 'sqft_living15'), ('bin_equal_frequency_10', 'sqft_living'))",11232
"(38876.853, 38977.855]",38876.85334300488,38977.85147438052,2,"(('bin_equal_frequency_2', 'sqft_lot'), ('bin_equal_frequency_10', 'sqft_living'))",10507
"(38977.855, 39078.857]",38977.857967031516,39078.84429585304,2,"(('bin_equal_frequency_10', 'sqft_living'), ('IQR', 'yr_built'))",10514
"(39078.857, 39179.859]",39078.86220104844,39179.85764382784,2,"(('bin_equal_frequency_5', 'sqft_living'), ('bin_equal_width_5', 'sqft_basement'))",11969
"(39179.859, 39280.861]",39179.85993809136,39280.79067621052,2,"(('bin_equal_frequency_10', 'sqft_living'), ('IQR', 'sqft_lot'))",13718
"(39280.861, 39381.863]",39280.89005728815,39381.86282487005,2,"(('bin_equal_frequency_2', 'sqft_lot15'), ('bin_equal_frequency_5', 'sqft_above'))",11902
"(39381.863, 39482.865]",39381.86411361531,39482.85084037376,3,"(('bin_equal_frequency_2', 'bathrooms'), ('bin_equal_frequency_2', 'sqft_lot15'), ('bin_equal_frequency_5', 'sqft_above'))",11211
"(39482.865, 39583.867]",39482.87963243521,39583.85903540041,3,"(('bin_equal_frequency_2', 'bathrooms'), ('bin_equal_frequency_10', 'sqft_living'), ('IQR', 'yr_built'))",11001
"(39583.867, 39684.869]",39583.879084832464,39684.859617503986,2,"(('bin_equal_frequency_10', 'sqft_living'), ('IQR', 'sqft_lot15'))",10407
"(39684.869, 39785.872]",39684.884415548666,39785.869305729306,2,"(('bin_equal_frequency_10', 'sqft_living'), ('bin_equal_width_10', 'sqft_living15'))",11636
"(39785.872, 39886.874]",39785.87491054033,39886.84301603876,2,"(('bin_equal_frequency_5', 'sqft_living'), ('bin_equal_width_5', 'sqft_living15'))",12249
"(39886.874, 39987.876]",39886.87595568427,39987.85943018344,2,"(('bin_equal_frequency_10', 'sqft_living'), ('zscore_filter_3', 'yr_built'))",11426
"(39987.876, 40088.878]",39987.8833693818,40088.85566093633,2,"(('zscore_filter_3', 'yr_built'), ('bin_equal_frequency_10', 'sqft_living'))",11685
"(40088.878, 40189.88]",40088.90828005126,40189.855431756296,2,"(('bin_equal_frequency_2', 'bedrooms'), ('bin_equal_frequency_10', 'sqft_living'))",11943
"(40189.88, 40290.882]",40189.916087844475,40290.88010975986,2,"(('bin_equal_frequency_5', 'sqft_living'), ('bin_equal_width_2', 'sqft_basement'))",11775
"(40290.882, 40391.884]",40290.88360210484,40391.88312966359,2,"(('bin_equal_frequency_5', 'sqft_above'), ('bin_equal_frequency_5', 'yr_built'))",12603
"(40391.884, 40492.886]",40391.886276027864,40492.88050040147,2,"(('bin_equal_frequency_2', 'yr_built'), ('norm_log', 'sqft_living'))",12754
"(40492.886, 40593.888]",40492.920463874274,40593.84227302648,2,"(('bin_equal_frequency_5', 'sqft_living'), ('bin_equal_frequency_10', 'sqft_lot15'))",12262
"(40593.888, 40694.89]",40593.89394196565,40694.85905614763,2,"(('bin_equal_frequency_5', 'sqft_living'), ('IQR', 'bedrooms'))",12713
"(40694.89, 40795.893]",40694.890854214704,40795.887923661285,2,"(('bin_equal_frequency_5', 'sqft_living'), ('IQR', 'sqft_lot'))",13945
"(40795.893, 40896.895]",40795.90778381617,40896.88894532336,2,"(('bin_equal_frequency_10', 'sqft_living'), ('zscore_clip_3', 'sqft_living15'))",14569
"(40896.895, 40997.897]",40896.90433388168,40997.89430452543,2,"(('bin_equal_frequency_5', 'sqft_living'), ('zscore_clip_3', 'sqft_basement'))",12531
"(40997.897, 41098.899]",40997.91198886205,41098.896724733575,2,"(('bin_equal_frequency_10', 'sqft_living'), ('bin_equal_frequency_10', 'sqft_living15'))",13850
"(41098.899, 41199.901]",41098.91299765676,41199.89295818737,2,"(('bin_equal_frequency_5', 'sqft_lot'), ('bin_equal_frequency_10', 'sqft_living'))",15563
"(41199.901, 41300.903]",41199.90494556708,41300.902085128415,3,"(('bin_equal_frequency_2', 'bathrooms'), ('bin_equal_frequency_10', 'sqft_living'), ('bin_equal_frequency_10', 'sqft_living15'))",13061
"(41300.903, 41401.905]",41300.91139479835,41401.88773151588,2,"(('bin_equal_frequency_2', 'sqft_lot15'), ('IQR', 'sqft_living'))",14746
"(41401.905, 41502.907]",41401.90606953483,41502.881989687696,2,"(('bin_equal_frequency_10', 'sqft_living'), ('winsorize', 'sqft_basement'))",13841
"(41502.907, 41603.909]",41502.90838775878,41603.89824432876,2,"(('bin_equal_frequency_5', 'sqft_living'), ('IQR', 'sqft_basement'))",13995
"(41603.909, 41704.912]",41603.92820024384,41704.90655803233,2,"(('bin_equal_frequency_2', 'sqft_living15'), ('bin_equal_frequency_5', 'sqft_living'))",16008
"(41704.912, 41805.914]",41704.94328414454,41805.911194793094,2,"(('bin_equal_frequency_10', 'sqft_living'), ('bin_equal_width_5', 'yr_built'))",15269
"(41805.914, 41906.916]",41805.92401967244,41906.88669758342,2,"(('bin_equal_frequency_2', 'sqft_lot15'), ('bin_equal_frequency_10', 'sqft_above'))",15450
"(41906.916, 42007.918]",41906.92185703887,42007.91784617653,2,"(('bin_equal_frequency_2', 'bedrooms'), ('bin_equal_frequency_5', 'yr_built'))",15951
"(42007.918, 42108.92]",42007.918367216094,42108.91991308088,2,"(('bin_equal_frequency_2', 'grade'), ('bin_equal_frequency_10', 'sqft_living'))",17698
"(42108.92, 42209.922]",42108.9201410492,42209.91395127922,2,"(('bin_equal_frequency_2', 'bedrooms'), ('bin_equal_frequency_5', 'sqft_living'))",16171
"(42209.922, 42310.924]",42209.92864409627,42310.92395182574,1,"(('bin_equal_frequency_10', 'sqft_living'),)",20634
"(42310.924, 42411.926]",42310.99166165888,42411.924589156195,2,"(('bin_equal_frequency_2', 'bathrooms'), ('bin_equal_frequency_10', 'sqft_living'))",17574
"(42411.926, 42512.928]",42411.9296508199,42512.922330121095,2,"(('bin_equal_frequency_2', 'sqft_lot15'), ('IQR', 'sqft_lot'))",15932
"(42512.928, 42613.93]",42512.94775102636,42613.927843025864,2,"(('bin_equal_frequency_2', 'sqft_lot'), ('bin_equal_frequency_5', 'sqft_living'))",15524
"(42613.93, 42714.933]",42613.93678013411,42714.9238458564,2,"(('bin_equal_frequency_5', 'sqft_lot15'), ('norm_log', 'sqft_living'))",17877
"(42714.933, 42815.935]",42714.95103512901,42815.9269598183,2,"(('bin_equal_frequency_10', 'sqft_living'), ('norm_log', 'sqft_lot'))",16412
"(42815.935, 42916.937]",42815.93909484279,42916.92435704089,2,"(('bin_equal_frequency_10', 'sqft_lot15'), ('norm_log', 'sqft_living'))",15060
"(42916.937, 43017.939]",42916.94568562956,43017.932381909464,2,"(('bin_equal_frequency_5', 'sqft_living'), ('bin_equal_width_10', 'sqft_living15'))",15180
"(43017.939, 43118.941]",43017.95516169687,43118.93849207932,3,"(('bin_equal_frequency_2', 'bathrooms'), ('bin_equal_frequency_2', 'sqft_living15'), ('isolationForest', 'TABLE'))",16461
"(43118.941, 43219.943]",43118.95090904124,43219.92954538087,2,"(('bin_equal_frequency_2', 'sqft_lot15'), ('bin_equal_frequency_2', 'yr_built'))",16551
"(43219.943, 43320.945]",43219.94351467409,43320.93733675877,2,"(('bin_equal_frequency_5', 'sqft_above'), ('bin_equal_frequency_10', 'yr_built'))",17432
"(43320.945, 43421.947]",43320.953980322,43421.94180511268,2,"(('bin_equal_frequency_10', 'sqft_living'), ('zscore_filter_3', 'sqft_basement'))",16403
"(43421.947, 43522.949]",43421.9532034189,43522.942604326294,2,"(('bin_equal_frequency_10', 'sqft_living'), ('norm_log', 'sqft_basement'))",17679
"(43522.949, 43623.952]",43522.95305892922,43623.9496986514,2,"(('bin_equal_frequency_5', 'sqft_above'), ('IQR', 'sqft_basement'))",18499
"(43623.952, 43724.954]",43623.962144184865,43724.94699849055,2,"(('bin_equal_frequency_5', 'sqft_living'), ('zscore_clip_3', 'bedrooms'))",18654
"(43724.954, 43825.956]",43724.95513596622,43825.948085733675,2,"(('bin_equal_frequency_2', 'bedrooms'), ('bin_equal_frequency_2', 'sqft_lot15'))",19489
"(43825.956, 43926.958]",43825.96111340474,43926.95640202772,2,"(('bin_equal_frequency_2', 'sqft_lot15'), ('IQR', 'sqft_basement'))",21257
"(43926.958, 44027.96]",43926.97186357357,44027.95570515193,2,"(('bin_equal_frequency_10', 'sqft_lot15'), ('isolationForest', 'TABLE'))",20488
"(44027.96, 44128.962]",44027.96062785202,44128.955528610015,2,"(('bin_equal_frequency_5', 'sqft_living'), ('norm_log', 'sqft_living15'))",22742
"(44128.962, 44229.964]",44128.96666215993,44229.95319655185,2,"(('bin_equal_frequency_5', 'sqft_living'), ('zscore_clip_3', 'sqft_living15'))",21888
"(44229.964, 44330.966]",44229.97146559255,44330.93728091625,2,"(('bin_equal_frequency_5', 'sqft_living'), ('zscore_filter_3', 'bedrooms'))",21836
"(44330.966, 44431.968]",44330.99928784777,44431.94686424528,2,"(('bin_equal_frequency_2', 'bedrooms'), ('bin_equal_frequency_2', 'yr_built'))",23901
"(44431.968, 44532.97]",44431.97528123385,44532.95410309277,3,"(('bin_equal_frequency_2', 'bathrooms'), ('bin_equal_frequency_2', 'bedrooms'), ('bin_equal_frequency_2', 'sqft_lot15'))",23315
"(44532.97, 44633.973]",44532.977792119826,44633.96710682063,2,"(('bin_equal_frequency_2', 'bedrooms'), ('bin_equal_frequency_5', 'sqft_above'))",27975
"(44633.973, 44734.975]",44633.97301238231,44734.96920864506,2,"(('bin_equal_frequency_5', 'sqft_living'), ('norm_log', 'grade'))",23652
"(44734.975, 44835.977]",44734.978961807654,44835.9682987686,2,"(('bin_equal_frequency_5', 'sqft_living'), ('bin_equal_frequency_10', 'sqft_lot'))",25576
"(44835.977, 44936.979]",44835.97699497088,44936.965386799464,2,"(('bin_equal_frequency_2', 'bedrooms'), ('isolationForest', 'TABLE'))",27500
"(44936.979, 45037.981]",44936.97917368183,45037.98101470939,2,"(('bin_equal_frequency_2', 'bedrooms'), ('bin_equal_frequency_10', 'yr_built'))",30947
"(45037.981, 45138.983]",45037.991684077635,45138.98266733265,2,"(('bin_equal_frequency_2', 'condition'), ('bin_equal_frequency_5', 'sqft_living'))",27874
"(45138.983, 45239.985]",45138.98436660438,45239.98373048285,2,"(('bin_equal_frequency_2', 'sqft_lot15'), ('zscore_filter_3', 'view'))",27180
"(45239.985, 45340.987]",45239.987247567246,45340.98671735886,2,"(('bin_equal_frequency_2', 'bathrooms'), ('bin_equal_frequency_5', 'sqft_living'))",27773
"(45340.987, 45441.989]",45340.99617993372,45441.987325631955,1,"(('bin_equal_frequency_5', 'sqft_living'),)",29239
"(45441.989, 45542.992]",45441.99229670815,45542.99085792339,2,"(('bin_equal_frequency_2', 'yr_built'), ('bin_equal_frequency_10', 'sqft_above'))",29644
"(45542.992, 45643.994]",45542.99754305658,45643.99317716411,2,"(('bin_equal_frequency_2', 'sqft_lot15'), ('zscore_filter_3', 'sqft_living'))",30412
"(45643.994, 45744.996]",45643.993728276895,45744.993798880365,2,"(('bin_equal_frequency_2', 'sqft_lot15'), ('IQR', 'bedrooms'))",27459
"(45744.996, 45845.998]",45744.99644312863,45845.99706378739,2,"(('bin_equal_frequency_5', 'sqft_living'), ('bin_equal_width_2', 'sqft_lot'))",26546
"(45845.998, 45947.0]",45845.99931869547,45946.99027172501,2,"(('bin_equal_frequency_2', 'sqft_lot15'), ('bin_equal_frequency_10', 'yr_built'))",26648
"(45947.0, 46048.002]",45947.002589188814,46047.9978392684,2,"(('bin_equal_frequency_5', 'sqft_living'), ('bin_equal_width_2', 'bedrooms'))",27209
"(46048.002, 46149.004]",46048.00764683506,46148.99761549112,2,"(('bin_equal_frequency_5', 'sqft_living'), ('zscore_clip_3', 'sqft_lot'))",28246
"(46149.004, 46250.006]",46149.00501957068,46250.00539189143,2,"(('bin_equal_frequency_5', 'yr_built'), ('IQR', 'sqft_lot15'))",25471
"(46250.006, 46351.008]",46250.03000730037,46351.008000585345,2,"(('bin_equal_frequency_5', 'sqft_living'), ('zscore_filter_3', 'sqft_basement'))",26215
"(46351.008, 46452.011]",46351.017539681736,46452.00490887635,2,"(('bin_equal_frequency_2', 'sqft_living'), ('bin_equal_frequency_2', 'sqft_lot15'))",27745
"(46452.011, 46553.013]",46452.01103737436,46553.01221700364,2,"(('bin_equal_frequency_5', 'sqft_living'), ('bin_equal_width_10', 'yr_built'))",28229
"(46553.013, 46654.015]",46553.01311552001,46653.99644842042,2,"(('bin_equal_frequency_2', 'sqft_living'), ('bin_equal_frequency_5', 'yr_built'))",29803
"(46654.015, 46755.017]",46654.01953877024,46755.01649489394,2,"(('bin_equal_frequency_2', 'bedrooms'), ('IQR', 'sqft_lot15'))",27789
"(46755.017, 46856.019]",46755.01686982146,46856.01419983231,2,"(('bin_equal_frequency_2', 'sqft_above'), ('bin_equal_frequency_5', 'yr_built'))",29694
"(46856.019, 46957.021]",46856.0311634117,46957.01910325702,2,"(('bin_equal_width_2', 'sqft_living15'), ('norm_log', 'sqft_living'))",30563
"(46957.021, 47058.023]",46957.021849232,47058.014589981096,2,"(('bin_equal_frequency_2', 'bedrooms'), ('norm_log', 'sqft_living'))",30823
"(47058.023, 47159.025]",47058.03209800087,47159.02479626909,2,"(('bin_equal_frequency_2', 'sqft_lot15'), ('bin_equal_frequency_5', 'sqft_living15'))",30612
"(47159.025, 47260.027]",47159.03781123922,47260.02168393718,2,"(('bin_equal_frequency_2', 'sqft_living15'), ('bin_equal_frequency_5', 'sqft_above'))",30392
"(47260.027, 47361.029]",47260.034146510065,47361.02463373281,2,"(('bin_equal_frequency_2', 'bedrooms'), ('IQR', 'sqft_lot'))",31386
"(47361.029, 47462.032]",47361.034746064965,47462.02635236128,2,"(('bin_equal_frequency_2', 'sqft_lot15'), ('bin_equal_frequency_10', 'sqft_living15'))",30533
"(47462.032, 47563.034]",47462.03238556569,47563.029552661974,2,"(('bin_equal_frequency_2', 'sqft_lot15'), ('IQR', 'grade'))",32250
"(47563.034, 47664.036]",47563.03396622718,47664.0354481298,2,"(('bin_equal_frequency_5', 'sqft_lot15'), ('bin_equal_frequency_5', 'yr_built'))",32387
"(47664.036, 47765.038]",47664.04174769494,47765.0371777995,2,"(('bin_equal_frequency_2', 'sqft_living15'), ('bin_equal_frequency_5', 'yr_built'))",32099
"(47765.038, 47866.04]",47765.04334232122,47866.03801135911,2,"(('bin_equal_frequency_2', 'sqft_lot15'), ('zscore_clip_3', 'bedrooms'))",32458
"(47866.04, 47967.042]",47866.04070935046,47967.03386728039,2,"(('bin_equal_frequency_2', 'sqft_living15'), ('isolationForest', 'TABLE'))",34281
"(47967.042, 48068.044]",47967.0461012937,48068.04313990659,2,"(('bin_equal_frequency_2', 'yr_built'), ('isolationForest', 'TABLE'))",34282
"(48068.044, 48169.046]",48068.049649143344,48169.04568552718,2,"(('bin_equal_frequency_2', 'bathrooms'), ('norm_log', 'sqft_living'))",34028
"(48169.046, 48270.048]",48169.05349663002,48270.047339946366,2,"(('bin_equal_frequency_2', 'sqft_lot15'), ('norm_log', 'sqft_lot'))",36302
"(48270.048, 48371.051]",48270.06613648422,48371.0488386983,2,"(('bin_equal_frequency_5', 'sqft_above'), ('bin_equal_width_10', 'sqft_living15'))",32796
"(48371.051, 48472.053]",48371.05144475607,48472.05104876635,2,"(('bin_equal_frequency_2', 'bedrooms'), ('bin_equal_frequency_10', 'sqft_above'))",33712
"(48472.053, 48573.055]",48472.05517486811,48573.049275944846,1,"(('norm_log', 'sqft_living'),)",36321
"(48573.055, 48674.057]",48573.062999724934,48674.05522262707,2,"(('bin_equal_frequency_2', 'sqft_lot'), ('IQR', 'sqft_living'))",35454
"(48674.057, 48775.059]",48674.05965424409,48775.05883841839,2,"(('bin_equal_frequency_2', 'bedrooms'), ('IQR', 'sqft_basement'))",37668
"(48775.059, 48876.061]",48775.06096791519,48876.05854558719,2,"(('bin_equal_frequency_2', 'bedrooms'), ('bin_equal_frequency_5', 'sqft_lot15'))",35737
"(48876.061, 48977.063]",48876.06122261974,48977.05857328595,2,"(('bin_equal_frequency_2', 'sqft_lot15'), ('bin_equal_width_2', 'bedrooms'))",36473
"(48977.063, 49078.065]",48977.066470291546,49078.0613657142,2,"(('bin_equal_frequency_2', 'sqft_living'), ('bin_equal_frequency_2', 'yr_built'))",37733
"(49078.065, 49179.067]",49078.0655663257,49179.0611571616,2,"(('bin_equal_frequency_2', 'bedrooms'), ('bin_equal_width_5', 'sqft_living15'))",38704
"(49179.067, 49280.069]",49179.0687575253,49280.0680517796,2,"(('bin_equal_frequency_2', 'grade'), ('norm_log', 'sqft_living'))",40682
"(49280.069, 49381.072]",49280.07336699935,49381.06788458464,2,"(('bin_equal_frequency_2', 'bedrooms'), ('zscore_clip_3', 'yr_built'))",37143
"(49381.072, 49482.074]",49381.07894914865,49482.06919876793,2,"(('bin_equal_frequency_2', 'sqft_lot'), ('bin_equal_frequency_5', 'yr_built'))",37600
"(49482.074, 49583.076]",49482.073876369745,49583.068057144206,2,"(('bin_equal_frequency_2', 'bedrooms'), ('IQR', 'sqft_living'))",40741
"(49583.076, 49684.078]",49583.077309393026,49684.07710611681,2,"(('bin_equal_frequency_2', 'sqft_lot15'), ('bin_equal_width_10', 'sqft_living15'))",39984
"(49684.078, 49785.08]",49684.078017358566,49785.0796173384,2,"(('bin_equal_frequency_2', 'sqft_above'), ('bin_equal_frequency_2', 'yr_built'))",40542
"(49785.08, 49886.082]",49785.08752897335,49886.08014081992,2,"(('bin_equal_frequency_2', 'bedrooms'), ('bin_equal_frequency_2', 'sqft_living15'))",41305
"(49886.082, 49987.084]",49886.083097491886,49987.08421105601,2,"(('bin_equal_frequency_2', 'bathrooms'), ('bin_equal_frequency_5', 'sqft_above'))",42192
"(49987.084, 50088.086]",49987.089099988385,50088.08586995903,2,"(('bin_equal_frequency_2', 'sqft_lot15'), ('bin_equal_width_5', 'sqft_basement'))",42712
"(50088.086, 50189.088]",50088.08702375656,50189.08807157445,2,"(('bin_equal_frequency_2', 'bedrooms'), ('bin_equal_frequency_5', 'sqft_living15'))",45863
"(50189.088, 50290.091]",50189.09586514187,50290.08956517555,2,"(('bin_equal_frequency_2', 'bedrooms'), ('zscore_clip_3', 'grade'))",44192
"(50290.091, 50391.093]",50290.09871004719,50391.091253704915,2,"(('bin_equal_frequency_2', 'bedrooms'), ('bin_equal_frequency_2', 'sqft_above'))",45575
"(50391.093, 50492.095]",50391.09555296379,50492.09000946237,1,"(('bin_equal_frequency_5', 'sqft_above'),)",45624
"(50492.095, 50593.097]",50492.09598428268,50593.09391166081,2,"(('bin_equal_frequency_2', 'bedrooms'), ('bin_equal_frequency_10', 'sqft_living15'))",45750
"(50593.097, 50694.099]",50593.09715798862,50694.09648571179,2,"(('bin_equal_frequency_2', 'bathrooms'), ('bin_equal_frequency_2', 'sqft_lot15'))",44627
"(50694.099, 50795.101]",50694.09898395699,50795.09740524167,1,"(('bin_equal_frequency_5', 'yr_built'),)",47771
"(50795.101, 50896.103]",50795.10386281146,50896.090823343395,2,"(('bin_equal_frequency_2', 'sqft_lot15'), ('zscore_filter_3', 'floors'))",43149
"(50896.103, 50997.105]",50896.10363693206,50997.105100858535,2,"(('bin_equal_frequency_2', 'bedrooms'), ('zscore_filter_3', 'yr_built'))",42850
"(50997.105, 51098.107]",50997.10529517003,51098.10115805899,2,"(('bin_equal_frequency_2', 'bedrooms'), ('norm_log', 'sqft_basement'))",44422
"(51098.107, 51199.109]",51098.10763176601,51199.108653272415,2,"(('bin_equal_frequency_2', 'bedrooms'), ('bin_equal_frequency_2', 'sqft_lot'))",42369
"(51199.109, 51300.112]",51199.115629976426,51300.1093361095,2,"(('bin_equal_frequency_2', 'bedrooms'), ('norm_log', 'sqft_living15'))",44030
"(51300.112, 51401.114]",51300.11690761655,51401.10615460202,2,"(('bin_equal_frequency_2', 'bathrooms'), ('isolationForest', 'TABLE'))",43199
"(51401.114, 51502.116]",51401.12294353031,51502.11474035807,2,"(('bin_equal_frequency_2', 'bedrooms'), ('bin_equal_frequency_2', 'sqft_living'))",43758
"(51502.116, 51603.118]",51502.116190736684,51603.11451650576,1,"(('bin_equal_frequency_2', 'sqft_lot15'),)",44870
"(51603.118, 51704.12]",51603.1190994019,51704.11715950964,2,"(('bin_equal_frequency_2', 'bathrooms'), ('bin_equal_frequency_5', 'yr_built'))",44285
"(51704.12, 51805.122]",51704.120152603304,51805.11931132664,2,"(('bin_equal_frequency_2', 'bedrooms'), ('bin_equal_width_5', 'sqft_basement'))",42813
"(51805.122, 51906.124]",51805.122260347576,51906.12156471658,2,"(('bin_equal_frequency_2', 'sqft_living15'), ('IQR', 'sqft_lot15'))",42847
"(51906.124, 52007.126]",51906.12539843226,52007.125393441594,2,"(('bin_equal_frequency_2', 'bedrooms'), ('bin_equal_frequency_2', 'grade'))",46485
"(52007.126, 52108.128]",52007.126632903986,52108.12332310593,2,"(('bin_equal_frequency_2', 'bedrooms'), ('zscore_clip_3', 'sqft_living'))",45677
"(52108.128, 52209.131]",52108.129816284716,52209.13027796414,2,"(('bin_equal_frequency_2', 'bedrooms'), ('norm_log', 'grade'))",48298
"(52209.131, 52310.133]",52209.13070815119,52310.12815552112,1,"(('IQR', 'sqft_living'),)",45631
"(52310.133, 52411.135]",52310.13646757517,52411.1340535821,2,"(('bin_equal_frequency_2', 'bedrooms'), ('bin_equal_width_2', 'sqft_living'))",46773
"(52411.135, 52512.137]",52411.13588263716,52512.12683765104,2,"(('bin_equal_frequency_2', 'bedrooms'), ('bin_equal_frequency_5', 'sqft_lot'))",45665
"(52512.137, 52613.139]",52512.137550473315,52613.13762264088,2,"(('bin_equal_frequency_2', 'bedrooms'), ('zscore_filter_3', 'sqft_basement'))",46224
"(52613.139, 52714.141]",52613.13922989382,52714.138592975214,2,"(('bin_equal_frequency_2', 'bedrooms'), ('norm_log', 'floors'))",48625
"(52714.141, 52815.143]",52714.14483123745,52815.14212593717,2,"(('bin_equal_frequency_2', 'bedrooms'), ('bin_equal_frequency_10', 'sqft_lot'))",50600
"(52815.143, 52916.145]",52815.145589206455,52916.14478781583,2,"(('bin_equal_frequency_2', 'bedrooms'), ('bin_equal_width_2', 'sqft_basement'))",48117
"(52916.145, 53017.147]",52916.14645008741,53017.145647954916,2,"(('bin_equal_frequency_2', 'bathrooms'), ('IQR', 'sqft_living'))",49369
"(53017.147, 53118.15]",53017.14857425998,53118.14943219994,2,"(('bin_equal_frequency_2', 'bathrooms'), ('bin_equal_frequency_10', 'sqft_above'))",48461
"(53118.15, 53219.152]",53118.14967859555,53219.14798914097,1,"(('isolationForest', 'TABLE'),)",49452
"(53219.152, 53320.154]",53219.152066490264,53320.14881901724,1,"(('bin_equal_frequency_2', 'bedrooms'),)",52332
"(53320.154, 53421.156]",53320.15423183455,53421.15300690525,2,"(('bin_equal_frequency_2', 'bedrooms'), ('norm_log', 'condition'))",49376
"(53421.156, 53522.158]",53421.15912439354,53522.15768802539,2,"(('bin_equal_frequency_2', 'bathrooms'), ('IQR', 'sqft_lot15'))",49342
"(53522.158, 53623.16]",53522.15991331322,53623.15710780447,1,"(('bin_equal_frequency_10', 'sqft_above'),)",49396
"(53623.16, 53724.162]",53623.160104257564,53724.16203770023,2,"(('bin_equal_frequency_2', 'bathrooms'), ('IQR', 'sqft_lot'))",48765
"(53724.162, 53825.164]",53724.16332728431,53825.162810611015,1,"(('bin_equal_frequency_2', 'yr_built'),)",49489
"(53825.164, 53926.166]",53825.164402890136,53926.16139108822,2,"(('bin_equal_frequency_2', 'bedrooms'), ('norm_log', 'sqft_lot'))",48639
"(53926.166, 54027.168]",53926.17383145111,54027.15997527775,1,"(('bin_equal_frequency_10', 'yr_built'),)",43898
"(54027.168, 54128.171]",54027.16885814245,54128.16976863427,2,"(('bin_equal_frequency_2', 'bedrooms'), ('norm_log', 'bathrooms'))",42963
"(54128.171, 54229.173]",54128.17414252028,54229.1655607284,2,"(('bin_equal_frequency_2', 'bathrooms'), ('bin_equal_frequency_10', 'yr_built'))",46055
"(54229.173, 54330.175]",54229.17299017672,54330.17129150439,2,"(('bin_equal_frequency_2', 'bathrooms'), ('IQR', 'sqft_basement'))",44753
"(54330.175, 54431.177]",54330.176221242116,54431.17688675501,2,"(('bin_equal_frequency_2', 'sqft_above'), ('norm_log', 'sqft_basement'))",44910
"(54431.177, 54532.179]",54431.17862843363,54532.17699608172,2,"(('bin_equal_frequency_2', 'grade'), ('bin_equal_frequency_5', 'sqft_lot15'))",43563
"(54532.179, 54633.181]",54532.17986827167,54633.178685262144,2,"(('bin_equal_frequency_2', 'bedrooms'), ('bin_equal_width_10', 'yr_built'))",43107
"(54633.181, 54734.183]",54633.188758246084,54734.18302968858,1,"(('IQR', 'sqft_basement'),)",46096
"(54734.183, 54835.185]",54734.184676295896,54835.17950748127,2,"(('bin_equal_frequency_2', 'grade'), ('bin_equal_frequency_10', 'sqft_lot15'))",44207
"(54835.185, 54936.187]",54835.18692684465,54936.18527091861,2,"(('bin_equal_frequency_2', 'bedrooms'), ('zscore_clip_3', 'sqft_above'))",43265
"(54936.187, 55037.19]",54936.19038356216,55037.18737349262,2,"(('bin_equal_frequency_2', 'condition'), ('IQR', 'sqft_lot'))",45529
"(55037.19, 55138.192]",55037.19349559333,55138.181323032855,2,"(('bin_equal_frequency_2', 'bedrooms'), ('bin_equal_width_10', 'bathrooms'))",47005
"(55138.192, 55239.194]",55138.1960801267,55239.19144712335,2,"(('bin_equal_frequency_2', 'bedrooms'), ('zscore_clip_3', 'bathrooms'))",45557
"(55239.194, 55340.196]",55239.1953836858,55340.19437380945,2,"(('bin_equal_frequency_2', 'bathrooms'), ('IQR', 'bedrooms'))",45475
"(55340.196, 55441.198]",55340.19889824006,55441.19753646799,2,"(('bin_equal_frequency_2', 'bathrooms'), ('zscore_filter_3', 'view'))",44920
"(55441.198, 55542.2]",55441.19965267497,55542.194225025414,2,"(('bin_equal_frequency_2', 'bedrooms'), ('bin_equal_width_2', 'bathrooms'))",45118
"(55542.2, 55643.202]",55542.2008625737,55643.19902055438,2,"(('bin_equal_frequency_2', 'sqft_living'), ('zscore_filter_3', 'grade'))",45469
"(55643.202, 55744.204]",55643.20603885647,55744.201439432785,2,"(('bin_equal_frequency_2', 'bathrooms'), ('bin_equal_frequency_5', 'sqft_lot15'))",47356
"(55744.204, 55845.206]",55744.204933432884,55845.205887005286,2,"(('bin_equal_frequency_2', 'bathrooms'), ('bin_equal_width_5', 'sqft_living15'))",49203
"(55845.206, 55946.208]",55845.20698076653,55946.207294665146,1,"(('IQR', 'bedrooms'),)",54546
"(55946.208, 56047.211]",55946.20849643175,56047.20837410809,2,"(('bin_equal_frequency_2', 'grade'), ('zscore_clip_3', 'sqft_living'))",48975
"(56047.211, 56148.213]",56047.2151656582,56148.207909996454,2,"(('bin_equal_frequency_2', 'bathrooms'), ('winsorize', 'sqft_living'))",45114
"(56148.213, 56249.215]",56148.21393970852,56249.214067635,2,"(('bin_equal_frequency_2', 'condition'), ('zscore_clip_3', 'sqft_living'))",45244
"(56249.215, 56350.217]",56249.224333900966,56350.21581062218,2,"(('bin_equal_frequency_2', 'condition'), ('zscore_filter_3', 'view'))",47631
"(56350.217, 56451.219]",56350.217058057395,56451.21457197551,1,"(('zscore_clip_3', 'sqft_living'),)",48133
"(56451.219, 56552.221]",56451.22174347921,56552.21072875434,2,"(('bin_equal_frequency_2', 'bathrooms'), ('bin_equal_frequency_2', 'sqft_living'))",47643
"(56552.221, 56653.223]",56552.23016566625,56653.22040856866,1,"(('bin_equal_frequency_5', 'sqft_lot15'),)",47829
"(56653.223, 56754.225]",56653.22748686336,56754.22361711879,1,"(('bin_equal_frequency_10', 'sqft_lot15'),)",49626
"(56754.225, 56855.227]",56754.22629680362,56855.22325540109,1,"(('winsorize', 'sqft_living'),)",49677
"(56855.227, 56956.23]",56855.22981546665,56956.223953378954,1,"(('zscore_filter_3', 'sqft_living'),)",49456
"(56956.23, 57057.232]",56956.235170533444,57057.231334055024,2,"(('bin_equal_frequency_2', 'bathrooms'), ('bin_equal_frequency_5', 'sqft_living15'))",51824
"(57057.232, 57158.234]",57057.23458573714,57158.23352660425,1,"(('bin_equal_frequency_2', 'sqft_living'),)",51305
"(57158.234, 57259.236]",57158.23501895629,57259.23292105786,2,"(('bin_equal_frequency_2', 'condition'), ('bin_equal_frequency_2', 'sqft_above'))",49411
"(57259.236, 57360.238]",57259.24094361324,57360.23427506441,2,"(('bin_equal_frequency_2', 'bathrooms'), ('zscore_filter_3', 'grade'))",49135
"(57360.238, 57461.24]",57360.2384566946,57461.23798026668,1,"(('bin_equal_frequency_2', 'sqft_above'),)",48249
"(57461.24, 57562.242]",57461.240961441115,57562.23231727412,2,"(('bin_equal_frequency_2', 'sqft_above'), ('bin_equal_width_2', 'sqft_lot15'))",48510
"(57562.242, 57663.244]",57562.248683686375,57663.24425298989,1,"(('bin_equal_width_5', 'sqft_living15'),)",47857
"(57663.244, 57764.246]",57663.247860894866,57764.237377462036,2,"(('bin_equal_frequency_2', 'condition'), ('zscore_clip_3', 'yr_built'))",43828
"(57764.246, 57865.248]",57764.25428046286,57865.243581508796,1,"(('zscore_clip_3', 'bedrooms'),)",43971
"(57865.248, 57966.251]",57865.24916562901,57966.24808061323,1,"(('zscore_clip_3', 'yr_built'),)",47207
"(57966.251, 58067.253]",57966.25092906639,58067.251421659916,2,"(('bin_equal_frequency_2', 'bathrooms'), ('bin_equal_width_10', 'sqft_living15'))",46434
"(58067.253, 58168.255]",58067.26238282127,58168.24588433944,2,"(('bin_equal_frequency_2', 'grade'), ('bin_equal_width_2', 'sqft_living'))",45326
"(58168.255, 58269.257]",58168.25561393169,58269.25666408589,1,"(('bin_equal_frequency_2', 'sqft_living15'),)",46596
"(58269.257, 58370.259]",58269.25704382731,58370.25839107844,2,"(('bin_equal_frequency_2', 'condition'), ('bin_equal_width_2', 'sqft_living'))",43535
"(58370.259, 58471.261]",58370.26052193188,58471.25647691161,1,"(('bin_equal_frequency_5', 'sqft_living15'),)",44982
"(58471.261, 58572.263]",58471.26272649623,58572.26279329108,1,"(('zscore_filter_3', 'grade'),)",46729
"(58572.263, 58673.265]",58572.26483795463,58673.26521205743,1,"(('zscore_filter_3', 'bathrooms'),)",45418
"(58673.265, 58774.267]",58673.27003583935,58774.26514484441,1,"(('bin_equal_width_2', 'bedrooms'),)",39719
"(58774.267, 58875.27]",58774.26751928477,58875.25299539682,2,"(('bin_equal_frequency_2', 'bathrooms'), ('bin_equal_width_5', 'bedrooms'))",36688
"(58875.27, 58976.272]",58875.27606305546,58976.267711288376,1,"(('bin_equal_frequency_10', 'sqft_living15'),)",37609
"(58976.272, 59077.274]",58976.27582783982,59077.2735894736,1,"(('norm_log', 'sqft_above'),)",36612
"(59077.274, 59178.276]",59077.27631043495,59178.27500780312,1,"(('bin_equal_frequency_2', 'sqft_lot'),)",35595
"(59178.276, 59279.278]",59178.283826937506,59279.27717050717,1,"(('norm_log', 'sqft_basement'),)",36568
"(59279.278, 59380.28]",59279.28452728532,59380.27843157848,2,"(('bin_equal_frequency_2', 'bathrooms'), ('zscore_clip_3', 'sqft_lot15'))",33774
"(59380.28, 59481.282]",59380.28612732127,59481.277702576146,2,"(('bin_equal_frequency_2', 'bathrooms'), ('bin_equal_frequency_10', 'sqft_lot'))",31217
"(59481.282, 59582.284]",59481.285654050276,59582.284246032694,2,"(('bin_equal_frequency_2', 'bathrooms'), ('bin_equal_width_5', 'sqft_above'))",32514
"(59582.284, 59683.286]",59582.28597738086,59683.285977436135,2,"(('bin_equal_frequency_2', 'bathrooms'), ('bin_equal_width_2', 'sqft_above'))",31740
"(59683.286, 59784.289]",59683.287806606364,59784.28630864531,1,"(('bin_equal_frequency_2', 'bathrooms'),)",33569
"(59784.289, 59885.291]",59784.28997113216,59885.2819293267,1,"(('zscore_filter_3', 'sqft_above'),)",32614
"(59885.291, 59986.293]",59885.300896744586,59986.29074218255,1,"(('winsorize', 'sqft_above'),)",31778
"(59986.293, 60087.295]",59986.29842612174,60087.293730183206,1,"(('bin_equal_width_5', 'sqft_basement'),)",34686
"(60087.295, 60188.297]",60087.29719369451,60188.2966877919,1,"(('norm_log', 'bedrooms'),)",29304
"(60188.297, 60289.299]",60188.30363079834,60289.2976924096,1,"(('zscore_clip_3', 'grade'),)",28327
"(60289.299, 60390.301]",60289.31038766235,60390.300463343694,2,"(('bin_equal_frequency_2', 'bathrooms'), ('bin_equal_width_2', 'view'))",26533
"(60390.301, 60491.303]",60390.30203411188,60491.30113016056,1,"(('bin_equal_width_2', 'sqft_living15'),)",27361
"(60491.303, 60592.305]",60491.304223054925,60592.3045702321,1,"(('zscore_clip_3', 'sqft_basement'),)",28815
"(60592.305, 60693.307]",60592.306804486696,60693.30577661718,1,"(('bin_equal_frequency_5', 'sqft_lot'),)",29141
"(60693.307, 60794.31]",60693.30757727398,60794.29257610402,1,"(('bin_equal_width_2', 'sqft_basement'),)",28206
"(60794.31, 60895.312]",60794.315326164564,60895.308434353545,1,"(('bin_equal_frequency_10', 'sqft_lot'),)",26703
"(60895.312, 60996.314]",60895.31370562712,60996.30902973683,1,"(('bin_equal_width_2', 'sqft_above'),)",24672
"(60996.314, 61097.316]",60996.316182977585,61097.31531840935,2,"(('bin_equal_frequency_2', 'condition'), ('bin_equal_width_5', 'bedrooms'))",22327
"(61097.316, 61198.318]",61097.31642947395,61198.29337743782,1,"(('bin_equal_frequency_2', 'grade'),)",24356
"(61198.318, 61299.32]",61198.330333769074,61299.30963285733,1,"(('bin_equal_width_5', 'bedrooms'),)",22205
"(61299.32, 61400.322]",61299.32631187636,61400.318528546624,1,"(('bin_equal_frequency_2', 'condition'),)",22802
"(61400.322, 61501.324]",61400.328566381344,61501.31795465524,1,"(('bin_equal_width_10', 'sqft_living'),)",20618
"(61501.324, 61602.326]",61501.32451470339,61602.32617808944,0,(),23157
"(61602.326, 61703.329]",61602.331393015455,61703.32763207331,1,"(('bin_equal_width_2', 'yr_renovated'),)",20217
"(61703.329, 61804.331]",61703.32948581892,61804.325952953666,1,"(('bin_equal_width_10', 'sqft_lot'),)",16268
"(61804.331, 61905.333]",61804.35844784385,61905.326610882,2,"(('bin_equal_frequency_2', 'condition'), ('bin_equal_width_2', 'bathrooms'))",14820
"(61905.333, 62006.335]",61905.33442418311,62006.331748217126,1,"(('bin_equal_width_2', 'sqft_lot'),)",12773
"(62006.335, 62107.337]",62006.33490588982,62107.333620374804,1,"(('bin_equal_width_2', 'bathrooms'),)",12358
"(62107.337, 62208.339]",62107.38277381267,62208.335151258856,1,"(('norm_log', 'sqft_lot'),)",11620
"(62208.339, 62309.341]",62208.35238677807,62309.32432558048,1,"(('zscore_clip_3', 'sqft_lot'),)",10642
"(62309.341, 62410.343]",62309.359400695816,62410.329633610425,2,"(('bin_equal_frequency_2', 'bedrooms'), ('bin_equal_width_2', 'yr_built'))",9699
"(62410.343, 62511.345]",62410.34361676722,62511.334822028846,2,"(('bin_equal_frequency_10', 'sqft_lot'), ('bin_equal_width_10', 'bathrooms'))",9070
"(62511.345, 62612.347]",62511.35241494078,62612.33531924896,2,"(('bin_equal_width_2', 'bathrooms'), ('norm_log', 'sqft_lot'))",8303
"(62612.347, 62713.35]",62612.36093477014,62713.33385420231,2,"(('bin_equal_frequency_2', 'condition'), ('bin_equal_width_10', 'yr_built'))",8640
"(62713.35, 62814.352]",62713.384051602334,62814.345826644705,2,"(('bin_equal_frequency_2', 'grade'), ('zscore_filter_3', 'bedrooms'))",8625
"(62814.352, 62915.354]",62814.36806512997,62915.344408172394,2,"(('bin_equal_frequency_2', 'condition'), ('bin_equal_width_10', 'bathrooms'))",7833
"(62915.354, 63016.356]",62915.35696826836,63016.35174489253,1,"(('bin_equal_width_10', 'yr_built'),)",7416
"(63016.356, 63117.358]",63016.35855255862,63117.33944694784,2,"(('bin_equal_frequency_2', 'grade'), ('bin_equal_width_10', 'bathrooms'))",7925
"(63117.358, 63218.36]",63117.360781948606,63218.25313425372,1,"(('bin_equal_width_10', 'bathrooms'),)",7430
"(63218.36, 63319.362]",63218.36243374549,63319.34502675198,2,"(('bin_equal_frequency_2', 'sqft_above'), ('norm_log', 'sqft_living'))",7199
"(63319.362, 63420.364]",63319.366250021914,63420.33728894916,2,"(('bin_equal_frequency_2', 'sqft_living'), ('bin_equal_width_10', 'sqft_above'))",6818
"(63420.364, 63521.366]",63420.36630045057,63521.34531567432,2,"(('bin_equal_frequency_2', 'sqft_above'), ('bin_equal_width_10', 'sqft_living'))",6606
"(63521.366, 63622.369]",63521.37915799237,63622.36307524801,2,"(('bin_equal_frequency_2', 'sqft_lot'), ('bin_equal_width_2', 'yr_built'))",6749
"(63622.369, 63723.371]",63622.36857302021,63723.365307824504,2,"(('bin_equal_width_2', 'view'), ('bin_equal_width_10', 'bathrooms'))",5803
"(63723.371, 63824.373]",63723.379197554335,63824.36186100356,2,"(('bin_equal_width_10', 'bathrooms'), ('zscore_clip_3', 'sqft_lot'))",5854
"(63824.373, 63925.375]",63824.41624048388,63925.372961422916,2,"(('bin_equal_frequency_2', 'sqft_lot'), ('zscore_filter_3', 'yr_renovated'))",5930
"(63925.375, 64026.377]",63925.44625081722,64026.32489261404,2,"(('bin_equal_frequency_10', 'yr_built'), ('bin_equal_width_5', 'grade'))",5832
"(64026.377, 64127.379]",64026.43947522148,64127.37649660631,2,"(('bin_equal_frequency_5', 'sqft_lot15'), ('bin_equal_width_5', 'grade'))",5589
"(64127.379, 64228.381]",64127.422157018744,64228.36699933202,2,"(('zscore_filter_3', 'yr_renovated'), ('IQR', 'sqft_above'))",5051
"(64228.381, 64329.383]",64228.38304247169,64329.36664442159,2,"(('bin_equal_width_2', 'sqft_above'), ('bin_equal_width_2', 'sqft_basement'))",5371
"(64329.383, 64430.385]",64329.3935923595,64430.37777669728,2,"(('bin_equal_frequency_2', 'bathrooms'), ('bin_equal_width_2', 'floors'))",5516
"(64430.385, 64531.387]",64430.412908317754,64531.37863690334,2,"(('bin_equal_width_2', 'floors'), ('IQR', 'yr_built'))",5279
"(64531.387, 64632.39]",64531.412301952914,64632.381229256716,2,"(('bin_equal_width_2', 'floors'), ('IQR', 'sqft_above'))",4974
"(64632.39, 64733.392]",64632.49904832689,64733.3625297204,2,"(('bin_equal_frequency_2', 'sqft_living'), ('bin_equal_width_2', 'yr_built'))",5115
"(64733.392, 64834.394]",64733.412655847314,64834.372076766565,2,"(('bin_equal_frequency_2', 'sqft_above'), ('bin_equal_width_2', 'yr_built'))",5464
"(64834.394, 64935.396]",64834.39420669926,64935.365131987564,2,"(('bin_equal_frequency_2', 'bathrooms'), ('bin_equal_width_2', 'yr_built'))",5521
"(64935.396, 65036.398]",64935.411425585,65036.37095851451,2,"(('zscore_filter_3', 'sqft_living15'), ('zscore_filter_3', 'yr_renovated'))",4719
"(65036.398, 65137.4]",65036.4021192193,65137.39812535979,2,"(('bin_equal_width_2', 'floors'), ('IQR', 'bathrooms'))",4830
"(65137.4, 65238.402]",65137.450073042884,65238.38913717122,2,"(('bin_equal_width_2', 'yr_built'), ('norm_log', 'sqft_above'))",4860
"(65238.402, 65339.404]",65238.40283993858,65339.36473917775,2,"(('bin_equal_frequency_5', 'sqft_above'), ('bin_equal_width_5', 'sqft_basement'))",4818
"(65339.404, 65440.406]",65339.52129368484,65440.40337238996,2,"(('bin_equal_width_2', 'floors'), ('bin_equal_width_2', 'sqft_living'))",4553
"(65440.406, 65541.409]",65440.43041244708,65541.37988966964,2,"(('bin_equal_frequency_2', 'sqft_living15'), ('zscore_filter_3', 'yr_renovated'))",4827
"(65541.409, 65642.411]",65541.41439152801,65642.394825095,2,"(('bin_equal_frequency_2', 'grade'), ('zscore_filter_3', 'yr_renovated'))",5166
"(65642.411, 65743.413]",65642.41806137562,65743.38313808129,2,"(('bin_equal_frequency_5', 'sqft_lot'), ('zscore_filter_3', 'yr_renovated'))",4810
"(65743.413, 65844.415]",65743.45498392038,65844.37054424388,2,"(('bin_equal_frequency_10', 'sqft_living15'), ('zscore_filter_3', 'yr_renovated'))",4201
"(65844.415, 65945.417]",65844.45060046826,65945.38942546956,2,"(('bin_equal_frequency_2', 'sqft_living15'), ('bin_equal_width_2', 'yr_built'))",4216
"(65945.417, 66046.419]",65945.4324138742,66046.30245022532,2,"(('bin_equal_frequency_2', 'sqft_living15'), ('bin_equal_width_2', 'floors'))",4241
"(66046.419, 66147.421]",66046.44097659923,66147.35578014329,2,"(('bin_equal_width_2', 'floors'), ('zscore_filter_3', 'sqft_basement'))",3948
"(66147.421, 66248.423]",66147.51645611874,66248.30314180428,2,"(('bin_equal_frequency_5', 'sqft_living15'), ('bin_equal_width_2', 'floors'))",3989
"(66248.423, 66349.425]",66248.49430790792,66349.42112394609,2,"(('bin_equal_frequency_2', 'sqft_above'), ('bin_equal_width_5', 'sqft_basement'))",3838
"(66349.425, 66450.428]",66349.44663524814,66450.40588705355,2,"(('bin_equal_frequency_5', 'sqft_above'), ('bin_equal_width_2', 'sqft_basement'))",3621
"(66450.428, 66551.43]",66450.47032754302,66551.36894035572,2,"(('bin_equal_frequency_2', 'bathrooms'), ('zscore_filter_3', 'yr_renovated'))",3875
"(66551.43, 66652.432]",66551.43396836266,66652.40112810237,2,"(('bin_equal_frequency_10', 'sqft_living15'), ('bin_equal_width_2', 'floors'))",3381
"(66652.432, 66753.434]",66652.44060889073,66753.42675237544,2,"(('bin_equal_frequency_2', 'condition'), ('zscore_filter_3', 'yr_renovated'))",3082
"(66753.434, 66854.436]",66753.53718026541,66854.36175754148,2,"(('bin_equal_frequency_2', 'sqft_above'), ('bin_equal_width_2', 'sqft_basement'))",3415
"(66854.436, 66955.438]",66854.46499839776,66955.43501389006,2,"(('bin_equal_width_2', 'floors'), ('bin_equal_width_2', 'sqft_above'))",2941
"(66955.438, 67056.44]",66955.47174330431,67056.35441100136,1,"(('zscore_filter_3', 'yr_renovated'),)",3173
"(67056.44, 67157.442]",67056.46185563815,67157.3576666481,2,"(('bin_equal_width_5', 'grade'), ('bin_equal_width_5', 'sqft_living15'))",2917
"(67157.442, 67258.444]",67157.47847691808,67258.43446223438,2,"(('bin_equal_width_2', 'floors'), ('zscore_clip_3', 'bathrooms'))",2511
"(67258.444, 67359.446]",67258.44817418011,67359.44253972678,2,"(('bin_equal_frequency_2', 'grade'), ('bin_equal_width_2', 'yr_built'))",2736
"(67359.446, 67460.449]",67359.44688429723,67460.10949080308,2,"(('bin_equal_frequency_2', 'sqft_above'), ('bin_equal_width_5', 'grade'))",2689
"(67460.449, 67561.451]",67460.45698183667,67561.42726291936,2,"(('bin_equal_frequency_2', 'sqft_lot'), ('bin_equal_width_5', 'grade'))",2563
"(67561.451, 67662.453]",67561.51203955548,67662.43411506241,2,"(('bin_equal_frequency_2', 'sqft_living'), ('bin_equal_width_5', 'grade'))",2398
"(67662.453, 67763.455]",67662.57170167829,67763.4494474995,2,"(('bin_equal_width_2', 'floors'), ('bin_equal_width_10', 'sqft_living15'))",2460
"(67763.455, 67864.457]",67763.56308183975,67864.35580876833,2,"(('bin_equal_width_2', 'floors'), ('bin_equal_width_2', 'sqft_living15'))",2033
"(67864.457, 67965.459]",67864.46729028317,67965.15897045904,2,"(('bin_equal_width_2', 'floors'), ('norm_log', 'sqft_basement'))",1737
"(67965.459, 68066.461]",67965.55746375117,68066.39908822253,2,"(('bin_equal_width_2', 'sqft_above'), ('bin_equal_width_2', 'yr_built'))",1744
"(68066.461, 68167.463]",68066.47679591544,68167.4562816254,2,"(('bin_equal_width_2', 'floors'), ('norm_log', 'bedrooms'))",1727
"(68167.463, 68268.465]",68167.56902041557,68268.32207316277,2,"(('bin_equal_frequency_10', 'sqft_above'), ('bin_equal_width_5', 'sqft_basement'))",1438
"(68268.465, 68369.468]",68268.53918309539,68369.3692272848,2,"(('bin_equal_width_2', 'bathrooms'), ('bin_equal_width_2', 'floors'))",1835
"(68369.468, 68470.47]",68369.97016163534,68470.39231226228,2,"(('bin_equal_frequency_2', 'condition'), ('bin_equal_width_2', 'yr_built'))",1802
"(68470.47, 68571.472]",68470.9160369212,68571.30636811379,2,"(('bin_equal_width_2', 'floors'), ('zscore_clip_3', 'sqft_basement'))",1598
"(68571.472, 68672.474]",68571.52023464597,68672.3891143866,2,"(('bin_equal_width_2', 'bathrooms'), ('bin_equal_width_2', 'yr_built'))",1475
"(68672.474, 68773.476]",68672.57146298795,68773.42731704949,2,"(('bin_equal_width_2', 'yr_built'), ('bin_equal_width_10', 'sqft_lot15'))",1508
"(68773.476, 68874.478]",68773.63676275496,68874.38829208519,2,"(('bin_equal_width_2', 'floors'), ('bin_equal_width_5', 'bathrooms'))",1570
"(68874.478, 68975.48]",68874.53523774473,68975.41442922168,2,"(('bin_equal_frequency_2', 'condition'), ('bin_equal_width_2', 'floors'))",1698
"(68975.48, 69076.482]",68975.48598175612,69076.41712133773,2,"(('bin_equal_width_2', 'floors'), ('bin_equal_width_10', 'sqft_lot15'))",1528
"(69076.482, 69177.484]",69076.62834989803,69176.87651379661,1,"(('bin_equal_width_2', 'yr_built'),)",1915
"(69177.484, 69278.486]",69177.50409635284,69278.29164672099,2,"(('bin_equal_frequency_2', 'sqft_living15'), ('bin_equal_width_5', 'grade'))",1983
"(69278.486, 69379.489]",69279.04978266425,69379.46279853352,2,"(('bin_equal_width_2', 'floors'), ('bin_equal_width_5', 'yr_built'))",1521
"(69379.489, 69480.491]",69379.59246706103,69480.45954801794,2,"(('bin_equal_frequency_5', 'sqft_living15'), ('bin_equal_width_5', 'grade'))",1750
"(69480.491, 69581.493]",69480.52864572254,69581.49056205501,1,"(('bin_equal_width_2', 'floors'),)",1682
"(69581.493, 69682.495]",69581.740045641,69682.29203939601,2,"(('bin_equal_width_2', 'floors'), ('bin_equal_width_5', 'sqft_living'))",1448
"(69682.495, 69783.497]",69682.51393779629,69783.08637467308,2,"(('bin_equal_frequency_2', 'bathrooms'), ('bin_equal_width_5', 'grade'))",1389
"(69783.497, 69884.499]",69783.7864027638,69884.20480006446,2,"(('bin_equal_width_2', 'floors'), ('bin_equal_width_2', 'sqft_lot'))",1468
"(69884.499, 69985.501]",69884.50982390284,69985.31627538148,2,"(('bin_equal_width_2', 'floors'), ('zscore_clip_3', 'sqft_lot'))",1002
"(69985.501, 70086.503]",69985.50918105608,70086.47504406578,2,"(('bin_equal_frequency_10', 'sqft_living15'), ('bin_equal_width_5', 'grade'))",844
"(70086.503, 70187.505]",70086.59227765916,70187.38354566538,3,"(('bin_equal_frequency_2', 'bathrooms'), ('bin_equal_width_5', 'grade'), ('bin_equal_width_5', 'sqft_lot'))",836
"(70187.505, 70288.508]",70187.65452071166,70288.49980911631,2,"(('bin_equal_width_5', 'grade'), ('zscore_clip_3', 'sqft_lot15'))",1057
"(70288.508, 70389.51]",70288.51326558641,70389.16903800493,2,"(('bin_equal_frequency_2', 'grade'), ('bin_equal_width_2', 'floors'))",1012
"(70389.51, 70490.512]",70389.6514743179,70490.49884674717,2,"(('bin_equal_width_2', 'sqft_basement'), ('bin_equal_width_5', 'grade'))",1367
"(70490.512, 70591.514]",70490.51886388469,70591.40608729236,2,"(('bin_equal_width_5', 'grade'), ('norm_log', 'floors'))",906
"(70591.514, 70692.516]",70591.60111578123,70692.42922964715,3,"(('bin_equal_frequency_2', 'condition'), ('bin_equal_width_5', 'bedrooms'), ('bin_equal_width_5', 'grade'))",744
"(70692.516, 70793.518]",70692.6204395268,70793.31583523411,2,"(('bin_equal_width_5', 'grade'), ('bin_equal_width_5', 'yr_built'))",791
"(70793.518, 70894.52]",70793.60210816366,70894.171369896,2,"(('bin_equal_width_2', 'sqft_basement'), ('zscore_clip_3', 'sqft_above'))",608
"(70894.52, 70995.522]",70894.56269056269,70995.36401291103,2,"(('bin_equal_frequency_2', 'condition'), ('bin_equal_width_5', 'grade'))",864
"(70995.522, 71096.524]",70995.64108656853,71096.49953657713,2,"(('bin_equal_width_5', 'grade'), ('norm_log', 'view'))",686
"(71096.524, 71197.526]",71096.91475139237,71197.47375681862,2,"(('bin_equal_width_2', 'floors'), ('bin_equal_width_10', 'yr_built'))",690
"(71197.526, 71298.529]",71198.02708312076,71298.25495558769,1,"(('bin_equal_width_5', 'grade'),)",952
"(71298.529, 71399.531]",71298.75697078851,71399.00975687215,2,"(('bin_equal_width_2', 'sqft_above'), ('bin_equal_width_5', 'grade'))",737
"(71399.531, 71500.533]",71399.94898976058,71500.38684797802,2,"(('bin_equal_width_5', 'grade'), ('zscore_clip_3', 'sqft_above'))",736
"(71500.533, 71601.535]",71501.03085856794,71601.49025044688,2,"(('bin_equal_width_5', 'grade'), ('bin_equal_width_5', 'sqft_living'))",430
"(71601.535, 71702.537]",71601.72317261252,71702.41370564456,2,"(('bin_equal_width_5', 'grade'), ('bin_equal_width_5', 'sqft_lot'))",462
"(71702.537, 71803.539]",71702.59759831592,71803.22427661097,2,"(('bin_equal_width_2', 'sqft_lot'), ('bin_equal_width_5', 'grade'))",369
"(71803.539, 71904.541]",71804.0099071138,71904.20354060002,2,"(('bin_equal_width_2', 'view'), ('bin_equal_width_5', 'grade'))",419
"(71904.541, 72005.543]",71904.70099972934,72005.25509354484,2,"(('bin_equal_width_5', 'grade'), ('zscore_clip_3', 'sqft_lot'))",365
"(72005.543, 72106.545]",72005.58222966829,72106.45607729815,3,"(('bin_equal_frequency_2', 'bathrooms'), ('bin_equal_width_2', 'floors'), ('bin_equal_width_2', 'yr_built'))",347
"(72106.545, 72207.548]",72107.44458559621,72207.17551210709,2,"(('IQR', 'sqft_above'), ('bin_equal_width_5', 'grade'))",243
"(72207.548, 72308.55]",72207.81314697306,72308.12423115248,3,"(('bin_equal_frequency_10', 'sqft_above'), ('bin_equal_width_2', 'yr_built'), ('zscore_clip_3', 'sqft_living'))",208
"(72308.55, 72409.552]",72308.77655483267,72409.24065174678,2,"(('bin_equal_width_2', 'bathrooms'), ('bin_equal_width_5', 'grade'))",238
"(72409.552, 72510.554]",72409.85946681196,72510.53212499348,3,"(('bin_equal_frequency_5', 'sqft_above'), ('bin_equal_width_2', 'sqft_basement'), ('bin_equal_width_2', 'yr_built'))",198
"(72510.554, 72611.556]",72510.78910436144,72610.9288892895,3,"(('bin_equal_frequency_2', 'sqft_above'), ('zscore_filter_3', 'yr_renovated'), ('bin_equal_width_2', 'sqft_basement'))",226
"(72611.556, 72712.558]",72611.62591026723,72710.11514960088,3,"(('bin_equal_frequency_2', 'condition'), ('bin_equal_width_5', 'grade'), ('bin_equal_width_10', 'bathrooms'))",226
"(72712.558, 72813.56]",72713.16191630438,72812.91898718104,3,"(('bin_equal_frequency_2', 'sqft_above'), ('bin_equal_width_2', 'yr_built'), ('bin_equal_width_5', 'sqft_basement'))",201
"(72813.56, 72914.562]",72813.5836466896,72914.3816116763,3,"(('bin_equal_width_2', 'floors'), ('bin_equal_width_5', 'bedrooms'), ('zscore_filter_3', 'yr_renovated'))",145
"(72914.562, 73015.564]",72914.58727385945,73015.14640831389,2,"(('bin_equal_width_5', 'grade'), ('bin_equal_width_10', 'bathrooms'))",178
"(73015.564, 73116.567]",73016.33423647506,73116.383065494,3,"(('bin_equal_frequency_2', 'sqft_above'), ('bin_equal_width_2', 'floors'), ('bin_equal_width_5', 'grade'))",161
"(73116.567, 73217.569]",73116.96683442045,73216.94049648615,3,"(('bin_equal_frequency_2', 'sqft_above'), ('bin_equal_width_2', 'floors'), ('bin_equal_width_2', 'yr_built'))",199
"(73217.569, 73318.571]",73218.3318887182,73318.44855937373,3,"(('bin_equal_width_2', 'floors'), ('zscore_clip_3', 'bathrooms'), ('zscore_filter_3', 'yr_renovated'))",143
"(73318.571, 73419.573]",73319.16208920628,73418.13650216133,3,"(('bin_equal_frequency_2', 'sqft_living15'), ('bin_equal_width_2', 'floors'), ('zscore_filter_3', 'yr_renovated'))",169
"(73419.573, 73520.575]",73419.65733998126,73520.09260928631,3,"(('bin_equal_frequency_2', 'sqft_living'), ('bin_equal_width_2', 'yr_built'), ('zscore_filter_3', 'yr_renovated'))",135
"(73520.575, 73621.577]",73520.92540759734,73620.6954107814,3,"(('bin_equal_width_2', 'floors'), ('zscore_clip_3', 'view'), ('zscore_filter_3', 'yr_renovated'))",104
"(73621.577, 73722.579]",73623.04866103019,73720.00090647739,3,"(('bin_equal_frequency_10', 'sqft_living15'), ('bin_equal_width_2', 'floors'), ('zscore_filter_3', 'yr_renovated'))",112
"(73722.579, 73823.581]",73723.33541837893,73822.03349292284,3,"(('bin_equal_frequency_2', 'grade'), ('bin_equal_width_2', 'floors'), ('zscore_filter_3', 'bedrooms'))",180
"(73823.581, 73924.583]",73823.60653379373,73923.77990726863,3,"(('bin_equal_frequency_2', 'bathrooms'), ('bin_equal_width_2', 'yr_built'), ('zscore_filter_3', 'yr_renovated'))",183
"(73924.583, 74025.585]",73924.70803184097,74024.30066839501,3,"(('bin_equal_width_2', 'bedrooms'), ('bin_equal_width_5', 'grade'), ('zscore_filter_3', 'yr_renovated'))",113
"(74025.585, 74126.588]",74026.5272757262,74126.34102644319,3,"(('bin_equal_width_2', 'floors'), ('bin_equal_width_5', 'grade'), ('zscore_filter_3', 'sqft_living'))",98
"(74126.588, 74227.59]",74126.77374488465,74227.35024600476,3,"(('bin_equal_frequency_2', 'sqft_living'), ('bin_equal_width_5', 'grade'), ('norm_log', 'sqft_above'))",160
"(74227.59, 74328.592]",74231.53405361716,74327.01088363677,3,"(('bin_equal_frequency_2', 'condition'), ('bin_equal_width_2', 'floors'), ('zscore_filter_3', 'yr_renovated'))",159
"(74328.592, 74429.594]",74330.41617614667,74429.26294006592,3,"(('bin_equal_frequency_10', 'sqft_above'), ('bin_equal_width_2', 'yr_built'), ('bin_equal_width_5', 'sqft_basement'))",128
"(74429.594, 74530.596]",74430.08351069911,74530.41355919548,3,"(('bin_equal_frequency_2', 'bathrooms'), ('bin_equal_width_2', 'yr_built'), ('bin_equal_width_5', 'grade'))",163
"(74530.596, 74631.598]",74532.04447450998,74629.66030538897,3,"(('bin_equal_frequency_2', 'sqft_living'), ('bin_equal_width_2', 'floors'), ('bin_equal_width_5', 'grade'))",140
"(74631.598, 74732.6]",74631.72906202078,74731.83341209253,3,"(('bin_equal_frequency_2', 'sqft_above'), ('bin_equal_width_2', 'sqft_living'), ('bin_equal_width_5', 'grade'))",145
"(74732.6, 74833.602]",74735.43914417297,74833.18672237742,3,"(('bin_equal_frequency_2', 'sqft_living'), ('bin_equal_width_2', 'yr_built'), ('bin_equal_width_5', 'grade'))",151
"(74833.602, 74934.604]",74834.12458791932,74934.36450329912,2,"(('bin_equal_width_2', 'floors'), ('zscore_filter_3', 'yr_renovated'))",207
"(74934.604, 75035.607]",74935.30808036053,75035.16677958718,3,"(('bin_equal_frequency_5', 'sqft_lot'), ('bin_equal_width_5', 'grade'), ('zscore_filter_3', 'yr_renovated'))",132
"(75035.607, 75136.609]",75035.77328596584,75134.05674016786,3,"(('bin_equal_frequency_2', 'bathrooms'), ('bin_equal_width_2', 'floors'), ('bin_equal_width_5', 'grade'))",128
"(75136.609, 75237.611]",75137.51688332367,75236.4031896782,3,"(('bin_equal_frequency_5', 'sqft_lot'), ('bin_equal_width_2', 'floors'), ('bin_equal_width_2', 'yr_built'))",119
"(75237.611, 75338.613]",75237.65179310928,75337.37534718672,3,"(('bin_equal_frequency_5', 'sqft_living'), ('bin_equal_frequency_10', 'sqft_above'), ('bin_equal_width_5', 'grade'))",101
"(75338.613, 75439.615]",75339.71332949496,75436.76181686111,3,"(('bin_equal_width_2', 'sqft_living'), ('bin_equal_width_5', 'grade'), ('bin_equal_width_10', 'sqft_above'))",82
"(75439.615, 75540.617]",75440.0523607079,75539.72808196496,3,"(('bin_equal_width_2', 'floors'), ('bin_equal_width_2', 'yr_built'), ('zscore_filter_3', 'sqft_above'))",66
"(75540.617, 75641.619]",75541.71368821152,75641.27246602764,3,"(('bin_equal_frequency_5', 'sqft_above'), ('bin_equal_width_2', 'sqft_living'), ('bin_equal_width_5', 'grade'))",94
"(75641.619, 75742.621]",75644.18760659624,75741.55561510846,3,"(('bin_equal_width_2', 'sqft_above'), ('bin_equal_width_2', 'yr_built'), ('zscore_filter_3', 'yr_renovated'))",84
"(75742.621, 75843.623]",75744.28114309127,75842.80688568152,3,"(('bin_equal_width_2', 'floors'), ('bin_equal_width_2', 'yr_built'), ('zscore_filter_3', 'grade'))",89
"(75843.623, 75944.625]",75846.33674636437,75941.81531971437,3,"(('bin_equal_frequency_2', 'sqft_living15'), ('bin_equal_width_2', 'yr_built'), ('zscore_filter_3', 'yr_renovated'))",115
"(75944.625, 76045.628]",75947.71761910204,76039.78557982096,3,"(('bin_equal_width_2', 'floors'), ('bin_equal_width_5', 'grade'), ('bin_equal_width_5', 'sqft_living15'))",83
"(76045.628, 76146.63]",76046.22547305375,76145.26536567672,3,"(('bin_equal_frequency_10', 'sqft_living15'), ('bin_equal_width_2', 'yr_built'), ('zscore_filter_3', 'yr_renovated'))",96
"(76146.63, 76247.632]",76147.7434064269,76246.94630782865,3,"(('bin_equal_frequency_2', 'sqft_living15'), ('bin_equal_width_2', 'yr_built'), ('bin_equal_width_5', 'grade'))",100
"(76247.632, 76348.634]",76251.25471094887,76348.12157595344,3,"(('bin_equal_frequency_5', 'sqft_lot'), ('bin_equal_width_2', 'floors'), ('bin_equal_width_5', 'grade'))",110
"(76348.634, 76449.636]",76354.27499655262,76448.23306771088,3,"(('bin_equal_frequency_5', 'sqft_living15'), ('bin_equal_width_2', 'yr_built'), ('bin_equal_width_5', 'grade'))",83
"(76449.636, 76550.638]",76450.86612919474,76550.59818482294,3,"(('bin_equal_width_2', 'bedrooms'), ('bin_equal_width_2', 'yr_built'), ('bin_equal_width_5', 'grade'))",75
"(76550.638, 76651.64]",76551.3209048491,76651.63854994797,3,"(('bin_equal_frequency_2', 'condition'), ('bin_equal_width_2', 'yr_built'), ('zscore_filter_3', 'yr_renovated'))",102
"(76651.64, 76752.642]",76653.24800964762,76751.35762195756,3,"(('bin_equal_width_2', 'floors'), ('bin_equal_width_5', 'grade'), ('zscore_filter_3', 'sqft_above'))",85
"(76752.642, 76853.644]",76752.64331429929,76851.0908819216,3,"(('bin_equal_frequency_2', 'condition'), ('bin_equal_width_5', 'grade'), ('zscore_filter_3', 'yr_renovated'))",99
"(76853.644, 76954.647]",76861.47926699603,76954.16430352055,3,"(('bin_equal_frequency_10', 'sqft_living15'), ('bin_equal_width_2', 'yr_built'), ('bin_equal_width_5', 'grade'))",65
"(76954.647, 77055.649]",76954.88474661394,77053.93269958261,3,"(('bin_equal_frequency_2', 'sqft_living'), ('bin_equal_width_5', 'grade'), ('zscore_clip_3', 'sqft_above'))",75
"(77055.649, 77156.651]",77055.70322244987,77155.93378971156,3,"(('bin_equal_frequency_2', 'bathrooms'), ('bin_equal_width_5', 'grade'), ('zscore_filter_3', 'yr_renovated'))",105
"(77156.651, 77257.653]",77157.4215900749,77256.02924356473,2,"(('bin_equal_width_5', 'grade'), ('zscore_filter_3', 'yr_renovated'))",100
"(77257.653, 77358.655]",77257.98263258752,77358.41097562235,3,"(('bin_equal_frequency_2', 'sqft_above'), ('bin_equal_width_5', 'grade'), ('bin_equal_width_10', 'sqft_living'))",132
"(77358.655, 77459.657]",77358.81821014809,77459.54978426531,2,"(('bin_equal_width_2', 'yr_built'), ('zscore_filter_3', 'yr_renovated'))",124
"(77459.657, 77560.659]",77459.93286422898,77560.54354399884,3,"(('bin_equal_frequency_5', 'sqft_above'), ('bin_equal_width_5', 'grade'), ('bin_equal_width_5', 'sqft_basement'))",105
"(77560.659, 77661.661]",77561.7054897381,77658.94014410954,3,"(('bin_equal_frequency_10', 'sqft_living15'), ('bin_equal_width_5', 'grade'), ('zscore_filter_3', 'yr_renovated'))",71
"(77661.661, 77762.663]",77662.20836273872,77760.91904947853,3,"(('bin_equal_frequency_2', 'condition'), ('bin_equal_width_2', 'yr_built'), ('bin_equal_width_5', 'grade'))",93
"(77762.663, 77863.665]",77765.61222111133,77860.10186942434,3,"(('bin_equal_frequency_5', 'sqft_living'), ('bin_equal_width_2', 'sqft_above'), ('bin_equal_width_5', 'grade'))",76
"(77863.665, 77964.668]",77864.64389347499,77961.9030020974,3,"(('bin_equal_width_2', 'floors'), ('bin_equal_width_5', 'grade'), ('norm_log', 'grade'))",78
"(77964.668, 78065.67]",77965.71012615935,78065.55528101612,3,"(('bin_equal_width_2', 'floors'), ('bin_equal_width_2', 'sqft_above'), ('bin_equal_width_2', 'yr_built'))",57
"(78065.67, 78166.672]",78069.56754973947,78165.84794952278,3,"(('bin_equal_frequency_2', 'sqft_above'), ('bin_equal_width_5', 'grade'), ('bin_equal_width_5', 'sqft_basement'))",72
"(78166.672, 78267.674]",78166.75684371241,78266.98925167734,3,"(('bin_equal_frequency_2', 'sqft_living'), ('bin_equal_width_2', 'sqft_above'), ('bin_equal_width_5', 'grade'))",82
"(78267.674, 78368.676]",78272.82592497347,78367.9713964081,3,"(('bin_equal_frequency_10', 'sqft_living'), ('bin_equal_width_2', 'sqft_above'), ('bin_equal_width_5', 'grade'))",78
"(78368.676, 78469.678]",78370.31316333586,78468.13919633602,2,"(('bin_equal_width_2', 'yr_built'), ('bin_equal_width_5', 'grade'))",158
"(78469.678, 78570.68]",78469.75657424728,78569.42332725917,3,"(('bin_equal_frequency_5', 'sqft_living15'), ('bin_equal_width_2', 'floors'), ('bin_equal_width_2', 'yr_built'))",81
"(78570.68, 78671.682]",78571.65295533971,78671.06696869561,3,"(('bin_equal_frequency_10', 'sqft_living15'), ('bin_equal_width_2', 'floors'), ('bin_equal_width_2', 'yr_built'))",59
"(78671.682, 78772.684]",78673.96793933779,78772.6704389741,3,"(('bin_equal_frequency_5', 'sqft_living15'), ('bin_equal_width_2', 'floors'), ('bin_equal_width_5', 'grade'))",67
"(78772.684, 78873.687]",78773.23972781947,78872.45156690515,3,"(('bin_equal_frequency_2', 'sqft_above'), ('bin_equal_frequency_10', 'sqft_living'), ('bin_equal_width_5', 'grade'))",78
"(78873.687, 78974.689]",78875.2505073907,78970.36027232364,3,"(('bin_equal_width_2', 'floors'), ('bin_equal_width_2', 'yr_built'), ('zscore_clip_3', 'sqft_lot15'))",45
"(78974.689, 79075.691]",78978.62548202621,79073.27257491794,3,"(('bin_equal_frequency_5', 'sqft_above'), ('bin_equal_frequency_10', 'sqft_living'), ('bin_equal_width_5', 'grade'))",61
"(79075.691, 79176.693]",79079.56476228828,79174.2044722029,3,"(('bin_equal_width_2', 'floors'), ('bin_equal_width_2', 'yr_built'), ('zscore_clip_3', 'bedrooms'))",53
"(79176.693, 79277.695]",79178.16376666598,79276.12022441468,3,"(('bin_equal_frequency_10', 'sqft_living15'), ('bin_equal_width_2', 'floors'), ('bin_equal_width_5', 'grade'))",46
"(79277.695, 79378.697]",79285.511194141,79377.18359975638,3,"(('bin_equal_frequency_2', 'sqft_above'), ('bin_equal_width_2', 'sqft_basement'), ('bin_equal_width_5', 'grade'))",53
"(79378.697, 79479.699]",79380.0395502575,79476.57874365125,3,"(('bin_equal_frequency_5', 'sqft_above'), ('bin_equal_width_2', 'sqft_basement'), ('bin_equal_width_5', 'grade'))",62
"(79479.699, 79580.701]",79481.55538917246,79577.3490417075,3,"(('bin_equal_width_2', 'floors'), ('bin_equal_width_2', 'sqft_basement'), ('bin_equal_width_5', 'grade'))",37
"(79580.701, 79681.703]",79580.91314933174,79681.65499567696,3,"(('bin_equal_frequency_2', 'condition'), ('bin_equal_width_2', 'floors'), ('bin_equal_width_5', 'grade'))",72
"(79681.703, 79782.705]",79683.29892706395,79782.43245425815,3,"(('bin_equal_width_2', 'floors'), ('bin_equal_width_5', 'grade'), ('bin_equal_width_10', 'sqft_above'))",31
"(79782.705, 79883.708]",79784.38586255911,79874.67562309446,3,"(('bin_equal_width_2', 'floors'), ('bin_equal_width_5', 'grade'), ('bin_equal_width_10', 'sqft_lot15'))",29
"(79883.708, 79984.71]",79884.8177236124,79984.37190410492,3,"(('bin_equal_width_2', 'floors'), ('bin_equal_width_2', 'yr_built'), ('zscore_clip_3', 'sqft_living15'))",39
"(79984.71, 80085.712]",79985.51826506764,80084.56947245233,3,"(('bin_equal_width_2', 'floors'), ('bin_equal_width_2', 'sqft_living15'), ('bin_equal_width_2', 'yr_built'))",40
"(80085.712, 80186.714]",80087.14389240224,80183.64782621793,3,"(('bin_equal_frequency_2', 'sqft_above'), ('bin_equal_frequency_2', 'sqft_living'), ('bin_equal_width_5', 'grade'))",89
"(80186.714, 80287.716]",80186.83155326878,80285.45834660865,3,"(('bin_equal_width_2', 'floors'), ('bin_equal_width_5', 'grade'), ('bin_equal_width_5', 'sqft_above'))",42
"(80287.716, 80388.718]",80291.1678875311,80384.45899987365,2,"(('bin_equal_width_2', 'floors'), ('bin_equal_width_5', 'grade'))",59
"(80388.718, 80489.72]",80389.43280023753,80488.17745093192,3,"(('bin_equal_frequency_2', 'sqft_above'), ('bin_equal_width_5', 'grade'), ('norm_log', 'sqft_living'))",54
"(80489.72, 80590.722]",80491.32000510227,80590.63780208795,3,"(('bin_equal_frequency_2', 'condition'), ('bin_equal_width_2', 'floors'), ('bin_equal_width_2', 'yr_built'))",52
"(80590.722, 80691.724]",80590.93902628141,80689.98426915321,3,"(('bin_equal_frequency_10', 'sqft_above'), ('bin_equal_width_5', 'grade'), ('bin_equal_width_5', 'sqft_basement'))",31
"(80691.724, 80792.727]",80694.73736135928,80788.61750058786,3,"(('bin_equal_width_2', 'floors'), ('bin_equal_width_2', 'sqft_lot'), ('bin_equal_width_5', 'grade'))",24
"(80792.727, 80893.729]",80793.76436604156,80891.93217817819,3,"(('bin_equal_width_2', 'bathrooms'), ('bin_equal_width_2', 'floors'), ('bin_equal_width_2', 'yr_built'))",23
"(80893.729, 80994.731]",80906.47717833793,80992.0014986183,3,"(('bin_equal_frequency_2', 'sqft_above'), ('bin_equal_width_5', 'grade'), ('zscore_clip_3', 'sqft_living'))",48
"(80994.731, 81095.733]",80999.11927502621,81089.3430792811,3,"(('bin_equal_frequency_2', 'grade'), ('bin_equal_width_2', 'floors'), ('bin_equal_width_2', 'yr_built'))",44
"(81095.733, 81196.735]",81112.51787087043,81191.50508304831,3,"(('bin_equal_width_2', 'floors'), ('bin_equal_width_2', 'yr_built'), ('bin_equal_width_5', 'sqft_basement'))",20
"(81196.735, 81297.737]",81199.28278683973,81287.975221888,3,"(('bin_equal_width_2', 'floors'), ('bin_equal_width_2', 'yr_built'), ('winsorize', 'condition'))",13
"(81297.737, 81398.739]",81302.8481500569,81391.43800486728,3,"(('bin_equal_width_2', 'floors'), ('bin_equal_width_2', 'sqft_basement'), ('bin_equal_width_2', 'yr_built'))",17
"(81398.739, 81499.741]",81406.89617306669,81496.62432522562,3,"(('bin_equal_frequency_10', 'sqft_above'), ('bin_equal_width_5', 'grade'), ('norm_log', 'sqft_living'))",15
"(81499.741, 81600.743]",81500.30068621272,81600.34782301435,3,"(('bin_equal_frequency_2', 'sqft_living'), ('bin_equal_frequency_5', 'sqft_above'), ('bin_equal_width_5', 'grade'))",35
"(81600.743, 81701.746]",81600.81077111345,81700.4324298053,3,"(('bin_equal_frequency_10', 'sqft_above'), ('bin_equal_width_5', 'grade'), ('zscore_clip_3', 'sqft_living'))",28
"(81701.746, 81802.748]",81708.0673444236,81784.41313320922,3,"(('bin_equal_width_2', 'floors'), ('bin_equal_width_2', 'yr_built'), ('bin_equal_width_10', 'sqft_above'))",12
"(81802.748, 81903.75]",81808.94274861073,81892.15360896518,3,"(('bin_equal_width_2', 'floors'), ('bin_equal_width_2', 'yr_built'), ('bin_equal_width_10', 'sqft_lot'))",13
"(81903.75, 82004.752]",81905.8430851046,81997.98370822634,3,"(('bin_equal_frequency_10', 'sqft_above'), ('bin_equal_width_2', 'sqft_basement'), ('bin_equal_width_5', 'grade'))",18
"(82004.752, 82105.754]",82009.84084781843,82104.49361216661,2,"(('bin_equal_width_2', 'floors'), ('bin_equal_width_2', 'yr_built'))",34
"(82105.754, 82206.756]",82122.15981597752,82190.33179770778,3,"(('bin_equal_width_2', 'floors'), ('bin_equal_width_2', 'yr_built'), ('bin_equal_width_2', 'yr_renovated'))",20
"(82206.756, 82307.758]",82212.3589514742,82304.31085125713,3,"(('bin_equal_width_2', 'floors'), ('bin_equal_width_2', 'sqft_lot'), ('bin_equal_width_2', 'yr_built'))",16
"(82307.758, 82408.76]",82324.45880009771,82397.1752013194,3,"(('bin_equal_width_2', 'floors'), ('bin_equal_width_2', 'yr_built'), ('bin_equal_width_5', 'sqft_living'))",6
"(82408.76, 82509.762]",82432.62637051163,82493.6046054917,3,"(('bin_equal_width_2', 'floors'), ('bin_equal_width_2', 'yr_built'), ('bin_equal_width_10', 'sqft_basement'))",7
"(82509.762, 82610.764]",82514.96149895746,82608.87338918145,4,"(('bin_equal_frequency_2', 'sqft_above'), ('bin_equal_width_2', 'floors'), ('bin_equal_width_5', 'grade'), ('zscore_clip_3', 'sqft_living'))",12
"(82610.764, 82711.767]",82630.34824420101,82710.5332127669,3,"(('bin_equal_frequency_5', 'sqft_above'), ('bin_equal_width_5', 'grade'), ('zscore_clip_3', 'sqft_living'))",34
"(82711.767, 82812.769]",82712.92051546116,82812.20193130046,3,"(('bin_equal_width_2', 'floors'), ('bin_equal_width_2', 'view'), ('bin_equal_width_2', 'yr_built'))",10
"(82812.769, 82913.771]",82819.40431603315,82910.14346677499,4,"(('bin_equal_frequency_2', 'sqft_living'), ('bin_equal_frequency_5', 'sqft_above'), ('bin_equal_width_5', 'grade'), ('zscore_clip_3', 'sqft_living15'))",7
"(82913.771, 83014.773]",82913.92430845274,83009.01928428932,3,"(('bin_equal_width_2', 'floors'), ('norm_log', 'yr_built'), ('bin_equal_width_2', 'yr_built'))",7
"(83014.773, 83115.775]",83024.99404028786,83109.75864260399,4,"(('bin_equal_frequency_2', 'sqft_above'), ('bin_equal_frequency_10', 'sqft_living'), ('bin_equal_width_2', 'bathrooms'), ('bin_equal_width_5', 'grade'))",9
"(83115.775, 83216.777]",83120.71009520188,83213.14282872548,3,"(('bin_equal_width_2', 'sqft_basement'), ('bin_equal_width_5', 'grade'), ('zscore_clip_3', 'sqft_above'))",4
"(83216.777, 83317.779]",83235.41104681777,83309.17598698696,4,"(('bin_equal_frequency_2', 'sqft_above'), ('bin_equal_width_2', 'floors'), ('bin_equal_width_2', 'yr_built'), ('bin_equal_width_5', 'grade'))",6
"(83317.779, 83418.781]",83336.3784417813,83405.9150420525,4,"(('bin_equal_frequency_2', 'bathrooms'), ('bin_equal_frequency_2', 'sqft_above'), ('bin_equal_width_5', 'grade'), ('zscore_clip_3', 'sqft_living'))",4
"(83418.781, 83519.783]",83420.7586120005,83509.9404996375,4,"(('bin_equal_frequency_2', 'bathrooms'), ('bin_equal_frequency_10', 'sqft_above'), ('bin_equal_width_5', 'grade'), ('zscore_clip_3', 'sqft_living'))",4
"(83519.783, 83620.786]",83566.89731384558,83590.49713545955,4,"(('bin_equal_frequency_2', 'bathrooms'), ('bin_equal_width_2', 'yr_built'), ('bin_equal_width_5', 'grade'), ('zscore_filter_3', 'yr_renovated'))",3
"(83620.786, 83721.788]",83640.77843218471,83714.58152770868,4,"(('bin_equal_frequency_2', 'bedrooms'), ('bin_equal_width_2', 'floors'), ('bin_equal_width_2', 'yr_built'), ('bin_equal_width_5', 'grade'))",4
"(83721.788, 83822.79]",83756.7152053784,83790.3552013313,4,"(('bin_equal_frequency_5', 'sqft_above'), ('bin_equal_width_5', 'grade'), ('bin_equal_width_10', 'sqft_basement'), ('zscore_clip_3', 'sqft_living'))",2
"(83822.79, 83923.792]",83846.385061624,83879.12137049776,4,"(('bin_equal_frequency_2', 'sqft_above'), ('bin_equal_width_5', 'grade'), ('bin_equal_width_5', 'sqft_basement'), ('zscore_filter_3', 'yr_renovated'))",4
"(83923.792, 84024.794]",83923.93629281592,83989.67665054328,4,"(('bin_equal_frequency_2', 'sqft_above'), ('bin_equal_frequency_10', 'sqft_living'), ('bin_equal_width_5', 'grade'), ('bin_equal_width_10', 'bathrooms'))",3
"(84024.794, 84125.796]",84061.01553294597,84077.13266001374,4,"(('bin_equal_frequency_2', 'sqft_above'), ('bin_equal_width_5', 'grade'), ('zscore_clip_3', 'bathrooms'), ('zscore_clip_3', 'sqft_living'))",2
"(84125.796, 84226.798]",84131.35874358074,84169.03993772704,4,"(('bin_equal_frequency_2', 'sqft_living'), ('bin_equal_frequency_5', 'sqft_above'), ('bin_equal_width_2', 'bathrooms'), ('bin_equal_width_5', 'grade'))",2
"(84226.798, 84327.8]",84232.9977033025,84232.9977033025,4,"(('bin_equal_frequency_2', 'sqft_above'), ('bin_equal_width_2', 'yr_built'), ('bin_equal_width_5', 'grade'), ('bin_equal_width_5', 'sqft_basement'))",1
"(84327.8, 84428.802]",84339.57270269096,84401.04905316657,4,"(('bin_equal_frequency_2', 'sqft_living'), ('bin_equal_frequency_10', 'sqft_above'), ('bin_equal_width_5', 'grade'), ('bin_equal_width_10', 'bathrooms'))",4
"(84529.804, 84630.807]",84546.36995379537,84626.03701637115,4,"(('bin_equal_frequency_2', 'bedrooms'), ('bin_equal_width_2', 'floors'), ('bin_equal_width_2', 'yr_built'), ('zscore_filter_3', 'yr_renovated'))",3
"(84630.807, 84731.809]",84683.72106442908,84696.69368833156,4,"(('bin_equal_frequency_2', 'sqft_above'), ('bin_equal_width_2', 'yr_built'), ('bin_equal_width_5', 'grade'), ('bin_equal_width_10', 'sqft_living'))",2
"(84731.809, 84832.811]",84808.31139513453,84808.31139513453,4,"(('bin_equal_frequency_2', 'bathrooms'), ('bin_equal_frequency_2', 'sqft_living'), ('bin_equal_frequency_5', 'sqft_above'), ('bin_equal_width_5', 'grade'))",1
"(84832.811, 84933.813]",84836.34362362779,84916.44788750164,4,"(('bin_equal_frequency_2', 'sqft_above'), ('bin_equal_frequency_2', 'sqft_living'), ('bin_equal_width_5', 'grade'), ('bin_equal_width_10', 'bathrooms'))",2
"(84933.813, 85034.815]",84963.94577035449,84963.94577035449,4,"(('bin_equal_frequency_5', 'sqft_above'), ('bin_equal_width_2', 'floors'), ('bin_equal_width_5', 'grade'), ('zscore_clip_3', 'sqft_living'))",1
"(85034.815, 85135.817]",85081.59016649621,85081.59016649621,4,"(('bin_equal_frequency_5', 'sqft_above'), ('bin_equal_width_2', 'sqft_basement'), ('bin_equal_width_2', 'yr_built'), ('bin_equal_width_5', 'grade'))",1
"(85135.817, 85236.819]",85161.48377234675,85161.48377234675,4,"(('bin_equal_frequency_2', 'sqft_above'), ('bin_equal_width_2', 'sqft_basement'), ('bin_equal_width_5', 'grade'), ('zscore_filter_3', 'yr_renovated'))",1
"(85236.819, 85337.821]",85296.79736331494,85296.79736331494,4,"(('bin_equal_frequency_2', 'sqft_above'), ('bin_equal_width_2', 'sqft_basement'), ('bin_equal_width_2', 'yr_built'), ('bin_equal_width_5', 'grade'))",1
"(85337.821, 85438.823]",85343.59834115262,85401.0551043914,4,"(('bin_equal_frequency_2', 'sqft_living'), ('bin_equal_frequency_5', 'sqft_above'), ('bin_equal_width_5', 'grade'), ('zscore_clip_3', 'bathrooms'))",2
"(85438.823, 85539.826]",85442.90552462792,85442.90552462792,4,"(('bin_equal_frequency_2', 'bathrooms'), ('bin_equal_frequency_5', 'sqft_above'), ('bin_equal_width_5', 'grade'), ('zscore_clip_3', 'sqft_living'))",1
"(85539.826, 85640.828]",85548.43670196831,85617.83039595722,4,"(('bin_equal_frequency_2', 'condition'), ('bin_equal_width_2', 'floors'), ('bin_equal_width_5', 'grade'), ('zscore_filter_3', 'yr_renovated'))",3
"(85640.828, 85741.83]",85680.03378647193,85680.03378647193,4,"(('bin_equal_frequency_2', 'sqft_above'), ('bin_equal_width_5', 'grade'), ('bin_equal_width_10', 'bathrooms'), ('zscore_clip_3', 'sqft_living'))",1
"(85842.832, 85943.834]",85842.88510532305,85842.88510532305,4,"(('bin_equal_frequency_2', 'sqft_above'), ('bin_equal_width_5', 'grade'), ('zscore_filter_3', 'yr_renovated'), ('bin_equal_width_2', 'sqft_basement'))",1
"(85943.834, 86044.836]",86015.27651327325,86015.27651327325,4,"(('bin_equal_frequency_2', 'condition'), ('bin_equal_width_2', 'yr_built'), ('bin_equal_width_5', 'grade'), ('zscore_filter_3', 'yr_renovated'))",1
"(86145.838, 86246.84]",86149.75746890903,86206.53661127285,4,"(('bin_equal_frequency_2', 'sqft_living'), ('bin_equal_frequency_5', 'sqft_above'), ('bin_equal_width_5', 'grade'), ('bin_equal_width_10', 'bathrooms'))",2
"(86246.84, 86347.842]",86346.23884033784,86346.23884033784,3,"(('bin_equal_width_2', 'floors'), ('bin_equal_width_5', 'grade'), ('zscore_filter_3', 'yr_renovated'))",1
"(86347.842, 86448.844]",86355.92413407972,86355.92413407972,4,"(('bin_equal_frequency_5', 'sqft_above'), ('bin_equal_width_5', 'grade'), ('zscore_clip_3', 'bathrooms'), ('zscore_clip_3', 'sqft_living'))",1
"(86448.844, 86549.847]",86469.74692159494,86469.74692159494,4,"(('bin_equal_frequency_2', 'sqft_above'), ('bin_equal_frequency_5', 'sqft_living'), ('bin_equal_width_2', 'yr_built'), ('bin_equal_width_5', 'grade'))",1
"(86549.847, 86650.849]",86638.79518204904,86638.79518204904,4,"(('bin_equal_frequency_5', 'sqft_living15'), ('bin_equal_width_2', 'yr_built'), ('bin_equal_width_5', 'grade'), ('zscore_filter_3', 'yr_renovated'))",1
"(86751.851, 86852.853]",86776.98639379442,86844.31238657213,3,"(('bin_equal_width_2', 'yr_built'), ('bin_equal_width_5', 'grade'), ('zscore_filter_3', 'yr_renovated'))",4
"(86852.853, 86953.855]",86902.65603334685,86946.89396914653,4,"(('bin_equal_frequency_2', 'sqft_above'), ('bin_equal_frequency_10', 'sqft_living'), ('bin_equal_width_2', 'yr_built'), ('bin_equal_width_5', 'grade'))",2
"(86953.855, 87054.857]",86965.63058271146,86965.63058271146,4,"(('bin_equal_frequency_5', 'sqft_above'), ('bin_equal_frequency_5', 'sqft_living'), ('bin_equal_width_2', 'yr_built'), ('bin_equal_width_5', 'grade'))",1
"(87155.859, 87256.861]",87179.31901646715,87179.31901646715,4,"(('bin_equal_frequency_5', 'sqft_above'), ('bin_equal_frequency_10', 'sqft_living'), ('bin_equal_width_2', 'yr_built'), ('bin_equal_width_5', 'grade'))",1
"(87256.861, 87357.863]",87320.08365147743,87320.08365147743,4,"(('bin_equal_frequency_5', 'sqft_above'), ('bin_equal_width_5', 'grade'), ('bin_equal_width_10', 'bathrooms'), ('zscore_clip_3', 'sqft_living'))",1
"(88165.88, 88266.882]",88262.13428556068,88262.13428556068,4,"(('bin_equal_frequency_2', 'sqft_above'), ('bin_equal_frequency_2', 'sqft_living'), ('bin_equal_width_2', 'yr_built'), ('bin_equal_width_5', 'grade'))",1
"(88266.882, 88367.885]",88290.97088572271,88290.97088572271,4,"(('bin_equal_frequency_5', 'sqft_above'), ('bin_equal_width_2', 'yr_built'), ('bin_equal_width_5', 'grade'), ('norm_log', 'sqft_living'))",1
"(88468.887, 88569.889]",88506.84336645177,88506.84336645177,4,"(('bin_equal_frequency_2', 'sqft_living'), ('bin_equal_frequency_10', 'sqft_above'), ('bin_equal_width_2', 'yr_built'), ('bin_equal_width_5', 'grade'))",1
"(88569.889, 88670.891]",88665.63318550133,88665.63318550133,4,"(('bin_equal_frequency_2', 'grade'), ('bin_equal_width_2', 'floors'), ('bin_equal_width_2', 'yr_built'), ('zscore_filter_3', 'yr_renovated'))",1
"(88670.891, 88771.893]",88768.09393626735,88768.09393626735,4,"(('bin_equal_frequency_2', 'sqft_above'), ('bin_equal_width_2', 'yr_built'), ('bin_equal_width_5', 'grade'), ('norm_log', 'sqft_living'))",1
"(88973.897, 89074.899]",89017.00631210546,89017.00631210546,4,"(('bin_equal_frequency_2', 'sqft_above'), ('bin_equal_width_2', 'yr_built'), ('bin_equal_width_5', 'grade'), ('zscore_clip_3', 'sqft_living'))",1
"(89276.903, 89377.906]",89336.10731164843,89336.10731164843,4,"(('bin_equal_frequency_5', 'sqft_living15'), ('bin_equal_width_2', 'floors'), ('bin_equal_width_2', 'yr_built'), ('zscore_filter_3', 'yr_renovated'))",1
"(89377.906, 89478.908]",89439.98074194987,89439.98074194987,4,"(('bin_equal_frequency_2', 'sqft_living15'), ('bin_equal_width_2', 'floors'), ('bin_equal_width_2', 'yr_built'), ('zscore_filter_3', 'yr_renovated'))",1
"(89478.908, 89579.91]",89544.95321665832,89544.95321665832,4,"(('bin_equal_frequency_2', 'condition'), ('bin_equal_width_2', 'floors'), ('bin_equal_width_2', 'yr_built'), ('zscore_filter_3', 'yr_renovated'))",1
"(89680.912, 89781.914]",89734.74632663318,89734.74632663318,4,"(('bin_equal_frequency_2', 'sqft_living15'), ('bin_equal_width_2', 'floors'), ('bin_equal_width_2', 'yr_built'), ('bin_equal_width_5', 'grade'))",1
"(89781.914, 89882.916]",89844.32637551367,89844.32637551367,4,"(('bin_equal_frequency_2', 'sqft_living'), ('bin_equal_frequency_5', 'sqft_above'), ('bin_equal_width_2', 'yr_built'), ('bin_equal_width_5', 'grade'))",1
"(89983.918, 90084.92]",89985.67142878301,89985.67142878301,4,"(('bin_equal_frequency_5', 'sqft_living15'), ('bin_equal_width_2', 'floors'), ('bin_equal_width_2', 'yr_built'), ('bin_equal_width_5', 'grade'))",1
"(90488.929, 90589.931]",90553.00262116035,90553.00262116035,4,"(('bin_equal_frequency_2', 'condition'), ('bin_equal_width_2', 'floors'), ('bin_equal_width_2', 'yr_built'), ('bin_equal_width_5', 'grade'))",1
"(90791.935, 90892.937]",90830.82869348787,90830.82869348787,4,"(('bin_equal_frequency_5', 'sqft_above'), ('bin_equal_width_2', 'yr_built'), ('bin_equal_width_5', 'grade'), ('zscore_clip_3', 'sqft_living'))",1
"(91195.943, 91296.946]",91222.96026537963,91222.96026537963,3,"(('bin_equal_width_2', 'floors'), ('bin_equal_width_2', 'yr_built'), ('zscore_filter_3', 'yr_renovated'))",1
"(92104.962, 92205.965]",92140.0208130566,92140.0208130566,3,"(('bin_equal_width_2', 'floors'), ('bin_equal_width_2', 'yr_built'), ('bin_equal_width_5', 'grade'))",1